tweet_id,text,language,type,bookmark_count,favorite_count,retweet_count,reply_count,view_count,created_at,client,hashtags,urls,media_type,media_urls
1649126154161225756,"@YaBoiBru Likely my final tweet regarding crypto

As I always say, if you have long term conviction in BTC and ETH, you will outperform just holding and not trading

They're only going to keep printing more money; you're unlikely to time every local move

ETH at 10k is one day programmed",en,Retweet,227,2248,326,219,252991,2023-04-20 21:01:29,"<a href=""https://mobile.twitter.com"" rel=""nofollow"">Twitter Web App</a>",,,,
1658042753408745472,"Jaw Dropping Graphics &amp; An Amazing Story 🔥 The No.1 Quest Game of 2022⚡

Play your way through a visually-stunning fantasy RPG with 500+ Champions  🧙‍♂️ 👻",en,Tweet,13,220,51,25,549199,2023-05-15 11:32:52,"<a href=""https://help.twitter.com/en/using-twitter/how-to-tweet#source-labels"" rel=""nofollow"">advertiser-interface</a>",,,,
1649446400248233984,"Eid-ul-Fitr Mubarak

Wishing you all peace, happiness, harmony, good health and prosperity on the occasion of Eid https://t.co/Nl0utAEUdk",en,Tweet,10,1543,95,131,170933,2023-04-21 18:14:01,"<a href=""https://mobile.twitter.com"" rel=""nofollow"">Twitter Web App</a>",,,photo,https://pbs.twimg.com/media/FuQCu51XsAAqyJQ.jpg
1649122480601137153,"AI startup idea for someone 

Create something that identifies probabilistic model for which new uniswap meme coins will be rugs

With a large enough data set of prior rugs, likely to be some identifying variables

A16z writes you large check in 2025 for https://t.co/nhGd8s0mwv",en,Tweet,212,1081,67,106,221009,2023-04-20 20:46:53,"<a href=""https://mobile.twitter.com"" rel=""nofollow"">Twitter Web App</a>",,http://RUG.AI,,
1649125581173211136,"@YaBoiBru However, I continue to underestimate the influence CT accounts can have in an illiquid market, and will likely pivot to just political tweets

If specific, I may have some influence on an asset price/asset class

If I'm cryptic, people overextrapolate + make poor decisions",en,Reply,7,308,3,16,34904,2023-04-20 20:59:12,"<a href=""https://mobile.twitter.com"" rel=""nofollow"">Twitter Web App</a>",,,,
1649126154161225756,"@YaBoiBru Likely my final tweet regarding crypto

As I always say, if you have long term conviction in BTC and ETH, you will outperform just holding and not trading

They're only going to keep printing more money; you're unlikely to time every local move

ETH at 10k is one day programmed",en,Reply,227,2248,326,219,252991,2023-04-20 21:01:29,"<a href=""https://mobile.twitter.com"" rel=""nofollow"">Twitter Web App</a>",,,,
1649125013390229517,"@YaBoiBru Tweet was inspired by the group chats I'm in, in which people were going max long on DOGE and meme coins, simply because it was 4/20;  seemed locally frothy

Seemed prudent for me to advice people to take some caution and not round trip their profits [as I saw play out in 2019]",en,Reply,12,337,12,9,41367,2023-04-20 20:56:57,"<a href=""https://mobile.twitter.com"" rel=""nofollow"">Twitter Web App</a>",,,,
1664546099896647683,"Tired of Brief web3 explanation? 🙄
Join the web3 rocketship 🚀with Metaschool! 

✅Web3 courses with a predefined path
✅NFT on course completion
✅Access to 20,000+ members on Discord
✅Trusted by 1,30,000 web3 developer 
✅Rated 4.7⭐  with  10k+ Reviews

Sign up today!",en,Tweet,0,9,0,0,6168,2023-06-02 10:14:50,"<a href=""https://help.twitter.com/en/using-twitter/how-to-tweet#source-labels"" rel=""nofollow"">advertiser-interface</a>",,,,
1649072907505618945,"拿

利润

ancient chinese proverb",zh,Tweet,84,1840,250,288,553288,2023-04-20 17:29:54,"<a href=""https://mobile.twitter.com"" rel=""nofollow"">Twitter Web App</a>",,,,
1649075001792819204,@cryptowoetoe 68992e16c2966805025d415a59d7d72aae4cfceeb8fafc703ae256f0a268077c,pt,Reply,10,140,5,35,64357,2023-04-20 17:38:13,"<a href=""https://mobile.twitter.com"" rel=""nofollow"">Twitter Web App</a>",,,,
1423300168309526533,"@Aftertilt When 95% of traders are anticipating a sell the news event, it's almost always going to buy what I've referred to in the past as, ""inverse sell the news""

Lot of people sidelined with fear of an event are forced to fomo back in

Sell the news happens when it's unexepected",en,Retweet,183,813,90,18,,2021-08-05 17:09:38,"<a href=""https://mobile.twitter.com"" rel=""nofollow"">Twitter Web App</a>",,,,
1645874791205797889,"Poll to gauge sentiment 

Will Ethereum's latest upgrade, dubbed Shanghai, result in",en,Tweet,21,406,30,136,226381,2023-04-11 21:41:43,"<a href=""https://mobile.twitter.com"" rel=""nofollow"">Twitter Web App</a>",,,,
1641932954745143296,"RIP @BittrexGlobal
First exchange I traded heavily on

Fond memories of losing money on DragonChain
Never got hacked or misappropriated user funds, but was in the wrong jurisdiction",en,Tweet,15,1087,38,79,250334,2023-04-01 00:38:16,"<a href=""https://mobile.twitter.com"" rel=""nofollow"">Twitter Web App</a>",,,,
1663164536223039494,"Protect your devices from hackers, snoopers and phishing attempts with an award-winning product!",en,Tweet,0,11,2,0,32166,2023-05-29 14:45:00,"<a href=""https://help.twitter.com/en/using-twitter/how-to-tweet#source-labels"" rel=""nofollow"">advertiser-interface</a>",,,,
1638764252126167040,Ramadan Mubarak to all the Muslim brothers and sisters in the world https://t.co/dZmuhffpnV,en,Tweet,11,2077,142,99,189219,2023-03-23 05:46:59,"<a href=""https://mobile.twitter.com"" rel=""nofollow"">Twitter Web App</a>",,,photo,https://pbs.twimg.com/media/Fr4PZH_XwAEsqgY.jpg
1638555016104427520,"Trump's arrest and martyrdom makes it more, not less, likely he is the victor

Maintain &gt; 90% odds he is the Republican nominee",en,Tweet,23,826,43,52,221453,2023-03-22 15:55:33,"<a href=""https://mobile.twitter.com"" rel=""nofollow"">Twitter Web App</a>",,,,
1638555937718820864,"@CancelledPapi The market is simply wrong

DeSantis being ahead of Trump in prediction markets will be seen years from now as one of all the time great blunders in punditry and pricing",en,Reply,5,107,1,11,9279,2023-03-22 15:59:13,"<a href=""https://mobile.twitter.com"" rel=""nofollow"">Twitter Web App</a>",,,,
1637612427624718338,"Don't get too high;  the entire banking system is not going to collapse overnight, leading to hyperbitcoinization + 1 million $ BTC

Don't get too low; when we get a correction, this wasn't a scam pump engineered by CZ for exit liq, going back to 0

Stay even

Study 2019 and 2020",en,Tweet,292,4439,496,170,512921,2023-03-20 01:30:02,"<a href=""https://mobile.twitter.com"" rel=""nofollow"">Twitter Web App</a>",,,,
1637506939318947843,"As the bottom of the last cycle was marked by forced selling from hedge funds

Bottom of next cycle could be marked by capitulation from developing nations

Nayib Bukele + El Salvador as a test run; next cycle, we see small countries overleveraging on BTC near the top

Years away",en,Tweet,347,3194,318,117,318766,2023-03-19 18:30:52,"<a href=""https://mobile.twitter.com"" rel=""nofollow"">Twitter Web App</a>",,,,
1637513063095058435,"@TraderZayne @PaulioK87 No

Study 2019

https://t.co/wQ3fx2GuGn",en,Reply,11,78,5,5,20558,2023-03-19 18:55:12,"<a href=""https://mobile.twitter.com"" rel=""nofollow"">Twitter Web App</a>",,https://twitter.com/GCRClassic/status/1616640266479325185,,
1649508878269153280,"Solidity Debugger Pro is here! 

Solidity Debugger Pro is a VS Code extension that allows you to debug Solidity smart contracts. It is free &amp; open source, cross-platform, and supports all EVM blockchains. Get it from the marketplace!",en,Tweet,77,281,58,16,756574,2023-04-21 22:22:17,"<a href=""https://help.twitter.com/en/using-twitter/how-to-tweet#source-labels"" rel=""nofollow"">advertiser-interface</a>",,,,
1637512240935976961,"@Elmario98334491 people always want to interpret my tweets in such a binary manner

if I say no all time highs in 2023, they want go max short

if i discuss the nature of a bull market years away, they want to go max long

this isn't going  'Up Only;  I've always compared this to 2019

study 2019",en,Reply,23,211,8,9,11615,2023-03-19 18:51:56,"<a href=""https://mobile.twitter.com"" rel=""nofollow"">Twitter Web App</a>",,,,
1637508299179319297,"@PaulioK87 I've been pretty emphatic the bottom was in for months now;  said it at 16k, and then 20k, and then 22k

i think people need to finally come to terms they're never getting the 12k they wanted;  even when we inevitably do get a correction, it will not be back to 2022 lows",en,Reply,31,416,32,17,14896,2023-03-19 18:36:16,"<a href=""https://mobile.twitter.com"" rel=""nofollow"">Twitter Web App</a>",,,,
1637507531726544896,"@vivideonic Many don't understand echo bubbles, or that they are the beginning stages and base for a bull run to come

See this tweet from January

https://t.co/wQ3fx2GuGn",en,Reply,19,179,12,8,23267,2023-03-19 18:33:13,"<a href=""https://mobile.twitter.com"" rel=""nofollow"">Twitter Web App</a>",,https://twitter.com/GCRClassic/status/1616640266479325185,,
1637448565944381442,"US Hyperinflation Before 2050?

Forecasters on metaculus are assigning it 5%

And this gives a 27 year time interval, much longer than a few months

I went much higher than 5%, but still very unlikely [(CPI U) has an annual growth rate of at least 100%]

https://t.co/PO329i5LZ3",en,Tweet,71,625,53,53,112214,2023-03-19 14:38:55,"<a href=""https://mobile.twitter.com"" rel=""nofollow"">Twitter Web App</a>",,https://www.metaculus.com/questions/6604/us-hyperinflation-before-2050/,,
1637454182012575745,"@HumaCapital I view it unlikely BTC will flip the marketcap of GOLD in those time intervals

At 1 million, it's 2x GOLD [although have to factor in future appreciation of GOLD, which I also hold]",en,Reply,5,107,2,13,8710,2023-03-19 15:01:14,"<a href=""https://mobile.twitter.com"" rel=""nofollow"">Twitter Web App</a>",,,,
1637235380637278208,"@wabdoteth @balajis not short, and still holding my long term btc and eth bags

but thought people need some realistic expectations or they'll get shaken out of the long game when they're not millionaires in 3 months",en,Reply,10,457,17,16,19078,2023-03-19 00:31:47,"<a href=""https://mobile.twitter.com"" rel=""nofollow"">Twitter Web App</a>",,,,
1637232729765949440,"@balajis as the years pass, we will increasingly trust code over governments

but it happens over years and decades, not months 

1 million usd is obviously unrealistic;  but even a more reasonable target, breaking all time high of 69k, will not happen in 2023

nature is still healing",en,Reply,60,1944,107,79,195722,2023-03-19 00:21:15,"<a href=""https://mobile.twitter.com"" rel=""nofollow"">Twitter Web App</a>",,,,
1595567684065923072,"crypto dead forever?

while we will spend the lions share of energy+ambitions erecting even more complex and obfuscated ponzi schemes

we are, very slowly, replacing the global financial system with software that nobody controls

digital assets for an increasingly digital reality",en,Tweet,170,4746,715,370,,2022-11-24 00:59:14,"<a href=""https://mobile.twitter.com"" rel=""nofollow"">Twitter Web App</a>",,,,
1637227437200113665,"@joshpagano @nauhcner echo bubble
price targets for this year have become wildly optimistic

can't believe anyone is entertaining 1 million per coin

no chance of new all time highs in 2023
none

remain bullish on the future and what we're building",en,Reply,17,239,29,12,59422,2023-03-19 00:00:13,"<a href=""https://mobile.twitter.com"" rel=""nofollow"">Twitter Web App</a>",,,,
1636909879028858880,@nauhcner they didn't listen because I sold my account,en,Reply,0,70,0,5,4486,2023-03-18 02:58:22,"<a href=""https://mobile.twitter.com"" rel=""nofollow"">Twitter Web App</a>",,,,
1636854483148759042,He who chases two rabbits catches neither,en,Tweet,91,2520,327,180,268488,2023-03-17 23:18:14,"<a href=""https://mobile.twitter.com"" rel=""nofollow"">Twitter Web App</a>",,,,
1636385208969867264,"It's been repeated on CT for years, and is some of the most obvious advice

But for those of you who haven't digested it;  if you don't have much cash and looking to get capitalized

There's no greater opportunity in this world than farming airdrops;  can really change your life",en,Tweet,427,3163,378,133,783318,2023-03-16 16:13:31,"<a href=""https://mobile.twitter.com"" rel=""nofollow"">Twitter Web App</a>",,,,
1636385733593419780,"@AM2hot4u it's not really something I know much about since I've never been a big on chain guy, and not scalable for me

but if you're just starting out, get in some discord or telegram chats with other people on the grind, and i'm sure they discuss their airdrop strategies pretty openly",en,Reply,38,383,8,12,42031,2023-03-16 16:15:36,"<a href=""https://mobile.twitter.com"" rel=""nofollow"">Twitter Web App</a>",,,,
1635625414453342210,"The old paradigm of fractional reserve banking will increasingly lose sustainability in the social media era

Information flows quicker, causing a reflexive spiral of quicker bank runs that can easily be triggered

Slowly, but surely, people will demand an alternative; a new path",en,Tweet,72,1898,294,88,291890,2023-03-14 13:54:21,"<a href=""https://mobile.twitter.com"" rel=""nofollow"">Twitter Web App</a>",,,,
1635311349218816001,"sentiment poll

what % of your net worth is allocated to crypto, not including stables

and in replies, which tokens are you in at what exposure level?",en,Tweet,32,521,57,550,268472,2023-03-13 17:06:22,"<a href=""https://mobile.twitter.com"" rel=""nofollow"">Twitter Web App</a>",,,,
1635109644774543360,History is on our side;  we trust code over governments,en,Tweet,94,1425,119,72,380233,2023-03-13 03:44:52,"<a href=""https://mobile.twitter.com"" rel=""nofollow"">Twitter Web App</a>",,,,
1635110907247476736,@Tulucrypto at $1450,und,Reply,0,98,1,9,10403,2023-03-13 03:49:53,"<a href=""https://mobile.twitter.com"" rel=""nofollow"">Twitter Web App</a>",,,,
1634655333292335104,"Natural question;  if not USDC, then what?
I've long warned to not trust any stablecoins [including USDT]

If you're in stables, sell it for fiat and send it to a bank that is too big to fail [JP Morgan, BoA, Wells Fargo tier] and backed by armies

If you're in BTC, cold storage",en,Tweet,67,1151,107,103,308800,2023-03-11 21:39:36,"<a href=""https://mobile.twitter.com"" rel=""nofollow"">Twitter Web App</a>",,,,
1634669428196487170,"@CryptoChrisG tweet cited says, ""tentatively, might change my mind in the future""

turns out, I changed my mind with more info + told people to get to custodians a full week before they paused withdrawals

if you didn't take my advice, its unfortunate

good meme though

https://t.co/girDBeQVOo https://t.co/14tlO0Ofl1",en,Reply,0,65,0,8,15767,2023-03-11 22:35:37,"<a href=""https://mobile.twitter.com"" rel=""nofollow"">Twitter Web App</a>",,https://twitter.com/GCRClassic/status/1588582650192990208,photo,https://pbs.twimg.com/media/Fq-C8ThWAAEAUwN.png
1634667851716894721,"@CryptoChrisG A popular meme
Reality

In june, in a reply to a reply to a tweet, I casually included ftx with coinbase and binance as safe, but stressed it was tentative and subject to change

A full week before they paused withdrawals +went bust, I changed my stance and told people to custody https://t.co/E5bNq9mpO8",en,Reply,1,44,0,4,8478,2023-03-11 22:29:21,"<a href=""https://mobile.twitter.com"" rel=""nofollow"">Twitter Web App</a>",,,photo,https://pbs.twimg.com/media/Fq-BtE4XwAMyfgQ.png
1634654479931920390,"If you bought the crash on USDC, take profit here at 97c;  no point being greedy for another 3%

The past few years should have taught a lesson to not trust official statements or promises

Not trying to cause panic or alarm, but you're better safe than sorry",en,Tweet,46,1714,149,98,801927,2023-03-11 21:36:13,"<a href=""https://mobile.twitter.com"" rel=""nofollow"">Twitter Web App</a>",,,,
1631678486476738560,My inverse investments are with great companies https://t.co/AxPTNoK4JL,en,Tweet,55,1043,50,124,374567,2023-03-03 16:30:40,"<a href=""https://mobile.twitter.com"" rel=""nofollow"">Twitter Web App</a>",,,photo,https://pbs.twimg.com/media/FqTi5pzXoAMxWAJ.jpg
1632830468549668867,"@SP33QR @AliDTwitt Never shilled FTX, never had a referral link, called out their predatory tokenomics, rejected all venture, angel deals, and sponsorships from FTX/Alameda

A week before they halted withdrawals, on Nov 4, when asked if I thought FTX was still safe, told ppl move funds to custody https://t.co/wVbcbMcl8w",en,Reply,4,104,2,12,13377,2023-03-06 20:48:14,"<a href=""https://mobile.twitter.com"" rel=""nofollow"">Twitter Web App</a>",,,photo,https://pbs.twimg.com/media/Fqj6lZ3X0AQOewj.png
1632826395335225345,"Some more context 

Although GOP wouldn't advocate for crypto as part of the campaign, Republican control would be indirectly bullish 

1-More libertarian leaning/free market absolutists appointed to regulatory bodies such as SEC [compare Jay Clayton to Gensler

2-More dovish Fed",en,Tweet,23,710,48,74,233506,2023-03-06 20:32:03,"<a href=""https://mobile.twitter.com"" rel=""nofollow"">Twitter Web App</a>",,,,
1632827666217816065,"@Sahibtrade On vacation for next few weeks and routine maintenance

See this tweet

https://t.co/bPI4w05ZXY",en,Reply,4,83,1,10,16324,2023-03-06 20:37:06,"<a href=""https://mobile.twitter.com"" rel=""nofollow"">Twitter Web App</a>",,https://twitter.com/GCRClassic/status/1631679542174556164,,
1631679542174556164,"@AliDTwitt As I would consistently say in 2022, PNLs are not an endorsement to keep funds on centralized exchanges

I keep ~10% of my net worth/less as collateral on cexes, and advocate people learn how to self custody

This is not a specific attack on any individual cex; general guidance",en,Reply,10,154,3,6,35579,2023-03-03 16:34:52,"<a href=""https://mobile.twitter.com"" rel=""nofollow"">Twitter Web App</a>",,,,
1631577381864448003,"@blockchaingod69 Buying quality coins for long term and shorting garbage was/is the play. 

GCR told everyone what he was doing but most people still manage to fuck it up.",en,Retweet,23,319,33,18,69874,2023-03-03 09:48:55,"<a href=""https://mobile.twitter.com"" rel=""nofollow"">Twitter Web App</a>",,,,
1631673098415267843,@BigRonnie888 @blockchaingod69 Had some people message me that they didn't know what an inverse investment was,en,Reply,3,134,3,14,11094,2023-03-03 16:09:16,"<a href=""https://mobile.twitter.com"" rel=""nofollow"">Twitter Web App</a>",,,,
1631292292718796800,"Most laws and regulations that are initially written under the pretense of 'protecting retail', are in time, coopted by powerful interests to entrench their financial hegemony

Mostly psyops;  rarely accomplishes initial objectives",en,Tweet,37,1375,115,70,151370,2023-03-02 14:56:05,"<a href=""https://mobile.twitter.com"" rel=""nofollow"">Twitter Web App</a>",,,,
1630967395912122384,@brocate1999 @IntuitioCapital @Fast422 okx exchange fee token,en,Reply,0,24,1,7,4320,2023-03-01 17:25:03,"<a href=""https://mobile.twitter.com"" rel=""nofollow"">Twitter Web App</a>",,,,
1630965130967109632,"@IntuitioCapital @Fast422 if you remove stablecoins, which was always a given

dog stock is basically already a top 5 coin, so prediction has already happened [use coinmarketcap, coingecko has inaccurate supply for OKB]

there's better opportunities",en,Reply,1,45,1,7,2008,2023-03-01 17:16:03,"<a href=""https://mobile.twitter.com"" rel=""nofollow"">Twitter Web App</a>",,,,
1630584228021694467,"There is bipartisan opposition to crypto within the United States

Crypto as an asset class is pretty widely reviled, and seen as a conduit for scams and fraud

It would actually be one of the worst populist causes, even for the right, and GOP politicians recognize this;",en,Tweet,21,690,37,53,572709,2023-02-28 16:02:29,"<a href=""https://mobile.twitter.com"" rel=""nofollow"">Twitter Web App</a>",,,,
1630589816592015362,"@0xzuberg @VaderTrader_ even if you just polled young degens on crypto twitter, majority of them now have an unfavorable view of the very industry they're in

and somehow people think crypto would be a winning populist wedge issue for the right with young people broadly across the population",en,Reply,2,46,0,3,4263,2023-02-28 16:24:41,"<a href=""https://mobile.twitter.com"" rel=""nofollow"">Twitter Web App</a>",,,,
1630584688233312262,"What should you expect for the 2024 election cycle;  for both parties to continue to be unified in calling crypto a scam [including Trump himself]

Although a good % of Americans own 'crypto', this is typically Bob Johnson down 90% on the $100 of dog stock he bought at the top",en,Tweet,11,603,33,46,163142,2023-02-28 16:04:19,"<a href=""https://mobile.twitter.com"" rel=""nofollow"">Twitter Web App</a>",,,,
1630586835889016833,"@defisexbot my guess is

he willframe it as a 'digital collectible' like baseball cards, if pressed on the issue; deny it was crypto

and even admit that he had little to do with it besides being paid for doing an ad [a defense tactic he used for 'Trump University']

but i doubt it comes up",en,Reply,1,83,1,5,6230,2023-02-28 16:12:51,"<a href=""https://mobile.twitter.com"" rel=""nofollow"">Twitter Web App</a>",,,,
1630585346529411074,"@VaderTrader_ Trump was paid a hefty amount of money by a third party to basically read a script about something he knows nothing about;   he's just not the type of person who will turn down free money for 30 seconds of work

He will not mention NFTs again, and if asked about it, will deflect",en,Reply,2,105,4,4,6435,2023-02-28 16:06:56,"<a href=""https://mobile.twitter.com"" rel=""nofollow"">Twitter Web App</a>",,,,
1630096770209312768,@lickitysplit_7 @CL207 @AG123321GA,qam,Reply,2,19,0,0,7575,2023-02-27 07:45:30,"<a href=""https://mobile.twitter.com"" rel=""nofollow"">Twitter Web App</a>",,,,
1630095643631812609,"@lickitysplit_7 @CL207 AGI123 one of the all time great prediction market traders [maybe top 5], not well enough known outside of PI circles

https://t.co/J5pwBE9bk7",en,Retweet,24,158,14,5,52675,2023-02-27 07:41:01,"<a href=""https://mobile.twitter.com"" rel=""nofollow"">Twitter Web App</a>",,https://twitter.com/AG123321GA,,
1630095643631812609,"@lickitysplit_7 @CL207 AGI123 one of the all time great prediction market traders [maybe top 5], not well enough known outside of PI circles

https://t.co/J5pwBE9bk7",en,Reply,24,158,14,5,52675,2023-02-27 07:41:01,"<a href=""https://mobile.twitter.com"" rel=""nofollow"">Twitter Web App</a>",,https://twitter.com/AG123321GA,,
1630090636081737733,"@CL207 long history of cats doing well in markets, it seems",en,Reply,1,174,6,25,23500,2023-02-27 07:21:07,"<a href=""https://mobile.twitter.com"" rel=""nofollow"">Twitter Web App</a>",,,,
1630090401792049153,"@CL207 first met poyo on a discussion forum ['disqus'] for prediction markets almost a decade ago now, and was impressed an actual cat was doing market making for illiquid political contracts

good interview

https://t.co/gSY6LLpKwR",en,Reply,80,203,11,4,30884,2023-02-27 07:20:12,"<a href=""https://mobile.twitter.com"" rel=""nofollow"">Twitter Web App</a>",,https://medium.com/sunrise-over-the-merkle-trees/meet-poyo-an-interview-with-augurs-most-controversial-cat-a6bccae9ffe7,,
1628507640354553860,"@doeydonuts I did all my buying around 16-18k in 2022, and don't have much interest in trading it

I intend to dump it on institutions/tradfi funds that will inevitably arrive late in next cycle

I've scaled into some inverse investments on select shitcoins that narrative/rotation has dried",en,Retweet,104,1066,74,58,465372,2023-02-22 22:30:52,"<a href=""https://mobile.twitter.com"" rel=""nofollow"">Twitter Web App</a>",,,,
1628825166561136640,"@adamscochran I'm not seeing it in 23

Coinbase is an exchange for Western retail to buy some litecoins every few years+mostly hold it, maybe convert to ripples

Not a trader's exchange

When they started listing degen low/midcap alts like Binance, they did and continue to do close to 0 volume",en,Reply,20,412,11,30,46223,2023-02-23 19:32:36,"<a href=""https://mobile.twitter.com"" rel=""nofollow"">Twitter Web App</a>",,,,
1628775504915402752,@0xSisyphus Good exit liquidity for A16Z on this pump,en,Reply,12,336,18,21,44422,2023-02-23 16:15:16,"<a href=""https://mobile.twitter.com"" rel=""nofollow"">Twitter Web App</a>",,,,
1628506122356129792,"Believe it to be extraordinarily unlikely Coinbase would launch their own token/security

Being regulatory compliant is the biggest edge they have on other exchanges;  wouldn't make sense to endanger this

Coinbase already has their own altcoin, it just happens to be a stock",en,Tweet,29,1916,62,83,321035,2023-02-22 22:24:50,"<a href=""https://mobile.twitter.com"" rel=""nofollow"">Twitter Web App</a>",,,,
1628553337502040065,"@adamscochran no token

they can do a chain without getting into much trouble",en,Reply,0,122,2,12,19438,2023-02-23 01:32:27,"<a href=""https://mobile.twitter.com"" rel=""nofollow"">Twitter Web App</a>",,,,
1628507640354553860,"@doeydonuts I did all my buying around 16-18k in 2022, and don't have much interest in trading it

I intend to dump it on institutions/tradfi funds that will inevitably arrive late in next cycle

I've scaled into some inverse investments on select shitcoins that narrative/rotation has dried",en,Reply,104,1066,74,58,465372,2023-02-22 22:30:52,"<a href=""https://mobile.twitter.com"" rel=""nofollow"">Twitter Web App</a>",,,,
1628004861462605824,"My tweet re: Greater China's contributions was somehow controversial

West has been conditioned into certain level of sinophobia for past century, with all sorts of implicit biases 

We often see this framing 

Asian projects = ponzis
Western projects = glorification of 'builders",en,Tweet,24,1160,71,114,349055,2023-02-21 13:13:00,"<a href=""https://mobile.twitter.com"" rel=""nofollow"">Twitter Web App</a>",,,,
1628027411928424449,"@runtheirstops @CoinNotes_io Name me literally any alt L1/""eth killer"", it was less of a grift than Cardano [which has delivered nothing]

Same for XRP

Binance was far more innovative/superior exchange relative to Coinbase [grifted on first mover advantage for decade while insiders dumped IPO at top]",en,Reply,2,126,4,11,13136,2023-02-21 14:42:36,"<a href=""https://mobile.twitter.com"" rel=""nofollow"">Twitter Web App</a>",,,,
1628007815934615554,"@CoinNotes_io I don't think thats accurate

there's a certain level of respect given to Charles Hoskinson, Brad Garlinghouse, Brian Armstrong, Hayden Adams, etc

that is not afforded to their Asian equivalents

sure you might realize ADA is a scam, but you still give Hosk some deference",en,Reply,4,141,4,14,11759,2023-02-21 13:24:44,"<a href=""https://mobile.twitter.com"" rel=""nofollow"">Twitter Web App</a>",,,,
1628006059137810432,"@PraetorianTroll I literally told people to not buy or invest into the inorganic Chinese shitcoin rotation two days ago, but people only read what they want to read

I can simultaneously give some respect to the East, without promoting speculation on vaporware alt PNDs

https://t.co/xLyHI4QQhd",en,Reply,0,89,2,1,14034,2023-02-21 13:17:46,"<a href=""https://mobile.twitter.com"" rel=""nofollow"">Twitter Web App</a>",,https://twitter.com/GCRClassic/status/1627350569189838848,,
1627656999210024962,"@Galois_Capital I've spoken to a lot of extremely bright people in this space, but Kevin Zhou impressed me in particular with his intellect 

Bright future for him ahead despite this setback",en,Reply,9,435,7,11,46920,2023-02-20 14:10:43,"<a href=""https://mobile.twitter.com"" rel=""nofollow"">Twitter Web App</a>",,,,
1627439899723931651,"Regardless of how you feel about altcoin rotations

We are witnessing a very wholesome moment in crypto right now, with Western and Chinese traders connecting for the first time both on twitter+ in other chats

Driven by the pump inside of us, but friendships being formed

早上好",en,Tweet,67,2042,151,186,648164,2023-02-19 23:48:03,"<a href=""https://mobile.twitter.com"" rel=""nofollow"">Twitter Web App</a>",,,,
1627350569189838848,"While I stand by this thesis
Rotation into shitcoins with flimsiest ties to China is as forced as last week's ZK meta

As nani said, Chinese buying coins that Americans think Chinese people would buy

Americans buying coins they think Chinese ppl are buying

Just another rotation",en,Tweet,88,1495,123,113,858361,2023-02-19 17:53:05,"<a href=""https://mobile.twitter.com"" rel=""nofollow"">Twitter Web App</a>",,,,
1627353797277229064,"@resdegen It can sustain, I'm just a niche account on the bird app with a mere 120k followers

I just don't want people losing money buying some random shitcoin PND because 'GCR said the next cycle will be fueled by Asia'

Most of these coins aren't even Chinese",en,Reply,3,260,6,14,20148,2023-02-19 18:05:54,"<a href=""https://mobile.twitter.com"" rel=""nofollow"">Twitter Web App</a>",,,,
1612431373851140097,"I believe China, (and Asia in general) will fuel the next run

It will take quite some time to melt Western cynicism towards this space, but the East is ascending and yearning to flex

You should be hanging out in WeChat
Many future pumps will be on coins none of your circle know",en,Tweet,674,5953,759,495,2131936,2023-01-09 13:49:31,"<a href=""https://mobile.twitter.com"" rel=""nofollow"">Twitter Web App</a>",,,,
1626689770918125568,"@degengambleh ""A person who chases two rabbits catches neither.” ~ Confucius",en,Reply,10,159,17,9,17437,2023-02-17 22:07:18,"<a href=""https://mobile.twitter.com"" rel=""nofollow"">Twitter Web App</a>",,,,
1625831391882539008,"If this was still 2022, the headlines from the past week, and 'macro concerns', would have completely nuked us

What year is it though?

People wish to ascribe recent price action to simply 'mean reversion' from the lows 

not quite 

coins moved from weaker to stronger hands",en,Tweet,81,2332,255,137,372603,2023-02-15 13:16:24,"<a href=""https://mobile.twitter.com"" rel=""nofollow"">Twitter Web App</a>",,,,
1625832577817796610,"@Trader11122 the 2019 echo bubble created a higher low, and set up the foundation for defi summer and the subsequent bull market

for most that had bought the 2018 lows, their best move was just holding [maybe 5% of traders could have timed selling the summer top and rebuying the correction]",en,Reply,18,289,22,14,19399,2023-02-15 13:21:07,"<a href=""https://mobile.twitter.com"" rel=""nofollow"">Twitter Web App</a>",,,,
1625515481846120451,Take note,en,Tweet,80,959,78,71,399403,2023-02-14 16:21:06,"<a href=""https://mobile.twitter.com"" rel=""nofollow"">Twitter Web App</a>",,,,
1625052956750905344,"Reminder that you can be in synthetic fiat without holding stablecoins

Don't believe any risk is imminent, but have gotten a lot of questions on this issue",en,Tweet,70,712,50,78,257106,2023-02-13 09:43:11,"<a href=""https://mobile.twitter.com"" rel=""nofollow"">Twitter Web App</a>",,,,
1624915527352057859,Chat GPT on set point theory https://t.co/yPo4Skyu8v,en,Tweet,67,544,47,104,193041,2023-02-13 00:37:05,"<a href=""https://mobile.twitter.com"" rel=""nofollow"">Twitter Web App</a>",,,photo,https://pbs.twimg.com/media/Fozb36LXoAApzPW.png
1624881116145393666,"@thiccythot_ @GCRClassic Yeah, but realistically if you put this trade on, even if it's a European-style Option, if we touch or go below 15k before the dec23 exp, you just sell it back on the open mkt or with the OTC desk who will charge a few pts in vol to lock profits. No need to wait for settlement.",en,Retweet,18,123,18,3,60225,2023-02-12 22:20:21,"<a href=""https://mobile.twitter.com"" rel=""nofollow"">Twitter Web App</a>",,,,
1624832001428578304,"interesting dislocation between

-retail traders, who find the idea BTC bottomed in Nov contentious

-options on **, which signal strong confidence we bottomed

delta for 15k BTC going into 2024 [using dec 23 as proxy],priced at 0.14 

if you forecast new lows, great trade awaits https://t.co/6Szq5cQciy",en,Tweet,161,914,86,94,723884,2023-02-12 19:05:11,"<a href=""https://mobile.twitter.com"" rel=""nofollow"">Twitter Web App</a>",,,photo,https://pbs.twimg.com/media/FoyQBtdWAAIc5Xx.jpg
1624885537352851460,"@0xDrizzleSizzle @thiccythot_ understanding this is the difference an experience a trader has, vs people who only think about options in the abstract",en,Reply,4,90,0,3,11477,2023-02-12 22:37:55,"<a href=""https://mobile.twitter.com"" rel=""nofollow"">Twitter Web App</a>",,,,
1624832867439091712,"@0xfoobar best for visualization, not the only venue

OTC desks willing to do size",en,Reply,3,99,1,5,26303,2023-02-12 19:08:38,"<a href=""https://mobile.twitter.com"" rel=""nofollow"">Twitter Web App</a>",,,,
1624814710079074306,"replies to this viral tweet suggesting that if you're obese, you can 

-diet/gym to get lean + be a billionaire

some marginal solutions for long term weight loss [glp-1 agonists, bariatric surgery], but dieting isn't one of them;  your set point is too powerful

health is wealth",en,Tweet,34,511,13,81,268522,2023-02-12 17:56:29,"<a href=""https://mobile.twitter.com"" rel=""nofollow"">Twitter Web App</a>",,,,
1624815361106272257,"@RunnerXBT i don't believe glp-1 agonists will lead to long term weight loss over long enough timeframe (+5-10 years)

just hasn't been studied yet

i wouldn't recommend taking them",en,Reply,0,60,0,8,12602,2023-02-12 17:59:04,"<a href=""https://mobile.twitter.com"" rel=""nofollow"">Twitter Web App</a>",,,,
1623824234479865857,"@JohnReedStark bank the unbanked, global remittances?

what if instead...

unbank the banked

bankless",en,Reply,4,237,11,12,35865,2023-02-10 00:20:41,"<a href=""https://mobile.twitter.com"" rel=""nofollow"">Twitter Web App</a>",,,,
1623103367865065472,"Trading alt szns for years, 1 of best indicators for how much juice is left 

How alts react to news, announcements, listings, shills

When a szn is about to rug, traders still long news, but instantly get dumped on

With time left, late longs still get rewarded with continuation",en,Tweet,731,3245,404,118,619781,2023-02-08 00:36:13,"<a href=""https://mobile.twitter.com"" rel=""nofollow"">Twitter Web App</a>",,,,
1623311308241108994,@CL207 waiting for $LMEOW token that catalyzes a paradigm shift in meme investing away from dog tokens to cat tokens,en,Reply,6,492,27,106,77816,2023-02-08 14:22:30,"<a href=""https://mobile.twitter.com"" rel=""nofollow"">Twitter Web App</a>",,,,
1623312082820075522,"@CL207 disclaimer

this was a shitpost, and when a 16 year old launches lmeow inu in 36 hours, it's going to be a quick rug

and i don't believe we see a bid in cat tokens in general, until the next bull cycle",en,Reply,16,468,8,70,54404,2023-02-08 14:25:34,"<a href=""https://mobile.twitter.com"" rel=""nofollow"">Twitter Web App</a>",,,,
1622999219194699776,"[1] Enjoy these market conditions while they last, and try to make the most of it

The 2019 echo bubble sustained for 48 days from the 6k reclaim to top

Fractals are of limited value, as each cycle is unique, but the altcoin rotations are getting increasingly cynical and greedy",en,Tweet,172,2344,219,65,508015,2023-02-07 17:42:22,"<a href=""https://mobile.twitter.com"" rel=""nofollow"">Twitter Web App</a>",,,,
1623003135370223616,"@BTC_PrisonMike We bottomed in November, and are now living through another echo bubble, most similar to 2019

My expectation remains that, whenever we get a big correction, it will still be a higher low and not retest November 2022",en,Reply,53,537,54,14,33243,2023-02-07 17:57:56,"<a href=""https://mobile.twitter.com"" rel=""nofollow"">Twitter Web App</a>",,,,
1623001159081373714,@mythicaldylan https://t.co/YDx4dGFA5r,qme,Reply,0,61,0,2,15090,2023-02-07 17:50:04,"<a href=""https://mobile.twitter.com"" rel=""nofollow"">Twitter Web App</a>",,https://twitter.com/GCRClassic/status/1623000277472141312,,
1623000277472141312,"@VaderTrader_ Not calling for a top, but a call to action to extract as much yield from these favorable conditions as you can while it lasts

Because eventually the music will stop, and people will wish they gave max effort during a time dead 2017 ICO shitcoins pulled 10x moves on AI rebrand",en,Reply,22,458,25,18,67603,2023-02-07 17:46:34,"<a href=""https://mobile.twitter.com"" rel=""nofollow"">Twitter Web App</a>",,,,
1622999237364441088,"[2]

Although risk assets have rallied for weeks, total marketcap for alts has been flat since Jan 20;  demonstrating a lack of renewed retail bid

Capital is shifting from one narrative to the next, without any underlying belief you would see in a true bull market;  it's an echo",en,Tweet,138,2544,250,114,414983,2023-02-07 17:42:26,"<a href=""https://mobile.twitter.com"" rel=""nofollow"">Twitter Web App</a>",,,,
1622986125374619649,@NorthRockLP decentralized casino,es,Reply,7,426,33,57,74175,2023-02-07 16:50:20,"<a href=""https://mobile.twitter.com"" rel=""nofollow"">Twitter Web App</a>",,,,
1622634035318071298,"@MoonOverlord @MrCustomSuit There was a popular meme in 2022 of a 'wojack?' bull getting euphoric over a 1% green pump

Seeing an inverse phenom now, where bears begin gloating every 1% red candle",en,Reply,17,705,51,31,76780,2023-02-06 17:31:15,"<a href=""https://mobile.twitter.com"" rel=""nofollow"">Twitter Web App</a>",,,,
1622632262742179842,@MrCustomSuit One of the most obvious bottoms I've witnessed in years of observing financial markets,en,Reply,41,989,87,34,72098,2023-02-06 17:24:13,"<a href=""https://mobile.twitter.com"" rel=""nofollow"">Twitter Web App</a>",,,,
1622618905431744513,"Recommended reading from the Atlantic

GOP's deus ex machina dream relying on increasingly desperate hopes

Quotes from Republican strategists

-Trump will get bored and drop out voluntarily
-Trump will be put in jail 
-Trump will die in 
-Cabal of megadonors will block his entry https://t.co/ESXmKFzwNC",en,Tweet,39,323,24,41,167186,2023-02-06 16:31:08,"<a href=""https://mobile.twitter.com"" rel=""nofollow"">Twitter Web App</a>",,,photo,https://pbs.twimg.com/media/FoSzOX1XgAML8nm.jpg
1621989687878369282,"General trading principle as we watch meme tokens pump

Within alt cycles, you should crank up risk when the trend first reverses, and begin to gradually protect capital as time passes

People lose because they do the exact opposite;slow early, and increasingly greedy with time",en,Tweet,759,3642,524,113,548608,2023-02-04 22:50:51,"<a href=""https://mobile.twitter.com"" rel=""nofollow"">Twitter Web App</a>",,,,
1621990690304442370,"I continue to hold large positions in spot btc + eth, as I believe we bottomed in November, and remain bullish on the future;  with an eye on 10k ETH by 2030

90% would be better off as holders

This advice only relevant to degen traders playing the game of shitcoin rotations",en,Reply,124,1770,125,102,175173,2023-02-04 22:54:50,"<a href=""https://mobile.twitter.com"" rel=""nofollow"">Twitter Web App</a>",,,,
1621209428513931265,"@EricDanks2 @tier10k I have no insight as to who put the bail money up

https://t.co/fLYGrviNyJ",en,Reply,5,36,1,5,9478,2023-02-02 19:10:23,"<a href=""https://mobile.twitter.com"" rel=""nofollow"">Twitter Web App</a>",,https://polymarket.com/event/who-bailed-out-sbf,,
1610267843299360773,@tier10k Jaan Tallinn,nl,Reply,8,267,5,22,92671,2023-01-03 14:32:25,"<a href=""https://mobile.twitter.com"" rel=""nofollow"">Twitter Web App</a>",,,,
1621209055988486155,"@tier10k apparently people are betting on this on polymarket?

I was making a joke about the EA community;  I do not believe Jaan put up the money",en,Reply,2,109,3,10,24258,2023-02-02 19:08:54,"<a href=""https://mobile.twitter.com"" rel=""nofollow"">Twitter Web App</a>",,,,
1621166683447775237,@PC_PR1NCIPAL did they even listen tho,en,Reply,1,187,3,16,34195,2023-02-02 16:20:31,"<a href=""https://mobile.twitter.com"" rel=""nofollow"">Twitter Web App</a>",,,,
1655135888706351105,"Jaw Dropping Graphics &amp; An Amazing Story 🔥 The No.1 Quest Game of 2022⚡

Play your way through a visually-stunning fantasy RPG with 500+ Champions  🔥 👻",en,Tweet,34,705,112,59,3099866,2023-05-07 11:02:01,"<a href=""https://help.twitter.com/en/using-twitter/how-to-tweet#source-labels"" rel=""nofollow"">advertiser-interface</a>",,,,
1620823888551890947,"@Richard72250183 @PaccinoSonny @MECrypto_ 888

indeed",en,Reply,3,79,3,8,7966,2023-02-01 17:38:23,"<a href=""https://mobile.twitter.com"" rel=""nofollow"">Twitter Web App</a>",,,,
1620784625059790849,"What you need to understand about the 2024RNOM

Since Republicans never internalized that DJT lost the 2020 election, for all intents and purposes, he remains the incumbent

Last time an incumbent was denied the party's nomination? Chester Arthur in 1881

80 IQ, but really 145",en,Tweet,32,659,28,50,148413,2023-02-01 15:02:21,"<a href=""https://mobile.twitter.com"" rel=""nofollow"">Twitter Web App</a>",,,,
1620820161464008704,"@PaccinoSonny @MECrypto_ bitcoin yes

most alts lagged and stood still after the initial push

strong alts will outperform bluechips,  but only expert rotators will capture it;  trade it if you're an exceptional  trader

otherwise, hold spot and chill",en,Reply,7,107,4,5,12941,2023-02-01 17:23:34,"<a href=""https://mobile.twitter.com"" rel=""nofollow"">Twitter Web App</a>",,,,
1620817511804702721,"@DonPleb @MECrypto_ make sure you have long term conviction; anticipate a series of treacherous shakeouts in 2023 and beyond

my eth investment is loaded for 10k by 2030, and any short to mid term volatility is noise

strong alts will outperform bluechips,  but only expert rotators will capture it",en,Reply,32,185,29,19,22972,2023-02-01 17:13:02,"<a href=""https://mobile.twitter.com"" rel=""nofollow"">Twitter Web App</a>",,,,
1620785852527017984,"@eyesonprice I spend most of my time thinking about/trading the shitcoin markets

But the masses have conceptualized that I have too large of an influence on the collective mindshare to comment on my labor without causing pumps or dumps;   therefor, this is largely a politics account for now",en,Reply,8,214,4,31,16637,2023-02-01 15:07:14,"<a href=""https://mobile.twitter.com"" rel=""nofollow"">Twitter Web App</a>",,,,
1664547650065006594,"Tired of Brief web3 explanation? 🙄
Join the web3 rocketship 🚀with Metaschool! 

✅Web3 courses with a predefined path
✅NFT on course completion
✅Access to 20,000+ members on Discord
✅Trusted by 1,30,000 web3 developer 
✅Rated 4.7⭐  with  10k+ Reviews

Sign up today!",en,Tweet,0,1,0,1,4547,2023-06-02 10:21:00,"<a href=""https://help.twitter.com/en/using-twitter/how-to-tweet#source-labels"" rel=""nofollow"">advertiser-interface</a>",,,,
1620599679846318080,"@adanthar fair/accurate market pricing

Trump 90c
Youngkin 4c
DeSantis 2c
Pompeo  1c
Scott  1c
Ivanka 1c
Haley 0.5c
Noem 0.5c",en,Reply,15,130,11,13,25553,2023-02-01 02:47:27,"<a href=""https://mobile.twitter.com"" rel=""nofollow"">Twitter Web App</a>",,,,
1620600149990068225,"@adanthar Would enjoy interviewing someone who is betting on Mike Pence, as social experiment",en,Reply,0,70,3,4,7793,2023-02-01 02:49:19,"<a href=""https://mobile.twitter.com"" rel=""nofollow"">Twitter Web App</a>",,,,
1618960000902402050,"Trump 2024 thesis most emblematic of midwit meme

Dumbest and smartest people know Trump is going to streamroll RD

Middle grasping at justifications to convince themselves otherwise

2024 BTC memes
Halving
Trump appoints dovish fed;  'we're going to have the biggest stocks ever'",en,Tweet,143,1941,202,159,294225,2023-01-27 14:11:57,"<a href=""https://mobile.twitter.com"" rel=""nofollow"">Twitter Web App</a>",,,,
1618960980154925056,"@bostonpolkadot Little Ronnie might be self aware enough to realize this and not even bother running until 2028

Would be political suicide to get on that debate stage and get called Little Ronnie for an hour",en,Reply,1,224,2,10,21961,2023-01-27 14:15:51,"<a href=""https://mobile.twitter.com"" rel=""nofollow"">Twitter Web App</a>",,,,
1618764217901023234,Important update: The Fifth Circuit Court of Appeals has granted an injunction allowing PredictIt to continue operating while the Court considers granting longer term relief.,en,Retweet,11,676,94,33,221426,2023-01-27 01:13:59,"<a href=""https://mobile.twitter.com"" rel=""nofollow"">Twitter Web App</a>",,,,
1618676559975677952,"getting messages from people who made tremendous wealth off this thesis

but wealth isn't wealth until it's realized;   it's not a crime to secure some profit from coins that pumped of this thesis

when volume &gt; marketcap, parabolas are often in final stages (h/t @SplitCapital)",en,Tweet,402,1383,166,89,349668,2023-01-26 19:25:40,"<a href=""https://mobile.twitter.com"" rel=""nofollow"">Twitter Web App</a>",,,,
1618770545734221826,"@plikcore @0123bunny @SplitCapital if you're direct, half of CT has convulsions you're trying to 'manipulate the market', pump things for 'exit liquidity', part of some shadowy cartel, invented a thesis to dump on them, sold your account

if you're cryptic, half of CT upset you won't tell them what to coin to buy https://t.co/eINdw1ySN1",en,Reply,1,154,2,16,12581,2023-01-27 01:39:08,"<a href=""https://mobile.twitter.com"" rel=""nofollow"">Twitter Web App</a>",,,photo,https://pbs.twimg.com/media/FncHDHAWAAEjFJY.jpg
1662042692430307328,"The average cost to fix a home after a flood is £30k as well as six-nine months spent in alternative accommodation.

But there is a better way, that repair bill could be as little as £0 with no time spent out of your home with some simple PFR measures 🏠",en,Tweet,1,8,2,1,70553,2023-05-26 12:27:11,"<a href=""https://help.twitter.com/en/using-twitter/how-to-tweet#source-labels"" rel=""nofollow"">advertiser-interface</a>",,,,
1618767939586621440,@0123bunny @SplitCapital https://t.co/AzJxwO3Y2Q,qme,Reply,11,183,8,29,68140,2023-01-27 01:28:46,"<a href=""https://mobile.twitter.com"" rel=""nofollow"">Twitter Web App</a>",,,photo,"https://pbs.twimg.com/media/FncEcUkWAAEW8tB.png,https://pbs.twimg.com/media/FncEyhRXoAIZcQ9.png"
1618701958986223616,@mafaq_1 @NotoriouzDEV @SplitCapital this,en,Reply,2,39,0,5,5297,2023-01-26 21:06:35,"<a href=""https://mobile.twitter.com"" rel=""nofollow"">Twitter Web App</a>",,,,
1618679227842453505,"@CancelledPapi @SplitCapital i'm neither korean nor a trillionaire
i merely predict things based on market incentives

based on experience in prior market cycles
we see the same behavior in the same fractals from market makers, and market participants",en,Reply,19,183,8,15,12280,2023-01-26 19:36:16,"<a href=""https://mobile.twitter.com"" rel=""nofollow"">Twitter Web App</a>",,,,
1618678407352692736,"@0ttoHighT i'm not
i think people should disable the red button for now and not try to trade against the trend",en,Reply,7,312,25,19,43157,2023-01-26 19:33:00,"<a href=""https://mobile.twitter.com"" rel=""nofollow"">Twitter Web App</a>",,,,
1660905817262915586,"Protect your devices from hackers, snoopers and phishing attempts with an award-winning product!",en,Tweet,1,10,2,1,81957,2023-05-23 09:09:39,"<a href=""https://help.twitter.com/en/using-twitter/how-to-tweet#source-labels"" rel=""nofollow"">advertiser-interface</a>",,,,
1618677762151309313,"@crypto_pw @SplitCapital @gcr not short, and not calling a top

still a lot of short OI

just think it's prudent and pragmatic for people to lock in some profits in this echo bubble

there's better opportunities",en,Tweet,4,178,5,14,13218,2023-01-26 19:30:26,"<a href=""https://mobile.twitter.com"" rel=""nofollow"">Twitter Web App</a>",,,,
1618389504624308226,"Asians resuscitate crypto from near death experiences at the tail end of bear markets, only to eventually breathe so much life into it, Westerners buy their bags years later

Just how it is, how it's always been;  I didn't make the rules",en,Tweet,175,1999,204,167,424722,2023-01-26 00:25:00,"<a href=""https://mobile.twitter.com"" rel=""nofollow"">Twitter Web App</a>",,,,
1616648392955797504,@sherlock_hodles @GCRClassic @Timson83428680 @Resident_Crypto @219_eth New bell curve just dropped https://t.co/wzVY52gY1r,en,Retweet,6,443,44,11,82849,2023-01-21 05:06:27,"<a href=""http://itunes.apple.com/us/app/twitter/id409789998?mt=12"" rel=""nofollow"">Twitter for Mac</a>",,,photo,https://pbs.twimg.com/media/Fm99JE1WAAIzMVw.jpg
1618047553810866176,50 years of reasons not to invest: https://t.co/BXDFbWq8D4,en,Retweet,240,1122,262,64,167455,2023-01-25 01:46:13,"<a href=""http://twitter.com/download/iphone"" rel=""nofollow"">Twitter for iPhone</a>",,,photo,https://pbs.twimg.com/media/FnR1rHaXgAEXNSa.jpg
1617950210059272193,"@DonPleb @QuantMeta @Garid_Trades This was specifically regarding the thesis that people should long unlocks

Not general market commentary",en,Reply,2,56,0,6,5294,2023-01-24 19:19:24,"<a href=""https://mobile.twitter.com"" rel=""nofollow"">Twitter Web App</a>",,,,
1617935032441790464,"@QuantMeta @Garid_Trades would caution;  this was the core, contrarian thesis I had a month ago, that yielded the vast majority of alpha the past month

now that is no longer contrarian, diminishing returns on the thesis;  

always have to be a step ahead of the meta

[this is not particular to any coin]",en,Reply,13,107,5,4,6889,2023-01-24 18:19:06,"<a href=""https://mobile.twitter.com"" rel=""nofollow"">Twitter Web App</a>",,,,
1617578496708218881,"@ReetikaTrades @sherlock_hodles @Timson83428680 @Resident_Crypto @219_eth Account has been sold to Alameda Research

GCR was an experiment conducted by Stanford University. The study has concluded. Thank you for your participation.",en,Reply,4,308,12,25,17737,2023-01-23 18:42:21,"<a href=""https://mobile.twitter.com"" rel=""nofollow"">Twitter Web App</a>",,,,
1617263625139257346,"@adanthar After DeSantis flames out in epic fashion [or doesnt run], any pundit that had him as a front runner needs a scarlet letter for thinking he had a chance

highest conviction fade in years

if DeSantis is the next president, I will pledge to donate 50 million USD to charity",en,Reply,18,397,21,33,49028,2023-01-22 21:51:10,"<a href=""https://mobile.twitter.com"" rel=""nofollow"">Twitter Web App</a>",,,,
1617258231184719873,@TexasEoD @CancelledPapi @Resident_Crypto @219_eth 39e81de2c2c165b6db07e9c032f48f3ed6044836cc1f36d2677636acef70c3e9,fr,Reply,2,17,0,4,5949,2023-01-22 21:29:44,"<a href=""https://mobile.twitter.com"" rel=""nofollow"">Twitter Web App</a>",,,,
1617258848988831749,@TexasEoD @CancelledPapi @Resident_Crypto @219_eth dbef4a51522b3eb18f1693c19cb0758bda060d14b745640bf7359bd23a2025d0,en,Reply,1,18,1,1,5356,2023-01-22 21:32:11,"<a href=""https://mobile.twitter.com"" rel=""nofollow"">Twitter Web App</a>",,,,
1616640266479325185,"@Timson83428680 @Resident_Crypto @219_eth this is incorrect

The closing price for Bitcoin (BTC) in December 2019 was $7,216.10;  far above where we ended in 2018

2019, the year of the echo, just created a base for the next glorious bull run

we already bottomed
if anyone was sidelined, my condolences",en,Reply,88,655,104,64,142270,2023-01-21 04:34:09,"<a href=""https://mobile.twitter.com"" rel=""nofollow"">Twitter Web App</a>",,,,
1616556323352596510,@noblemillions Всего хорошего,ru,Reply,2,256,8,19,49205,2023-01-20 23:00:36,"<a href=""https://mobile.twitter.com"" rel=""nofollow"">Twitter Web App</a>",,,,
1616475795400306688,@Resident_Crypto @219_eth many such cases,en,Reply,0,168,1,4,9955,2023-01-20 17:40:36,"<a href=""https://mobile.twitter.com"" rel=""nofollow"">Twitter Web App</a>",,,,
1616090068103446528,"@219_eth Gcr calls top

Anon: ""Not the top""

Market goes down

Anon: ""I'll sell here and buy back when gcr calls bottom""

Gcr calls bottom

Anon: ""He sold his account""",en,Retweet,12,973,55,39,121854,2023-01-19 16:07:52,"<a href=""http://twitter.com/download/android"" rel=""nofollow"">Twitter for Android</a>",,,,
1616466773888335874,"@inversebrah dont think you can be a main character with 120k followers

[especially if you sold the account to sbf]",en,Reply,0,331,2,27,46461,2023-01-20 17:04:46,"<a href=""https://mobile.twitter.com"" rel=""nofollow"">Twitter Web App</a>",,,,
1616459518183112704,@CancelledPapi @HsakaTrades *The Stanfords,en,Reply,1,47,0,2,4277,2023-01-20 16:35:56,"<a href=""https://mobile.twitter.com"" rel=""nofollow"">Twitter Web App</a>",,,,
1616105154582876162,"Sentiment poll to gauge how viable this would be

Would you deposit funds, trade on, and trust the solvency of a rebooted FTX helmed by John Ray the Third, Sullivan and Cromell LLP, [and really, whoever they decide to outsource this to]?",en,Tweet,8,306,39,250,404667,2023-01-19 17:07:49,"<a href=""https://mobile.twitter.com"" rel=""nofollow"">Twitter Web App</a>",,,,
1616058860317417474,"@Garid_Trades @comicstyleart i've been trying to get across to people that a good amount of discord 'leaks' are fake, and people have been slow to catch on",en,Reply,1,115,0,8,12284,2023-01-19 14:03:51,"<a href=""https://mobile.twitter.com"" rel=""nofollow"">Twitter Web App</a>",,,,
1616056753925357568,"@comicstyleart fake
don't use shoebill avatar on discord",en,Reply,0,266,6,12,33812,2023-01-19 13:55:29,"<a href=""https://mobile.twitter.com"" rel=""nofollow"">Twitter Web App</a>",,,,
1615831844360187904,"The price of BTC was $15,700 when I made this tweet on November 21, and pivoted to bullish

ETH was at $1050;  SOL was $11; it was in fact, the bottom

BTC/ETH are up 50%, and SOL is up 2x since my pivot

The market is a device for transferring $ from the impatient to the patient",en,Tweet,117,2120,155,209,589095,2023-01-18 23:01:47,"<a href=""https://mobile.twitter.com"" rel=""nofollow"">Twitter Web App</a>",,,,
1614677160265916416,"@0123bunny I don't believe this anytime soon

There will be corrections, nasty shakeouts, and prolonged bear markets before we climb to the top of the market;  but the future is digital

I pivoted to being bullish at $10 SOL and $1000 ETH;  I believe anyone who bought there will be happy",en,Retweet,91,1025,95,39,158080,2023-01-15 18:33:28,"<a href=""https://mobile.twitter.com"" rel=""nofollow"">Twitter Web App</a>",,,,
1615715313814835201,"@0xSisyphus the most vocal/angriest permabears right now, seem to be the ones who were formerly bulls and got sidelined",en,Reply,8,447,19,26,58472,2023-01-18 15:18:44,"<a href=""https://mobile.twitter.com"" rel=""nofollow"">Twitter Web App</a>",,,,
1615715909611429888,"@0xSisyphus these angry bears seem to wallow in conspiracy theories about the inorganic reasons price is going up

such as, the shoebill on CT with a modest/handful of followers is single handedly scam pumping a trillion dollar asset class by introducing an echo bubble thesis",en,Reply,10,405,19,39,62172,2023-01-18 15:21:06,"<a href=""https://mobile.twitter.com"" rel=""nofollow"">Twitter Web App</a>",,,,
1615351201263927296,"Try to think of your ponzis like prizefighters rather than coins;  winners win and losers lose

Men will literally cut their winners and add to their losers rather than go to therapy",en,Tweet,94,1582,131,85,210831,2023-01-17 15:11:52,"<a href=""https://mobile.twitter.com"" rel=""nofollow"">Twitter Web App</a>",,,,
1615352131195641856,"@zkTuring alt accounts are limited edition items

like the McRib barbecue-flavored pork sandwich periodically sold by the international fast food restaurant chain McDonald's

will try to keep the next one lower profile",en,Reply,7,223,3,20,18567,2023-01-17 15:15:34,"<a href=""https://mobile.twitter.com"" rel=""nofollow"">Twitter Web App</a>",,,,
1615095023137169421,https://t.co/Z6w14r0cNM,zxx,Tweet,17,391,23,68,172717,2023-01-16 22:13:55,"<a href=""https://mobile.twitter.com"" rel=""nofollow"">Twitter Web App</a>",,https://www.youtube.com/watch?v=zgVrlx68v-0,,
1615031757463486470,"Today we honor MLK, a man of extraordinary courage. Not only did he help lead the fight against racism, he vigorously opposed the Vietnam War, stood with workers &amp; their unions &amp; challenged the massive income &amp; wealth inequality that he saw. He remains an inspiration to us all.",en,Retweet,13,5944,857,190,462191,2023-01-16 18:02:31,"<a href=""http://twitter.com/download/iphone"" rel=""nofollow"">Twitter for iPhone</a>",,,,
1614905671366938627,"Don't agree with every last detail in this analysis, but overall, well summarized and recommended thread to help manage expectations",en,Tweet,187,736,80,28,245084,2023-01-16 09:41:30,"<a href=""https://mobile.twitter.com"" rel=""nofollow"">Twitter Web App</a>",,,,
1614795099342356483,@GodiXBT @Garid_Trades @0xOhara hard for me to comment on low cap coins without having outsized influenced on price,en,Reply,1,48,0,4,6908,2023-01-16 02:22:07,"<a href=""https://mobile.twitter.com"" rel=""nofollow"">Twitter Web App</a>",,,,
1614794122665025536,@Garid_Trades @0xOhara i'm not that thoughtful,en,Reply,1,218,2,13,32355,2023-01-16 02:18:14,"<a href=""https://mobile.twitter.com"" rel=""nofollow"">Twitter Web App</a>",,,,
1614675035242774529,"All the most creative ponzi inventors and gambling syndicates now recognize crypto- the jet fuel is for their ambitions

A digital reality requires a good % of capital to be in 'digital assets

Humans are only spiraling further into addiction, further divorced from spiritual ties",en,Tweet,109,1246,94,62,307440,2023-01-15 18:25:02,"<a href=""https://mobile.twitter.com"" rel=""nofollow"">Twitter Web App</a>",,,,
1614778300148363267,"@ArkaJay1 @0123bunny The ETH I accumulated at $1050 I intend to own until 2030

Used to be an inverse investor;  at the bottom, I turned into an investor",en,Reply,48,433,42,25,37605,2023-01-16 01:15:22,"<a href=""https://mobile.twitter.com"" rel=""nofollow"">Twitter Web App</a>",,,,
1614678032161148931,"@CryptoEmy_ No

My forecast for 2023 is an echo bubble

My forecast for 2030 is digital immersion in digital assets",en,Reply,27,180,14,21,11785,2023-01-15 18:36:56,"<a href=""https://mobile.twitter.com"" rel=""nofollow"">Twitter Web App</a>",,,,
1614677160265916416,"@0123bunny I don't believe this anytime soon

There will be corrections, nasty shakeouts, and prolonged bear markets before we climb to the top of the market;  but the future is digital

I pivoted to being bullish at $10 SOL and $1000 ETH;  I believe anyone who bought there will be happy",en,Reply,91,1025,95,39,158080,2023-01-15 18:33:28,"<a href=""https://mobile.twitter.com"" rel=""nofollow"">Twitter Web App</a>",,,,
1614655287553564676,"In case it wasn't obvious, vast majority of purported screenshots/leaks of GCR texts from discords/tg are fake + intended to PnD

People have figured out making fake/shopped GCR accounts and shilling on discord, then leaking on twitter can pump

If I didnt tweet it, assume psyops",en,Tweet,12,1518,66,65,260804,2023-01-15 17:06:34,"<a href=""https://mobile.twitter.com"" rel=""nofollow"">Twitter Web App</a>",,,,
1614657249636487175,"@jzszn explained here

https://t.co/UVkHizRH8P",en,Reply,1,56,0,0,12779,2023-01-15 17:14:21,"<a href=""https://mobile.twitter.com"" rel=""nofollow"">Twitter Web App</a>",,https://twitter.com/GCRClassic/status/1614656884715184137,,
1614656884715184137,"@copemanlitt Ignore that tweet

Was referring to my own wealth being up, but was poorly worded and people took it to mean they should take max risk

I don't believe people will make generational wealth in 2023

Majority of traders lost money in 2019 despite the echo bubble",en,Reply,12,117,8,5,20773,2023-01-15 17:12:54,"<a href=""https://mobile.twitter.com"" rel=""nofollow"">Twitter Web App</a>",,,,
1614111238794919938,"Steady lads, doing some rotating

I was big on the metaverse scams last week, but I'm shifting capital to other sectors",en,Tweet,26,999,41,145,418750,2023-01-14 05:04:42,"<a href=""https://mobile.twitter.com"" rel=""nofollow"">Twitter Web App</a>",,,,
1614139519598559233,"Also have exited SOL for now
Not calling a top, but 42% in a day for a 9 billion dollar asset is a good opportunity to rotate to some other chains for now",en,Reply,16,838,31,82,124855,2023-01-14 06:57:05,"<a href=""https://mobile.twitter.com"" rel=""nofollow"">Twitter Web App</a>",,,,
1614119796710277120,"Sentiment check

What % of your total net worth is in non BTC/ETH altcoins right now [% of total net assets, not just limited to crypto capital]",en,Tweet,6,289,20,113,150518,2023-01-14 05:38:43,"<a href=""https://mobile.twitter.com"" rel=""nofollow"">Twitter Web App</a>",,,,
1614069163345203200,@ArkaJay1 @MingXMecca Yes,und,Reply,0,68,2,7,7782,2023-01-14 02:17:31,"<a href=""https://mobile.twitter.com"" rel=""nofollow"">Twitter Web App</a>",,,,
1592901717129334788,"The worst thing you can do is give up/ check out; 
compounding losses with future losses in opportunity;  regardless of your remaining equity, familiarity with the scene is invaluable

Survivors will be rewarded

The casino thesis is unchanged; central banks wont be tight forever",en,Retweet,375,6458,1213,585,,2022-11-16 16:25:38,"<a href=""https://mobile.twitter.com"" rel=""nofollow"">Twitter Web App</a>",,,,
1613962362419134466,sidelines are for the sidelined https://t.co/i16NYEoq0b,en,Tweet,66,974,101,81,248260,2023-01-13 19:13:07,"<a href=""https://mobile.twitter.com"" rel=""nofollow"">Twitter Web App</a>",,,photo,https://pbs.twimg.com/media/FmXyLA8XoAE8Er2.png
1613633859312095260,"Some of the best performing coins will be the ones with the worst tokenomics, from the most predatory teams

Lot of teams that launched in peak bear have been waiting desperately for more favorable conditions so they can deploy their bag of tricks and do some market manipulation",en,Tweet,200,2533,229,159,743503,2023-01-12 21:27:46,"<a href=""https://mobile.twitter.com"" rel=""nofollow"">Twitter Web App</a>",,,,
1613635141766680584,@DonPleb it's in the sha256s,en,Reply,9,140,3,19,27348,2023-01-12 21:32:52,"<a href=""https://mobile.twitter.com"" rel=""nofollow"">Twitter Web App</a>",,,,
1613594254575534096,"The psychology behind bubbles is powerful. People refuse to easily abandon the idea that inspired the bubble. They buy dips and give up only after their faith has been deflated repeatedly. 2023 is likely to see more echo bubbles, including in the most hyped themes of last decade",en,Tweet,181,1091,143,46,285545,2023-01-12 18:50:24,"<a href=""https://mobile.twitter.com"" rel=""nofollow"">Twitter Web App</a>",,,,
1613593271933992969,Financial Times with some interesting 2023 predictions https://t.co/LEwDZEADZI,en,Tweet,88,867,83,50,336161,2023-01-12 18:46:29,"<a href=""https://mobile.twitter.com"" rel=""nofollow"">Twitter Web App</a>",,,photo,"https://pbs.twimg.com/media/FmSieLgWABg6lQc.jpg,https://pbs.twimg.com/media/FmSigbMWIAAUHzn.png"
1613578466976305152,https://t.co/daHcYSDpvR,zxx,Tweet,40,302,11,80,124804,2023-01-12 17:47:40,"<a href=""https://mobile.twitter.com"" rel=""nofollow"">Twitter Web App</a>",,https://www.youtube.com/watch?v=Dn8namJOTtM,,
1613573285773443075,@Rewkang 74de611122e4f8089e3bfd991fb4e77c60e6c02cf02d6ca078597a5a441b908b,pt,Reply,13,116,5,36,119221,2023-01-12 17:27:04,"<a href=""https://mobile.twitter.com"" rel=""nofollow"">Twitter Web App</a>",,,,
1613326152763850752,"DataDash was posting videos like this, and you weren't long to the gills https://t.co/A3QOmYIZ71",en,Tweet,49,1507,81,125,300274,2023-01-12 01:05:03,"<a href=""https://mobile.twitter.com"" rel=""nofollow"">Twitter Web App</a>",,,photo,https://pbs.twimg.com/media/FmOvgkSXkAMSozf.jpg
1613330115378700288,"@TraderMercury lot of alts 2-3xed already

SOL up big",en,Reply,2,188,2,16,25202,2023-01-12 01:20:48,"<a href=""https://mobile.twitter.com"" rel=""nofollow"">Twitter Web App</a>",,,,
1613327071127666690,"@vatn42 this datadash lad is probably a nice kid
nothing against him personally;  seems harmless

just emblematic of how extreme sentiment had gotten for those type of videos to be good engagement bait",en,Reply,3,223,0,8,16789,2023-01-12 01:08:42,"<a href=""https://mobile.twitter.com"" rel=""nofollow"">Twitter Web App</a>",,,,
1594703582330507264,"I have long predicted the emergence of an echo bubble in 2023, and none of the recent events has changed my forecast",en,Retweet,198,3271,345,299,,2022-11-21 15:45:36,"<a href=""https://mobile.twitter.com"" rel=""nofollow"">Twitter Web App</a>",,,,
1613263415069253639,a1d1d92deeeda357bf6fc6503e8243a178eeb1a2d548bb1cb03febadb9f6d092,pt,Tweet,23,373,16,141,384206,2023-01-11 20:55:45,"<a href=""https://mobile.twitter.com"" rel=""nofollow"">Twitter Web App</a>",,,,
1613257844765114369,c0c51bfda648a9ffba80a2a3016e13af1c02f2402bd8d9b93fa93f4243f6c12e,ht,Tweet,57,618,27,201,485566,2023-01-11 20:33:37,"<a href=""https://mobile.twitter.com"" rel=""nofollow"">Twitter Web App</a>",,,,
1613260068606058506,"@TAELTRADE @quant_xbt @YaBoiBru if i tweeted it out, and coin moved, people would say it only moved because i tweeted it out",en,Reply,4,66,1,10,6638,2023-01-11 20:42:27,"<a href=""https://mobile.twitter.com"" rel=""nofollow"">Twitter Web App</a>",,,,
1613258137519136773,@YaBoiBru sha256 prediction,en,Reply,5,118,3,10,37766,2023-01-11 20:34:47,"<a href=""https://mobile.twitter.com"" rel=""nofollow"">Twitter Web App</a>",,,,
1612431373851140097,"I believe China, (and Asia in general) will fuel the next run

It will take quite some time to melt Western cynicism towards this space, but the East is ascending and yearning to flex

You should be hanging out in WeChat
Many future pumps will be on coins none of your circle know",en,Tweet,674,5953,759,495,2131936,2023-01-09 13:49:31,"<a href=""https://mobile.twitter.com"" rel=""nofollow"">Twitter Web App</a>",,,,
1612185629680455680,"All your energy has gone into trying to short tokens down 98% and doomposting;
I've been looking into what would echo

This isn't a long signal;  I took profit on this pump https://t.co/h85mA6nc5L",en,Tweet,48,948,41,51,227438,2023-01-08 21:33:01,"<a href=""https://mobile.twitter.com"" rel=""nofollow"">Twitter Web App</a>",,,photo,https://pbs.twimg.com/media/Fl-iQg0WQAcE3kn.png
1612196938652205057,"@trading_axe in the right environment
signs of exit pumps are indistinguishable from signs of echo bubbles https://t.co/nLqJ8IR0Al",en,Reply,19,141,18,8,17731,2023-01-08 22:17:58,"<a href=""https://mobile.twitter.com"" rel=""nofollow"">Twitter Web App</a>",,,photo,https://pbs.twimg.com/media/Fl-sipeWIAAx44A.jpg
1612186426853974019,"@HJHxbt Too many people complaining about SOL
Heard there's a small account with under 500 followers that has had some great calls though",en,Reply,16,195,1,34,59505,2023-01-08 21:36:11,"<a href=""https://mobile.twitter.com"" rel=""nofollow"">Twitter Web App</a>",,,,
1611016494527160321,"Still expecting the last of these predictions to get checked, although overestimated how soon",en,Tweet,54,554,34,60,222827,2023-01-05 16:07:18,"<a href=""https://mobile.twitter.com"" rel=""nofollow"">Twitter Web App</a>",,,,
1610710531828224001,Leaving here without comment https://t.co/nRhd3I2c0m,en,Tweet,29,631,23,95,186469,2023-01-04 19:51:30,"<a href=""https://mobile.twitter.com"" rel=""nofollow"">Twitter Web App</a>",,,photo,https://pbs.twimg.com/media/Flpko3-XwBodHL-.jpg
1543319354548314113,"Prediction markets continue to greatly overestimate the electoral odds for Ron DeSantis

GCR internal odds have him priced at ~5%

However, why Im so bearish is not yet fully known 

For fun, leave in replies or DM your thesis on why I've counted him out; winner will be highlited https://t.co/UHdzkY3Y7A",en,Tweet,61,724,24,341,,2022-07-02 21:43:02,"<a href=""https://mobile.twitter.com"" rel=""nofollow"">Twitter Web App</a>",,,photo,https://pbs.twimg.com/media/FWr4s7BWAAAnXHc.jpg
1610442179742146560,@miladydontit 2015 Scott Walker fractal,en,Reply,1,39,1,2,7297,2023-01-04 02:05:10,"<a href=""https://mobile.twitter.com"" rel=""nofollow"">Twitter Web App</a>",,,,
1610441684357206020,@miladydontit This was the best answer out of all replies,en,Reply,3,112,1,15,8935,2023-01-04 02:03:12,"<a href=""https://mobile.twitter.com"" rel=""nofollow"">Twitter Web App</a>",,,,
1610434582406479873,Ron DeSantis to Zero,es,Tweet,7,378,16,49,157204,2023-01-04 01:34:59,"<a href=""https://mobile.twitter.com"" rel=""nofollow"">Twitter Web App</a>",,,,
1609939326594326528,"you insist on yield?
purchase some treasury bills;  or find some mules",en,Tweet,20,495,20,30,138921,2023-01-02 16:47:01,"<a href=""https://mobile.twitter.com"" rel=""nofollow"">Twitter Web App</a>",,,,
1511020735816417288,"i believe in, lets call it
efficient yield hypothesis

in most instances, any yield you are receiving only reflects inherent risks+ instabilities that are priced in

too many rich+sophisticated players who will arb out yields identified to be EV&gt;risk

free money, it's an illusion",en,Retweet,109,1100,103,38,,2022-04-04 18:39:51,"<a href=""https://mobile.twitter.com"" rel=""nofollow"">Twitter Web App</a>",,,,
1608810851108294658,"If you had invested 100k in the Dow in 1966, by 1982 your 100k was still 100k, but due to inflation, it would only buy you $34,000 of goods by the 1966 CPI. A 66% loss in value

Gold appreciated 10x in the 1970s, but is now a 12 trillion $ altcoin and exponentially harder to pump",en,Tweet,122,1967,166,125,377739,2022-12-30 14:02:51,"<a href=""https://mobile.twitter.com"" rel=""nofollow"">Twitter Web App</a>",,,,
1608812350928465921,"@_hidden_smile Gold remains one of my largest non cash positions, and will likely remain so for some time

But I've been advocating to accumulate gold since mid 2021 when it was around 1550 for those who have been following me since the start, and I won't be adding to the position anymore",en,Reply,13,200,11,11,18437,2022-12-30 14:08:49,"<a href=""https://mobile.twitter.com"" rel=""nofollow"">Twitter Web App</a>",,,,
1608189440253661184,"@DanTheCreator09 Summer 2023
Echo SZN",pl,Reply,70,339,83,17,47778,2022-12-28 20:53:35,"<a href=""https://mobile.twitter.com"" rel=""nofollow"">Twitter Web App</a>",,,,
1530254777606721536,"@setanimals @Fiskantes The vast majority of ppl saying this, will still believe, ""we'll just invent new ponzis and reconstitute the casino [and good news, we will!], even if theyre bearish on L1s

But there will come a point where people literally think the entire industry is dead for good and go forex",en,Retweet,45,907,46,28,,2022-05-27 20:29:04,"<a href=""https://mobile.twitter.com"" rel=""nofollow"">Twitter Web App</a>",,,,
1530252866245607424,"@Fiskantes I've seen worse sentiment

Many instances in 2018 or 2019 where feel was, ""alts will never have another cycle, this was my only chance to make it""

Current sentiment is still, ""shadowlands, but I can't wait for the next bull cycle"";  peak doom when ppl no longer believe in future",en,Retweet,92,1642,126,61,,2022-05-27 20:21:28,"<a href=""https://mobile.twitter.com"" rel=""nofollow"">Twitter Web App</a>",,,,
1607037460936282113,https://t.co/tzvR2KMRpY,zxx,Tweet,7,1225,27,107,221141,2022-12-25 16:36:02,"<a href=""https://mobile.twitter.com"" rel=""nofollow"">Twitter Web App</a>",,,photo,https://pbs.twimg.com/media/Fk1YAqnXkAEiamH.jpg
1606307392442048526,"Alameda polycule sentencing forecasts

SBF - sentenced to 24 years;  released after 11 years after family/backers spend unprecedented amounts of money on legal fees in various appeals leading to resentencing

CE - sentenced to 5.3;  serves 3 for cooperation

Wang - 8/5.5",en,Tweet,54,1738,95,191,411170,2022-12-23 16:15:00,"<a href=""https://mobile.twitter.com"" rel=""nofollow"">Twitter Web App</a>",,,,
1606319717404348420,"@potroastszn 85% is a meme

""
Shkreli was sentenced to 7 years in prison in March 2018. His release slightly more than four years after that sentencing reflects the credit he received for good behavior in prison, and for completing education and rehabilitation programs while locked up.""",en,Reply,1,79,0,7,14359,2022-12-23 17:03:59,"<a href=""https://mobile.twitter.com"" rel=""nofollow"">Twitter Web App</a>",,,,
1606312075206152192,"@Tyreek_46 35
A decade to all play out",en,Reply,3,188,3,9,16108,2022-12-23 16:33:37,"<a href=""https://mobile.twitter.com"" rel=""nofollow"">Twitter Web App</a>",,,,
1606308345463332864,@TeddyRoosevalt Look into Jeffrey Skilling,en,Reply,1,69,0,4,14154,2022-12-23 16:18:47,"<a href=""https://mobile.twitter.com"" rel=""nofollow"">Twitter Web App</a>",,,,
1605291540284428305,@ZeMirch I always tell people;  no bigger edge than human intuition,en,Reply,27,350,17,15,23643,2022-12-20 20:58:22,"<a href=""https://mobile.twitter.com"" rel=""nofollow"">Twitter Web App</a>",,,,
1605254249469747200,Money will continue to flow back into Japan,en,Tweet,20,722,36,56,235150,2022-12-20 18:30:11,"<a href=""https://mobile.twitter.com"" rel=""nofollow"">Twitter Web App</a>",,,,
1605255382615597064,"@supabash most thought it was a bad idea
'but the demographics'",en,Reply,1,73,0,8,8946,2022-12-20 18:34:42,"<a href=""https://mobile.twitter.com"" rel=""nofollow"">Twitter Web App</a>",,,,
1605250194190245888,biggest move this century https://t.co/m5wAwCJQM2,en,Retweet,24,826,120,41,336187,2022-12-20 18:14:05,"<a href=""https://about.twitter.com/products/tweetdeck"" rel=""nofollow"">TweetDeck</a>",,,photo,https://pbs.twimg.com/media/Fkb-irEWYAEG1jm.jpg
1519004536714797058,"Has there been an easier, higher hit rate [&gt;100%?], less complex trade in the past year than fading Elon Musk inspired DOGE pumps?

A trade that required less edge, less prescience, less talent, but always delivered?

SNL, Dog Day, TSLA payments, Superbowl ad, Space mission, etc",en,Retweet,59,1008,61,44,,2022-04-26 19:24:37,"<a href=""https://mobile.twitter.com"" rel=""nofollow"">Twitter Web App</a>",,,,
1655135888869867520,"Jaw Dropping Graphics &amp; An Amazing Story 🔥 The No.1 Quest Game of 2022⚡

Play your way through a visually-stunning fantasy RPG with 500+ Champions  🔥 👻",en,Tweet,96,1356,230,72,3874582,2023-05-07 11:02:01,"<a href=""https://help.twitter.com/en/using-twitter/how-to-tweet#source-labels"" rel=""nofollow"">advertiser-interface</a>",,,,
1604877819720667137,"There are still nearly 100 tokens with 1 billion$ FDV caps

Although we are deep in the bear, I believe capital will continue to rotate out of the illiquid, dying trash - and into assets with a long term future

Edge- staying delta neutral, while still getting exposure to quality",en,Tweet,170,2269,175,130,584891,2022-12-19 17:34:24,"<a href=""https://mobile.twitter.com"" rel=""nofollow"">Twitter Web App</a>",,,,
1604571053485096960,"@NachoTrades New coins

Full of hope
Lacking bagholders 
Team still not rich and incentivized to create hype",en,Reply,143,743,82,24,77963,2022-12-18 21:15:25,"<a href=""https://mobile.twitter.com"" rel=""nofollow"">Twitter Web App</a>",,,,
1604499387362598912,"@RunnerXBT too early for most people to even make these considerations

doing research in the bear market will give you an edge, but the time to really plug in is after the majors have run up hard

sentiment shifts from crypto is a scam, to, 'i need to buy the next ETH, ETH is too high unit",en,Reply,92,532,46,25,59604,2022-12-18 16:30:38,"<a href=""https://mobile.twitter.com"" rel=""nofollow"">Twitter Web App</a>",,,,
1604454935877255169,"BTC is $16,500
ETH is $1150

President Trump tweets that his ""nuclear button"" is larger and more powerful than that of Kim Jong-un

ChatGPT, what year is it?

https://t.co/3fMfNxFhY5 https://t.co/OPx1Onxcu3",en,Tweet,71,1473,77,122,579826,2022-12-18 13:34:00,"<a href=""https://mobile.twitter.com"" rel=""nofollow"">Twitter Web App</a>",,https://coinmarketcap.com/historical/20180107/,photo,"https://pbs.twimg.com/media/FkQrKzMWAAEWvp_.jpg,https://pbs.twimg.com/media/FkQrMzTXkAA1buw.jpg"
1604496586293202944,"@RunnerXBT @coinmamba What really drives retail at the start of an alt cycle

[1] I'm too late to this 'legitimate asset class' [BTC/ETH]
[2] This other coin also seems institutional [XRP was going to be used by banks, Garling seemed credentialed, ADA was made by ETH 'cofounder', Musk cosigned DOGE]",en,Reply,144,442,56,10,88275,2022-12-18 16:19:30,"<a href=""https://mobile.twitter.com"" rel=""nofollow"">Twitter Web App</a>",,,,
1604496911288901632,"@RunnerXBT @coinmamba Mid to late cycle, they start chasing more degenerate plays that don't need as much social proof [as the pool of retail opens up]

These cycles only begin after the major assets have run up a lot, leading to

[1] wealth effect]
[2] people feeling they missed out, chasing alts",en,Reply,64,416,36,10,18539,2022-12-18 16:20:48,"<a href=""https://mobile.twitter.com"" rel=""nofollow"">Twitter Web App</a>",,,,
1604468024676851728,"@coinmamba What drove XRP to $3?

Above all else, low unit bias
Bitcones already 10k + ETH 1k

Retail felt they were too late to the party, but 10 cent ripples could go to $1? $10?  what if $100?

+ Mass speculation a Coinbase listing was imminent [incorrect]

Bet on unit bias in next cycle",en,Reply,119,712,68,37,49832,2022-12-18 14:26:01,"<a href=""https://mobile.twitter.com"" rel=""nofollow"">Twitter Web App</a>",,,,
1602660851315613697,Do you hear an echo? https://t.co/aUU4Gwu8ve,en,Tweet,60,1112,101,130,,2022-12-13 14:44:57,"<a href=""https://mobile.twitter.com"" rel=""nofollow"">Twitter Web App</a>",,,photo,https://pbs.twimg.com/media/Fj3Lii7WAAAeY6u.jpg
1603790103163412482,"@Brobyflanjoby I'm building an ETH position that I intend to hold for half a decade

if you're buying anything during a bottoming out process, you need a lot of conviction in the future of this space

Had few friends who bought ETH at $200 last cycle, that capitulated at $100

Most should DCA",en,Reply,41,310,38,11,31765,2022-12-16 17:32:12,"<a href=""https://mobile.twitter.com"" rel=""nofollow"">Twitter Web App</a>",,,,
1603788396211625984,The market is a device for transferring money from the impatient to the patient,en,Tweet,82,1026,102,53,179116,2022-12-16 17:25:25,"<a href=""https://mobile.twitter.com"" rel=""nofollow"">Twitter Web App</a>",,,,
1603483275573485584,@Airi20025 @cole0x the trend of banks unbanking the banked if they interacted with crypto,en,Reply,9,283,10,15,25410,2022-12-15 21:12:58,"<a href=""https://mobile.twitter.com"" rel=""nofollow"">Twitter Web App</a>",,,,
1603481527341441060,Crypto:  Unbank the Banked [per Moudino],en,Tweet,35,620,41,36,189451,2022-12-15 21:06:02,"<a href=""https://mobile.twitter.com"" rel=""nofollow"">Twitter Web App</a>",,,,
1603482154339557381,@fz_crypto echo bubble in 2023 still scheduled,en,Reply,13,249,20,29,27137,2022-12-15 21:08:31,"<a href=""https://mobile.twitter.com"" rel=""nofollow"">Twitter Web App</a>",,,,
1603481960608833536,@cole0x this will only accelerate,en,Reply,5,368,9,11,121961,2022-12-15 21:07:45,"<a href=""https://mobile.twitter.com"" rel=""nofollow"">Twitter Web App</a>",,,,
1149472282584072192,"I am not a fan of Bitcoin and other Cryptocurrencies, which are not money, and whose value is highly volatile and based on thin air. Unregulated Crypto Assets can facilitate unlawful behavior, including drug trade and other illegal activity....",en,Retweet,855,50415,12272,17242,,2019-07-12 02:15:22,"<a href=""http://twitter.com/download/iphone"" rel=""nofollow"">Twitter for iPhone</a>",,,,
1603026615067463681,"If you wanted to buy Japanese RE from
https://t.co/WhPBIbyXil

You will now have to pay ~20% more for most properties since Oct 20",en,Tweet,54,599,20,65,,2022-12-14 14:58:22,"<a href=""https://mobile.twitter.com"" rel=""nofollow"">Twitter Web App</a>",,https://www.sothebysrealty.com/eng/sales/jpn,,
1603049583890006016,@DoglandsDC they wouldn't believe it,en,Tweet,1,158,2,8,,2022-12-14 16:29:38,"<a href=""https://mobile.twitter.com"" rel=""nofollow"">Twitter Web App</a>",,,,
1603029298352640001,"@Husslin_ It was also a signal to start diversification of your USD holdings into the shitcoin currencies of other countries for those that were reading my replies

And that was scalable for any trader",en,Reply,8,217,5,12,,2022-12-14 15:09:02,"<a href=""https://mobile.twitter.com"" rel=""nofollow"">Twitter Web App</a>",,,,
1603028681559007233,"@doeydonuts Yes

The political death of Trump is similar to the tales of bitcoin's death

Couldn't be more bearish on DeSantis",en,Reply,8,85,5,10,,2022-12-14 15:06:35,"<a href=""https://mobile.twitter.com"" rel=""nofollow"">Twitter Web App</a>",,,,
1603027141809119233,@BasedPotato4 Both,en,Reply,0,58,1,1,,2022-12-14 15:00:28,"<a href=""https://mobile.twitter.com"" rel=""nofollow"">Twitter Web App</a>",,,,
1602726776484073474,"A disclaimer:  projecting pharmacological trends =/ health advice

I expect prescriptions for GLP1s and SGLT2 inhibitors to go vertical, but they're not safe

In the long term, higher basal insulin will foment insulin + leptin resistance as receptors are increasingly desensitized",en,Tweet,77,469,31,58,,2022-12-13 19:06:55,"<a href=""https://mobile.twitter.com"" rel=""nofollow"">Twitter Web App</a>",,,,
1602727741027123214,"@0x_Priest Something like this
The real ponzi is pharms",en,Reply,1,118,5,11,,2022-12-13 19:10:45,"<a href=""https://mobile.twitter.com"" rel=""nofollow"">Twitter Web App</a>",,,,
1602630268917252096,"@tier10k At his core, SBF couldn't handle being less powerful than CZ, after years of blood feuding 

Fundamentally narcissistic, a decade of abusing stimulants sapped any remaining empathy he might have otherwise had

Entire thing was a video game to him, so his only pivot was bet more",en,Retweet,21,1431,92,44,,2022-12-13 12:43:26,"<a href=""https://mobile.twitter.com"" rel=""nofollow"">Twitter Web App</a>",,,,
1602667247356493826,"@ReetikaTrades I've always advocated only keeping enough collateral on exchanges that I'm comfortable losing

Posting PNLs should not be seen as an endorsement

I will still reference the tweet I made 2 weeks before FTX blew up

https://t.co/girDBeQVOo",en,Reply,5,114,5,4,,2022-12-13 15:10:22,"<a href=""https://mobile.twitter.com"" rel=""nofollow"">Twitter Web App</a>",,https://twitter.com/GCRClassic/status/1588582650192990208,,
1602634076204290050,"@Bourne1987jason @tier10k SBF's behavior actually makes you gain some very minor shred of respect for Bernie Madoff

When Madoff's ponzi finally blew up, he at least had the honor to [immediately] admit the entire thing was fraudulent and took responsibility for being a criminal",en,Reply,1,256,11,5,,2022-12-13 12:58:33,"<a href=""https://mobile.twitter.com"" rel=""nofollow"">Twitter Web App</a>",,,,
1602630268917252096,"@tier10k At his core, SBF couldn't handle being less powerful than CZ, after years of blood feuding 

Fundamentally narcissistic, a decade of abusing stimulants sapped any remaining empathy he might have otherwise had

Entire thing was a video game to him, so his only pivot was bet more",en,Reply,21,1431,92,44,,2022-12-13 12:43:26,"<a href=""https://mobile.twitter.com"" rel=""nofollow"">Twitter Web App</a>",,,,
1602298454688124930,"The next, great parabola?

GLP-1 agonists and future iterative formulations

Still between hope and optimism in the psychology of the market cycle https://t.co/EKAZYSZSAF",en,Tweet,197,727,50,105,,2022-12-12 14:44:55,"<a href=""https://mobile.twitter.com"" rel=""nofollow"">Twitter Web App</a>",,,photo,https://pbs.twimg.com/media/FjyB5vVWYAAR4P3.jpg
1602302660555771905,"@LSDinmycoffee they're about to face a lot of competition

first from Lilly, and soon everyone else",en,Reply,14,93,1,8,,2022-12-12 15:01:38,"<a href=""https://mobile.twitter.com"" rel=""nofollow"">Twitter Web App</a>",,,,
1602299457508352001,@noblemillions We're still so early,en,Reply,4,111,4,4,,2022-12-12 14:48:54,"<a href=""https://mobile.twitter.com"" rel=""nofollow"">Twitter Web App</a>",,,,
1600535917374103552,"as the year comes to an end
give me your most contrarian thesis, idea, or prediction for 2023",en,Tweet,159,1440,79,921,,2022-12-07 18:01:13,"<a href=""https://mobile.twitter.com"" rel=""nofollow"">Twitter Web App</a>",,,,
1600159945290178560,"@MoonPirate98 No
Lot of supply that still needs to be dumped",en,Reply,0,41,1,3,,2022-12-06 17:07:15,"<a href=""https://mobile.twitter.com"" rel=""nofollow"">Twitter Web App</a>",,,,
1599759490781356032,"The Robocup Challenge

By 2050, there is a reasonable expectation, a team of fully autonomous humanoid robot soccer players shall win a soccer game, complying with the official rules of FIFA, against the winner of the most recent World Cup

https://t.co/5TCUQfJ8AO",en,Tweet,27,554,32,60,,2022-12-05 14:35:59,"<a href=""https://mobile.twitter.com"" rel=""nofollow"">Twitter Web App</a>",,https://www.metaculus.com/questions/397/robocup-challenge-completed-by-2050/,,
1599789482751860736,"@UnlocksCalendar By 2050, I would say under 10%
2050 to 2100 is a more realistic outlook",en,Reply,3,69,1,10,,2022-12-05 16:35:09,"<a href=""https://mobile.twitter.com"" rel=""nofollow"">Twitter Web App</a>",,,,
1598701385490595843,"Censoring Kanye after his initial interviews would have allowed him to remain a martyr 

Free speech enabled him to reveal just how shallow his beliefs were; for those who thought he had found some enlightened truth

Allow people to speak;  the market of ideas will allocate",en,Tweet,63,3095,238,113,,2022-12-02 16:31:27,"<a href=""https://mobile.twitter.com"" rel=""nofollow"">Twitter Web App</a>",,,,
1597242146889043970,"$CHZ has retraced ~50% from pre World Cup highs

I've fully scaled out of my short around this range, now that the price has returned to levels prior to the forced ""narrative""",en,Tweet,18,972,36,130,,2022-11-28 15:52:57,"<a href=""https://mobile.twitter.com"" rel=""nofollow"">Twitter Web App</a>",,,,
1596615230259613696,"Broke: Bitcoin will start the next bull run
Woke: Eth will start the next bull run
Bespoke: who cares, some dogcoin will wildly outperform both",en,Retweet,26,976,116,46,,2022-11-26 22:21:49,"<a href=""http://twitter.com/download/iphone"" rel=""nofollow"">Twitter for iPhone</a>",,,,
1596241824381034496,RIP @0xttk,und,Tweet,6,587,21,40,,2022-11-25 21:38:02,"<a href=""https://mobile.twitter.com"" rel=""nofollow"">Twitter Web App</a>",,,,
1595571804164210689,"@asscrusader420 @MiIadyResponder Still hold 500

https://t.co/HvxqBvnApS",en,Reply,5,158,9,34,,2022-11-24 01:15:37,"<a href=""https://mobile.twitter.com"" rel=""nofollow"">Twitter Web App</a>",,https://www.youtube.com/watch?v=6FEDrU85FLE,,
1594703582330507264,"I have long predicted the emergence of an echo bubble in 2023, and none of the recent events has changed my forecast",en,Tweet,198,3271,345,299,,2022-11-21 15:45:36,"<a href=""https://mobile.twitter.com"" rel=""nofollow"">Twitter Web App</a>",,,,
1595570921410117635,"@Quantdom1 At the peak of the bull market, when consensus view was 100k+, I predicted

-macro tops in 2022
-we would bottom at 12k after 20k bear rally
-insolvency of major exchanges
-stablecoins losing pegs

whether we bottom at 15k or 11.5k, is not of any material long term difference",en,Reply,50,389,40,22,,2022-11-24 01:12:06,"<a href=""https://mobile.twitter.com"" rel=""nofollow"">Twitter Web App</a>",,,,
1594705372639645696,"@PicartsoPotato Last time, people say it was fueled by PlusToken

But I think this is reductive, and echo bubbles emerge from the inevitable void born from yearning",en,Reply,17,460,20,23,,2022-11-21 15:52:43,"<a href=""https://mobile.twitter.com"" rel=""nofollow"">Twitter Web App</a>",,,,
1594407591941210114,"There is no retail remaining to distribute on
Just the cold dark hearts of the few remaining PvP contestants of the shadowlands

The World Cup? https://t.co/kPQuMw7OQq",en,Tweet,21,932,36,78,,2022-11-20 20:09:27,"<a href=""https://mobile.twitter.com"" rel=""nofollow"">Twitter Web App</a>",,,photo,https://pbs.twimg.com/media/FiB5G_QXwAIUh--.jpg
1594378618213482497,@RoofHanzo https://t.co/kz8f0kLb1S,qme,Reply,4,662,7,29,,2022-11-20 18:14:19,"<a href=""https://mobile.twitter.com"" rel=""nofollow"">Twitter Web App</a>",,,photo,https://pbs.twimg.com/media/FiBe5dAWQAIjroV.jpg
1594140649271758848,Two years to lobby,en,Tweet,14,717,51,60,,2022-11-20 02:28:43,"<a href=""https://mobile.twitter.com"" rel=""nofollow"">Twitter Web App</a>",,,,
1594142858290024448,@MartyBryc Yes,und,Reply,2,112,2,9,,2022-11-20 02:37:29,"<a href=""https://mobile.twitter.com"" rel=""nofollow"">Twitter Web App</a>",,,,
1593833916632276992,"Although CHZ might continue to pump into WC, the narrative is on borrowed time and will exhaust

I've begun scaling into a little inverse investment
Don't rec copy trading [especially a crime with leverage]

Leaving room to add to position (altho Binance makes it hard to go big) https://t.co/AcExXxjyFa",en,Tweet,60,1425,77,172,,2022-11-19 06:09:52,"<a href=""https://mobile.twitter.com"" rel=""nofollow"">Twitter Web App</a>",,,photo,https://pbs.twimg.com/media/Fh5vZqvWQAM_rfW.jpg
1593855998699089921,"@BilalNasirKhanI Have a few longs
Max pain would be everyone abandoning the space, with funds stuck on FTX, just as we're about to rally",en,Reply,11,293,28,19,,2022-11-19 07:37:37,"<a href=""https://mobile.twitter.com"" rel=""nofollow"">Twitter Web App</a>",,,,
1593839821226913792,@SenorEdge @_Zerotic @cz_binance Rugged of 27 million dollars on FTX because Binance wouldn't let me trade with size and had to explore my other options,en,Reply,22,361,19,40,,2022-11-19 06:33:20,"<a href=""https://mobile.twitter.com"" rel=""nofollow"">Twitter Web App</a>",,,,
1593834808525864960,"@_Zerotic @cz_binance Would love if Binance

-Didn't create position limit sizes on altcoins [don't understand incentives to do so]

or

-Allowed you to toggle between subaccounts on a joint account, without having to create new login/registration for each sub",en,Reply,2,210,5,15,,2022-11-19 06:13:25,"<a href=""https://mobile.twitter.com"" rel=""nofollow"">Twitter Web App</a>",,,,
1592905481764630528,"No, Alameda hated me for 'fudding'/ discrediting their predatory tokenomic model, and being vocal about shorting them; I was the first to vocally short Sam coins during peak bull

People often asked me why not a single FTX insider follows me on twitter; they tried to blacklist me https://t.co/RNmMGQh8HK",en,Tweet,35,1288,71,102,,2022-11-16 16:40:36,"<a href=""https://mobile.twitter.com"" rel=""nofollow"">Twitter Web App</a>",,,photo,https://pbs.twimg.com/media/FhsjBu6WYAAokYx.png
1592918887091564549,"@versel_ pretty good, but it might take longer than we want

perhaps he bought protection with Democrats, but Trump could make an example out of him in 2024 and beyond",en,Reply,2,154,6,11,,2022-11-16 17:33:52,"<a href=""https://mobile.twitter.com"" rel=""nofollow"">Twitter Web App</a>",,,,
1592914751847563265,"@mass1mo0 the primary reason was because I was primarily an altcoin trader, and Binance has very low limits for your 'max position size' on most altcoins

often between 2 to 3 million, unless it's one of the main 5-10 tokens

needed more size

FTX also had prediction markets;  good psyops",en,Reply,5,101,1,3,,2022-11-16 17:17:26,"<a href=""https://mobile.twitter.com"" rel=""nofollow"">Twitter Web App</a>",,,,
1592912279997386752,"@Biz2301 @frizzaud I was telling people to pull their funds from FTX to custodians, two weeks before they blew up

after seeing the initial coindesk article about their balance sheet

https://t.co/girDBeRtDW",en,Reply,2,40,1,3,,2022-11-16 17:07:37,"<a href=""https://mobile.twitter.com"" rel=""nofollow"">Twitter Web App</a>",,https://twitter.com/GCRClassic/status/1588582650192990208,,
1592901717129334788,"The worst thing you can do is give up/ check out; 
compounding losses with future losses in opportunity;  regardless of your remaining equity, familiarity with the scene is invaluable

Survivors will be rewarded

The casino thesis is unchanged; central banks wont be tight forever",en,Tweet,375,6458,1213,585,,2022-11-16 16:25:38,"<a href=""https://mobile.twitter.com"" rel=""nofollow"">Twitter Web App</a>",,,,
1592911612813320192,"@RektlesssR @onepunchpajeet i didn't
one of their highest volume traders, but was refused VIP privileges

i rejected their deal flow and venture offers

wouldn't stop talking about how predatory their low float/high fdv model was

featured in coindesk spreading the message of how juicy shorting their scams",en,Reply,3,87,2,1,,2022-11-16 17:04:58,"<a href=""https://mobile.twitter.com"" rel=""nofollow"">Twitter Web App</a>",,,,
1592910899412881408,"@RunnerXBT i lost the trading collateral i had on the exchange for open shorts

i've marked it at 0 and part of doing business in this often predatory ecosystem

advice;  any funds people have on centralized exchanges they absolutely have to trade with, they should be prepared to lose",en,Reply,11,269,11,10,,2022-11-16 17:02:07,"<a href=""https://mobile.twitter.com"" rel=""nofollow"">Twitter Web App</a>",,,,
1592909585123532800,"@Fibonacci_666 @tddt09 this

i never used leverage

i couldn't be hunted",en,Reply,10,91,6,5,,2022-11-16 16:56:54,"<a href=""https://mobile.twitter.com"" rel=""nofollow"">Twitter Web App</a>",,,,
1592908940505145345,"@HMDec21 the one thing I got wrong about everything in total, was assuming people were rational actors who wouldn't do things that would put them in jail, when SBF was so privileged

a lesson to learn in human greed and psychopathy",en,Reply,7,237,18,12,,2022-11-16 16:54:20,"<a href=""https://mobile.twitter.com"" rel=""nofollow"">Twitter Web App</a>",,,,
1592908005359878144,"@zkTuring I've been heavily trading on Binance since late 2017, and will continue to do so

but the amount of money I have on that exchange, I'm prepared to lose

if you have retirement money/money you need to live in, get it into self custody [and study hard on how to do this best]",en,Reply,9,176,12,3,,2022-11-16 16:50:37,"<a href=""https://mobile.twitter.com"" rel=""nofollow"">Twitter Web App</a>",,,,
1592907573224968194,"@xNabhanXBT one of the things people misunderstood was

if you have more collateral than the size of your long;  you can't be liquidated; no VIP account needed

my shorts always had liquidation prices, but I blurred the liquidation price, as its bad opsec to telegraph the size of account",en,Reply,12,140,9,2,,2022-11-16 16:48:54,"<a href=""https://mobile.twitter.com"" rel=""nofollow"">Twitter Web App</a>",,,,
1592906928325550080,"@onepunchpajeet I was probably, one of the only whale, who did have a special VIP account

and it was because I wouldn't silence myself about how SBF tokens were generational shorts

https://t.co/tk03yBbti4

https://t.co/ZyWR0P8jHM

https://t.co/2IcIidoIb2",en,Reply,4,64,3,1,,2022-11-16 16:46:21,"<a href=""https://mobile.twitter.com"" rel=""nofollow"">Twitter Web App</a>",,"https://twitter.com/GiganticRebirth/status/1478793578973384708,https://twitter.com/GCRClassic/status/1532823941147987969,https://www.coindesk.com/markets/2022/02/17/how-the-big-short-dao-bet-against-the-crypto-market-and-won/",,
1592209527466000386,"@AutistDegen @VerandiYT self custody is the best solution

make sure how to protect yourself from social engineering, wrench attacks, theft, damage to your home, possibility of memory loss or cognitive impairment;  other factors more well covered in other threads",en,Reply,21,81,5,3,,2022-11-14 18:35:07,"<a href=""https://mobile.twitter.com"" rel=""nofollow"">Twitter Web App</a>",,,,
1591912559564709888,https://t.co/byKNFqvDZn,zxx,Tweet,139,2113,239,393,,2022-11-13 22:55:05,"<a href=""https://mobile.twitter.com"" rel=""nofollow"">Twitter Web App</a>",,,photo,https://pbs.twimg.com/media/FhecBgRXkAEarQ6.jpg
1591109004042043393,"@minigrogu I did a lot of large OTC deals with FTX for Trump 2024 in early to mid 2021, but I'm not sure if that's what is cited in those documents

Person I actually interfaced with was Caroline, and not SBF",en,Reply,4,287,7,18,,2022-11-11 17:42:02,"<a href=""https://mobile.twitter.com"" rel=""nofollow"">Twitter Web App</a>",,,,
1591108154775212040,"@SellingSeabrook @GiganticRebirth This is correct
Caroline was actually the one who executed the OTC deal

Price was around 10-12 at the time;  I had been telling people they probably hedged on betfair since 2020, but I guess not",en,Reply,9,221,6,8,,2022-11-11 17:38:40,"<a href=""https://mobile.twitter.com"" rel=""nofollow"">Twitter Web App</a>",,,,
1591098380473638912,"think it's dangerous to be shorting, ""obvious scams that have to go to 0""

-stocks mooning
-people revenge, trying to make back losses shorting
-predatory PvP market

CEL and LUNA liquidated shorters after bankruptcy 

if you're on tilt, i'd recommend taking a break from trading",en,Tweet,66,2399,272,104,,2022-11-11 16:59:49,"<a href=""https://mobile.twitter.com"" rel=""nofollow"">Twitter Web App</a>",,,,
1591071796165767168,"Feel this bears worth repeating;  self custody, or one of the tier 1 custodian solutions;  at least until things stabilize in the market

If you have funds on FTX USA, you should definitely pull them;  there's a good chance of contagion from FTX at large

Better safe than sorry",en,Tweet,22,569,51,52,,2022-11-11 15:14:11,"<a href=""https://mobile.twitter.com"" rel=""nofollow"">Twitter Web App</a>",,,,
1591073435207471105,"@calz55 was a long time ago, and I had changed my stance on it multiple times since then, including telling people to pull off FTX a week before they halted withdrawals

https://t.co/girDBeRtDW",en,Reply,0,39,1,11,,2022-11-11 15:20:42,"<a href=""https://mobile.twitter.com"" rel=""nofollow"">Twitter Web App</a>",,https://twitter.com/GCRClassic/status/1588582650192990208,,
1591072897745186816,@Yargunnersyar https://t.co/r16MPSnmRF,qme,Reply,1,30,1,2,,2022-11-11 15:18:34,"<a href=""https://mobile.twitter.com"" rel=""nofollow"">Twitter Web App</a>",,https://twitter.com/GiganticRebirth/status/1590414528470478848,,
1590142422952337408,"LUNA contagion took down the entire industry, allowing funds to degen on 'yield' as 'delta neutral'

For retail, allure of free yield was too big of a temptation in this cycle, in an environment fueled by fears of inflation

If you still are chasing it, yield reflects risk +++",en,Tweet,69,748,85,51,,2022-11-09 01:41:11,"<a href=""https://mobile.twitter.com"" rel=""nofollow"">Twitter Web App</a>",,,,
1590043777942827009,"If you're looking for advice as to where to find safety

The same advice I gave last week, is where I currently stand",en,Tweet,49,491,24,45,,2022-11-08 19:09:12,"<a href=""https://mobile.twitter.com"" rel=""nofollow"">Twitter Web App</a>",,,,
1589856639326486528,"Scaling out of $DOGE short, for now
Let's see if it can hold this 10c meme support for now;  might reopen it if I see market structure breakdown 

Stay safe ands don't try to knife catch in these conditions https://t.co/HUkMJuJ4Q1",en,Tweet,19,814,30,99,,2022-11-08 06:45:35,"<a href=""https://mobile.twitter.com"" rel=""nofollow"">Twitter Web App</a>",,,photo,https://pbs.twimg.com/media/FhBOGg5XgAAt81S.jpg
1589745667769237506,@tradertuur they listened to the professional influencers again,en,Reply,1,109,4,4,,2022-11-07 23:24:37,"<a href=""https://mobile.twitter.com"" rel=""nofollow"">Twitter Web App</a>",,,,
1589621500889341952,"Future forecast

Benjamin Netanyahu will engineer a dissolution and fracture within his own coalition, as a pretext to boot/disassociate himself with Itamar Ben-Gvir; and bring in Gantz/other moderates under guise of national unity

Gvir threatens him+ he needs a foil to the left",en,Tweet,15,441,16,76,,2022-11-07 15:11:14,"<a href=""https://mobile.twitter.com"" rel=""nofollow"">Twitter Web App</a>",,,,
1589634641858039819,"@bitbitcrypto Netanyahu, in time, will exploit the tension and rivalry between Smotrich and Ben Gvir

He has a lot of fuel to play them against each other

Give it one year",en,Reply,1,41,1,6,,2022-11-07 16:03:27,"<a href=""https://mobile.twitter.com"" rel=""nofollow"">Twitter Web App</a>",,,,
1589627239506665473,"Likud will unite with Religious Zionism for now, in order to form a stable government + get back into power

also to use them to inoculate himself from his legal situation; the forecast is for down the road, when he feels he is safe

Bibi likes having someone to blame to the left",en,Reply,3,117,4,15,,2022-11-07 15:34:02,"<a href=""https://mobile.twitter.com"" rel=""nofollow"">Twitter Web App</a>",,,,
1589004319260831744,"@TokenJay covering a short does not equate to being long
nor being bullish

sometimes, as a trader, you anticipate meme tokens will bounce, and think there's better opportunities for your capital after booking 5 million in profit",en,Reply,9,328,9,9,,2022-11-05 22:18:46,"<a href=""https://mobile.twitter.com"" rel=""nofollow"">Twitter Web App</a>",,,,
1588624727572353024,"Let's calculate aggregate funding

https://t.co/CXociE2GsI",en,Tweet,23,237,10,38,,2022-11-04 21:10:24,"<a href=""https://mobile.twitter.com"" rel=""nofollow"">Twitter Web App</a>",,https://pastebin.com/X0W672uH,,
1588581517076271104,"throwback to another time
when everyone said, Alameda was going to #LiquidateGCR",en,Tweet,71,666,35,47,,2022-11-04 18:18:42,"<a href=""https://mobile.twitter.com"" rel=""nofollow"">Twitter Web App</a>",#LiquidateGCR,,,
1588585147435126784,"@btcmerlin1 people should have zero tolerance for sugar or processed foods

but we all fall short of our ideals",en,Reply,8,116,5,6,,2022-11-04 18:33:08,"<a href=""https://mobile.twitter.com"" rel=""nofollow"">Twitter Web App</a>",,,,
1588584608429641729,"@zi_ps3portallt trading prediction markets and politics
blasted off a 50x gain going hard on Mike Pence being Trump's VP selection at 2% implied odds",en,Reply,10,103,4,6,,2022-11-04 18:30:59,"<a href=""https://mobile.twitter.com"" rel=""nofollow"">Twitter Web App</a>",,,,
1588583312289042433,"@kagniea the United States of Merica'
if they get knocked out
Ghana Black Stars",en,Reply,2,46,3,2,,2022-11-04 18:25:50,"<a href=""https://mobile.twitter.com"" rel=""nofollow"">Twitter Web App</a>",,,,
1588582650192990208,"@HeieneMarius I think people should store their funds with
BNY Mellon Custody
Fidelity Digital Assets

self custody if they're smart, disciplined, and put in the time to learn how to avoid hacks; but think North Korea will eventually crack many",en,Reply,201,624,74,22,,2022-11-04 18:23:12,"<a href=""https://mobile.twitter.com"" rel=""nofollow"">Twitter Web App</a>",,,,
1588388458405724160,my followers so smart on this nov 2021 poll,en,Tweet,10,459,11,24,,2022-11-04 05:31:33,"<a href=""https://mobile.twitter.com"" rel=""nofollow"">Twitter Web App</a>",,,,
1588391243763322880,"@yonkipur07 @Kr3py they're all scams

except dog stock

that's a solid coin

dog stock, ethereum, bitcoins

few other ones i can't mention without pumping the price",en,Reply,9,95,9,12,,2022-11-04 05:42:38,"<a href=""https://mobile.twitter.com"" rel=""nofollow"">Twitter Web App</a>",,,,
1588389513566773250,"@Kr3py i think at the time i was fudding every coin pretty hard
so naturally, when i make a poll like this, i'm 'leading the witness' to vote on the bearish outcome

wasn't hard to discern i was insinuating you should short them

only obvious to my followers",en,Reply,1,72,1,3,,2022-11-04 05:35:45,"<a href=""https://mobile.twitter.com"" rel=""nofollow"">Twitter Web App</a>",,,,
1588388998937948160,@0xjustblaze was picotop of the entire market,en,Reply,0,70,2,2,,2022-11-04 05:33:42,"<a href=""https://mobile.twitter.com"" rel=""nofollow"">Twitter Web App</a>",,,,
1588388830251749377,@mansasuma i just have smart followers sir,en,Reply,0,35,1,5,,2022-11-04 05:33:02,"<a href=""https://mobile.twitter.com"" rel=""nofollow"">Twitter Web App</a>",,,,
1588317324771205121,"@bitbitcrypto don't get blown up copy trading me
i don't use leverage, and leave myself space/desire for price to run up even higher to get even better entries

if youre shorting;  ask yourself, would you be happy if price kept running up?

do you have conviction this rally will stall midterm?",en,Reply,21,343,15,21,,2022-11-04 00:48:54,"<a href=""https://mobile.twitter.com"" rel=""nofollow"">Twitter Web App</a>",,,,
1588316188475502592,"dog stock only has 2 bullets

bullet 1 - musk tweeting/teasing about integration;  already fired 

bullet 2 - official integration into twitter;  hasn't shot, but would be sell the news 

i'm moderate short on doggo, but leaving room open to short harder if they fire 2nd bullet",en,Tweet,67,1272,91,72,,2022-11-04 00:44:23,"<a href=""https://mobile.twitter.com"" rel=""nofollow"">Twitter Web App</a>",,,,
1588284210866814976,"@tier10k Even if they could force celebrities to respond to paid DMs

Celebs would just hire interns, that would paste the most proforma reply

'thanks for reaching out, always puts joy in my heart when I get to interact with fans

here's a link to my NFT collection, exclusively for fans'",en,Reply,1,345,7,26,,2022-11-03 22:37:19,"<a href=""https://mobile.twitter.com"" rel=""nofollow"">Twitter Web App</a>",,,,
1587884635115200513,got out just in time,en,Tweet,6,375,9,31,,2022-11-02 20:09:33,"<a href=""https://mobile.twitter.com"" rel=""nofollow"">Twitter Web App</a>",,,,
1587903997213638658,"@cryptooy no
no retail in this market for sustained rallies on shitcoins

limited capital rotating to select pump and dumps",en,Reply,3,43,7,1,,2022-11-02 21:26:29,"<a href=""https://mobile.twitter.com"" rel=""nofollow"">Twitter Web App</a>",,,,
1587885504623562752,"@crypto_pw not even a little bit
price didn't move at all after i closed, until about 12 hours later when this news dropped

https://t.co/X3HoxaxJv7",en,Tweet,2,38,1,2,,2022-11-02 20:13:00,"<a href=""https://mobile.twitter.com"" rel=""nofollow"">Twitter Web App</a>",,https://mobile.twitter.com/crypto/status/1587746714819100673,,
1587561793165168642,"Many on my timeline think we should create racial quotas to reduce ""jewish overrepresentation"" in certain industries

If this is your belief;  are you going to be fine with giving black and brown people equal representation; or women?

Are you suddenly woke?   What do you propose",en,Tweet,19,367,9,75,,2022-11-01 22:46:41,"<a href=""https://mobile.twitter.com"" rel=""nofollow"">Twitter Web App</a>",,,,
1587566619248758785,"@KHoleCrypto I agree with this, which is why I'm using my very limited and niche platform to create that discourse

Strongly against censoring and canceling people, and believe we would be at a healthier place if we could debate these issues",en,Reply,1,74,1,3,,2022-11-01 23:05:52,"<a href=""https://mobile.twitter.com"" rel=""nofollow"">Twitter Web App</a>",,,,
1587562437838278656,"@MarcTheBulll Do you propose that Jewish people should be limited to 2% of representation within each business or corporation to track with their #s?

And if so, if a bank has 2% Jewish employees, but a Jewish CEO, is this ok?  Should we limit CEOs to only white protestants to track the census",en,Reply,0,49,1,2,,2022-11-01 22:49:15,"<a href=""https://mobile.twitter.com"" rel=""nofollow"">Twitter Web App</a>",#s,,,
1587509713956229123,"With meme stocks catching a bid recently, I've decided to cash out some of my longer term inverse investments

All good investments must come to an end;  it was fun riding PEOPLE, truly investing with a great company, to ""0"";  investment liquidated

Jesus, Take the Wheel https://t.co/rONbnZ5mJQ",en,Tweet,63,1061,47,104,,2022-11-01 19:19:44,"<a href=""https://mobile.twitter.com"" rel=""nofollow"">Twitter Web App</a>",,,photo,https://pbs.twimg.com/media/Fgf3oUMagAAY4Sq.jpg
1587503156371521542,"If you're gonna buy Musk tweets, make sure you have edge

1] Use Twitter API to detect 
2] Use cmd script to trade
or run an autobuy that can scan shib images  

Otherwise you're going to be the exit liquidity I'm shorting
out of DOGE stock short for now; small bags in other dogs https://t.co/2f4QxJRCYh",en,Tweet,170,1210,84,98,,2022-11-01 18:53:41,"<a href=""https://mobile.twitter.com"" rel=""nofollow"">Twitter Web App</a>",,,photo,https://pbs.twimg.com/media/FgfxqxLacAYYzP5.png
1587504477082361857,"@0xTsuki familiarity;  FTX perps emerged in 2019 before Binance offered any futures products

might finally switch to trading on binance more due to thicker order books and liquidity",en,Reply,4,150,5,8,,2022-11-01 18:58:56,"<a href=""https://mobile.twitter.com"" rel=""nofollow"">Twitter Web App</a>",,,,
1660905817099345921,"Protect your devices from hackers, snoopers and phishing attempts with an award-winning product!",en,Tweet,0,15,1,0,83441,2023-05-23 09:09:39,"<a href=""https://help.twitter.com/en/using-twitter/how-to-tweet#source-labels"" rel=""nofollow"">advertiser-interface</a>",,,,
1587417004486664194,"@hyuktrades @hyuktrades 
only person i saw who remembered this elon trait",en,Reply,3,84,3,3,,2022-11-01 13:11:21,"<a href=""https://mobile.twitter.com"" rel=""nofollow"">Twitter Web App</a>",,,,
1586035862999289856,"1 DOGE is currently worth about 8000 SHIB
This is approaching two year highs on this ratio, which has historically been pretty sticky around ~5000

Fair odds we see a bit of mean reversion on this pair over the following month https://t.co/Ri7OC7m3yI",en,Tweet,64,1219,89,153,,2022-10-28 18:43:11,"<a href=""https://mobile.twitter.com"" rel=""nofollow"">Twitter Web App</a>",,,photo,https://pbs.twimg.com/media/FgK60xvWQAIRJeP.jpg
1587409123125170177,"@doeydonuts SHIB isn't liquid enough to get into that type of position quickly

the SHIB leg of the trade will become a lot more attractive and liquid when the team formally announces a date for their l2 Shibarium",en,Reply,16,164,11,8,,2022-11-01 12:40:02,"<a href=""https://mobile.twitter.com"" rel=""nofollow"">Twitter Web App</a>",,,,
1587407222879002625,"doubled down [octupled down] on this position on post Musk tweet euphoria

we do a little martingale;  naked short

as a dog maxi, the global top is infinite, but expecting to turn this unrealized loss into a realized gain on a pullback https://t.co/aMdK2CRylW",en,Reply,20,579,30,64,,2022-11-01 12:32:29,"<a href=""https://mobile.twitter.com"" rel=""nofollow"">Twitter Web App</a>",,,photo,https://pbs.twimg.com/media/FgeabCRWAAASJzd.jpg
1586824663837065221,"Everyone getting excited that Bolsonaro will defy the polls

Shaping up to quite a fractal of the 2020 US gen election Trump ""red mirage"" 

Lula will still win this when all votes have been counted, and polls will have been largely in line within margin of error",en,Tweet,11,270,8,24,,2022-10-30 21:57:36,"<a href=""https://mobile.twitter.com"" rel=""nofollow"">Twitter Web App</a>",,,,
1586825590593691650,@MarcTheBulll Going to be a lot of Bolso supporters disappointed and feeling cheated tomorrow,en,Reply,0,34,1,4,,2022-10-30 22:01:17,"<a href=""https://mobile.twitter.com"" rel=""nofollow"">Twitter Web App</a>",,,,
1586825198292156422,"The 2020 fractal could also extend beyond the ""red mirage"", to Bolsonaro proclaiming the election was rigged, and casting suspicion as to why the tally ""suddenly flipped out of nowhere"" when he was seemingly gliding to victory",en,Reply,3,113,4,11,,2022-10-30 21:59:43,"<a href=""https://mobile.twitter.com"" rel=""nofollow"">Twitter Web App</a>",,,,
1586789721971253253,"Brain exercise

If Jewish people have such monolithic control over ""Hollywood""/media;  and 'only act to further their agenda"", as many prominent people have recently claimed

What is the last major film or television series that depicted the nation of Israel in a positive manner?",en,Tweet,35,576,26,157,,2022-10-30 19:38:45,"<a href=""https://mobile.twitter.com"" rel=""nofollow"">Twitter Web App</a>",,,,
1586804221269184512,"@irregularUP He was already fading due to the natural tendencies of artists to decline in their creative output as they get old

But I believe he will make a comeback of some limited magnitude [consideration to his inability to create great music / art as a quadragenarian

He'll stay relevant",en,Reply,0,34,1,2,,2022-10-30 20:36:22,"<a href=""https://mobile.twitter.com"" rel=""nofollow"">Twitter Web App</a>",,,,
1586802207466618880,"@Jameson53013641 I think 'Munich' is a decent answer 

hypothetically, one could say it's been 17 years since the ""collectivist/self interested Hollywood cabal"" put forward pro Israeli agitprop

In those 17 yrs, global sentiment towards Israel has plummeted;  aren't they ostensibly all powerful",en,Reply,0,31,1,6,,2022-10-30 20:28:22,"<a href=""https://mobile.twitter.com"" rel=""nofollow"">Twitter Web App</a>",,,,
1586800375893528576,"@travyXBT In 2022, if any prominent individual went on 8 consecutive podcasts for weeks, spent aggregate of 15 hours blaming every issue of modernity or even his personal life (Pete Davidson, being on pills, moral decay) on a mendacious ""Muslim conspiracy; best believe their career is over",en,Reply,3,58,2,5,,2022-10-30 20:21:05,"<a href=""https://mobile.twitter.com"" rel=""nofollow"">Twitter Web App</a>",,,,
1586797691287257089,"@capitalthirtyy I have tremendous sympathy and love for my Palestinian brothers who are suffering on a daily basis from oppression 

My tweet was simply a brain exercise to make my followers possibly question some of their assumptions",en,Reply,1,35,3,3,,2022-10-30 20:10:25,"<a href=""https://mobile.twitter.com"" rel=""nofollow"">Twitter Web App</a>",,,,
1586794210472198145,"@amorepatria Bernie Sanders (few tactical decisions away from winning the 2020 election), Alexandria Cortez, Rashida Tlaib, Cori Bush, many other members of Congress who are extremely critical of Israel, are some of the most prominent members of their party

Have to go full Ye to get canceled",en,Reply,0,82,1,6,,2022-10-30 19:56:35,"<a href=""https://mobile.twitter.com"" rel=""nofollow"">Twitter Web App</a>",,,,
1584955956731211777,"always have to keep in mind
this cuts both ways",en,Tweet,25,511,26,20,,2022-10-25 19:12:01,"<a href=""https://mobile.twitter.com"" rel=""nofollow"">Twitter Web App</a>",,,,
1584960081086423040,"@0xTsuki still on vacation and not actively trading or working
have two inverse investments still open from long ago

and a couple long term spot positions that i like

largely flat, as it pertains to crypto
looking forward to getting back in the game later this year",en,Reply,8,156,6,8,,2022-10-25 19:28:25,"<a href=""https://mobile.twitter.com"" rel=""nofollow"">Twitter Web App</a>",,,,
1584278255624163333,Rishi Sunak,hi,Tweet,10,528,17,51,,2022-10-23 22:19:05,"<a href=""https://mobile.twitter.com"" rel=""nofollow"">Twitter Web App</a>",,,,
1584278748584902656,@comicstyleart Party actually could really use a rebrand,en,Reply,0,43,2,3,,2022-10-23 22:21:02,"<a href=""https://mobile.twitter.com"" rel=""nofollow"">Twitter Web App</a>",,,,
1583102354773401601,"I believe it's an opportune time to buy real estate in Japan with your USD denominated stablecoins

This is something you will be glad you purchased in a decade and beyond

A foreigner can acquire proprietary rights to Japanese real estate just like a Japanese national https://t.co/OqAHVsxJsG",en,Tweet,243,2278,140,191,,2022-10-20 16:26:28,"<a href=""https://mobile.twitter.com"" rel=""nofollow"">Twitter Web App</a>",,,photo,https://pbs.twimg.com/media/FfhPLXnWYAE1UJH.jpg
1581302845672132610,"Lot of comrades engaged in reading/watching a lot of podcasts on 'macro'
If it's enjoyable and you're stimulated, keep on trucking.

But it's not going to ever give you an edge;  never 
Stick to what you know, and specialize in what you're familiar with

Cryptographic Currencies https://t.co/hVr95J6Or8",en,Tweet,67,1399,119,119,,2022-10-15 17:15:52,"<a href=""https://mobile.twitter.com"" rel=""nofollow"">Twitter Web App</a>",,,photo,https://pbs.twimg.com/media/FfHqfSKWYAAzKYR.jpg
1581308959486447617,"@cryptojangDo For the apes

This tweet was not any indication to long dog coin
Nor was my Yom Kippur holiday tweet last week relevant to anything in the market, other than judaism

https://t.co/cDTBSTyXie",en,Reply,1,41,1,4,,2022-10-15 17:40:09,"<a href=""https://mobile.twitter.com"" rel=""nofollow"">Twitter Web App</a>",,https://twitter.com/GiganticRebirth/status/1577798920129941505,,
1579837794675216384,"Once you realize the majority of defi 'exploits' are inside jobs, you'll be more wary of where you keep your funds

Always bet on incentives in a bear market",en,Tweet,79,2288,227,108,,2022-10-11 16:14:16,"<a href=""https://mobile.twitter.com"" rel=""nofollow"">Twitter Web App</a>",,,,
1578388379594530819,"About once a week, I get asked by someone why I invested in some coin I've never heard of

Confusion always stems from seeing 'Global Coin Research', an investment DAO, on a cap table [often just marked as 'GCR']

I have no affiliation/involvement with GCR dao; just a coincidence https://t.co/M52ETta0k6",en,Tweet,8,447,8,32,,2022-10-07 16:14:49,"<a href=""https://mobile.twitter.com"" rel=""nofollow"">Twitter Web App</a>",,,photo,https://pbs.twimg.com/media/FeePt3mXEAEdYLK.png
1578390715364741122,"@0xKeiko_ That's pretty easy

Literally,  none

I've turned down every seed round, angel investment, allocation, and so forth

100% of my profits have come from trading",en,Reply,4,226,6,11,,2022-10-07 16:24:06,"<a href=""https://mobile.twitter.com"" rel=""nofollow"">Twitter Web App</a>",,,,
1576973074146021383,"Speaking to people who are high stakes bettors and from personal experience; only current options that exist to wager large amounts

1- Physical travel to hotspots [Las Vegas, Macau,etc]
2- Betfair [limited to residents of the UK]

One of the few use cases market actually needs",en,Tweet,69,674,29,106,,2022-10-03 18:30:54,"<a href=""https://mobile.twitter.com"" rel=""nofollow"">Twitter Web App</a>",,,,
1576210086762270720,"Still think there's huge vacuum/opening for exotic forms of sports betting + leveraged sports bets, enabled by frictionless nature of crypto exchanges

Imagine CT shifting from being macro larps to sports larps if that was the only thing hot and liquid",en,Tweet,101,1990,121,240,,2022-10-01 15:59:03,"<a href=""https://mobile.twitter.com"" rel=""nofollow"">Twitter Web App</a>",,,,
1576213502720888832,"@crypto_relief equities are pretty efficient and clear as well
cryptonatives still going to make 34 part tweet threads on macro

if sports got gamified and leveraged within crypto, everyone would suddenly be trying to study NBA analytics",en,Reply,8,135,4,5,,2022-10-01 16:12:38,"<a href=""https://mobile.twitter.com"" rel=""nofollow"">Twitter Web App</a>",,,,
1576210883679645698,"@waIIIcon Fan tokens are different from what I'm thinking about

One of the things that has always been missing from sports gambling is leverage

If you think Brazil s going to win the world cup, what if you could 5x long it, or scalp like its an alt;  online brokers have high friction",en,Reply,13,431,18,76,,2022-10-01 16:02:13,"<a href=""https://mobile.twitter.com"" rel=""nofollow"">Twitter Web App</a>",,,,
1575466823318913025,"Political path of least resistance is to continue with stimulus

""Soft UBI"" will transition into universal basic income over the coming decades",en,Tweet,25,912,62,66,,2022-09-29 14:45:36,"<a href=""https://mobile.twitter.com"" rel=""nofollow"">Twitter Web App</a>",,,,
1574354979288223745,"A common misconception is that you need ""infinite collateral"" to be successful shorting

Au contraire,  when you short the very top, you dont need much collateral at all

You're just comfortable holding your inverse investment to;  quote legend Rodham Clinton;  that's right, zero https://t.co/iteU6t4lMC",en,Tweet,55,1679,93,163,,2022-09-26 13:07:31,"<a href=""https://mobile.twitter.com"" rel=""nofollow"">Twitter Web App</a>",,,photo,https://pbs.twimg.com/media/Fdk7eapXoAMbZez.jpg
1574362459015725056,"@IntuitioBTC @OzanAgan Anyone who has followed me for any amount of time knows my golden rule

Don't trade with leverage",en,Reply,21,184,7,15,,2022-09-26 13:37:15,"<a href=""https://mobile.twitter.com"" rel=""nofollow"">Twitter Web App</a>",,,,
1574355838763925504,"@OzanAgan majority of volume is from VIP market makers who pay close to 0% in trading fees [my trading fees are miniscule];  amount of burn from retail spot fees won't put a dent in the 2billion dollar marketcap, even over 1 year/5 years;  short term narrative and meme burn for marketing",en,Reply,6,286,19,15,,2022-09-26 13:10:56,"<a href=""https://mobile.twitter.com"" rel=""nofollow"">Twitter Web App</a>",,,,
1574149417812246534,Feliz Rosh Hashanah a la comunidad judía https://t.co/OijKh5L289,es,Tweet,6,412,19,62,,2022-09-25 23:30:42,"<a href=""https://mobile.twitter.com"" rel=""nofollow"">Twitter Web App</a>",,,photo,https://pbs.twimg.com/ext_tw_video_thumb/1574149382752059393/pu/img/k7ngxePZCrmNPOS7.jpg
1573588502767443970,USDT and USDC allowing 'web3' investors to successfully rebrand themselves as generational forex traders,en,Tweet,17,1255,90,61,,2022-09-24 10:21:49,"<a href=""https://mobile.twitter.com"" rel=""nofollow"">Twitter Web App</a>",,,,
1573589159322738694,"@lemongateau https://t.co/jGTIlA9XSw

https://t.co/9nmmpLPal8",qme,Reply,2,36,2,3,,2022-09-24 10:24:26,"<a href=""https://mobile.twitter.com"" rel=""nofollow"">Twitter Web App</a>",,"https://twitter.com/GCRClassic/status/1573586168821710848,https://twitter.com/FatManTerra/status/1573312198797324288",,
1572710580355727360,"Someone calculate how much I've paid in funding shorting the future of finance

I gave my interns a nice vacation

https://t.co/inh0rvKZrD",en,Tweet,52,607,21,100,,2022-09-22 00:13:16,"<a href=""https://mobile.twitter.com"" rel=""nofollow"">Twitter Web App</a>",,https://pastebin.com/JuESMrEH,,
1573586168821710848,"@kevcls even if the 25% quorum was reached, which would only cause a short term pump and dump

0.0% of getting 50% of trading volume;  whales/market makers control the volume, we have no interest in taxing ourselves;  CZ knows its doomed proposal

comfy in my inverse investment and short",en,Reply,7,101,9,8,,2022-09-24 10:12:33,"<a href=""https://mobile.twitter.com"" rel=""nofollow"">Twitter Web App</a>",,,,
1572717313614548992,"@kaonashi460 shorted both
and many others [mostly faded tokens that had run up from the eth merge trade that now lacked continuation narrative]",en,Reply,7,110,3,4,,2022-09-22 00:40:01,"<a href=""https://mobile.twitter.com"" rel=""nofollow"">Twitter Web App</a>",,,,
1572716801061953537,"@0xPepoG The last remaining batch of retail left in the market mesmerized with the notion that, 'holding 1 million LUNC [which cost like $500; essentially a lotto ticket], could lead them to a million dollars if it went to $1

Lot of predatory youtubers shilled them on this for engagement",en,Reply,5,88,3,6,,2022-09-22 00:37:59,"<a href=""https://mobile.twitter.com"" rel=""nofollow"">Twitter Web App</a>",,,,
1572715934103801856,"@HeartCanHodl @kinetic_finance yeah $PHB was tasty short as well
soon as i saw that -2.5%, i knew everyone would be too funding averse to wait through the inevitable nuke",en,Reply,8,52,2,3,,2022-09-22 00:34:32,"<a href=""https://mobile.twitter.com"" rel=""nofollow"">Twitter Web App</a>",,,,
1572715554829631489,"@knnrd @kinetic_finance i think this is generally true, yes

as much as people meme about 'crowded short', and write 18 page tweet threads on open interest

the most crowded shorts have been, for the most part, the best ones over the past year

it's imperative to know when the seasons are changing tho",en,Reply,18,133,13,7,,2022-09-22 00:33:02,"<a href=""https://mobile.twitter.com"" rel=""nofollow"">Twitter Web App</a>",,,,
1572713962529263617,"@smartmoney8888 yes, but if i telegraph it, it will get front run pretty hard",en,Reply,1,86,1,3,,2022-09-22 00:26:42,"<a href=""https://mobile.twitter.com"" rel=""nofollow"">Twitter Web App</a>",,,,
1572712274795577347,"@kinetic_finance as someone who has probably shortest the most scams of any trader in the past 5 years

the funding never sustains beyond a few weeks, and will always normalize

with some very special exceptions for edge cases this doesn't fall under

it'll be flat in time",en,Reply,8,80,3,2,,2022-09-22 00:20:00,"<a href=""https://mobile.twitter.com"" rel=""nofollow"">Twitter Web App</a>",,,,
1572711337171554304,@Warren_Bluffett healthy contributions to the ftx foundation,en,Reply,0,211,3,8,,2022-09-22 00:16:17,"<a href=""https://mobile.twitter.com"" rel=""nofollow"">Twitter Web App</a>",,,,
1572711142430244866,"@kinetic_finance almost never happens
biggest mistake people make is aversion to funding

my best shorts were typically ones i had to pay the most to fund

cognitive bias people have to get past",en,Reply,37,407,26,14,,2022-09-22 00:15:30,"<a href=""https://mobile.twitter.com"" rel=""nofollow"">Twitter Web App</a>",,,,
1572701490594344960,"@trading_axe they thought the merge would shoot ETH to $10,000
even if macro nuked again

couldn't miss out on owning the future of finance
heard it was the trade of the year",en,Reply,5,117,8,2,,2022-09-21 23:37:09,"<a href=""https://mobile.twitter.com"" rel=""nofollow"">Twitter Web App</a>",,,,
1572700369838301186,"@trading_axe it's not that people are r[edcated]
it's that they're addicts

once you get clean, you can see inside the enchanted forest https://t.co/r6B4J5p4zD",en,Reply,11,119,10,8,,2022-09-21 23:32:42,"<a href=""https://mobile.twitter.com"" rel=""nofollow"">Twitter Web App</a>",,,photo,https://pbs.twimg.com/media/FdNanAZXEAA-hJM.png
1572593224052772869,"ppl wanted me to discuss 'macro'

market is getting more efficient
usually market in bearish posture until fomc

then we get a inverse ""buy the news"" rally when hike is in line with expectations;  allows people to exhale from fearful event on horizon

getting front run this month",en,Tweet,53,946,53,41,,2022-09-21 16:26:56,"<a href=""https://mobile.twitter.com"" rel=""nofollow"">Twitter Web App</a>",,,,
1572595165159739394,"@CrYpToGoEsUpNUB yeah shadowbanned on both accounts now
i have upset the twitter gods

i suspect has something to do with angering the $LUNC army and getting mass reported",en,Reply,1,222,4,9,,2022-09-21 16:34:39,"<a href=""https://mobile.twitter.com"" rel=""nofollow"">Twitter Web App</a>",,,,
1572593678136512512,"@level941 only on some select altcoins that have outrun gravity

one must be selective when they play the game of short",en,Reply,6,151,5,5,,2022-09-21 16:28:44,"<a href=""https://mobile.twitter.com"" rel=""nofollow"">Twitter Web App</a>",,,,
1572593304931545101,"all a game of expectations;

i would not advise trying to trade around it unless you have an edge;   majority of traders get whipsawed in both direction, and would be better off staying flat

100 bps would change the calculus",en,Reply,12,436,20,7,,2022-09-21 16:27:15,"<a href=""https://mobile.twitter.com"" rel=""nofollow"">Twitter Web App</a>",,,,
1572365536062750721,"The irony of Kwon tweeting, 'by my hand, DAI will die', and Kwon then leading to a [possible] ban on algo stablecoins",en,Tweet,15,1691,120,79,,2022-09-21 01:22:11,"<a href=""https://mobile.twitter.com"" rel=""nofollow"">Twitter Web App</a>",,,,
1572384601049559047,@niceusernameok si,und,Reply,0,70,3,4,,2022-09-21 02:37:57,"<a href=""https://mobile.twitter.com"" rel=""nofollow"">Twitter Web App</a>",,,,
1571275551528075264,"@RNR_0 @GiganticRebirth Time travel back to October 26 2021, and short the generational, lifetime, precision top of $SHIB on this tweet

https://t.co/h9wkwdOvtD",en,Reply,3,101,3,2,,2022-09-18 01:10:59,"<a href=""https://mobile.twitter.com"" rel=""nofollow"">Twitter Web App</a>",,https://twitter.com/GiganticRebirth/status/1452986871882076162,,
1571196161288986624,"Anticipating DOG-E will transition to Proof Of Stake in the coming years

No need to front run this move so far in advance;  a prediction, not a trade recommendation 

ESG friendly dog money",en,Tweet,62,1022,61,78,,2022-09-17 19:55:30,"<a href=""https://mobile.twitter.com"" rel=""nofollow"">Twitter Web App</a>",,,,
1571196740828643336,"@ChuckTa79852922 haven't closed a dollar of that short

much more downside remains",en,Reply,8,219,11,16,,2022-09-17 19:57:49,"<a href=""https://mobile.twitter.com"" rel=""nofollow"">Twitter Web App</a>",,,,
1567164272127479812,That's right: ZERO.,en,Retweet,355,68127,8056,1612,,2022-09-06 16:54:13,"<a href=""https://mobile.twitter.com"" rel=""nofollow"">Twitter Web App</a>",,,,
1570038388434034691,@gametheorizing Well said,en,Reply,0,86,2,2,,2022-09-14 15:14:56,"<a href=""https://mobile.twitter.com"" rel=""nofollow"">Twitter Web App</a>",,,,
1569824497641062400,#liquidateGCR #LUNCARMY,qht,Tweet,18,656,29,68,,2022-09-14 01:05:00,"<a href=""https://mobile.twitter.com"" rel=""nofollow"">Twitter Web App</a>","#liquidateGCR,#LUNCARMY",,,
1569825895673917440,@FatManTerra we do a little Melvin Capital,en,Reply,0,130,5,10,,2022-09-14 01:10:34,"<a href=""https://mobile.twitter.com"" rel=""nofollow"">Twitter Web App</a>",,,,
1569352966125285376,@zkTuring @GiganticRebirth think twitter shadowbanned for Trump content;  even though it was apolitical and just dealing with +ev bets,en,Reply,0,60,2,3,,2022-09-12 17:51:18,"<a href=""https://mobile.twitter.com"" rel=""nofollow"">Twitter Web App</a>",,,,
1569346321122820097,"@CC2Ventures LUNA top was obvious, quite again
BTC dominance had been building a narrative",en,Reply,2,116,2,6,,2022-09-12 17:24:54,"<a href=""https://mobile.twitter.com"" rel=""nofollow"">Twitter Web App</a>",,,,
1568984357553016832,"I've long recommended both youtube and tik tok to get a pulse of the, 'real' market",en,Tweet,112,979,55,98,,2022-09-11 17:26:35,"<a href=""https://mobile.twitter.com"" rel=""nofollow"">Twitter Web App</a>",,,,
1568723822433517568,"Want to do well trading over the next decade?  Tap into the heart and soul of the increasingly desperate, degenerate, jobless, lonely, addicted- generation moonshot

Front run the lottery tickets, if you have the savvy to get inside of the lost souls trapped inside the metaverse",en,Tweet,560,2215,288,107,,2022-09-11 00:11:19,"<a href=""https://mobile.twitter.com"" rel=""nofollow"">Twitter Web App</a>",,,,
1552738939890434048,"sentiment across the board suggestive this truly is a ""hated rally"", with many having missed the beat https://t.co/PTf4h4g7CY",en,Tweet,96,3833,227,277,,2022-07-28 21:33:06,"<a href=""https://mobile.twitter.com"" rel=""nofollow"">Twitter Web App</a>",,,photo,https://pbs.twimg.com/media/FYxvtNxXgAIOtbe.jpg
1568721752750198786,"@commodore_64_ I'm still long BTC, short trash

We do a little pair trading",en,Reply,16,466,14,16,,2022-09-11 00:03:05,"<a href=""https://mobile.twitter.com"" rel=""nofollow"">Twitter Web App</a>",,,,
1568306346553901067,@FishnuVishnu @Matt_in_action @mmagca1YPjkBD6g @lightcrypto good math,en,Reply,1,95,2,7,,2022-09-09 20:32:25,"<a href=""https://mobile.twitter.com"" rel=""nofollow"">Twitter Web App</a>",,,,
1568302046968745985,@LUNCDAO It feels like March 2022 all over again https://t.co/uyoC8VrYOn,en,Reply,2,713,22,37,,2022-09-09 20:15:20,"<a href=""https://mobile.twitter.com"" rel=""nofollow"">Twitter Web App</a>",,,photo,https://pbs.twimg.com/media/FcO6YWIX0AQTg7Y.png
1568285126399770629,"@mmagca1YPjkBD6g @lightcrypto By my hand $LUNA1.0 will die.

[again] https://t.co/YsuDDBzqpf",en,Retweet,43,1758,165,305,,2022-09-09 19:08:06,"<a href=""https://mobile.twitter.com"" rel=""nofollow"">Twitter Web App</a>",,,photo,https://pbs.twimg.com/media/FcOq-CCXgAA1JAq.png
1568285126399770629,"@mmagca1YPjkBD6g @lightcrypto By my hand $LUNA1.0 will die.

[again] https://t.co/YsuDDBzqpf",en,Reply,43,1758,165,305,,2022-09-09 19:08:06,"<a href=""https://mobile.twitter.com"" rel=""nofollow"">Twitter Web App</a>",,,photo,https://pbs.twimg.com/media/FcOq-CCXgAA1JAq.png
1567953212270854146,"@KOTPtrader @CalliopeLLC @lightcrypto Entered at 0.00050

Either I profit short term on the trade, or long term on the hold

The allure of inverse investments;  two ways to win",en,Reply,6,69,7,2,,2022-09-08 21:09:11,"<a href=""https://mobile.twitter.com"" rel=""nofollow"">Twitter Web App</a>",,,,
1567888443606179844,"@CalliopeLLC @lightcrypto as is usually the case with parabolic scam pumps, better to treat this as an inverse investment, rather than a trade

https://t.co/22qz3X2lQP",en,Reply,9,80,3,5,,2022-09-08 16:51:49,"<a href=""https://mobile.twitter.com"" rel=""nofollow"">Twitter Web App</a>",,https://twitter.com/GiganticRebirth/status/1487863602891661321,,
1567883503848628225,@lightcrypto https://t.co/XgJ9VtOjqe,qme,Reply,3,521,18,19,,2022-09-08 16:32:11,"<a href=""https://mobile.twitter.com"" rel=""nofollow"">Twitter Web App</a>",,https://twitter.com/HillaryClinton/status/1567164272127479812,,
1566858922799112194,"Work hardest and most relentlessly when the conditions are at their easiest

Take vacations and rejuvenate when the tide comes in;  very few animals have unlimited bandwidth, so allocate it wisely

Probably my biggest lesson from the last cycle",en,Tweet,341,2549,339,58,,2022-09-05 20:40:52,"<a href=""https://mobile.twitter.com"" rel=""nofollow"">Twitter Web App</a>",,,,
1564621260868419584,"Important thread, and how you can help, if you care about prediction markets",en,Tweet,49,303,36,15,,2022-08-30 16:29:12,"<a href=""https://mobile.twitter.com"" rel=""nofollow"">Twitter Web App</a>",,,,
1563540982305501186,"Traders will often reach out to me, inquiring as to why crypto is showing relative strength or weakness relative to equities

I will usually tell them to wait before drawing conclusions;  more often than not, we are simply witnessing a laggard effect",en,Tweet,141,2153,174,76,,2022-08-27 16:56:34,"<a href=""https://mobile.twitter.com"" rel=""nofollow"">Twitter Web App</a>",,,,
1562858763333251072,@mattyglesias Amazing how little attention it's received,en,Reply,3,111,2,9,,2022-08-25 19:45:40,"<a href=""https://mobile.twitter.com"" rel=""nofollow"">Twitter Web App</a>",,,,
1561729909319417857,"A sign of the times
The SEC sits alone on top of the FTX leaderboard

ape szn, but only for regulators

https://t.co/JThfrRqS9l https://t.co/sb3Z6KLdTW",en,Tweet,17,1012,63,74,,2022-08-22 17:00:00,"<a href=""https://mobile.twitter.com"" rel=""nofollow"">Twitter Web App</a>",,https://ftx.com/leaderboard,photo,https://pbs.twimg.com/media/FaxhBtEXkAALPoL.jpg
1561763980028379137,"@MrGems18 All of those prerequisites are not even necessary

Overtrading is one of the primary reasons some traders may struggle

In time, you learn to trade your highest conviction ideas, at the most opportune moments",en,Reply,56,557,75,15,,2022-08-22 19:15:23,"<a href=""https://mobile.twitter.com"" rel=""nofollow"">Twitter Web App</a>",,,,
1560590151419584512,Perhaps the most unintended and ironic use cases of Tether was to scam Europeans into holding their savings in the US dollar instead of euros just for convenience [for now],en,Tweet,8,1234,70,101,,2022-08-19 13:31:01,"<a href=""https://mobile.twitter.com"" rel=""nofollow"">Twitter Web App</a>",,,,
1560591659485646848,"@hasufl I use the term scam affectionately

Most of my best trades were scams",en,Reply,7,363,7,9,,2022-08-19 13:37:00,"<a href=""https://mobile.twitter.com"" rel=""nofollow"">Twitter Web App</a>",,,,
1560590954427457538,@degenbug Even Brent Milkshake Johnson is not bullish on USD over a decade timeframe,en,Reply,4,111,4,9,,2022-08-19 13:34:12,"<a href=""https://mobile.twitter.com"" rel=""nofollow"">Twitter Web App</a>",,,,
1559945899006124033,"@NorthRockLP 'significant' yield that exceeded the risk that entailed trying to capture it, for non traders who don't have asymmetric information/edge, has never existed in crypto, outside of a few frenzied bursts of peak bull 

i too remain skeptical on the %s being floated around post merge",en,Reply,8,183,7,9,,2022-08-17 18:50:59,"<a href=""https://mobile.twitter.com"" rel=""nofollow"">Twitter Web App</a>",,,,
1558871795322830851,"music NFTs will only find a product market fit when they can reliably serve as Proof of Wealth to early adopter whales 

only after sufficient flex epoch, liquidity can then trickle into speculation born from opportunistic derivatives",en,Tweet,77,1106,72,86,,2022-08-14 19:42:53,"<a href=""https://mobile.twitter.com"" rel=""nofollow"">Twitter Web App</a>",,,,
1557778016947867649,"thoughtful 25 part tweet thread reflecting on trader psychology the past few months
i still believe the best reason to bid after contagion had abated was mean reversion",en,Tweet,224,843,88,42,,2022-08-11 19:16:36,"<a href=""https://mobile.twitter.com"" rel=""nofollow"">Twitter Web App</a>",,,,
1557125853535944706,"@TensaiCapital @0x_dragon @0xPedesis @SalsaTekila Lot of disinformation about this

The Constitution is really clear about what the qualifications to run for president in Article 2; natural born citizen,  35 years old, lived at least 14 years as resident

Eugene V. Debs ran while incarcerated in 1920

Trump's odds have increased",en,Reply,6,269,7,19,,2022-08-10 00:05:08,"<a href=""https://mobile.twitter.com"" rel=""nofollow"">Twitter Web App</a>",,,,
1557004026541182980,"@0xPedesis @SalsaTekila This incident, makes him more, not less likely to be the nominee 

Galvanizes the base, and confirmation bias for Trump martyrdom narrative",en,Reply,2,186,6,13,,2022-08-09 16:01:02,"<a href=""https://mobile.twitter.com"" rel=""nofollow"">Twitter Web App</a>",,,,
1556737946384056320,friendly reminder that stablecoins aren't your only option if you want to be in fiat,en,Tweet,74,959,83,67,,2022-08-08 22:23:43,"<a href=""https://mobile.twitter.com"" rel=""nofollow"">Twitter Web App</a>",,,,
1556645763735867392,"Disabuse yourself of the notion anything you are or can be doing on the blockchain is 'private';  simply psychological operations

a blockchain is a digitally distributed public ledger;  that operates as a closed database secured with cryptographic concepts",en,Tweet,28,677,50,41,,2022-08-08 16:17:25,"<a href=""https://mobile.twitter.com"" rel=""nofollow"">Twitter Web App</a>",,,,
1555214235612987393,"Metaculus odds on Taiwan scenarios

Military conflict by 2023 - 7%
China annexes by 2050 - 50%
US responds to invasion with force - 65%
China attacks the US if they intervene - 67%

https://t.co/tl2f8VYDfd

https://t.co/U4wFHx3xs6

https://t.co/xraLhJD2oS

https://t.co/DGNCeqeckg",en,Tweet,55,586,57,60,,2022-08-04 17:29:02,"<a href=""https://mobile.twitter.com"" rel=""nofollow"">Twitter Web App</a>",,"https://www.metaculus.com/questions/8885/conflict-between-prc--roc-taiwan-by-2023/,https://www.metaculus.com/questions/11112/us-response-if-china-invades-taiwan-2035/,https://www.metaculus.com/questions/5320/chinese-annexation-of-most-of-taiwan-by-2050/,https://www.metaculus.com/questions/11127/china-to-retaliate-if-us-intervenes-in-taiwan/",,
1554836124358430724,"@CL207 This is why people have children
Your bloodline is eternal, triumphs and conquers the course of history",en,Reply,17,932,21,37,,2022-08-03 16:26:34,"<a href=""https://mobile.twitter.com"" rel=""nofollow"">Twitter Web App</a>",,,,
1554479502046232577,"Throwback to 1996;  Mad Cow disease threatening to infect all of Britain, Greenspan questioning if stocks were overvalued,  Bill Clinton began having sexual relations with his intern, and Taiwan's 1st presidential election led to the Taiwan Strait Crisis

https://t.co/Lh06TPNbPM",en,Tweet,33,556,36,48,,2022-08-02 16:49:28,"<a href=""https://mobile.twitter.com"" rel=""nofollow"">Twitter Web App</a>",,https://www.youtube.com/watch?v=hghuZDuHph8,,
1554066858726330368,"'Buy spot ETH, short futures' trade is so overcrowded, it will unleash nuclear selling pressure on the EthPOW fork 

Funds with healthy 9+ fig positions in this, and will take the 'free' arb [if they can even cover the cost of slippage/backwardation] with no desire to hold Eth1",en,Tweet,153,1455,140,75,,2022-08-01 13:29:46,"<a href=""https://mobile.twitter.com"" rel=""nofollow"">Twitter Web App</a>",,,,
1554067657963487232,"@niyomoto I don't touch any drugs of any variety and try to keep my mind and body as clean as possible

But it's a useful and essential stimulant to many people to get through their workday;  although I would recommend they try to find healthier alternatives",en,Tweet,12,306,11,19,,2022-08-01 13:32:57,"<a href=""https://mobile.twitter.com"" rel=""nofollow"">Twitter Web App</a>",,,,
1553511309622362112,"@gametheorizing sports are quite a civilizing force

they satisfy similar psychological needs as warfare for groups

some data suggestive that embrace of sports in certain regions has tracked a decline in conflict, and general decline of war",en,Reply,22,333,7,29,,2022-07-31 00:42:13,"<a href=""https://mobile.twitter.com"" rel=""nofollow"">Twitter Web App</a>",,,,
1553474187683155969,@PopcornKirby @egirl_capital this is how you do it,en,Reply,5,330,3,2,,2022-07-30 22:14:43,"<a href=""https://mobile.twitter.com"" rel=""nofollow"">Twitter Web App</a>",,,,
1553376824012455937,"if you find yourself sidelined, i would recommend trading news rather than fomoing into ppls bags

news trading landscape has gotten competitive, so youll have to establish the infrastructure to react quickly

watch for projects who have been holding back announcements for months",en,Tweet,200,1755,132,83,,2022-07-30 15:47:49,"<a href=""https://mobile.twitter.com"" rel=""nofollow"">Twitter Web App</a>",,,,
1553378815329669121,"@0xthespaniard imperative that if you're trading catalysts, you cut your losers quickly when the market shows you they don't care about meme ""news""

catalysts that cause breakouts should be obvious to any trader with intuitive feel of the market, and should take partial profit on first impulse",en,Reply,82,476,36,10,,2022-07-30 15:55:44,"<a href=""https://mobile.twitter.com"" rel=""nofollow"">Twitter Web App</a>",,,,
1553364030823301122,"the greatest feeling you can get, or the most satisfying feeling you can get is the pump

let's say you train your mind, blood is rushing in to your brain and that's what we call the pump

it feels fantastic",en,Tweet,54,1755,102,119,,2022-07-30 14:56:59,"<a href=""https://mobile.twitter.com"" rel=""nofollow"">Twitter Web App</a>",,,,
1553372897439252486,"@Web3Quant would definitely recommend everyone strive to reach a state where they no longer feel

this is just a arnold schwarzenegger copypasta",en,Reply,5,114,3,4,,2022-07-30 15:32:13,"<a href=""https://mobile.twitter.com"" rel=""nofollow"">Twitter Web App</a>",,,,
1553367068975796225,"@alephega my expectations are quite tempered; not expecting  retests of all time highs or anything crazy

will take quite some alchemy and time to get back to where we were last year in this space after so much capital destruction

but for now, we respect zhe pump

https://t.co/WLIqu5Vxi4",en,Reply,9,166,6,9,,2022-07-30 15:09:04,"<a href=""https://mobile.twitter.com"" rel=""nofollow"">Twitter Web App</a>",,https://twitter.com/GiganticRebirth/status/1473009063520870408,,
1553364888680112132,"@DexterVro just a gentle reminder that, a wise man once said, the pump is always out there

just 20 days ago I had to implore people to not abandon the space and that opportunities were still abundant

https://t.co/CYSrMLnZTD",en,Reply,12,168,8,7,,2022-07-30 15:00:24,"<a href=""https://mobile.twitter.com"" rel=""nofollow"">Twitter Web App</a>",,https://twitter.com/GCRClassic/status/1546162242483363840,,
1661264264810622978,What even is a bunsen burner anyway?,en,Tweet,0,7,2,2,38752,2023-05-24 08:54:00,"<a href=""https://help.twitter.com/en/using-twitter/how-to-tweet#source-labels"" rel=""nofollow"">advertiser-interface</a>",,,,
1553078988767207425,"""So far, the Libermans trade around 3c of their futures, which investors have valued at 400 million dollars, or about a 100 million dollars per Liberman. They spent a few months in conversation with the SEC to list themselves on the stock market, which they hope to do by 2023""",en,Tweet,33,452,16,39,,2022-07-29 20:04:20,"<a href=""https://mobile.twitter.com"" rel=""nofollow"">Twitter Web App</a>",,,,
1553035415229186048,@FatManTerra @Tiger_Bark @zero_0x1 @cobie @lawmaster @sassal0x Do Kwon turning down the 50 million dollar bet was a good signal he was about to exit and gave me more conviction the end was near,en,Reply,10,485,21,23,,2022-07-29 17:11:11,"<a href=""https://mobile.twitter.com"" rel=""nofollow"">Twitter Web App</a>",,,,
1552820678432362496,@d1pp3r__ winners win,en,Reply,5,370,4,20,,2022-07-29 02:57:54,"<a href=""https://mobile.twitter.com"" rel=""nofollow"">Twitter Web App</a>",,,,
1552738939890434048,"sentiment across the board suggestive this truly is a ""hated rally"", with many having missed the beat https://t.co/PTf4h4g7CY",en,Tweet,96,3833,227,277,,2022-07-28 21:33:06,"<a href=""https://mobile.twitter.com"" rel=""nofollow"">Twitter Web App</a>",,,photo,https://pbs.twimg.com/media/FYxvtNxXgAIOtbe.jpg
1552676978414817281,my first ever tweet on @GiganticRebirth;   who was following?,en,Tweet,33,672,18,55,,2022-07-28 17:26:53,"<a href=""https://mobile.twitter.com"" rel=""nofollow"">Twitter Web App</a>",,,,
1552621955349708801,@adanthar La République En Marche!,fr,Reply,0,57,2,4,,2022-07-28 13:48:15,"<a href=""https://mobile.twitter.com"" rel=""nofollow"">Twitter Web App</a>",,,,
1552512341345959936,"classic sell the rumor, buy the news",en,Tweet,22,765,40,50,,2022-07-28 06:32:41,"<a href=""https://mobile.twitter.com"" rel=""nofollow"">Twitter Web App</a>",,,,
1552378101165957120,"@ThinkingBitmex classic sell the rumor, buy the news",en,Reply,3,264,10,15,,2022-07-27 21:39:15,"<a href=""https://mobile.twitter.com"" rel=""nofollow"">Twitter Web App</a>",,,,
1552287129316753415,"A lot of discussion of trading losses, rugs, and wipeouts on the timeline and coinfessions.

But what was your best trade in 2022, and what edge or insight led to you capturing it?  Did you have any big wins?",en,Tweet,100,938,44,316,,2022-07-27 15:37:46,"<a href=""https://mobile.twitter.com"" rel=""nofollow"">Twitter Web App</a>",,,,
1552290787437809664,@2dcapital1 the fact I was able to go on a vacation and spend more time with family the past month without having to stress over every potential opportunity in the market,en,Reply,8,450,9,16,,2022-07-27 15:52:18,"<a href=""https://mobile.twitter.com"" rel=""nofollow"">Twitter Web App</a>",,,,
1551968535727022086,the market desperately needed more layer 1s that simply offered more scalability and higher throughput,en,Tweet,24,1462,80,92,,2022-07-26 18:31:47,"<a href=""https://mobile.twitter.com"" rel=""nofollow"">Twitter Web App</a>",,,,
1552286920469876738,"@h0bblingg0blin Been adding to my longs since, 'The forced selling armageddon' last month

This retest of 20k was another opportunity to scale in since I expect an inverse ""sell the rumor, buy the news"" on the fed hike today https://t.co/4D0e68hHg2",en,Reply,29,571,47,28,,2022-07-27 15:36:56,"<a href=""https://mobile.twitter.com"" rel=""nofollow"">Twitter Web App</a>",,,photo,https://pbs.twimg.com/media/FYrUcZ1XoAA4IjE.png
1550441068608585728,"""web 3"" = investing in token-based economics
""web 4"" = investing in people, groups, and communities",en,Tweet,73,749,75,64,,2022-07-22 13:22:11,"<a href=""https://mobile.twitter.com"" rel=""nofollow"">Twitter Web App</a>",,,,
1549736537801297921,"https://t.co/4QaXMx4He4

well written piece from financial times that better articulates my thesis below when people thought we were going to 0",en,Tweet,187,726,65,34,,2022-07-20 14:42:37,"<a href=""https://mobile.twitter.com"" rel=""nofollow"">Twitter Web App</a>",,https://www.ft.com/content/bce2ef2a-77d8-485e-ba69-92579f8fceb6,,
1549738175622516736,"Generation moonshot:

""Young investors are less likely to approach speculative financial products as investments with underlying value. Rather, they are inclined to treat them like lottery tickets — probably worthless, but still worth the gamble on a life-changing payout.""",en,Reply,148,1176,133,36,,2022-07-20 14:49:08,"<a href=""https://mobile.twitter.com"" rel=""nofollow"">Twitter Web App</a>",,,,
1549091812819746816,"just as 'digital gold' became the triumphant narrative and use case for bitcoin in the last cycle

slowly and surely, the 'decentralized casino' thesis is emerging as the consensus narrative for crypto at large [filling the void left by 'web 3']",en,Tweet,84,1044,86,72,,2022-07-18 20:00:43,"<a href=""https://mobile.twitter.com"" rel=""nofollow"">Twitter Web App</a>",,,,
1549092317570732035,@onChainAnal someone has to meme things into reality,en,Reply,0,98,0,0,,2022-07-18 20:02:43,"<a href=""https://mobile.twitter.com"" rel=""nofollow"">Twitter Web App</a>",,,,
1548069796310241286,"@gametheorizing @GiganticRebirth twitter is a double edged sword for DJT
hurts him as much as it helps him",en,Reply,1,89,0,7,,2022-07-16 00:19:35,"<a href=""https://mobile.twitter.com"" rel=""nofollow"">Twitter Web App</a>",,,,
1547695330522648577,"@dimndimn @Trader_Le0n @JayJaboneta @ChainLinkGod about $250,000 in funding payments https://t.co/TbsXWK4meG",en,Reply,0,34,0,3,,2022-07-14 23:31:36,"<a href=""https://mobile.twitter.com"" rel=""nofollow"">Twitter Web App</a>",,,photo,https://pbs.twimg.com/media/FXqEpVDUUAE9mc3.jpg
1547681650019930112,"@AckermanPresent @FatManTerra the biggest threat to Trump within his party, is not DeSantis, but rather Glenn Youngkin",en,Reply,3,33,0,7,,2022-07-14 22:37:14,"<a href=""https://mobile.twitter.com"" rel=""nofollow"">Twitter Web App</a>",,,,
1547676976600690690,"@degengambleh we all learn from Justin Sun
even presidents and prime ministers",en,Reply,0,107,2,3,,2022-07-14 22:18:40,"<a href=""https://mobile.twitter.com"" rel=""nofollow"">Twitter Web App</a>",,,,
1547447762941161472,"@Trader_Le0n @JayJaboneta @ChainLinkGod mostly just closed short tonight
note to copytraders;  covering a short doesn't mean you should long

pnl also doesn't reflect a month of funding i've paid https://t.co/dBfbCu5ufF",en,Reply,1,44,1,6,,2022-07-14 07:07:51,"<a href=""https://mobile.twitter.com"" rel=""nofollow"">Twitter Web App</a>",,,photo,https://pbs.twimg.com/media/FXmjfRzWYAU5Agv.jpg
1546162242483363840,"lot of discussion on TL if there will ever be opportunities again

still are and still will be

crypto will remain least efficient market with the highest % chance someone can get rich from small $ for quite some time

altho will be much harder than 17'/21

not hopium, just truth",en,Tweet,104,1505,130,78,,2022-07-10 17:59:39,"<a href=""https://mobile.twitter.com"" rel=""nofollow"">Twitter Web App</a>",,,,
1546165178160627721,"@MarcTheBulll wary of hope tweets because i recognize the vast majority will lose money, and don't want to fuel people's gambling addicts

but i also know of many talented people [top 10%] who didn't get into crypto in 2018 because they thought it was too late;  this message aimed for winners",en,Reply,7,161,4,3,,2022-07-10 18:11:19,"<a href=""https://mobile.twitter.com"" rel=""nofollow"">Twitter Web App</a>",,,,
1545925133289783296,"Elon Musk never had any intention of buying TWTR

TSLA is essentially a social token, and Musk is always engaged in a confidence game to maintain faith

Much as Kwon could not back down from LUNA confidence tricks, Elon can't dump 8 billion USD in TSLA shares

..without a pretext",en,Tweet,97,3511,294,160,,2022-07-10 02:17:28,"<a href=""https://mobile.twitter.com"" rel=""nofollow"">Twitter Web App</a>",,,,
1545927681560264705,"@balleroffchain Elon Musk really doesn't have any principles, certainly not free speech

Other than to fill their insatiable attachment void with continuous streams of narcissistic supply",en,Reply,10,975,47,52,,2022-07-10 02:27:35,"<a href=""https://mobile.twitter.com"" rel=""nofollow"">Twitter Web App</a>",,,,
1545074219062624256,"Party insiders, pundits, prediction markets, and even Nate Silver are getting hopeful again about how Democrats will perform in the midterms due to some recent favorable polls

Hope springs eternal, but I have absolute certainty that November 8 will be a red wave from East 2 West",en,Tweet,31,862,39,69,,2022-07-07 17:56:14,"<a href=""https://mobile.twitter.com"" rel=""nofollow"">Twitter Web App</a>",,,,
1545239101842112513,"@the_alphatrades dems might be able to retain control of the senate simply due to having a very favorable map, and republicans having some particularly bad candidates in tight races

but the house and overall share of the vote will be a romp for reds",en,Reply,1,28,0,7,,2022-07-08 04:51:25,"<a href=""https://mobile.twitter.com"" rel=""nofollow"">Twitter Web App</a>",,,,
1545114344660340736,"Newsom [18%], Buttigieg [12%], and Clinton [6%] are iron lock, free shorts for combined 36%;  my internal odds for any of the three winning the nomination are around ~0.1% in aggregate 

Maximum conviction",en,Tweet,49,453,20,47,,2022-07-07 20:35:41,"<a href=""https://mobile.twitter.com"" rel=""nofollow"">Twitter Web App</a>",,,,
1544807472589840385,"@punk6529 i would have preferred they call them ""dog dollars""",en,Reply,2,209,1,18,,2022-07-07 00:16:17,"<a href=""https://mobile.twitter.com"" rel=""nofollow"">Twitter Web App</a>",,,,
1544771426992869376,ahh yes a foolproof plan “seems to avoid the issues found in other moonshots” I am imbued with such confidence https://t.co/G27SpueVkz,en,Retweet,11,202,9,23,,2022-07-06 21:53:03,"<a href=""http://twitter.com/download/iphone"" rel=""nofollow"">Twitter for iPhone</a>",,,photo,https://pbs.twimg.com/media/FXAhbIbWIAIDcoG.jpg
1544774934249046016,"@CoinHubCC meme something hard enough, it gets willed into the simulation",en,Reply,6,395,16,12,,2022-07-06 22:06:59,"<a href=""https://mobile.twitter.com"" rel=""nofollow"">Twitter Web App</a>",,,,
1544008559431766016,"@deaftrader1 @GiganticRebirth I believe the only scenario Trump doesn't run and win would be death or severe incapacitation [ie vegetative coma induced by stroke]

have researched, consulted, and calculated the odds of this [actuarial science, etc] and think odds are around 6%

never will find a free 100% bet",en,Reply,7,221,2,18,,2022-07-04 19:21:41,"<a href=""https://mobile.twitter.com"" rel=""nofollow"">Twitter Web App</a>",,,,
1544000666124820483,"@autistic_cycle @GiganticRebirth @BilalNasirKhanI inadvertently, through how vocal I've been about Trump's rebirth going back to when he was priced at 0.10, not just on twitter, also in private, I might have caused a premium on that low liquidity market

which is why I'm telling people to not trade on there and find fair pricing",en,Reply,1,51,1,4,,2022-07-04 18:50:19,"<a href=""https://mobile.twitter.com"" rel=""nofollow"">Twitter Web App</a>",,,,
1543995976104480770,"@BilalNasirKhanI Trump is essentially trading for the same price for the R-NOM as he is for the general election on FTX

Even though I predict Trump will win the general election, the R-NOM bet is a much better trade and general arbitrage

Wouldn't bother with FTX pricing",en,Retweet,36,411,15,30,,2022-07-04 18:31:41,"<a href=""https://mobile.twitter.com"" rel=""nofollow"">Twitter Web App</a>",,,,
1543998583149658121,"@GiganticRebirth @BilalNasirKhanI digest and process this comment, fellow apes",en,Reply,11,261,3,15,,2022-07-04 18:42:02,"<a href=""https://mobile.twitter.com"" rel=""nofollow"">Twitter Web App</a>",,,,
1543727504309030912,"@crpt0dgn @coinfessions @GCRIntern people faking medical conditions in your dms is actually a parabolic trend

but i also don't judge these people, since many are suicidal and desperate over getting liquidated;  

just don't think its +ev to help them out since they'll gamble it away again

it's a hard knock life",en,Reply,2,281,3,7,,2022-07-04 00:44:52,"<a href=""https://mobile.twitter.com"" rel=""nofollow"">Twitter Web App</a>",,,,
1543725438912053250,"@coinfessions If I can get some hard verification this is true, I'm a donor

But the guy I paid to cover cost of cancer treatment forged his medical records, so my people will need to speak with doctors and really do background on veracity of claim

Original person who submitted DM @GCRIntern",en,Reply,12,1020,13,49,,2022-07-04 00:36:40,"<a href=""https://mobile.twitter.com"" rel=""nofollow"">Twitter Web App</a>",,,,
1543327607751692289,"@JoeBullow Donald Jonathan Trump would never even consider or entertain the possibility of selecting a running mate who could outshine the master

Nor one who harbored their own ambitions and was not fully subservient

No chance of a Trump / DeSantis ticket",en,Reply,0,132,0,12,,2022-07-02 22:15:49,"<a href=""https://mobile.twitter.com"" rel=""nofollow"">Twitter Web App</a>",,,,
1543325353019670528,"@IlSimSlI For those that want to trade on this
Betting on Trump yes [3x returns] is better value than DeSantis no

I'm wary of encouraging speculation, but Trump at only 37% odds to win the R-NOM is exceptional value [true odds closer to 90, leaving some margin of error for death/health]",en,Reply,13,129,5,8,,2022-07-02 22:06:52,"<a href=""https://mobile.twitter.com"" rel=""nofollow"">Twitter Web App</a>",,,,
1543319718538395648,"@waIIIcon but why?

I want to see which of my followers truly has a mind for forecasting",en,Reply,2,72,1,36,,2022-07-02 21:44:29,"<a href=""https://mobile.twitter.com"" rel=""nofollow"">Twitter Web App</a>",,,,
1542947533277765633,"@Bosstradamus3 helpful for pppl to understand probabilistic thinking

there's a wide range between the outcomes of an exchange with bad history exposing you to unnecessary tail risk

vs, 'it's going to go insolvent'

if i had to bet on it, kucoin survives, but my job is to mitigate risk for ppl",en,Reply,8,549,15,24,,2022-07-01 21:05:33,"<a href=""https://mobile.twitter.com"" rel=""nofollow"">Twitter Web App</a>",,,,
1542580174201421828,@JayJaboneta @ChainLinkGod offering to take celsius public with profits from shorting celsius https://t.co/mq54yLlWfZ,en,Retweet,12,843,29,61,,2022-06-30 20:45:47,"<a href=""https://mobile.twitter.com"" rel=""nofollow"">Twitter Web App</a>",,,photo,https://pbs.twimg.com/media/FWhYe1LXEAEM1iU.png
1542580174201421828,@JayJaboneta @ChainLinkGod offering to take celsius public with profits from shorting celsius https://t.co/mq54yLlWfZ,en,Reply,12,843,29,61,,2022-06-30 20:45:47,"<a href=""https://mobile.twitter.com"" rel=""nofollow"">Twitter Web App</a>",,,photo,https://pbs.twimg.com/media/FWhYe1LXEAEM1iU.png
1542573887933882368,"@JayJaboneta @ChainLinkGod Could maybe consider for right price
 @Mashinsky

Acquisition SZN",en,Reply,0,80,1,7,,2022-06-30 20:20:49,"<a href=""https://mobile.twitter.com"" rel=""nofollow"">Twitter Web App</a>",,,,
1542573180178530305,"@ChainLinkGod Honestly, would have bid 30 million+ if they had run it by me

Good value at that price",en,Reply,1,558,3,28,,2022-06-30 20:18:00,"<a href=""https://mobile.twitter.com"" rel=""nofollow"">Twitter Web App</a>",,,,
1542399322918199302,It's all just the same thing over and over; we can't help ourselves. And we make a lot money if we get it right. And we get left by the side of the side of the road if we get it wrong. And there have always been and there always will be the same percentage of winners and losers.,en,Tweet,69,1461,115,47,,2022-06-30 08:47:09,"<a href=""https://mobile.twitter.com"" rel=""nofollow"">Twitter Web App</a>",,,,
1542399368929624065,"Happy foxes and sad sacks. Fat cats and starving dogs in this world. Yeah, there may be more of us today than there's ever been. But the percentages-they stay exactly the same.",en,Reply,11,768,20,29,,2022-06-30 08:47:20,"<a href=""https://mobile.twitter.com"" rel=""nofollow"">Twitter Web App</a>",,,,
1542253821769940994,"@LevelsDennis @DeFifrog1 Average quality of life for the median living human will be higher fully immersed in ""the box""

From a historical perspective, virtual forms of reality can appear dystopian, but human suffering will reach all time lows

Philosophical questions remain as to whether this is living",en,Reply,18,308,15,16,,2022-06-29 23:08:59,"<a href=""https://mobile.twitter.com"" rel=""nofollow"">Twitter Web App</a>",,,,
1542244163080560641,"@avocado_toast2 @DeFifrog1 i do have to temper enthusiasm a bit with a few core points

1- The Stanfords came and realized this was the best casino in town;  will make it less profitable/harder to win future ponzi games;  have to upgrade your IQ chip

2- Regulators will increasingly fight the casino",en,Reply,12,122,8,2,,2022-06-29 22:30:36,"<a href=""https://mobile.twitter.com"" rel=""nofollow"">Twitter Web App</a>",,,,
1542239616404803585,"@avocado_toast2 @DeFifrog1 well said

many know/misperceive me as a bear, as my follower count began to go parabolic as market crashed

but i spent large portion of 2018/2019 in discords, as the biggest future bull, arguing back against the consensus opinion at the time that 2017 ico boom was last dance",en,Reply,13,151,3,3,,2022-06-29 22:12:32,"<a href=""https://mobile.twitter.com"" rel=""nofollow"">Twitter Web App</a>",,,,
1542237672768524294,"@BidenPepe @DeFifrog1 this is not in the political interest of any of the major parties of any of the major nations

universal basic income is programmed; will largely be spent on degeneracy, as future is increasingly hopeless for hominids to develop any core sense of self or purpose 

the fed cycle https://t.co/dx1E7kFgBo",en,Tweet,31,427,35,20,,2022-06-29 22:04:49,"<a href=""https://mobile.twitter.com"" rel=""nofollow"">Twitter Web App</a>",,,photo,https://pbs.twimg.com/media/FWcg3dTXkAAeD91.jpg
1542235935080960000,"@DeFifrog1 been making this point in chats
inverse supercycle is crypto going to 0

-gambling one of largest human use cases 
-gen z prefers memes to growth stocks 
-crypto is most addictive of financial vices;  addictions parabolic [obesity, drug use, etc]
-more UBI, pandemics, joblessness",en,Reply,135,924,94,28,,2022-06-29 21:57:54,"<a href=""https://mobile.twitter.com"" rel=""nofollow"">Twitter Web App</a>",,,,
1542144503879983108,"@iamcriticalism @cobie @screentimes they had fun though, at times
what is life but a series of thrills and memories",en,Reply,6,271,12,6,,2022-06-29 15:54:36,"<a href=""https://mobile.twitter.com"" rel=""nofollow"">Twitter Web App</a>",,,,
1542144000957849600,"@cobie @screentimes intelligence wasn't the primary determinant
smartest people i knew just could not control addiction to the thrill",en,Reply,23,599,26,24,,2022-06-29 15:52:36,"<a href=""https://mobile.twitter.com"" rel=""nofollow"">Twitter Web App</a>",,,,
1541908154908377089,"happened to me in last cycle
don't let it happen to you

withdraw now

https://t.co/SpBzYcE1eF",en,Tweet,81,1355,160,134,,2022-06-29 00:15:26,"<a href=""https://mobile.twitter.com"" rel=""nofollow"">Twitter Web App</a>",,https://twitter.com/ForbesCrypto/status/1541877244527886337,,
1541938042017038337,"@kluza @Criptoe08 i would advise kucoin maximalists to read this

""Some industry experts believe the hack was an inside job.""

https://t.co/Zhg6BErC1P",en,Reply,32,120,16,6,,2022-06-29 02:14:11,"<a href=""https://mobile.twitter.com"" rel=""nofollow"">Twitter Web App</a>",,https://www.cdotrends.com/story/15117/kucoin-hack-we-never-learn-our-lessons,,
1541909226058031105,"@Criptoe08 kucoin is extremely shady

anon team, no one knows who is behind it besides figureheads 

had their entire exchange drained a couple of years argue due to terrible practices [or a cynic might even make a more nefarious insinuation]

precisely the type of exchange to get out of",en,Reply,33,525,40,49,,2022-06-29 00:19:41,"<a href=""https://mobile.twitter.com"" rel=""nofollow"">Twitter Web App</a>",,,,
1541828011971993601,"Will you listen to Snoopy Dogg [aka Snoop Lion]?

""This [crypto winter] weeded out all the people who weren't supposed to be in the space"". ""Now it's going to bring on great business; when the market comes back, there will only be great things to pick and choose from,"" he added.",en,Tweet,19,730,41,58,,2022-06-28 18:56:58,"<a href=""https://mobile.twitter.com"" rel=""nofollow"">Twitter Web App</a>",,,,
1541218051928080388,"other future trend 

major gaming studios [in decline], attempt to add crypto into existing products for juice

likely fails, but cryptonatives ape into narrative, feeling vindicated by big brand names

could be catalyst for alt 'echo bubble' 

analog would be BitTorrent token",en,Tweet,170,1157,94,71,,2022-06-27 02:33:12,"<a href=""https://mobile.twitter.com"" rel=""nofollow"">Twitter Web App</a>",,,,
1541219092807532544,@profreplyguy think it could have some juice in MMORPGS,en,Reply,4,92,2,11,,2022-06-27 02:37:20,"<a href=""https://mobile.twitter.com"" rel=""nofollow"">Twitter Web App</a>",,,,
1541213767199064066,"We've had a healthy rally since fund capitulation armageddon last Saturday, especially on many altcoins [defi and dog tokens the big winners]

As the weekend draws to a close, I've closed out my longs and gone delta neutral  

These are market conditions that will favor patience",en,Tweet,68,2324,155,89,,2022-06-27 02:16:11,"<a href=""https://mobile.twitter.com"" rel=""nofollow"">Twitter Web App</a>",,,,
1540354833487740928,"sentiment check:
what were the most common things you heard at NFT NYC?",en,Tweet,5,407,11,53,,2022-06-24 17:23:05,"<a href=""https://mobile.twitter.com"" rel=""nofollow"">Twitter Web App</a>",,,,
1540062240069632000,"I don't know if too many people read, Rich Dad, Poor Dad [don't read], but we need to reverse the indoctrination that you must ""put your money to work"" at all times

Obsession with generating yield has been the primary path to ruin for people who have DM'ed me their coinfession",en,Tweet,258,4772,439,222,,2022-06-23 22:00:25,"<a href=""https://mobile.twitter.com"" rel=""nofollow"">Twitter Web App</a>",,,,
1540065575359102979,@AlienIverson_ Goodnight Moon,en,Reply,46,303,13,18,,2022-06-23 22:13:40,"<a href=""https://mobile.twitter.com"" rel=""nofollow"">Twitter Web App</a>",,,,
1540063503519813632,"@DrizLam These are my coinfessions
Just when I thought I said all I can say
My chick on the side said she got one on the way

https://t.co/oEr2vrpbC2",en,Reply,2,128,1,8,,2022-06-23 22:05:26,"<a href=""https://mobile.twitter.com"" rel=""nofollow"">Twitter Web App</a>",,https://www.youtube.com/watch?v=5Sy19X0xxrM,,
1539243659559845890,"Stochastic indicators, bollinger bands, moving averages
or
sentiment?",en,Tweet,35,746,22,58,,2022-06-21 15:47:40,"<a href=""https://mobile.twitter.com"" rel=""nofollow"">Twitter Web App</a>",,,,
1538937272128741377,"If you don't an edge in trading, try going all out in networking 

Every conference, be there
Every meetup, show up

In bear markets, humans are much more accessible

You wouldn't believe the amount of people I've know who made it just by knowing the right person;  simple advice",en,Tweet,341,4063,344,185,,2022-06-20 19:30:12,"<a href=""https://mobile.twitter.com"" rel=""nofollow"">Twitter Web App</a>",,,,
1538973380417830912,"@Crypt0Kirito @AlgodTrading alpha leak
can confirm, did this when i was young and broke
many such cases",en,Reply,4,83,1,6,,2022-06-20 21:53:41,"<a href=""https://mobile.twitter.com"" rel=""nofollow"">Twitter Web App</a>",,,,
1538969408466452484,"@AlgodTrading my friend says
scour for discounted flights, sleep on someone's couch, get calories through McDonalds $1 value menu, and sneak into events/and or go to satellite events/parties

if you're young and hungry, you'll make it work

but you didn't hear that from me",en,Reply,29,737,26,40,,2022-06-20 21:37:54,"<a href=""https://mobile.twitter.com"" rel=""nofollow"">Twitter Web App</a>",,,,
1538946381976588289,"@coinfessions Whoever submitted this

DM @GCRIntern with verification you were responsible for it, and I'll try to help with this situation",en,Reply,9,1147,8,52,,2022-06-20 20:06:24,"<a href=""https://mobile.twitter.com"" rel=""nofollow"">Twitter Web App</a>",,,,
1538938367580282880,@WazzCrypto @gainzxbt was thinking about people I've known long before I was ever in crypto,en,Reply,0,107,0,2,,2022-06-20 19:34:33,"<a href=""https://mobile.twitter.com"" rel=""nofollow"">Twitter Web App</a>",,,,
1538815610724950016,"Forced selling from funds,  ""btc is dead 500th time"", bull influencers capitulate, Alameda bailout, Roubini gloating

structure/narrative align for 17k being local bottom

'if i think a trend has been carried to excess, i may probe going against it'

macro dictates global bottom",en,Tweet,215,4136,457,171,,2022-06-20 11:26:46,"<a href=""https://mobile.twitter.com"" rel=""nofollow"">Twitter Web App</a>",,,,
1538514094248144896,"my thesis on why crypto will never die
even when, It's Dark and Hell Is Hot",en,Tweet,104,1304,128,80,,2022-06-19 15:28:38,"<a href=""https://mobile.twitter.com"" rel=""nofollow"">Twitter Web App</a>",,,,
1538272191216766976,@DeFifrog1 https://t.co/GmBiuc1ycZ,qme,Reply,4,317,2,12,,2022-06-18 23:27:24,"<a href=""https://mobile.twitter.com"" rel=""nofollow"">Twitter Web App</a>",,,photo,https://pbs.twimg.com/media/FVkKYHeWAA4j4qY.jpg
1538171703540473856,"speculating on some future trends in the altcoin space;  years away

Read: https://t.co/IZxyyLm9wx",en,Tweet,604,1990,205,186,,2022-06-18 16:48:06,"<a href=""http://erased169_mx6NToMfUF.com"" rel=""nofollow"">erased169_mx6NToMfUF</a>",,https://tl.gd/n_1ss2erj,,
1538176140275236864,"@cobie web 4.0

""people""",en,Reply,4,388,11,23,,2022-06-18 17:05:44,"<a href=""https://mobile.twitter.com"" rel=""nofollow"">Twitter Web App</a>",,,,
1538143709291855873,"the most controversial predictions I ever made?

-in 2021 at the top, that BTC would trade under 20k

-wisdom of abandoning crypto to accumulate gold and ""inverse investments

what is the tree of life?  'if i think a trend has been carried to excess, i may probe going against it' https://t.co/jFn1gTu7ca",en,Tweet,320,2361,231,103,,2022-06-18 14:56:52,"<a href=""https://mobile.twitter.com"" rel=""nofollow"">Twitter Web App</a>",,,photo,https://pbs.twimg.com/media/FViVg2MWYAEhSDg.png
1537808084831182850,@pablo_xbt @CanteringClark @22loops @GiganticRebirth high conviction they will bounce back,en,Reply,0,105,3,9,,2022-06-17 16:43:13,"<a href=""https://mobile.twitter.com"" rel=""nofollow"">Twitter Web App</a>",,,,
1537638989909438464,"next time, don't try to convince yourself, ""it's different this time""",en,Tweet,42,872,47,58,,2022-06-17 05:31:17,"<a href=""https://mobile.twitter.com"" rel=""nofollow"">Twitter Web App</a>",,,,
1537630259264331777,"Explaining the $SRN move;  a pump, months in the making

Read: https://t.co/N0W6CndCWB",en,Tweet,123,693,59,63,,2022-06-17 04:56:36,"<a href=""http://erased169_mx6NToMfUF.com"" rel=""nofollow"">erased169_mx6NToMfUF</a>",,https://tl.gd/n_1ss2dkm,,
1537633230542757889,"@deGoodLord thesis:

tweetlonger  - underused
tweet threads - overused",en,Reply,0,154,3,7,,2022-06-17 05:08:24,"<a href=""https://mobile.twitter.com"" rel=""nofollow"">Twitter Web App</a>",,,,
1537630627494764544,"@BigSteve_17 tweetlonger, educational material",en,Reply,0,111,0,1,,2022-06-17 04:58:04,"<a href=""https://mobile.twitter.com"" rel=""nofollow"">Twitter Web App</a>",,,,
1537480941022728193,"When a congressional candidate or politician positions themselves as ""pro-crypto"", its not because they think it's some broadly popular policy position with any constituency

It's simply because they're looking to solicit a few massive donations from one or two UHNW crypto whales",en,Tweet,13,1114,50,54,,2022-06-16 19:03:16,"<a href=""https://mobile.twitter.com"" rel=""nofollow"">Twitter Web App</a>",,,,
1537483587678765057,"@blocksandtokens Voters do not care about crypto, and won't anytime in the next decade

To the extent they care, would be a negative connotation of a politician supporting something associated with 'scams'

Not going to win any politician any votes, but the big money from key donors is worth it",en,Reply,0,86,1,2,,2022-06-16 19:13:47,"<a href=""https://mobile.twitter.com"" rel=""nofollow"">Twitter Web App</a>",,,,
1537122189127954435,"@adanthar gambling is the eternal use case
in 100 years, we'll still have gambling and prostitution

https://t.co/rNQvo5CRCB",en,Reply,12,154,13,6,,2022-06-15 19:17:42,"<a href=""https://mobile.twitter.com"" rel=""nofollow"">Twitter Web App</a>",,https://twitter.com/GCRClassic/status/1530256413330644995,,
1537030343299145729,"Your funds are not safe on the vast majority of exchanges and protocols 

My biggest losses in 18/19?  Exit scammed by insolvent exchanges and unscrupulous actors squeezed [HitBTC, ChaoEX, BaseFex, EMX]

The incentives for various actors in this space change as liquidity dries up",en,Tweet,100,2031,214,128,,2022-06-15 13:12:45,"<a href=""https://mobile.twitter.com"" rel=""nofollow"">Twitter Web App</a>",,,,
1537034404916338688,"@asdfshort was one of the most frustrating things ever
it's cynical on their part",en,Reply,0,48,0,2,,2022-06-15 13:28:53,"<a href=""https://mobile.twitter.com"" rel=""nofollow"">Twitter Web App</a>",,,,
1537033712084344835,"@chipflare I still have trust in FTX and coinbase, which were the only exchanges I endorsed when I made that tweet months ago",en,Reply,5,160,7,20,,2022-06-15 13:26:08,"<a href=""https://mobile.twitter.com"" rel=""nofollow"">Twitter Web App</a>",,,,
1537033083307835392,"@mrathouis on EMX, wanted to long oil when the price went negative; only exchange with perps

made a ton of money, so Jim Bai banned me and stole my money to pay off smaller traders

BaseFex was a unique arbitrage opportunity; also banned me for making too much $

ChaoEX had a specific coin",en,Reply,8,232,1,11,,2022-06-15 13:23:38,"<a href=""https://mobile.twitter.com"" rel=""nofollow"">Twitter Web App</a>",,,,
1536901667836383233,"@IamAvici @Domahhhh no hedge on this
Trump 2024 has been one of my highest conviction forecasts for almost two years now",en,Reply,3,122,2,14,,2022-06-15 04:41:26,"<a href=""https://mobile.twitter.com"" rel=""nofollow"">Twitter Web App</a>",,,,
1536899423388696576,@0xKawz @Domahhhh not as a republican,en,Reply,1,118,1,2,,2022-06-15 04:32:31,"<a href=""https://mobile.twitter.com"" rel=""nofollow"">Twitter Web App</a>",,,,
1536898229081624581,"It begins. Got a sizable 2024 bet in the books: my $260k to GCR's $200k on whether Trump is the GOP presidential nominee. 

I've got the FIELD; GCR is betting on TRUMP.",en,Retweet,24,535,25,51,,2022-06-15 04:27:46,"<a href=""https://about.twitter.com/products/tweetdeck"" rel=""nofollow"">TweetDeck</a>",,,,
1536699630267793410,"Amidst the carnage across nearly all asset classes, one chart on FTX has truly remained Up Only

https://t.co/QkoDBMimGk",en,Tweet,49,886,45,133,,2022-06-14 15:18:37,"<a href=""https://mobile.twitter.com"" rel=""nofollow"">Twitter Web App</a>",,https://www.tradingview.com/symbols/TRUMP2024/,,
1536765687586295808,@mkarpushko @GiganticRebirth https://t.co/XLKRaY2TTU,qme,Reply,0,13,0,1,,2022-06-14 19:41:06,"<a href=""https://mobile.twitter.com"" rel=""nofollow"">Twitter Web App</a>",,https://www.thestreet.com/politics/donald-trump-rode-5-billion-in-free-media-to-the-white-house-13896916,,
1536764447431217152,@guyfros exit?,en,Reply,0,56,0,4,,2022-06-14 19:36:10,"<a href=""https://mobile.twitter.com"" rel=""nofollow"">Twitter Web App</a>",,,,
1536764334013042689,@mkarpushko @GiganticRebirth 1 billion dollars doesn't move the needle on an American general election,en,Reply,0,42,0,2,,2022-06-14 19:35:43,"<a href=""https://mobile.twitter.com"" rel=""nofollow"">Twitter Web App</a>",,,,
1536764171387289601,@EddieCJin @GiganticRebirth the optics surrounding the withdrawal from Afghanistan damaging Biden's brand,en,Reply,0,16,0,1,,2022-06-14 19:35:04,"<a href=""https://mobile.twitter.com"" rel=""nofollow"">Twitter Web App</a>",,,,
1536763954139103232,"@alltejuupptaget 1 -  95%
2-   93%

DeSantis is definition of a paper tiger",en,Reply,1,33,0,1,,2022-06-14 19:34:13,"<a href=""https://mobile.twitter.com"" rel=""nofollow"">Twitter Web App</a>",,,,
1536351651040215043,@AstroXBT experience is often the best teacher,en,Reply,0,302,11,14,,2022-06-13 16:15:52,"<a href=""https://mobile.twitter.com"" rel=""nofollow"">Twitter Web App</a>",,,,
1536281334049538051,"celsius, terraform, etc are just inevitable blowups of a macro unwinding, long prophesied by a handful of augurs

there used to be a boomer meme along the lines of:
when the tide goes out, you see who is swimming naked 

many such cases

you will survive",en,Tweet,62,2440,226,76,,2022-06-13 11:36:27,"<a href=""https://mobile.twitter.com"" rel=""nofollow"">Twitter Web App</a>",,,,
1536282953654968321,"@sheikhswampert at first you were afraid, you were petrified
kept thinking you could never live without the market on your side
but you grew strong
you learned how to get along
and now you're back
from outer space

you've got all your life to live
you will survive",en,Reply,4,141,4,7,,2022-06-13 11:42:53,"<a href=""https://mobile.twitter.com"" rel=""nofollow"">Twitter Web App</a>",,,,
1535984675826589698,"swallow the pain, cleanse your mind of your peak net worth, and position yourself for the future

what's done is done

you're not going to start the next nansen, but if you're determined to win at all costs, this industry will give you another chance

trading not advised for 97%",en,Tweet,203,2996,412,66,,2022-06-12 15:57:38,"<a href=""https://mobile.twitter.com"" rel=""nofollow"">Twitter Web App</a>",,,,
1535985966560727045,"@IgorEnterprises bet on yourself, not on tokens",en,Reply,8,303,19,4,,2022-06-12 16:02:46,"<a href=""https://mobile.twitter.com"" rel=""nofollow"">Twitter Web App</a>",,,,
1535597771956305921,friendly reminder,en,Tweet,31,996,76,57,,2022-06-11 14:20:13,"<a href=""https://mobile.twitter.com"" rel=""nofollow"">Twitter Web App</a>",,,,
1534239922458083331,"@0xfoobar ""A spokesperson for Telegram poured cold water on the lurid tales, telling The Block that ""the post has all the hallmarks of a hoax and the purpose of the text is likely to make gullible people download some malware that steals your private keys."" 

https://t.co/KQEGjONWMm",en,Reply,2,55,6,5,,2022-06-07 20:24:36,"<a href=""https://mobile.twitter.com"" rel=""nofollow"">Twitter Web App</a>",,https://twitter.com/TheBlock__/status/1534239061816266753,,
1534181433383731200,@Lilgreencandle @0xfoobar bored apes will be stolen,en,Reply,0,147,5,7,,2022-06-07 16:32:12,"<a href=""https://mobile.twitter.com"" rel=""nofollow"">Twitter Web App</a>",,,,
1533072286370394112,@coinfessions msg me again and say [prove] you're from coinfessions and ill even give bonus,en,Reply,3,333,1,27,,2022-06-04 15:04:50,"<a href=""https://mobile.twitter.com"" rel=""nofollow"">Twitter Web App</a>",,,,
1532826347143405569,@crypto_mees6 @NGintoli @CryptoKaleo https://t.co/g95YBxzKfL,qme,Reply,0,26,0,2,,2022-06-03 22:47:34,"<a href=""https://mobile.twitter.com"" rel=""nofollow"">Twitter Web App</a>",,https://twitter.com/GiganticRebirth/status/1531736224842534912,,
1532825112075968513,"@NGintoli @CryptoKaleo OXY was easier

Like 99.99% mathematically programmed to death spiral even if the bull market had resumed

LUNA had a 5% chance of survival in some hypothetical never ending bull market [that was never going to be in the cards]",en,Reply,7,113,1,6,,2022-06-03 22:42:39,"<a href=""https://mobile.twitter.com"" rel=""nofollow"">Twitter Web App</a>",,,,
1532823941147987969,@CryptoKaleo future literature and classroom reading should identify 2021 OXY as perhaps one of the all time great shorts in the history of hominids https://t.co/WR5cZgfWLN,en,Reply,10,356,5,20,,2022-06-03 22:38:00,"<a href=""https://mobile.twitter.com"" rel=""nofollow"">Twitter Web App</a>",,,photo,https://pbs.twimg.com/media/FUWvHLmXwAEnlJX.jpg
1532711346667761671,"- a precious few will survive, esp if backed by the biggest $
- the copypasta evm chains;  ngmi
- seems obvious now, doesn't it",en,Tweet,75,1090,106,79,,2022-06-03 15:10:36,"<a href=""https://mobile.twitter.com"" rel=""nofollow"">Twitter Web App</a>",,,,
1532119945550643200,"@Pentosh1 you know it's all a gamble when its just a game
you treat it like a capital crime, everybody's doing the time",en,Reply,6,211,1,8,,2022-06-02 00:00:35,"<a href=""https://mobile.twitter.com"" rel=""nofollow"">Twitter Web App</a>",,,,
1532046071677046786,@0xSisyphus only time will tell,en,Reply,3,110,1,5,,2022-06-01 19:07:02,"<a href=""https://mobile.twitter.com"" rel=""nofollow"">Twitter Web App</a>",,,,
1532010083126755332,"You will move to earn, and you'll be happy

https://t.co/gSMt96A0ac",en,Tweet,39,700,50,36,,2022-06-01 16:44:01,"<a href=""https://mobile.twitter.com"" rel=""nofollow"">Twitter Web App</a>",,https://www.youtube.com/watch?v=EpAICeAsEb4,,
1532018878909677568,"@benowhere_ yes

and will align with the rise of social and personal tokens, as well as owning equity in influencers and social media stars

which will then lead to derivatives and futures in these influencers, memes, and trends",en,Reply,22,121,16,12,,2022-06-01 17:18:58,"<a href=""https://mobile.twitter.com"" rel=""nofollow"">Twitter Web App</a>",,,,
1532016458137575424,"@benowhere_ Dance To Earn is coming [D2E]
People will be forced to submit their dancing to tik tok or other similar future apps, and tokens earned will correlate to engagement

In general, I believe, ""X To Earn"" movement to be nascent;  not every thesis is an immediate trade recommendation",en,Reply,50,472,31,46,,2022-06-01 17:09:21,"<a href=""https://mobile.twitter.com"" rel=""nofollow"">Twitter Web App</a>",,,,
1532018491435405315,"@benowhere_ Bear market devs, steal my idea, become a billionaire by next cycle

This could go inconceivably viral if executed properly and lure in retail",en,Reply,10,156,6,7,,2022-06-01 17:17:26,"<a href=""https://mobile.twitter.com"" rel=""nofollow"">Twitter Web App</a>",,,,
1532016458137575424,"@benowhere_ Dance To Earn is coming [D2E]
People will be forced to submit their dancing to tik tok or other similar future apps, and tokens earned will correlate to engagement

In general, I believe, ""X To Earn"" movement to be nascent;  not every thesis is an immediate trade recommendation",en,Retweet,50,472,31,46,,2022-06-01 17:09:21,"<a href=""https://mobile.twitter.com"" rel=""nofollow"">Twitter Web App</a>",,,,
1532013112693510144,"@ChadCloutman huge fan of science fiction, but I thought the show really ran out of ideas after the first few seasons and became pretty terrible, probably in order

-san junipero
-fifteen million merits

and decent, but not great

-entire history of you
-nosedive [great ideas, bad direction]",en,Reply,13,82,0,7,,2022-06-01 16:56:04,"<a href=""https://mobile.twitter.com"" rel=""nofollow"">Twitter Web App</a>",,,,
1532011458631983104,"@dominicdaddy123 few remember that @GCRClassic was explicitly created as an alt account to shitpost, and not just tell people, coin go up or down",en,Reply,0,37,0,5,,2022-06-01 16:49:29,"<a href=""https://mobile.twitter.com"" rel=""nofollow"">Twitter Web App</a>",,,,
1532011140905066496,"@ChadCloutman Set in a world where most of society must cycle on exercise bikes in order to earn currency called ""merits"", the episode tells the story of Bing; 

The episode was inspired by Huq's idea that her technology-obsessed husband Brooker would be happy in a room covered by screens",en,Reply,2,35,0,2,,2022-06-01 16:48:14,"<a href=""https://mobile.twitter.com"" rel=""nofollow"">Twitter Web App</a>",,,,
1531723456567549953,@0xSisyphus when optimism turns to pessimism,en,Reply,2,381,13,15,,2022-05-31 21:45:04,"<a href=""https://mobile.twitter.com"" rel=""nofollow"">Twitter Web App</a>",,,,
1531668649186140160,"capturing high volatility [on both ends] is where you can make your best returns, but market has become gradually more efficient at pricing these events

however, airdrops still follow often predictable chart patterns the market hasnt fully gamed; study every past event since '18",en,Tweet,96,501,27,24,,2022-05-31 18:07:17,"<a href=""https://mobile.twitter.com"" rel=""nofollow"">Twitter Web App</a>",,,,
1531295311137845249,"here is the short squeeze i was expecting [my final trigger for the tweet below was when half my DMs were inquiring about what alt to short]

hope i saved you some rubles",en,Tweet,15,817,36,46,,2022-05-30 17:23:46,"<a href=""https://mobile.twitter.com"" rel=""nofollow"">Twitter Web App</a>",,,,
1531296356626743297,"@helmutchrome some boomer in the 1930s once said, the markets can remain irrational longer than you can remain solvent

pre-boomer even",en,Reply,8,220,9,8,,2022-05-30 17:27:56,"<a href=""https://mobile.twitter.com"" rel=""nofollow"">Twitter Web App</a>",,,,
1531060161368010758,"Maybe we should have created some derivatives to long the market cap and/or general dominance, of stablecoins

Most bullish products on the market;  shame it couldn't pump higher than $1.00;  surprised there are no derivs for market cap rather than price

Up Only https://t.co/iSrwhLrDak",en,Tweet,40,898,27,68,,2022-05-30 01:49:22,"<a href=""https://mobile.twitter.com"" rel=""nofollow"">Twitter Web App</a>",,,photo,https://pbs.twimg.com/media/FT9qxYaXsAEeCEk.png
1531010781445345284,"@sweeetshrimp @0xbigben @conzimp with the exception of BTC + some l1 pumps, vast majority of altcoins topped in May

volume never returned to the levels we had in early 21' at 69k

95% of these alts will go virtually 0, and do another -90%, but I saw too many people get blown up shorting in the mid of last cycle",en,Reply,16,165,9,4,,2022-05-29 22:33:09,"<a href=""https://mobile.twitter.com"" rel=""nofollow"">Twitter Web App</a>",,,,
1531006108323745793,"@0xbigben @conzimp have to differentiate BTC and alts

we're still in a bear market, but make sure you have a lot of margin and conviction if you're determined to enter new altcoin shorts a year into the bear https://t.co/RhVJLra5ub",en,Reply,10,147,3,5,,2022-05-29 22:14:35,"<a href=""https://mobile.twitter.com"" rel=""nofollow"">Twitter Web App</a>",,,photo,https://pbs.twimg.com/media/FT855TrXsAcnydz.jpg
1531003867378462721,@conzimp Observe the dangers of shorting when it's become the consensus trade,en,Reply,19,539,25,9,,2022-05-29 22:05:41,"<a href=""https://mobile.twitter.com"" rel=""nofollow"">Twitter Web App</a>",,,,
1530956997557989381,@ABTestingAlpha @SplitCapital alpha,tl,Reply,15,144,4,1,,2022-05-29 18:59:26,"<a href=""https://mobile.twitter.com"" rel=""nofollow"">Twitter Web App</a>",,,,
1530956445511983106,"@SplitCapital wonder how excited people will be to trade tokenized real estate

but they will",en,Reply,30,464,17,24,,2022-05-29 18:57:15,"<a href=""https://mobile.twitter.com"" rel=""nofollow"">Twitter Web App</a>",,,,
1530914530372595712,"This was a highly controversial tweet, drawing tremendous backlash 

I only rehash it to teach a lesson;  there will be a couple pivot points in your life for max opportunity; seize it next time

I even warned in the replies to the tweet, the bull market will be over in November",en,Tweet,118,1278,86,81,,2022-05-29 16:10:41,"<a href=""https://mobile.twitter.com"" rel=""nofollow"">Twitter Web App</a>",,,,
1530925303635247104,"@Stealthcrypted i think people struggle to reconcile the diffusion between

a bull market, or a bullish asset class

but that edge, alpha, and general opportunities diminish within that growth for the non connected/highly networked as time passes

100 trillion in stocks; but good luck trading it",en,Reply,9,102,5,2,,2022-05-29 16:53:30,"<a href=""https://mobile.twitter.com"" rel=""nofollow"">Twitter Web App</a>",,,,
1530923356823986177,"@AnnatarPhd I don't know that a degen without network, trading from their dormitory, can find sufficient edge [or luck] to run up 9 fig in profit, unless we get another generational bubble in a nascent industry [90s dotcom, 2010s crypto]

but you don't need 300 mil;  3 to 30 mil will suffice",en,Reply,17,123,12,6,,2022-05-29 16:45:46,"<a href=""https://mobile.twitter.com"" rel=""nofollow"">Twitter Web App</a>",,,,
1530920360463548417,"@cryptonutz69 see all my pertinent replies in fiskantes thread the other day

https://t.co/rNQvo5CRCB

https://t.co/qqlEIVCRh9",en,Reply,27,69,3,0,,2022-05-29 16:33:51,"<a href=""https://mobile.twitter.com"" rel=""nofollow"">Twitter Web App</a>",,"https://twitter.com/GCRClassic/status/1530256413330644995,https://twitter.com/GCRClassic/status/1530266497075056640",,
1530919255251771393,"@yourfriendSOMMI @CryptoMoonRock cycles always resume, always rebirth

but increasingly over time, you trade against, The Stanfords

market cap of equities are exponentially higher than crypto, but that doesnt mean you can shitpost in discords for stocks and make 7 to 8 figures on airdrops

2021 crypto was magic",en,Reply,11,74,3,4,,2022-05-29 16:29:28,"<a href=""https://mobile.twitter.com"" rel=""nofollow"">Twitter Web App</a>",,,,
1530916825399173120,"@CryptoMoonRock If you're young [or even old], you will live through countless boom and bust cycles through a variety of different financial markets [and even crypto];  and endless opportunities for the sharp or crafty to gigantically rebirth

However, crypto in 2021 may have been peak easy mode",en,Reply,15,246,12,11,,2022-05-29 16:19:48,"<a href=""https://mobile.twitter.com"" rel=""nofollow"">Twitter Web App</a>",,,,
1530553477889503234,@mewn21 pick a spell https://t.co/3yoNnzYS7u,en,Reply,1,153,1,7,,2022-05-28 16:16:00,"<a href=""https://mobile.twitter.com"" rel=""nofollow"">Twitter Web App</a>",,,photo,https://pbs.twimg.com/media/FT2eP-LWUAMVm77.jpg
1530549968552992768,"grand rebirth, gigantic rebirth, i hope everyone finds their, Phoenix Down, one day",en,Tweet,3,409,11,21,,2022-05-28 16:02:03,"<a href=""https://mobile.twitter.com"" rel=""nofollow"">Twitter Web App</a>",,,,
1530551701404516353,@metaserf gigantic luna classic rebirthed,en,Reply,0,64,0,4,,2022-05-28 16:08:56,"<a href=""https://mobile.twitter.com"" rel=""nofollow"">Twitter Web App</a>",,,,
1530266497075056640,"@DeFifrog1 @setanimals @Fiskantes capital has to find a home

Real Estate - $300 trillion
Bonds - $110 trillion
Stocks - $100 trillion
Gold - $13 trillion
Crypto - $1 trillion

in the long run, crypto appreciates relative to other scams as we fully immerse into digital forms of existence

needs new ideas and time",en,Reply,185,1294,208,38,,2022-05-27 21:15:38,"<a href=""https://mobile.twitter.com"" rel=""nofollow"">Twitter Web App</a>",,,,
1530260869661204480,"@DeFifrog1 @setanimals @Fiskantes i don't want to be overly grim

because while we will spend the lion's share of our energy and ambitions erecting even more complex and obfuscated decentralized ponzi schemes

we are also, to quote, replacing the global financial system with software that nobody controls, slowly",en,Reply,30,521,30,8,,2022-05-27 20:53:16,"<a href=""https://mobile.twitter.com"" rel=""nofollow"">Twitter Web App</a>",,,,
1530256413330644995,"@DeFifrog1 @setanimals @Fiskantes always
it's too expensive for the average man to fly to Macau or Vegas

decentralized casino and/or decentralized ponzi is always fastest horse when we have easy money and macro is risk on

i'm long humans being desperate, greedy, degenerate, lonely, and trapped in the metaverse",en,Reply,392,2900,448,102,,2022-05-27 20:35:34,"<a href=""https://mobile.twitter.com"" rel=""nofollow"">Twitter Web App</a>",,,,
1530254777606721536,"@setanimals @Fiskantes The vast majority of ppl saying this, will still believe, ""we'll just invent new ponzis and reconstitute the casino [and good news, we will!], even if theyre bearish on L1s

But there will come a point where people literally think the entire industry is dead for good and go forex",en,Reply,45,907,46,28,,2022-05-27 20:29:04,"<a href=""https://mobile.twitter.com"" rel=""nofollow"">Twitter Web App</a>",,,,
1530252866245607424,"@Fiskantes I've seen worse sentiment

Many instances in 2018 or 2019 where feel was, ""alts will never have another cycle, this was my only chance to make it""

Current sentiment is still, ""shadowlands, but I can't wait for the next bull cycle"";  peak doom when ppl no longer believe in future",en,Reply,92,1642,126,61,,2022-05-27 20:21:28,"<a href=""https://mobile.twitter.com"" rel=""nofollow"">Twitter Web App</a>",,,,
1529834441677455360,"If you're trying to enter shorts just now, you're late to the game

Consensus trades are rarely rewarded in these market conditions;  before you enter any trade, ask yourself, what is your edge?

If you don't have a definitive answer, grind until you find one",en,Tweet,182,2745,274,72,,2022-05-26 16:38:48,"<a href=""https://mobile.twitter.com"" rel=""nofollow"">Twitter Web App</a>",,,,
1529813099796111360,"My inverse investments seem to be up only
Strange phenomenon in such carnage",en,Tweet,30,737,29,53,,2022-05-26 15:14:00,"<a href=""https://mobile.twitter.com"" rel=""nofollow"">Twitter Web App</a>",,,,
1529821089311752194,"@CouldIgetthere @CatWallSt @JeremyCzechia there's always a path somewhere;  I was late to crypto, started in a bear market [2018-2019]

got my start in prediction markets and forecasting tournaments

wasnt nearly as profitable as crypto, but was the training and discipline I needed

have to be creative and find your lane",en,Reply,27,157,13,10,,2022-05-26 15:45:45,"<a href=""https://mobile.twitter.com"" rel=""nofollow"">Twitter Web App</a>",,,,
1529814344589946880,"@CatWallSt @JeremyCzechia I started with $1000, so you don't need big money",en,Reply,22,279,26,47,,2022-05-26 15:18:56,"<a href=""https://mobile.twitter.com"" rel=""nofollow"">Twitter Web App</a>",,,,
1529183048419483653,https://t.co/9dy1G6oAlM https://t.co/6UrFoRAYet,zxx,Retweet,11,319,29,37,,2022-05-24 21:30:24,"<a href=""https://mobile.twitter.com"" rel=""nofollow"">Twitter Web App</a>",,https://www.nbcnews.com/politics/2022-election/crypto-billionaire-says-spend-record-breaking-1-billion-2024-election-rcna30351,photo,https://pbs.twimg.com/media/FTi_32RWUAIrPxy.png
1528878996150030336,@0xSisyphus 2024,und,Reply,1,297,4,7,,2022-05-24 01:22:12,"<a href=""https://mobile.twitter.com"" rel=""nofollow"">Twitter Web App</a>",,,,
1528514511539404801,"I took no action to facilitate the depeg, other than shorting and waiting for the inevitable

Many are conflating diff trades

'Big Short' was researching unlock schedules for most inflationary alts that I shorted at the top of the '21 bull market

20 millon LUNA bet was separate",en,Tweet,73,808,30,29,,2022-05-23 01:13:52,"<a href=""https://mobile.twitter.com"" rel=""nofollow"">Twitter Web App</a>",,,,
1528517098330284033,"@dg1001 I'm open to the idea a fund expedited the spiral, but I think it was likely a non crypto fund, and I certainly had nothing to do with it",en,Reply,2,103,3,7,,2022-05-23 01:24:09,"<a href=""https://mobile.twitter.com"" rel=""nofollow"">Twitter Web App</a>",,,,
1528515874914811906,"@Hamburgoshi I think the notion that short selling is somehow immoral or 'value destroying' is really misplaced belief

The market seeks price discovery through any means",en,Reply,3,148,9,5,,2022-05-23 01:19:17,"<a href=""https://mobile.twitter.com"" rel=""nofollow"">Twitter Web App</a>",,,,
1528506977818710016,@friendl29273024 @mgnr_io not a bad read,en,Reply,6,32,0,3,,2022-05-23 00:43:56,"<a href=""https://mobile.twitter.com"" rel=""nofollow"">Twitter Web App</a>",,,,
1528506151003906048,@mgnr_io The Art and Science of Prediction,en,Reply,23,182,4,5,,2022-05-23 00:40:39,"<a href=""https://mobile.twitter.com"" rel=""nofollow"">Twitter Web App</a>",,,,
1526568050589323264,"Financial loss can be devastating to the psyche
Don't revenge trade as a form of therapy

Many down bad and ashamed to talk to family 
Strongly encourage ppl get professional counseling 

Get your mind right and get off the matt
You might be knocked down, but the bell hasn't rung https://t.co/sCHNzHxtEt",en,Tweet,97,2209,238,73,,2022-05-17 16:19:20,"<a href=""https://mobile.twitter.com"" rel=""nofollow"">Twitter Web App</a>",,,photo,https://pbs.twimg.com/media/FS91e21XoAA5DA4.png
1524625754172055553,"if i've ever helped you in the past, heed my advice on one thing

do not try to catch knives

you may be down a lot of money, and view it as a way to average down and regain some of your losses

it almost never works out, you will likely panic sell for a loss or have to hold to 0",en,Tweet,182,3129,426,111,,2022-05-12 07:41:20,"<a href=""https://mobile.twitter.com"" rel=""nofollow"">Twitter Web App</a>",,,,
1524628487927218177,"@JinWoo_arise not a chance
i'm sorry

most of you have a very long life ahead of you and endless opportunities",en,Reply,25,489,23,18,,2022-05-12 07:52:12,"<a href=""https://mobile.twitter.com"" rel=""nofollow"">Twitter Web App</a>",,,,
1524619494915780609,"live to fight another day and preserve your capital to the best ability you can

to reiterate, you do not have to be in ""stablecoins""

if you own 10 btc, and you're short 10 btc futures, you're in synthetic fiat w/p exposure to pegs;  make sure you trust exchange [ftx, coinbase]",en,Tweet,154,1149,110,43,,2022-05-12 07:16:28,"<a href=""https://mobile.twitter.com"" rel=""nofollow"">Twitter Web App</a>",,,,
1524524727871680512,"was an illusion one month ago, and will remain an illusion;  internalize it for next time",en,Tweet,51,685,31,23,,2022-05-12 00:59:54,"<a href=""https://mobile.twitter.com"" rel=""nofollow"">Twitter Web App</a>",,,,
1523811739808288768,"LUNA down 50% in a day;  good place to take profit at $33

Outlook hasnt changed, but doesn't matter if I bank 16.5 million versus 20m when bet expires

Trying to squeeze every last cent out of a trade is a cardinal sin of trading

I hope for the best for the LUNATIC community",en,Tweet,159,3716,199,125,,2022-05-10 01:46:44,"<a href=""https://mobile.twitter.com"" rel=""nofollow"">Twitter Web App</a>",,,,
1523828336337825794,@iSavage_PI or you end up seeing the grey box,en,Reply,0,47,0,3,,2022-05-10 02:52:41,"<a href=""https://mobile.twitter.com"" rel=""nofollow"">Twitter Web App</a>",,,,
1523819177412378625,"A final note 

Many of the wealthiest people I met from this cycle, often told me they were completely obliterated in 2017 and 2018;  they learned from it, and defi summer was kind to them

You will have another chance

Final LUNA position as I fully close this https://t.co/6U1Z4fcRbw",en,Reply,119,2729,240,151,,2022-05-10 02:16:17,"<a href=""https://mobile.twitter.com"" rel=""nofollow"">Twitter Web App</a>",,,photo,https://pbs.twimg.com/media/FSWxc6wX0AENbag.png
1523728642756415489,"@0x_bae @GiganticRebirth When I see parabolas breaking, I rush in to short, adding fuel to the fire

That is not irrational",en,Reply,8,91,5,2,,2022-05-09 20:16:32,"<a href=""https://mobile.twitter.com"" rel=""nofollow"">Twitter Web App</a>",,,,
1523710833015934977,"been getting messages from people entering FOMO shorts as a result of TheBlock article

remember;  I entered positions at the top [with high margin];  and things tend to 'bounce' at round numbers;  stay safe and preserve capital",en,Tweet,27,525,20,12,,2022-05-09 19:05:46,"<a href=""https://mobile.twitter.com"" rel=""nofollow"">Twitter Web App</a>",,,,
1523711342334541824,@bitcoinbeckham https://t.co/An4Die8Ho4,qme,Reply,1,51,2,4,,2022-05-09 19:07:47,"<a href=""https://mobile.twitter.com"" rel=""nofollow"">Twitter Web App</a>",,https://twitter.com/GiganticRebirth/status/1467790514665709572,,
1523626541724618753,"@Darrenlautf the greatest top signal was actually, literal presidents of nations becoming degenerate shitcoin traders

2017 topped marked by rappers, celebrities
2021 presidents and prime ministers

https://t.co/eJPjEQC4cX https://t.co/JXhaVexOBX",en,Reply,12,323,31,13,,2022-05-09 13:30:49,"<a href=""https://mobile.twitter.com"" rel=""nofollow"">Twitter Web App</a>",,https://twitter.com/nayibbukele/status/1439821189279625217,photo,https://pbs.twimg.com/media/FSUCG3MWYAAMewY.jpg
1522676715738308608,"@ann_droo @AviFelman i think after the 87th time you tweet your alts are going to the utter depths of goblintown, it becomes gratuitous to continue to rub it in people's faces",en,Reply,0,53,1,3,,2022-05-06 22:36:33,"<a href=""https://mobile.twitter.com"" rel=""nofollow"">Twitter Web App</a>",,,,
1522676062546808832,"@yellowfln @AviFelman one of the most discombobulating things since November, was that no matter how many times I would tweet that, a bounce is just a bounce"", dozens of references to the euthansia coaster, people somehow psyopsed themselves into thinking some rando image I tweeted meant i was bullish",en,Reply,2,45,1,3,,2022-05-06 22:33:57,"<a href=""https://mobile.twitter.com"" rel=""nofollow"">Twitter Web App</a>",,,,
1522675236273070081,"@AviFelman when i tweeted this, people seemed to have missed the fact the charts i provided were regarding ""bear market rallies""",en,Reply,4,97,2,9,,2022-05-06 22:30:40,"<a href=""https://mobile.twitter.com"" rel=""nofollow"">Twitter Web App</a>",,,,
1522522061058543616,"all the top coins increasingly becoming stables

a decade into alts, primary use case remains spec + gambling

frictionless USD derivs allow speculators to move in + out of various short term schemes

what alt [non eth] do you believe survives into 2026? what is investment grade?",en,Tweet,167,1243,98,332,,2022-05-06 12:22:01,"<a href=""https://mobile.twitter.com"" rel=""nofollow"">Twitter Web App</a>",,,,
1522532299631378432,"@xFervency @btcshaggy I agree and have always agreed that DOGE is timeless

I look forward to reaccumulating it one day",en,Reply,23,146,10,6,,2022-05-06 13:02:42,"<a href=""https://mobile.twitter.com"" rel=""nofollow"">Twitter Web App</a>",,,,
1522529745279270913,"@btcshaggy I barely consider exchange tokens, truly ""altcoins""

But yes, they're likely to survive given the hundreds of billions of dollars the exchanges that support them have as support [and would include SOL as essentially an FTX/Alameda token]",en,Reply,7,114,3,6,,2022-05-06 12:52:33,"<a href=""https://mobile.twitter.com"" rel=""nofollow"">Twitter Web App</a>",,,,
1521816711049236480,You don't have to pay 90k a week to get help,en,Tweet,4,199,5,30,,2022-05-04 13:39:12,"<a href=""https://mobile.twitter.com"" rel=""nofollow"">Twitter Web App</a>",,,,
1521531217765675008,"The best way to get someone's attention in a DM is to be concise and direct immediately

I'll be going through them more;  can also just drop something in the replies if there's something I haven't gotten to you on",en,Tweet,17,380,4,41,,2022-05-03 18:44:45,"<a href=""https://mobile.twitter.com"" rel=""nofollow"">Twitter Web App</a>",,,,
1521536782696861696,"@0xUnemployed so i don't have to copy paste this to everyone who is asking in DMS

I no longer reimburse for trading losses;  in time I learned, people will just give it back to Alameda",en,Reply,1,102,1,8,,2022-05-03 19:06:52,"<a href=""https://mobile.twitter.com"" rel=""nofollow"">Twitter Web App</a>",,,,
1521323308624584704,"Prediction
Roe vs Wade will not, actually be overturned

This is a [tactical] leaked draft opinion intended to show the base they 'tried'

It would be a 𝒅𝒊𝒔𝒂𝒔𝒕𝒆𝒓 for the GOP to actually overturn

They lose their most salient wedge issue to dangle in front of evangelicals",en,Tweet,19,474,21,56,,2022-05-03 04:58:36,"<a href=""https://mobile.twitter.com"" rel=""nofollow"">Twitter Web App</a>",,,,
1521535102395764737,"@basedinfeel After taking time to actually read the draft and not just the headline

Revising + flipping prediction; 10% 

They already voted this way after oral argument;  although leak was tactical, Kav/Gorsuch too dug in to flip

Roe V Wade WILL be overturned;  will damage GOP for next gen",en,Reply,1,49,2,4,,2022-05-03 19:00:11,"<a href=""https://mobile.twitter.com"" rel=""nofollow"">Twitter Web App</a>",,,,
1521329202477383681,"@Montezuma88 SCOTUS on 6/29/92 affirmed, instead of overturning, the Roe v. Wade abortion standard because Justice Anthony Kennedy changed his vote -- a flip attributed in court circles to liberal constitutional scholar Laurence H. Tribe's pulling strings backstage",en,Reply,0,17,0,0,,2022-05-03 05:22:01,"<a href=""https://mobile.twitter.com"" rel=""nofollow"">Twitter Web App</a>",,,,
1521325819511164930,"@0xKefka Correct, but Kavanaugh, Alito, Barrett, and Gorsuch are political operatives in robes

Why would they give this generational gift to democrats",en,Reply,3,14,0,2,,2022-05-03 05:08:34,"<a href=""https://mobile.twitter.com"" rel=""nofollow"">Twitter Web App</a>",,,,
1520752457051254786,"telegram thoughts, part 1 https://t.co/huSLs56gA9",en,Tweet,50,949,54,55,,2022-05-01 15:10:14,"<a href=""https://mobile.twitter.com"" rel=""nofollow"">Twitter Web App</a>",,,photo,https://pbs.twimg.com/media/FRrMRCuXMAA8ihl.png
1520754098307579904,"@DexterVro as i discuss a lot, i think addiction is the appropriate heuristic

i would often talk to someone who was macro bearish and yet still continued to trade against his own bias",en,Reply,11,261,8,16,,2022-05-01 15:16:45,"<a href=""https://mobile.twitter.com"" rel=""nofollow"">Twitter Web App</a>",,,,
1520752839865339904,"@exoticdao private convos, but often easier to express my thoughts than on twitter",en,Reply,0,54,0,1,,2022-05-01 15:11:45,"<a href=""https://mobile.twitter.com"" rel=""nofollow"">Twitter Web App</a>",,,,
1520627992426426368,"@spreekaway EYH

efficient yield hypothesis",en,Reply,1,24,0,0,,2022-05-01 06:55:39,"<a href=""https://mobile.twitter.com"" rel=""nofollow"">Twitter Web App</a>",,,,
1520595007299895298,"@cryptunez @TraderMercury @pierre_crypt0 @LSDinmycoffee @G_maker huobi was leaking every single future listing through an api end point that literally anyone could have found if they poked around long enough

and yet, no one did?   because i would be the only one accumulating

look how primitive this was, and yet no one found besides 3-4 ppl https://t.co/hiR1kWKCSl",en,Reply,18,90,7,2,,2022-05-01 04:44:35,"<a href=""https://mobile.twitter.com"" rel=""nofollow"">Twitter Web App</a>",,,photo,https://pbs.twimg.com/media/FRo85XgXEAMdtm_.png
1520590271360155648,"@TraderMercury upbit would close deposits for months, and then like 800% spreads would open between coins

on chain analysis would clue you to when deposits would open a new batch of coins, allowing for generational arbs

literally everyone in space was too lazy for deep on chain analysis

$MTL",en,Reply,12,67,6,5,,2022-05-01 04:25:46,"<a href=""https://mobile.twitter.com"" rel=""nofollow"">Twitter Web App</a>",,,,
1520589158506545153,"@MatriXBT @TraderMercury have such fond memories of trading 2018 and 2019
the key was to focus on pair trading, and to stay delta neutral to net short on the general market, while being able to pick the winners

there wasn't much talent in the space yet, so was also easy to corner every edge",en,Reply,28,69,6,4,,2022-05-01 04:21:21,"<a href=""https://mobile.twitter.com"" rel=""nofollow"">Twitter Web App</a>",,,,
1520587953948483587,"@TraderMercury 2018 was full of so much opportunity;  was another 'alt window/mini szn' every 3 months

Even 2019 had the IEO boomlet and one of the all time greatest ""echo bubbles"" in the history of finance [3k to 14k, only to return to 3k]

Here's a chart that always surprises people https://t.co/tYPexTF1qA",en,Reply,8,125,6,5,,2022-05-01 04:16:34,"<a href=""https://mobile.twitter.com"" rel=""nofollow"">Twitter Web App</a>",,,photo,https://pbs.twimg.com/media/FRo2gTcWQAAKFle.jpg
1520489412836143105,"thinking of setting up a clinic for trading addictionology
most are losing money through physiological dependence;  nothing more

a nice resort somewhere in Asia
nice comforts for all inmates to help unwind, relax, and most importantly

cleanse your mind of your peak net worth https://t.co/gqUEnHRVnI",en,Tweet,65,1572,76,159,,2022-04-30 21:45:00,"<a href=""https://mobile.twitter.com"" rel=""nofollow"">Twitter Web App</a>",,,photo,https://pbs.twimg.com/media/FRndCf2WYAAjCFm.jpg
1520493253468033029,@ExplainThisBot @0x695321317420 this is the future i waited for my entire childhood reading science fiction,en,Reply,0,41,0,3,,2022-04-30 22:00:15,"<a href=""https://mobile.twitter.com"" rel=""nofollow"">Twitter Web App</a>",,,,
1520489783923027971,@outrollthat GCR Ventures has a pretty generous philanthropy arm,en,Reply,1,132,0,6,,2022-04-30 21:46:28,"<a href=""https://mobile.twitter.com"" rel=""nofollow"">Twitter Web App</a>",,,,
1519076813246550017,"@ABTestingAlpha @knlae_ @0xMagellan leading firms and liquidity providers [such as GSR] have been employing wild animals for the primary purpose of market making since summer of 2020, but it's been a closely held secret within whale groups and whale chats

there was the thought it could lead to bad optics for space",en,Retweet,11,169,9,14,,2022-04-27 00:11:50,"<a href=""https://mobile.twitter.com"" rel=""nofollow"">Twitter Web App</a>",,,,
1519791718534627329,"@cryptunez @JohnWRichKid banger thread from the man who had arguably the greatest tweet of 2021

https://t.co/qfIYR8oKGy",en,Reply,7,137,1,5,,2022-04-28 23:32:36,"<a href=""https://mobile.twitter.com"" rel=""nofollow"">Twitter Web App</a>",,https://twitter.com/cryptunez/status/1354209142207078401,,
1519724460194021378,"@screentimes @GiganticRebirth given the possible sell the news event in a couple of days, it wouldn't be a bad idea to take profit, and then watch to see if it can hold support past the 30th

but this tweet was just an update on the prediction wrt to NFT tokenization;  in general, i'd rather short weak coins",en,Reply,4,63,2,2,,2022-04-28 19:05:21,"<a href=""https://mobile.twitter.com"" rel=""nofollow"">Twitter Web App</a>",,,,
1519714414815072258,uncanny sense and intuition of my diurnal rhythms and habits,en,Tweet,8,213,3,10,,2022-04-28 18:25:26,"<a href=""https://mobile.twitter.com"" rel=""nofollow"">Twitter Web App</a>",,,,
1519715155545923589,@Zarism_ very meta,en,Reply,0,22,0,1,,2022-04-28 18:28:22,"<a href=""https://mobile.twitter.com"" rel=""nofollow"">Twitter Web App</a>",,,,
1519714414815072258,uncanny sense and intuition of my diurnal rhythms and habits,en,Tweet,8,213,3,10,,2022-04-28 18:25:26,"<a href=""https://mobile.twitter.com"" rel=""nofollow"">Twitter Web App</a>",,,,
1519004536714797058,"Has there been an easier, higher hit rate [&gt;100%?], less complex trade in the past year than fading Elon Musk inspired DOGE pumps?

A trade that required less edge, less prescience, less talent, but always delivered?

SNL, Dog Day, TSLA payments, Superbowl ad, Space mission, etc",en,Tweet,59,1008,61,44,,2022-04-26 19:24:37,"<a href=""https://mobile.twitter.com"" rel=""nofollow"">Twitter Web App</a>",,,,
1518626669287911426,"Somewhere on the back nines in Palm Beach, Florida, a certain septuagenarian is beginning to get exhilarated about the possibility of making his comeback tweet

Despite the constant negative press covfefe,",en,Tweet,9,531,16,26,,2022-04-25 18:23:07,"<a href=""https://mobile.twitter.com"" rel=""nofollow"">Twitter Web App</a>",,,,
1518628897507659776,"@XBTNooB Have him as an overwhelming favorite to win in 2024, as I've tweeted about in the past",en,Reply,2,57,3,9,,2022-04-25 18:31:58,"<a href=""https://mobile.twitter.com"" rel=""nofollow"">Twitter Web App</a>",,,,
1518627264979783691,"@waIIIcon I am bullish on Trump being reinstated on https://t.co/yLqsmjIsTf by mid 2024, whether through new ownership, or other pressures",en,Reply,0,41,2,1,,2022-04-25 18:25:29,"<a href=""https://mobile.twitter.com"" rel=""nofollow"">Twitter Web App</a>",,https://twitter.com,,
1518401674154590210,https://t.co/cPRGrVFldp,zxx,Tweet,4,503,19,49,,2022-04-25 03:29:04,"<a href=""https://mobile.twitter.com"" rel=""nofollow"">Twitter Web App</a>",,,photo,https://pbs.twimg.com/media/FRJyQo4WUAA7nqE.jpg
1518297333288558594,"did you succumb to the quinquennial Le Pen psychological operations

again, she greatly underperforms polling, despite fictitious belief in Shy LePen phenom

again, a failure for prediction markets, which had rallied her odds to 35-40% b4 round1 

my internal odds never broke 10%",en,Tweet,8,250,6,17,,2022-04-24 20:34:27,"<a href=""https://mobile.twitter.com"" rel=""nofollow"">Twitter Web App</a>",,,,
1518304271506325509,"@Jymbaloo @velinart was pretty savvy of her to support Zemmour and align with Reconquête

think she is the front runner for the future of the right",en,Reply,0,8,0,3,,2022-04-24 21:02:01,"<a href=""https://mobile.twitter.com"" rel=""nofollow"">Twitter Web App</a>",,,,
1518299393086136320,"@velinart no, they await the Marion Maréchal era",fr,Reply,0,10,0,3,,2022-04-24 20:42:38,"<a href=""https://mobile.twitter.com"" rel=""nofollow"">Twitter Web App</a>",,,,
1517915905589657602,@CTAltaccount @coinfessions going to send you some calls hours before i tweet so you can happily enjoy time with the lady in peace,en,Reply,2,82,0,2,,2022-04-23 19:18:48,"<a href=""https://mobile.twitter.com"" rel=""nofollow"">Twitter Web App</a>",,,,
1517902192782454785,@coinfessions sigma grindset,da,Reply,0,270,2,3,,2022-04-23 18:24:18,"<a href=""https://mobile.twitter.com"" rel=""nofollow"">Twitter Web App</a>",,,,
1517531095188791297,everyone has a plan until they get punched in the mouth,en,Tweet,16,317,16,14,,2022-04-22 17:49:42,"<a href=""https://mobile.twitter.com"" rel=""nofollow"">Twitter Web App</a>",,,,
1517532197481332737,@d1pp3r__ this is the correct interpretation of my tweet,en,Reply,3,48,0,2,,2022-04-22 17:54:04,"<a href=""https://mobile.twitter.com"" rel=""nofollow"">Twitter Web App</a>",,,,
1517479228266229762,@fuckyourputs @SplitCapital Zaheer is hiring,en,Reply,0,17,0,1,,2022-04-22 14:23:36,"<a href=""https://mobile.twitter.com"" rel=""nofollow"">Twitter Web App</a>",,,,
1517476540300374018,@SplitCapital correct take,en,Reply,2,145,0,2,,2022-04-22 14:12:55,"<a href=""https://mobile.twitter.com"" rel=""nofollow"">Twitter Web App</a>",,,,
1512413089429401607,"there are 100 dead dog tokens;  no narrative;  one project will think

humans would love to own, dog dollars [DUSD];  youth would prefer dog dollars to boomer stables

all fork seasons [as ive termed, 'degeneracy spirals'] must climax in dog themed apotheosis

doggo dollars",en,Tweet,24,375,15,34,,2022-04-08 14:52:34,"<a href=""https://mobile.twitter.com"" rel=""nofollow"">Twitter Web App</a>",,,,
1512415233255649288,"@Awawat_Trades My actual prediction

Some low to midcap dog token will actually launch dog dollars, but it will have no institutional support, no real liquidity behind it, and 98% of people will lose money on it

Will be some cheap uniswap rug that comes and goes in 36 hours",en,Reply,3,95,1,7,,2022-04-08 15:01:05,"<a href=""https://mobile.twitter.com"" rel=""nofollow"">Twitter Web App</a>",,,,
1512414189372989452,"@onChainAnal one of my favorite moments in the history of crypto

actual 187 iq move by @bantg

i think it would have worked out if the market cycle timing had been different;  it's not that WOOFY was a bad idea, it was just the end of that alt cycle

i support all tokens becoming dog tokens",en,Reply,2,32,0,1,,2022-04-08 14:56:56,"<a href=""https://mobile.twitter.com"" rel=""nofollow"">Twitter Web App</a>",,,,
1512387891523203075,"In 2017 there was a pervasive belief with both pundits and punters in 'shy Le Pen"" voters 

Contrary, when the votes were counted, LP actually greatly underperformed polling

While 2022 wont be another landslide, we will get the identical result for both round 1 + 2

Macron wins",en,Tweet,7,234,5,27,,2022-04-08 13:12:26,"<a href=""https://mobile.twitter.com"" rel=""nofollow"">Twitter Web App</a>",,,,
1512390391454121985,"@KaminoCrypto Pecresse was a trade on upside [she went from 1% to 25%, not an expectation she was the likely winner

see relevant tweet from February

https://t.co/JVGC0WZ76x",en,Reply,1,14,0,1,,2022-04-08 13:22:22,"<a href=""https://mobile.twitter.com"" rel=""nofollow"">Twitter Web App</a>",,https://twitter.com/GCRClassic/status/1495548582300205059,,
1512374009203200011,"@benowhere_ this is the only way you can ever give people advice without turning into John McAfee

the shackles of social media",en,Reply,0,15,0,2,,2022-04-08 12:17:17,"<a href=""https://mobile.twitter.com"" rel=""nofollow"">Twitter Web App</a>",,,,
1512236680773873701,"peak crypto would be SHIB forking into EVM L1, 2 billion dollar series A [FTX Ventures, Sequoia, Santiago Santos, Justin Timberlake, Grimes]

algorithmic stablecoin backed by 9 figures of popular meme tokens

48% APY on DUSD dog dollars

likelihood = less than 10%",en,Tweet,38,1028,54,68,,2022-04-08 03:11:35,"<a href=""https://mobile.twitter.com"" rel=""nofollow"">Twitter Web App</a>",,,,
1512161455042437126,that didn't take very long,en,Tweet,3,285,4,24,,2022-04-07 22:12:40,"<a href=""https://mobile.twitter.com"" rel=""nofollow"">Twitter Web App</a>",,,,
1512162172171956227,"@AstroXBT predictions are easy

just assume people like to make money

predict incentives",en,Reply,29,145,14,4,,2022-04-07 22:15:31,"<a href=""https://mobile.twitter.com"" rel=""nofollow"">Twitter Web App</a>",,,,
1511806863943385092,@0xfbifemboy @testinprodcap @dystopiabreaker correct,en,Reply,0,11,0,1,,2022-04-06 22:43:39,"<a href=""https://mobile.twitter.com"" rel=""nofollow"">Twitter Web App</a>",,,,
1511805505194557440,@AstroXBT @CR72411 @0xfbifemboy @etoeth @dystopiabreaker 34th biggest psyops,en,Reply,0,17,0,4,,2022-04-06 22:38:15,"<a href=""https://mobile.twitter.com"" rel=""nofollow"">Twitter Web App</a>",,,,
1511805083385802760,"@CR72411 @0xfbifemboy @etoeth @dystopiabreaker if you were eating terribly, and cease doing so [with extreme vigilance], 20lb is within the bounds of sustainable weight loss [for some]

don't want to encourage a form of fatalism that enables people to continue eating poorly

but i warn, strongly, against ever gaining weight",en,Reply,2,67,1,5,,2022-04-06 22:36:34,"<a href=""https://mobile.twitter.com"" rel=""nofollow"">Twitter Web App</a>",,,,
1511802080104747009,shared some pervasive psyops of the past few decades in the replies to this thread,en,Tweet,19,143,4,23,,2022-04-06 22:24:38,"<a href=""https://mobile.twitter.com"" rel=""nofollow"">Twitter Web App</a>",,,,
1511799890615185413,"@0xfbifemboy @etoeth @dystopiabreaker not sure who this is, but check back in with him in 5 years
95%+ he will regain all lost weight [+ more]

with exception
-had bariatric surgery
-is on stimulants [not sustainable]

overwhelming empirical data to support this",en,Reply,2,51,0,8,,2022-04-06 22:15:56,"<a href=""https://mobile.twitter.com"" rel=""nofollow"">Twitter Web App</a>",,,,
1511796653384257550,"@etoeth @dystopiabreaker #2 psyops

the efficacy of SSRIs [and psychotropics in general] in treatment AND/or prophylaxis of affective disorders",en,Reply,6,90,4,9,,2022-04-06 22:03:04,"<a href=""https://mobile.twitter.com"" rel=""nofollow"">Twitter Web App</a>",,,,
1511795616141217794,"@dystopiabreaker metformin as a longevity drug is top 17 psyops of the past two decades

rare instance Vitalik makes an incorrect life choice",en,Reply,19,144,3,21,,2022-04-06 21:58:57,"<a href=""https://mobile.twitter.com"" rel=""nofollow"">Twitter Web App</a>",,,,
1511791498773381122,@coinmamba the correct answer,en,Reply,0,62,1,3,,2022-04-06 21:42:35,"<a href=""https://mobile.twitter.com"" rel=""nofollow"">Twitter Web App</a>",,,,
1511755966903197709,"Can not believe my senses, can barely trust my own eyes, that another Elon Musk fueled DOGE rally was sold into for the 987th time since 2021

At least 4/20 DOGE DAY is only weeks away

Shared this in my CAO yesterday https://t.co/YdMScq396b",en,Tweet,17,384,14,34,,2022-04-06 19:21:24,"<a href=""https://mobile.twitter.com"" rel=""nofollow"">Twitter Web App</a>",,,photo,https://pbs.twimg.com/media/FPrV6HdXwAYCqn1.png
1511758465064185862,"@Casual__Sensei Give me your wallet and it's a done deal

Ezekiel       [son]
Ezekiel XX [daughter]",en,Reply,1,31,0,6,,2022-04-06 19:31:19,"<a href=""https://mobile.twitter.com"" rel=""nofollow"">Twitter Web App</a>",,,,
1511756602914885632,"@mahxfuz centralized autonomous organization
new meta",en,Reply,2,56,0,5,,2022-04-06 19:23:55,"<a href=""https://mobile.twitter.com"" rel=""nofollow"">Twitter Web App</a>",,,,
1511714503909687303,"Do you know what you're ""trading""?

h/t @mgnr_io https://t.co/RlaW2H0xpc",en,Tweet,28,310,37,15,,2022-04-06 16:36:38,"<a href=""https://mobile.twitter.com"" rel=""nofollow"">Twitter Web App</a>",,,photo,https://pbs.twimg.com/media/FPqwB_BWUAYc6Xb.jpg
1511715278685720584,@salience_xbt @mgnr_io they love their narratives,en,Reply,1,50,0,2,,2022-04-06 16:39:43,"<a href=""https://mobile.twitter.com"" rel=""nofollow"">Twitter Web App</a>",,,,
1511703643497635842,gg https://t.co/TVk9y1CVXU,und,Tweet,30,386,15,21,,2022-04-06 15:53:29,"<a href=""https://mobile.twitter.com"" rel=""nofollow"">Twitter Web App</a>",,,photo,https://pbs.twimg.com/media/FPqmSOtXEAgdKPs.jpg
1511457604203163651,@MikeMcDonald89 https://t.co/L7KH2vfMc3,qme,Reply,0,41,0,0,,2022-04-05 23:35:49,"<a href=""https://mobile.twitter.com"" rel=""nofollow"">Twitter Web App</a>",,https://twitter.com/miakhalifa/status/1355027076118499329,,
1511069090953449472,"imagine if instead of holding undercollateralized stablecoins [that are increasingly going to be hunted, seized, and possibly frozen by regulators]

you could just hold BTC

and if, risk averse, you could even short the BTC you hold, collect free funding, and be in synthetic fiat",en,Tweet,280,1836,182,66,,2022-04-04 21:52:00,"<a href=""https://mobile.twitter.com"" rel=""nofollow"">Twitter Web App</a>",,,,
1511036451596681219,"""it's a science"" https://t.co/tbYeQFlboE",en,Tweet,52,218,28,9,,2022-04-04 19:42:18,"<a href=""https://mobile.twitter.com"" rel=""nofollow"">Twitter Web App</a>",,,photo,"https://pbs.twimg.com/media/FPhHkGtXoAkcQzn.png,https://pbs.twimg.com/media/FPhHlXkWYAoctog.png,https://pbs.twimg.com/media/FPhHmSqXEAM0Amn.png"
1511037653667434502,"@0xTsuki @Brunopenandes13 if you've traded enough of these structures for a few years, you begin to intuitively sense when the market makers have finished dancing, and team is ready for distribution

some obvious tells [ie, precipitous and steady decline in volume]",en,Reply,106,286,33,10,,2022-04-04 19:47:05,"<a href=""https://mobile.twitter.com"" rel=""nofollow"">Twitter Web App</a>",,,,
1511020735816417288,"i believe in, lets call it
efficient yield hypothesis

in most instances, any yield you are receiving only reflects inherent risks+ instabilities that are priced in

too many rich+sophisticated players who will arb out yields identified to be EV&gt;risk

free money, it's an illusion",en,Tweet,109,1100,103,38,,2022-04-04 18:39:51,"<a href=""https://mobile.twitter.com"" rel=""nofollow"">Twitter Web App</a>",,,,
1511022891474763777,"@crypto_relief addendum i would add to initial tweet

in the most speculative and frothy stages of a bull market, there are actually countless 'yield' opportunities that the average, non sophisticated, market participant can participate in that outweigh risk

assuming the participant gets out",en,Reply,15,126,4,2,,2022-04-04 18:48:25,"<a href=""https://mobile.twitter.com"" rel=""nofollow"">Twitter Web App</a>",,,,
1510754960429965319,"@0xOtheym @GiganticRebirth the tree of life was

https://t.co/ZZcM5O8LrE",en,Reply,5,118,2,4,,2022-04-04 01:03:45,"<a href=""https://mobile.twitter.com"" rel=""nofollow"">Twitter Web App</a>",,https://twitter.com/GiganticRebirth/status/1444684240046669828,,
1510677525323726853,"The success MATIC had gigantically rebirthing as POLYGON in 2021, led dozens of vaporchains to EVM rebrands

So too, WAVES has runup 5x in past month repositioning itself as a crude facsimile of LUNA

Other teams have taken note; market will soon be flooded with more copycats",en,Tweet,45,994,67,46,,2022-04-03 19:56:03,"<a href=""https://mobile.twitter.com"" rel=""nofollow"">Twitter Web App</a>",,,,
1510684611462025221,"@zecondchance Sun don't shine in the shade
Bird can't fly in a cage",en,Reply,7,106,4,10,,2022-04-03 20:24:13,"<a href=""https://mobile.twitter.com"" rel=""nofollow"">Twitter Web App</a>",,,,
1510630062999183363,"To address all the DMs;  I'm not going to tell you which alts/NFTs to long during 'alt szn'

As PEOPLE showed me, simply tweeting about causes a massive candle into self fulfilling PND [even if well intentioned]

At a certain 'size', can only ethically discuss LTF/macro /trends",en,Tweet,6,433,9,32,,2022-04-03 16:47:27,"<a href=""https://mobile.twitter.com"" rel=""nofollow"">Twitter Web App</a>",,,,
1510645606754181130,"@schizocuck @HsakaTrades think thats unfair
he's always transparent, and doesn't dump on followers",en,Reply,0,10,0,0,,2022-04-03 17:49:13,"<a href=""https://mobile.twitter.com"" rel=""nofollow"">Twitter Web App</a>",,,,
1510640416957288460,"@DF_Taimou I don't fault nor look down upon anyone else who does it, it's just always personally, given me an uncomfortable feeling when I was dictating the market [rather than predicting]

And from a legal perspective, also not fully codified and existing in a grey zone [see McAfee case]",en,Reply,0,11,0,1,,2022-04-03 17:28:36,"<a href=""https://mobile.twitter.com"" rel=""nofollow"">Twitter Web App</a>",,,,
1510631439708131341,"@smileycapital def had accusations of 'using for exit liquidity' with PEOPLE, when in reality, I was trying to save people from imminent short squeeze I saw coming a mile away",en,Reply,0,85,1,7,,2022-04-03 16:52:56,"<a href=""https://mobile.twitter.com"" rel=""nofollow"">Twitter Web App</a>",,,,
1510405840896987138,"thoughtful thread from the underfollowed @smileycapital 

https://t.co/fzv5Iy35Vj",en,Tweet,27,134,6,4,,2022-04-03 01:56:29,"<a href=""https://mobile.twitter.com"" rel=""nofollow"">Twitter Web App</a>",,https://twitter.com/smileycapital/status/1510193737942683653,,
1510330875984109583,NFTs as yield bearing assets,en,Tweet,11,175,14,14,,2022-04-02 20:58:36,"<a href=""https://mobile.twitter.com"" rel=""nofollow"">Twitter Web App</a>",,,,
1509570835828326402,"@0xSisyphus you send some USDT to an intern, who then sends some USDT to one of his friends for MEV work

months later, people are copy trading some shitcoin you've never even heard of because ""your wallet"" is accumulating it",en,Reply,0,78,1,0,,2022-03-31 18:38:28,"<a href=""https://mobile.twitter.com"" rel=""nofollow"">Twitter Web App</a>",,,,
1509541169335783434,"the supply is carefully cornered during periods of capitulation;  opportunistic teams patiently wait until the next ""alt szn"" to capitalize on the conditions

which is why the price doesn't matter until the dance is done",en,Tweet,88,625,50,31,,2022-03-31 16:40:35,"<a href=""https://mobile.twitter.com"" rel=""nofollow"">Twitter Web App</a>",,,,
1509548125014343686,@CryptoWarbucks @andrizesthe https://t.co/NmuzdOfel3,qme,Reply,20,58,5,0,,2022-03-31 17:08:13,"<a href=""https://mobile.twitter.com"" rel=""nofollow"">Twitter Web App</a>",,https://twitter.com/Robert_Klondike/status/1341510304337899522,,
1509542283447877644,"@andrizesthe i first learned a valuable lesson in trying to fade market makers during the XRP SWELL pump of 2018

at the time, it was a conspiracy theory, until SEC case detailed precisely what I'm describing;  it's available for all to read",en,Reply,15,99,5,5,,2022-03-31 16:45:00,"<a href=""https://mobile.twitter.com"" rel=""nofollow"">Twitter Web App</a>",,,,
1509339312462172164,"it would be easy to ascribe this price action solely to a crypto billionaire twap

larger context, we've had one of the greatest 10 day equity rallies in the history of the S&amp;P https://t.co/Sf21V0Onv4",en,Tweet,23,426,32,20,,2022-03-31 03:18:28,"<a href=""https://mobile.twitter.com"" rel=""nofollow"">Twitter Web App</a>",,,photo,"https://pbs.twimg.com/media/FPJAA5eXEAMfyrK.jpg,https://pbs.twimg.com/media/FPJABp6XwAAatPX.jpg"
1508789407347879937,"Metaculus now down to 10% odds that Kyiv falls

That number was at around 70-80% at height of offensive in Feb

One of the major flaws of prediction mkts; ironically, 'belief in the correctness of prediction markets', causing a feedback loop whereby market odds reify themselves",en,Tweet,11,147,8,9,,2022-03-29 14:53:21,"<a href=""https://mobile.twitter.com"" rel=""nofollow"">Twitter Web App</a>",,,,
1507455836586606597,"here it is, Russia changing their tune on the goal of this invasion - moving those goalposts, on a global stage

once again, appears that @GiganticRebirth was correct in his forecast on whether Russia would every occupy Kyiv",en,Retweet,3,73,2,1,,2022-03-25 21:34:13,"<a href=""https://mobile.twitter.com"" rel=""nofollow"">Twitter Web App</a>",,,,
1508379109893853188,"Overshadowed by other narratives: Russia discretely signaled a pivot in objectives; to spin victory in Donbas [not Kyiv] as success; ramping down maximalist goals

With greatest macro uncertainty beginning to ease, markets have found an increased appetite for risk

SPX-&gt;BTC-&gt;alts",en,Tweet,35,542,57,37,,2022-03-28 11:42:58,"<a href=""https://mobile.twitter.com"" rel=""nofollow"">Twitter Web App</a>",,,,
1508389547259924483,"@kylesharples4 What stood out to me was the fact that state run Russian media and propaganda, had always framed the situation through the conflict in the Donbas

I felt as if, the end game had been truly maximalist as imagined, Russian media would have prepared those narratives more readily",en,Reply,1,18,1,1,,2022-03-28 12:24:27,"<a href=""https://mobile.twitter.com"" rel=""nofollow"">Twitter Web App</a>",,,,
1508385406961827846,@Frognation42 https://t.co/DUNls6Mcy7,qme,Reply,0,8,0,1,,2022-03-28 12:08:00,"<a href=""https://mobile.twitter.com"" rel=""nofollow"">Twitter Web App</a>",,https://twitter.com/GCRClassic/status/1494619087355486229,,
1508385115621240838,"@kylesharples4 I predicted they wouldn't, which was quite contrarian at the peak of WW3 fears

https://t.co/VqhshzLXIY",en,Reply,0,23,0,2,,2022-03-28 12:06:50,"<a href=""https://mobile.twitter.com"" rel=""nofollow"">Twitter Web App</a>",,https://twitter.com/GCRClassic/status/1494619219450806275,,
1508383372812472322,"@FortasPavel @devdoteth agree that the attrition, insurgent, and political phase of the war will continue for years",en,Reply,1,4,0,0,,2022-03-28 11:59:55,"<a href=""https://mobile.twitter.com"" rel=""nofollow"">Twitter Web App</a>",,,,
1508381561753907208,"@zkTuring @FortasPavel Certainly a salient narrative, but green SPX 9 days in a row creates prime conditions for some fun",en,Reply,0,25,0,1,,2022-03-28 11:52:43,"<a href=""https://mobile.twitter.com"" rel=""nofollow"">Twitter Web App</a>",,,,
1508079085377007619,"what are the best CT accounts with very low follower accounts that have high signal to noise ratio, or otherwise provide insight/alpha?",en,Tweet,276,597,54,173,,2022-03-27 15:50:47,"<a href=""https://mobile.twitter.com"" rel=""nofollow"">Twitter Web App</a>",,,,
1508083793802014737,"@Awawat_Trades @CryptoZer0_ @deaftrader1 @salience_xbt @crypto_vanity @AVCrypto_ @astro__magic @chng_raymond @schmosby_xbt @xbt_capital @cryptoalle @JorgeSoutoTC @Boghosian @1049ngnl @RoofHanzo can confirm, @astro__magic is a killer
known him a few years",en,Reply,2,33,0,2,,2022-03-27 16:09:29,"<a href=""https://mobile.twitter.com"" rel=""nofollow"">Twitter Web App</a>",,,,
1508077985592713223,@DavidLiverani One of the great historical examples of how wars boost incumbents was Bush in 2004 in the heat of the Iraq War,en,Reply,0,16,1,1,,2022-03-27 15:46:25,"<a href=""https://mobile.twitter.com"" rel=""nofollow"">Twitter Web App</a>",,,,
1508077472306409475,"@MathinActionNFT Her only path was selling the narrative, she was the only one who could beat Macron head to head

Prior to the war, this was a reasonable narrative that polls supported;  but as Macron was able to play world statesman with the conflict, it punctured her rationale",en,Reply,0,11,0,1,,2022-03-27 15:44:22,"<a href=""https://mobile.twitter.com"" rel=""nofollow"">Twitter Web App</a>",,,,
1506864586842124289,"The interesting thing about ""the Stanfords"", is why they didn't arrive sooner

Imagine not realizing crypto was the greatest market in the history of hominids multiple years ago;  demonstrative of some innate deficiency in forecasting ability, tbh

Zoomers get a pass tho",en,Tweet,14,264,14,19,,2022-03-24 06:24:48,"<a href=""https://mobile.twitter.com"" rel=""nofollow"">Twitter Web App</a>",,,,
1506349886953988096,"@bitcoinbeckham @icebergy_ @GiganticRebirth @GCRVentures those are the only 3, all others are scammers trying to finesse ppl

main one is for trading
gcrclassic is for shitposting
gcrventures is for my 2024 presidential campaign",en,Reply,2,40,0,3,,2022-03-22 20:19:34,"<a href=""https://mobile.twitter.com"" rel=""nofollow"">Twitter Web App</a>",,,,
1506278987428995073,"Strongly, strongly believe vast majority of people are safer letting reputable tier-1 exchanges hold their digital assets [as opposed to self custody]

Hackers will only get increasingly sophisticated, and it only takes one moment for you to slip

Have echoed this for years",en,Tweet,39,949,57,68,,2022-03-22 15:37:50,"<a href=""https://mobile.twitter.com"" rel=""nofollow"">Twitter Web App</a>",,,,
1506279373275549714,@laylaytov yes,und,Reply,0,23,0,3,,2022-03-22 15:39:22,"<a href=""https://mobile.twitter.com"" rel=""nofollow"">Twitter Web App</a>",,,,
1506249139226619905,"@ImperatorXBT peace, harmony, wholeness, completeness, prosperity, welfare and tranquility",en,Reply,3,67,0,4,,2022-03-22 13:39:14,"<a href=""https://mobile.twitter.com"" rel=""nofollow"">Twitter Web App</a>",,,,
1505546760265125895,"saw a disheveled bearded old man howling on the street corner late at night;   went over to give him some money, assuming he was homeless and schizophrenic

he told me he had already made hundreds of millions in the dotcom bubble, but that insulin sensitivity was the tree of life",en,Tweet,16,362,8,31,,2022-03-20 15:08:14,"<a href=""https://mobile.twitter.com"" rel=""nofollow"">Twitter Web App</a>",,,,
1505555748876607491,@adtya_uprti I told people @GCRClassic was for shitposting when I created it,en,Tweet,1,45,0,3,,2022-03-20 15:43:57,"<a href=""https://mobile.twitter.com"" rel=""nofollow"">Twitter Web App</a>",,,,
1505551178523975687,@TheTradooor https://t.co/aLf6T0Iutg,qme,Reply,1,10,0,1,,2022-03-20 15:25:47,"<a href=""https://mobile.twitter.com"" rel=""nofollow"">Twitter Web App</a>",,https://www.youtube.com/watch?v=-Evs0wwnuak,,
1505524416968601600,"Fully out of $APE short now, as I expect $10 schelling point support to be defended https://t.co/WAnWibZlUQ",en,Tweet,27,678,30,79,,2022-03-20 13:39:26,"<a href=""https://mobile.twitter.com"" rel=""nofollow"">Twitter Web App</a>",,,photo,"https://pbs.twimg.com/media/FOSyOYgXsAEky7N.png,https://pbs.twimg.com/media/FOSyPWSXMAgUBU1.png"
1505325125800976386,"took metformin for about 14 months, used to spend a lot of time on life extension forums; probably thousand[s] of hours of research on the general topic

concluded metformin lacked efficacy [possibly harmful], and i think top minds in life extension have also come around to that",en,Tweet,69,293,15,57,,2022-03-20 00:27:32,"<a href=""https://mobile.twitter.com"" rel=""nofollow"">Twitter Web App</a>",,,,
1505314524328611844,volume ≠ price,en,Tweet,10,278,11,16,,2022-03-19 23:45:24,"<a href=""https://mobile.twitter.com"" rel=""nofollow"">Twitter Web App</a>",,,,
1504917133771292676,"highest alpha accounts usually under 2000 followers

@ABTestingAlpha one to watch",en,Tweet,60,164,7,7,,2022-03-18 21:26:19,"<a href=""https://mobile.twitter.com"" rel=""nofollow"">Twitter Web App</a>",,,,
1504912958354296833,https://t.co/Ruu1k6Iq48,zxx,Tweet,12,56,3,7,,2022-03-18 21:09:43,"<a href=""https://mobile.twitter.com"" rel=""nofollow"">Twitter Web App</a>",,https://www.youtube.com/watch?v=Yv6L4DunPDE,,
1504238396612427784,"@crypto_broke1 obviously will depend on price/mcap/liquidity conditions on launch

can't know until we see",en,Reply,1,7,0,0,,2022-03-17 00:29:15,"<a href=""https://mobile.twitter.com"" rel=""nofollow"">Twitter Web App</a>",,,,
1504093013118795778,"@Awawat_Trades Got a message from a friend that trades with serious size - he said to find the tree of life.

I tend to believe him.",en,Reply,5,75,3,8,,2022-03-16 14:51:33,"<a href=""https://mobile.twitter.com"" rel=""nofollow"">Twitter Web App</a>",,,,
1504072163447431169,"degens often ask me gambling advice, since i used to be a sports bettor in a previous life

not something i encourage, but if you're going to degen anyways 

New Orleans Saints 41.0 [bodog]/+3000 for SB57

like the upside + r/r on this, with expectation to hedge out b4 resolution https://t.co/VApTyaLJq9",en,Tweet,15,171,6,20,,2022-03-16 13:28:42,"<a href=""https://mobile.twitter.com"" rel=""nofollow"">Twitter Web App</a>",,,photo,https://pbs.twimg.com/media/FN-Jop0XsAAOLGd.png
1504076329972604934,"@DegenAlyster on bodog yes, but also seeing +3000 elsewhere

varies quite a bit",en,Reply,0,2,0,2,,2022-03-16 13:45:16,"<a href=""https://mobile.twitter.com"" rel=""nofollow"">Twitter Web App</a>",,,,
1504072917864361984,"@Yargunnersyar had a bookie refuse to pay me out since I was taking their money, so I just drained account by making opposite bets on same outcomes from a different source

this actually works in crypto too if an exchange ever freezes someone's acount",en,Reply,11,89,3,4,,2022-03-16 13:31:42,"<a href=""https://mobile.twitter.com"" rel=""nofollow"">Twitter Web App</a>",,,,
1503453660638023680,https://t.co/ByqLMLPqWp,zxx,Tweet,12,253,7,37,,2022-03-14 20:31:00,"<a href=""https://mobile.twitter.com"" rel=""nofollow"">Twitter Web App</a>",,,photo,https://pbs.twimg.com/media/FN1XD7KWUAwiyGz.jpg
1503087232319643659,"mentioned a similar thought a few months ago
still valid",en,Tweet,15,160,7,14,,2022-03-13 20:14:56,"<a href=""https://mobile.twitter.com"" rel=""nofollow"">Twitter Web App</a>",,,,
1503089768808292356,"@zerostarXBT Bogota doesn't have the upside to become Singapore-lite in the future

Invest in the coming dominance of Asia",en,Reply,4,31,1,2,,2022-03-13 20:25:01,"<a href=""https://mobile.twitter.com"" rel=""nofollow"">Twitter Web App</a>",,,,
1503088487091822597,"@scg_2000 financial disclosure 
looking to become one of the largest holders of KL property in the next years

not a sponsored tweet though
not like I can actually impact property prices with my tiny twitter following",en,Reply,10,35,3,2,,2022-03-13 20:19:56,"<a href=""https://mobile.twitter.com"" rel=""nofollow"">Twitter Web App</a>",,,,
1502133610480033793,@SLadington https://t.co/qKLqvW7ySR,qme,Retweet,0,78,3,7,,2022-03-11 05:05:35,"<a href=""https://mobile.twitter.com"" rel=""nofollow"">Twitter Web App</a>",,,photo,https://pbs.twimg.com/media/FNimih_XoAEu99F.jpg
1502267183677665281,"If the wicked man turns away from all the sins he has committed, if he keeps all my statutes and does what is just and right, he shall surely live. He shall not die!

Ezekiel 18:21",en,Retweet,11,1901,194,888,,2022-03-11 13:56:22,"<a href=""http://twitter.com/#!/download/ipad"" rel=""nofollow"">Twitter for iPad</a>",,,,
1502129896025382913,"you have permission to enjoy your weekends, [for now]. if that's something you need

there's alpha in recharging your MP",en,Tweet,25,341,20,34,,2022-03-11 04:50:50,"<a href=""https://mobile.twitter.com"" rel=""nofollow"">Twitter Web App</a>",,,,
1502133610480033793,@SLadington https://t.co/qKLqvW7ySR,qme,Reply,0,78,3,7,,2022-03-11 05:05:35,"<a href=""https://mobile.twitter.com"" rel=""nofollow"">Twitter Web App</a>",,,photo,https://pbs.twimg.com/media/FNimih_XoAEu99F.jpg
1499041088446861312,"expect 2022 to continue to be a kinetic, chaotic year geopolitically

the covid-19 pandemic artificially suppressed two years of human ambitions into paralysis

as the pandemic continues to unwind, those ambitions will be uncoiled on a global level",en,Tweet,21,410,40,14,,2022-03-02 16:17:00,"<a href=""https://mobile.twitter.com"" rel=""nofollow"">Twitter Web App</a>",,,,
1498371515288588295,"Struggling to get inside the mind of Vladimir Putin?

Read: https://t.co/7nHnpj88iU",en,Tweet,25,173,9,13,,2022-02-28 19:56:22,"<a href=""http://erased169_mx6NToMfUF.com"" rel=""nofollow"">erased169_mx6NToMfUF</a>",,https://tl.gd/n_1srvire,,
1498376022785511429,"@0xstoicas If you start showing even a few signs of weakness in a place like Russia, you'll wake up one morning to a color revolution or palace coup",en,Reply,0,18,1,1,,2022-02-28 20:14:16,"<a href=""https://mobile.twitter.com"" rel=""nofollow"">Twitter Web App</a>",,,,
1497205785729847302,"According to a source who has been notified about the decision, President Biden has decided to nominate to the Supreme Court Judge Ketanji Brown Jackson of the United States Court of Appeals for the District of Columbia Circuit",en,Retweet,44,11066,1828,267,,2022-02-25 14:44:10,"<a href=""http://twitter.com/download/iphone"" rel=""nofollow"">Twitter for iPhone</a>",,,,
1496851799231377415,"Intelligence has believed for months, Putins aim was neither to occupy nor annex Ukraine longterm

Rather, it serves his objectives to install a more friendly regime and turn Ukraine into 'Belarus South';  'shock and awe' intended to cajole a frightened population into submission",en,Tweet,15,260,10,15,,2022-02-24 15:17:33,"<a href=""https://mobile.twitter.com"" rel=""nofollow"">Twitter Web App</a>",,,,
1496862573618249735,"@Axantis12 Russia will attack, threaten, and possibly move troops into Kyiv

But their goal is not to occupy Kyiv and fight a never ending insurgency

Putin is hoping he can replace Zelensky with more pro Kremlin leaders",en,Reply,0,25,1,3,,2022-02-24 16:00:22,"<a href=""https://mobile.twitter.com"" rel=""nofollow"">Twitter Web App</a>",,,,
1496857276149293063,"@legendarymrpopo agree that it will be extraordinarily difficult to subjugate Ukrainians to Russian puppet state for long period of time

but that is Putin's end game here, regardless 

he may decide to partition the country and leave some parts of the West as a 'rump state'",en,Reply,0,19,1,2,,2022-02-24 15:39:19,"<a href=""https://mobile.twitter.com"" rel=""nofollow"">Twitter Web App</a>",,,,
1495548582300205059,"@kalashkalash35 @shotta_sk @GiganticRebirth @GCRVentures Macron will win, but he was always at 65% odds, so at best, you could have made 1.5x on your bet with him

Whereas Pecresse netted you a 10-25x [depending on when you flipped the contract], from when I recommended the initial entry

Finding and flipping undervalued shares is key",en,Reply,4,27,0,1,,2022-02-21 00:59:02,"<a href=""https://mobile.twitter.com"" rel=""nofollow"">Twitter Web App</a>",,,,
1495543082661593090,"@kalashkalash35 @shotta_sk @GiganticRebirth @GCRVentures The situation in Russia has really strengthened Macron [likely to win], as voters will rally behind the incumbent in times of war/instability

But my 70:1 bet on her, was predicated on her being undervalued [my belief she would win the LR primary, and 10x her odds, which happened",en,Reply,2,18,0,1,,2022-02-21 00:37:11,"<a href=""https://mobile.twitter.com"" rel=""nofollow"">Twitter Web App</a>",,,,
1495503352301596672,"If you're determined to trade geopolitics, keep a close eye on the movements within these prediction markets, rather than trying to interpret [often misleading] Walter Bloomberg tweets or other clickbait 

https://t.co/quRDnjO6mJ

https://t.co/SUUmnuWYJU

https://t.co/1BU8fSumJc https://t.co/dXbvUgtJqj",en,Tweet,199,512,61,18,,2022-02-20 21:59:18,"<a href=""https://mobile.twitter.com"" rel=""nofollow"">Twitter Web App</a>",,"https://www.metaculus.com/questions/8898/russian-invasion-of-ukraine-before-2023/,https://www.metaculus.com/questions/9875/ukrainian-insurgency-against-russia-22-23/,https://www.metaculus.com/questions/9459/russian-troops-in-kiev-in-2022/",photo,"https://pbs.twimg.com/media/FMEYQ0OWYAMhQZa.png,https://pbs.twimg.com/media/FMEYR2pWUAItXYo.png,https://pbs.twimg.com/media/FMEYStWXwAAjBXi.png"
1494619087355486229,"It's not a question of whether or not Russia will invade Ukraine

Eastern Ukraine is a lost cause, and has been under invasion since the onset of the Russo Ukrainian War in 2014;   and I expect further encroachment",en,Tweet,3,160,7,6,,2022-02-18 11:25:33,"<a href=""https://mobile.twitter.com"" rel=""nofollow"">Twitter Web App</a>",,,,
1494619972718505985,@MatthieuXBT The war is already 8 years old,en,Reply,0,28,1,1,,2022-02-18 11:29:04,"<a href=""https://mobile.twitter.com"" rel=""nofollow"">Twitter Web App</a>",,,,
1494619219450806275,"The more pertinent question, as it relates to the markets, is whether Russia will be bold enough to occupy Kyiv

My money is on No",en,Tweet,10,289,13,28,,2022-02-18 11:26:05,"<a href=""https://mobile.twitter.com"" rel=""nofollow"">Twitter Web App</a>",,,,
1493989236260970502,@Domahhhh Ketanji Brown Jackson is a stone cold lock https://t.co/fNXq0ISAI7,en,Retweet,0,45,3,7,,2022-02-16 17:42:45,"<a href=""https://mobile.twitter.com"" rel=""nofollow"">Twitter Web App</a>",,,photo,https://pbs.twimg.com/media/FLu3RpnXsAcT0b3.jpg
1493728404566429703,"@TonyTonnss @LomahCrypto wrt to American politics, you have to turn your cynicism dial up 99%

and then you're probably still 90% not cynical enough",en,Reply,2,14,0,0,,2022-02-16 00:26:18,"<a href=""https://mobile.twitter.com"" rel=""nofollow"">Twitter Web App</a>",,,,
1493726709073408005,"@LomahCrypto It's an election year;  members of congress spend 90% of their time fundraising and soliciting campaign contributions

They're desperate for funds, and well aware crypto whales can be baited into generous donations

But it's all performative, and unlikely to help the industry",en,Reply,4,119,5,6,,2022-02-16 00:19:34,"<a href=""https://mobile.twitter.com"" rel=""nofollow"">Twitter Web App</a>",,,,
1493028173616926721,"FTX, pinpoint execution of every goal since 2019

Coinbase, consistent mediocrity and incompetence whenever it counts

There's only so long you can coast on a first mover advantage;  FTX will dominate the future in every simulation",en,Tweet,21,514,32,25,,2022-02-14 02:03:50,"<a href=""https://mobile.twitter.com"" rel=""nofollow"">Twitter Web App</a>",,,,
1493006545931706368,@scalpingkarl smart,en,Reply,0,10,0,0,,2022-02-14 00:37:53,"<a href=""https://mobile.twitter.com"" rel=""nofollow"">Twitter Web App</a>",,,,
1493004930529079297,@TheAurizen @elonmusk @McDonalds Elon Musk just consistently rugging people since SNL,en,Reply,0,39,0,0,,2022-02-14 00:31:28,"<a href=""https://mobile.twitter.com"" rel=""nofollow"">Twitter Web App</a>",,,,
1492943803967225866,"Last year, literal anons made a fake DOGE ad and was psyops meme it would be featured during halftime show;  think DOGE went 3x[?]

1 year later, Musk actually tweeted something [cryptic], and only a 5% pop

A strong statement about current state of cycle

https://t.co/cTr4GNbwRz",en,Tweet,10,182,11,5,,2022-02-13 20:28:35,"<a href=""https://mobile.twitter.com"" rel=""nofollow"">Twitter Web App</a>",,https://www.youtube.com/watch?v=pOwIYikCawk,,
1492524162828619776,"@8892OS i actively tried to get a decent amount of ppl to short hedge their looks position [just for their own good, i had no stake in it, either long or short], but they more or less thought it was going to infinity and wouldnt believe it",en,Reply,1,37,0,3,,2022-02-12 16:41:04,"<a href=""https://mobile.twitter.com"" rel=""nofollow"">Twitter Web App</a>",,,,
1492264807248060418,"in your heart, you know it's true",en,Tweet,12,343,18,21,,2022-02-11 23:30:29,"<a href=""https://mobile.twitter.com"" rel=""nofollow"">Twitter Web App</a>",,,,
1490780327186370564,"Hypothetical poll
In theory, if you had survived the Holocaust, and then only made it in the world because you were given a chance to immigrate to the West

Would you be [only answer the poll in the perspective of someone who had that specific experience in the world, not as you]",en,Tweet,1,42,2,22,,2022-02-07 21:11:42,"<a href=""https://mobile.twitter.com"" rel=""nofollow"">Twitter Web App</a>",,,,
1490747520095592456,"Coinbase has been exclusively listing, extremely illiquid microcap scams no one has ever heard of, for like, ....... 5 months now

This is not in any way novel or new",en,Tweet,19,970,43,34,,2022-02-07 19:01:20,"<a href=""https://mobile.twitter.com"" rel=""nofollow"">Twitter Web App</a>",,,,
1490461199808479236,"Why do you dislike George Soros?
Most generous + philanthropic man in history [has given away 70% of his net worth, compared to 37% for Gates]

Possibly the greatest shitcoin trader of alltime; and he was completely self made, starting with nothing, after surviving the Holocaust",en,Tweet,20,457,25,68,,2022-02-07 00:03:36,"<a href=""https://mobile.twitter.com"" rel=""nofollow"">Twitter Web App</a>",,,,
1490438253165563905,"this is the correct advice for individuals who are not

top 2% iq

NOR

top 10% hustle/grind [but if you're top 10% hustle, you also need to be top 15% disciplined, so ends up 1.5% cohort]

if neither, follow advice below",en,Tweet,72,263,25,11,,2022-02-06 22:32:25,"<a href=""https://mobile.twitter.com"" rel=""nofollow"">Twitter Web App</a>",,,,
1490440616676933632,"@inveyBEAST 5x / yr there's free money on the floor

pick it up

then do nothing",en,Reply,12,59,5,1,,2022-02-06 22:41:48,"<a href=""https://mobile.twitter.com"" rel=""nofollow"">Twitter Web App</a>",,,,
1490207887720914945,"something that most market participants arent aware of

during the rally we had from July to November, only 20% of alts went back near or above levels they had peaked at in May

other 80% either lagged, or continued to rug;  and that was even before they did another -90% post Nov",en,Tweet,13,177,12,12,,2022-02-06 07:17:01,"<a href=""https://mobile.twitter.com"" rel=""nofollow"">Twitter Web App</a>",,,,
1490233533054562310,"@DavePerps I've never deleted a tweet related to price, predictions, or general market direction and outlook

Only tweets that were ever deleted were pictures of dog, personal information and general opsec, and typos that were retweeted

https://t.co/izaTGAtd0H is good resource to check",en,Reply,0,8,0,0,,2022-02-06 08:58:56,"<a href=""https://mobile.twitter.com"" rel=""nofollow"">Twitter Web App</a>",,https://t.me/Crypto_Deleted,,
1490205266213851140,"did i call and short the top of your alts:  yes
did i call and close the local bottoms on them:  also yes

but do i think your shitcoin is going back to ATH? 

absolutely not

but we've been in a downtrend for 3 months;  you don't have to be a hero and try to fade it after 2 days",en,Tweet,15,529,18,29,,2022-02-06 07:06:36,"<a href=""https://mobile.twitter.com"" rel=""nofollow"">Twitter Web App</a>",,,,
1490216122821586945,"@slipthedogs @1049ngnl on a very long timeframe, i think crypto eats traditional finance, and can subscribe to some version of a supercycle",en,Reply,5,34,1,3,,2022-02-06 07:49:45,"<a href=""https://mobile.twitter.com"" rel=""nofollow"">Twitter Web App</a>",,,,
1490215654456233984,"@AbessaTrades is that what you inferred from this?

https://t.co/Q5he39xsMG",en,Reply,1,11,0,0,,2022-02-06 07:47:53,"<a href=""https://mobile.twitter.com"" rel=""nofollow"">Twitter Web App</a>",,https://twitter.com/GCRClassic/status/1486091920602542084,,
1490212901361266691,@Funky_Enough_ sometimes you have to save people from their own worst impulses when you sense people are making bad decisions again,en,Reply,0,75,0,3,,2022-02-06 07:36:57,"<a href=""https://mobile.twitter.com"" rel=""nofollow"">Twitter Web App</a>",,,,
1490211179301584896,@syedaghamehmood @geraldhefdaddy @AtDense i meant fading [shorting] the bounces after two days of a reversal is not what i would recommend for people,en,Reply,3,16,0,1,,2022-02-06 07:30:06,"<a href=""https://mobile.twitter.com"" rel=""nofollow"">Twitter Web App</a>",,,,
1490205943820390406,"@BeeerasTA dangerous game for people, often with limited margin, to try to picotime these type of movements",en,Reply,1,34,0,1,,2022-02-06 07:09:18,"<a href=""https://mobile.twitter.com"" rel=""nofollow"">Twitter Web App</a>",,,,
1488588223861379077,"Who should I select as my VP / running mate?

Serious question",en,Tweet,2,101,1,47,,2022-02-01 20:01:03,"<a href=""https://mobile.twitter.com"" rel=""nofollow"">Twitter Web App</a>",,,,
1488589495083716612,"@sailentobserver I want to win
VP is largely ceremonial role anyways, and I'm unlikely to die in office",en,Reply,2,10,0,0,,2022-02-01 20:06:06,"<a href=""https://mobile.twitter.com"" rel=""nofollow"">Twitter Web App</a>",,,,
1488588573280555011,"@onChainAnal After consulting my pollsters and conducting some focus groups, I've decided Obama would be a bit too polarizing to my potential constituency",en,Reply,1,19,0,0,,2022-02-01 20:02:27,"<a href=""https://mobile.twitter.com"" rel=""nofollow"">Twitter Web App</a>",,,,
1488577076592619525,"Important to recognize that real estate is not crypto, and investments can take a decade to find maturation

This won't be similar to flipping Azukis",en,Tweet,4,100,0,5,,2022-02-01 19:16:46,"<a href=""https://mobile.twitter.com"" rel=""nofollow"">Twitter Web App</a>",,,,
1488577608358977540,@picKupAp my favorite and most accurate reply guy,en,Reply,0,10,0,2,,2022-02-01 19:18:52,"<a href=""https://mobile.twitter.com"" rel=""nofollow"">Twitter Web App</a>",,,,
1487794994958290951,https://t.co/1aUy3Fuym5,zxx,Tweet,26,95,2,6,,2022-01-30 15:29:03,"<a href=""https://mobile.twitter.com"" rel=""nofollow"">Twitter Web App</a>",,https://www.youtube.com/watch?v=7-C1cpG6TLc,,
1487809282380869634,"@coolwizard42 a slight addendum
might consider hedging current real estate purchases with short hedges on overheated real estate in other markets

thesis is that Kuala Lumpur outperforms relative RE market",en,Reply,4,16,0,2,,2022-01-30 16:25:49,"<a href=""https://mobile.twitter.com"" rel=""nofollow"">Twitter Web App</a>",,,,
1487799298599358466,"@picKupAp try psilocybin [1]

[1] - discard advice in the case of underlying predisposition for schizophrenia, schizoaffective disorder, or mania",en,Reply,5,17,0,2,,2022-01-30 15:46:09,"<a href=""https://mobile.twitter.com"" rel=""nofollow"">Twitter Web App</a>",,,,
1487797885223596032,"@KaminoCrypto all of human history has been red, with occasional spasms of green that only get snuffed out, until our programmed senescence and demise

you must come to peace with this",en,Reply,5,15,1,2,,2022-01-30 15:40:32,"<a href=""https://mobile.twitter.com"" rel=""nofollow"">Twitter Web App</a>",,,,
1487796131434225667,https://t.co/1aUy3Fuym5,zxx,Reply,4,32,3,8,,2022-01-30 15:33:34,"<a href=""https://mobile.twitter.com"" rel=""nofollow"">Twitter Web App</a>",,https://www.youtube.com/watch?v=7-C1cpG6TLc,,
1487414149596561410,https://t.co/CprIkbCS6O,zxx,Tweet,6,63,2,17,,2022-01-29 14:15:42,"<a href=""https://mobile.twitter.com"" rel=""nofollow"">Twitter Web App</a>",,https://www.youtube.com/watch?v=FcN2i9GKsFQ,,
1487413308328185857,"@CryptoZer0_ on long term timeframe, still more downside

but I closed my LUNA and SPELL shorts after such intense sell pressure and ""fud""

happy to be flat on the market rn",en,Reply,2,28,1,3,,2022-01-29 14:12:22,"<a href=""https://mobile.twitter.com"" rel=""nofollow"">Twitter Web App</a>",,,,
1486567942120779780,"Breyer retiring the first domino [prediction markets had it around 50% whether he would step down, prior to today]

Now let's see if I was right about Ketanji Brown Jackson

I was able to long Gorsuch at 4%, and Kavanaugh at 8%, but missed Amy Barrett",en,Tweet,1,71,3,5,,2022-01-27 06:13:11,"<a href=""https://mobile.twitter.com"" rel=""nofollow"">Twitter Web App</a>",,,,
1486091920602542084,"3rd most common question I get is

Why take profits on shorts if you still think they go lower longterm

If youve reaped 70-90% downside shorting an alt, and still holding it for the extra 10%, reevaluate your heuristic

This happens to you if you ape months after my short thesis https://t.co/fdDTABptKl",en,Tweet,23,307,14,10,,2022-01-25 22:41:38,"<a href=""https://mobile.twitter.com"" rel=""nofollow"">Twitter Web App</a>",,,photo,"https://pbs.twimg.com/media/FJ-oX1QXsAAuwLk.jpg,https://pbs.twimg.com/media/FJ-okL4XMAIaQdl.jpg"
1485785778940747778,"Few understand, Muhammad Ali was the first [and greatest] rapper of all time; decades before birth of hip hop

Would recommend going through his rhymes

𝘐’𝘷𝘦 𝘸𝘳𝘦𝘴𝘵𝘭𝘦𝘥 𝘸𝘪𝘵𝘩 𝘢𝘭𝘭𝘪𝘨𝘢𝘵𝘰𝘳𝘴,
𝘐’𝘷𝘦 𝘵𝘶𝘴𝘴𝘭𝘦𝘥 𝘸𝘪𝘵𝘩 𝘢 𝘸𝘩𝘢𝘭𝘦

https://t.co/TH39oYNRLd",en,Tweet,6,99,3,10,,2022-01-25 02:25:08,"<a href=""https://mobile.twitter.com"" rel=""nofollow"">Twitter Web App</a>",,https://www.youtube.com/watch?v=yfqbscE8ZNA,,
1484647173321068548,"Our volition or agency is an illusion of our mind

Any movement of any body is entirely explicable in terms of antecedent physical conditions. The deeds of the mind are mechanically caused by preceding conditions of body+brain

From moment of conception, your history was written",en,Tweet,44,298,35,32,,2022-01-21 23:00:44,"<a href=""https://mobile.twitter.com"" rel=""nofollow"">Twitter Web App</a>",,,,
1484649376341544961,"@decembear_rekt Yes
Of this, I am certain

And therefor, whatever trading losses any of you have incurred, it never could have been any of other way

Find comfort in this",en,Reply,15,123,5,8,,2022-01-21 23:09:29,"<a href=""https://mobile.twitter.com"" rel=""nofollow"">Twitter Web App</a>",,,,
1484645463953453061,"Not in the mood to gloat when friends are down bad

But I'll try to give you a framework to help meditate and find peace with situation

Comfort yourself with determinism

You were always going to lose this money, always going to go through this timeline

It was all predestined",en,Tweet,23,351,24,13,,2022-01-21 22:53:56,"<a href=""https://mobile.twitter.com"" rel=""nofollow"">Twitter Web App</a>",,,,
1484423760740552707,"Most common question is, what is advice I'd give

It's this

Anchoring yourself to peak net worth is responsible for the tilt spiral most traders end up on as they bleed out years of profit

You have to find some way to let it go",en,Tweet,38,254,30,12,,2022-01-21 08:12:58,"<a href=""https://mobile.twitter.com"" rel=""nofollow"">Twitter Web App</a>",,,,
1484411050137116672,"My entire net worth was traded up from $1000 [half decade ago]

All through trading, nothing else

And due to circumstances I may discuss in the future, trading was the only thing that was viable for me

Probably traveled the hardest road, coming from the least; came from nothing",en,Tweet,48,319,21,31,,2022-01-21 07:22:28,"<a href=""https://mobile.twitter.com"" rel=""nofollow"">Twitter Web App</a>",,,,
1484374710670352390,"@idontfcknknoww avoid medications
avoid drugs [recreational and prescribed]

be extremely discerning and distrustful with who manages or has authority over your healthcare and medical decisions

biggest alpha

some exceptions;  occasional stimulant use for focus can be useful [for right person]",en,Tweet,9,22,2,4,,2022-01-21 04:58:04,"<a href=""https://mobile.twitter.com"" rel=""nofollow"">Twitter Web App</a>",,,,
1484312663643488257,"You're wondering where to put your cash if everything looks so goblin

Malaysian real estate

Specifically, Kuala Lumpur

Look at the parabolic chart of Chinese millionaires, and estimate how much space is left in Singapore and Hong Kong

The future is now",en,Tweet,86,340,31,31,,2022-01-21 00:51:30,"<a href=""https://mobile.twitter.com"" rel=""nofollow"">Twitter Web App</a>",,,,
1484176086128807936,"Finalizing the acquisition of my first ever dog [canis familiaris]

Have wanted one for years, but never had time;  will 

Series A funding round",en,Tweet,3,126,1,15,,2022-01-20 15:48:48,"<a href=""https://mobile.twitter.com"" rel=""nofollow"">Twitter Web App</a>",,,,
1484118660696449029,https://t.co/s6aSAN1meR,zxx,Tweet,0,75,2,17,,2022-01-20 12:00:36,"<a href=""https://mobile.twitter.com"" rel=""nofollow"">Twitter Web App</a>",,https://www.youtube.com/watch?v=KOCV-JJPErA,,
