2026/07/17 01:00:26.266, 1, 0
2026/07/17 01:00:26.370, 1, 0
2026/07/17 01:00:26.470, 1, 0
2026/07/17 01:00:26.571, 1, 0
2026/07/17 01:00:26.671, 1, 0
2026/07/17 01:00:26.771, 1, 0
2026/07/17 01:00:26.871, 1, 0
2026/07/17 01:00:26.971, 1, 0
2026/07/17 01:00:27.071, 1, 0
2026/07/17 01:00:27.171, 1, 0
2026/07/17 01:00:27.272, 1, 0
2026/07/17 01:00:27.372, 1, 0
2026/07/17 01:00:27.472, 1, 0
2026/07/17 01:00:27.572, 1, 0
2026/07/17 01:00:27.672, 1, 0
2026/07/17 01:00:27.772, 1, 0
2026/07/17 01:00:27.872, 1, 0
2026/07/17 01:00:27.973, 1, 0
2026/07/17 01:00:28.073, 1, 0
2026/07/17 01:00:28.173, 1, 0
2026/07/17 01:00:28.273, 1, 0
2026/07/17 01:00:28.373, 1, 0
2026/07/17 01:00:28.473, 1, 0
2026/07/17 01:00:28.573, 1, 0
2026/07/17 01:00:28.673, 1, 0
2026/07/17 01:00:28.774, 1, 0
2026/07/17 01:00:28.874, 1, 0
2026/07/17 01:00:28.974, 1, 0
2026/07/17 01:00:29.074, 1, 0
2026/07/17 01:00:29.174, 1, 0
2026/07/17 01:00:29.274, 1, 0
2026/07/17 01:00:29.374, 1, 0
2026/07/17 01:00:29.475, 1, 0
2026/07/17 01:00:29.575, 1, 0
2026/07/17 01:00:29.675, 1, 0
2026/07/17 01:00:29.775, 1, 0
2026/07/17 01:00:29.875, 4, 0
2026/07/17 01:00:29.975, 24, 0
2026/07/17 01:00:30.075, 264, 0
2026/07/17 01:00:30.175, 264, 0
2026/07/17 01:00:30.276, 264, 0
2026/07/17 01:00:30.376, 264, 0
2026/07/17 01:00:30.476, 264, 0
2026/07/17 01:00:30.576, 264, 0
2026/07/17 01:00:30.676, 264, 0
2026/07/17 01:00:30.776, 264, 0
2026/07/17 01:00:30.876, 264, 0
2026/07/17 01:00:30.976, 264, 0
2026/07/17 01:00:31.076, 264, 0
2026/07/17 01:00:31.177, 264, 0
2026/07/17 01:00:31.277, 264, 0
2026/07/17 01:00:31.377, 264, 0
2026/07/17 01:00:31.477, 264, 0
2026/07/17 01:00:31.577, 264, 0
2026/07/17 01:00:31.677, 264, 0
2026/07/17 01:00:31.777, 264, 0
2026/07/17 01:00:31.877, 264, 0
2026/07/17 01:00:31.977, 264, 0
2026/07/17 01:00:32.077, 264, 0
2026/07/17 01:00:32.177, 264, 0
2026/07/17 01:00:32.277, 264, 0
2026/07/17 01:00:32.378, 264, 0
2026/07/17 01:00:32.478, 264, 0
2026/07/17 01:00:32.578, 264, 0
2026/07/17 01:00:32.678, 264, 0
2026/07/17 01:00:32.778, 264, 0
2026/07/17 01:00:32.878, 264, 0
2026/07/17 01:00:32.978, 264, 0
2026/07/17 01:00:33.078, 264, 0
2026/07/17 01:00:33.178, 264, 0
2026/07/17 01:00:33.279, 264, 0
2026/07/17 01:00:33.379, 264, 0
2026/07/17 01:00:33.479, 264, 0
2026/07/17 01:00:33.579, 264, 0
2026/07/17 01:00:33.679, 264, 0
2026/07/17 01:00:33.779, 264, 0
2026/07/17 01:00:33.879, 264, 0
2026/07/17 01:00:33.979, 264, 0
2026/07/17 01:00:34.079, 264, 0
2026/07/17 01:00:34.179, 264, 0
2026/07/17 01:00:34.279, 264, 0
2026/07/17 01:00:34.380, 264, 0
2026/07/17 01:00:34.480, 264, 0
2026/07/17 01:00:34.580, 264, 0
2026/07/17 01:00:34.680, 264, 0
2026/07/17 01:00:34.780, 264, 0
2026/07/17 01:00:34.880, 264, 0
2026/07/17 01:00:34.980, 264, 0
2026/07/17 01:00:35.080, 264, 0
2026/07/17 01:00:35.180, 264, 0
2026/07/17 01:00:35.281, 264, 0
2026/07/17 01:00:35.381, 264, 0
2026/07/17 01:00:35.481, 264, 0
2026/07/17 01:00:35.581, 264, 0
2026/07/17 01:00:35.681, 264, 0
2026/07/17 01:00:35.781, 264, 0
2026/07/17 01:00:35.881, 264, 0
2026/07/17 01:00:35.981, 264, 0
2026/07/17 01:00:36.081, 264, 0
2026/07/17 01:00:36.182, 264, 0
2026/07/17 01:00:36.282, 264, 0
2026/07/17 01:00:36.382, 264, 0
2026/07/17 01:00:36.482, 264, 0
2026/07/17 01:00:36.582, 264, 0
2026/07/17 01:00:36.682, 264, 0
2026/07/17 01:00:36.782, 264, 0
2026/07/17 01:00:36.882, 264, 0
2026/07/17 01:00:36.982, 264, 0
2026/07/17 01:00:37.082, 264, 0
2026/07/17 01:00:37.183, 264, 0
2026/07/17 01:00:37.283, 264, 0
2026/07/17 01:00:37.383, 264, 0
2026/07/17 01:00:37.483, 264, 0
2026/07/17 01:00:37.583, 264, 0
2026/07/17 01:00:37.683, 264, 0
2026/07/17 01:00:37.783, 264, 0
2026/07/17 01:00:37.883, 264, 0
2026/07/17 01:00:37.983, 264, 0
2026/07/17 01:00:38.083, 264, 0
2026/07/17 01:00:38.183, 264, 0
2026/07/17 01:00:38.283, 264, 0
2026/07/17 01:00:38.384, 264, 0
2026/07/17 01:00:38.484, 264, 0
2026/07/17 01:00:38.584, 264, 0
2026/07/17 01:00:38.684, 264, 0
2026/07/17 01:00:38.784, 264, 0
2026/07/17 01:00:38.884, 264, 0
2026/07/17 01:00:38.984, 264, 0
2026/07/17 01:00:39.084, 264, 0
2026/07/17 01:00:39.184, 264, 0
2026/07/17 01:00:39.284, 264, 0
2026/07/17 01:00:39.385, 264, 0
2026/07/17 01:00:39.485, 264, 0
2026/07/17 01:00:39.585, 264, 0
2026/07/17 01:00:39.685, 264, 0
2026/07/17 01:00:39.785, 264, 0
2026/07/17 01:00:39.885, 264, 0
2026/07/17 01:00:39.985, 264, 0
2026/07/17 01:00:40.085, 264, 0
2026/07/17 01:00:40.185, 264, 0
2026/07/17 01:00:40.285, 264, 0
2026/07/17 01:00:40.386, 264, 0
2026/07/17 01:00:40.486, 264, 0
2026/07/17 01:00:40.586, 264, 0
2026/07/17 01:00:40.686, 264, 0
2026/07/17 01:00:40.786, 264, 0
2026/07/17 01:00:40.886, 264, 0
2026/07/17 01:00:40.986, 264, 0
2026/07/17 01:00:41.086, 264, 0
2026/07/17 01:00:41.186, 264, 0
2026/07/17 01:00:41.286, 264, 0
2026/07/17 01:00:41.386, 264, 0
2026/07/17 01:00:41.487, 264, 0
2026/07/17 01:00:41.587, 264, 0
2026/07/17 01:00:41.687, 264, 0
2026/07/17 01:00:41.787, 264, 0
2026/07/17 01:00:41.887, 264, 0
2026/07/17 01:00:41.987, 264, 0
2026/07/17 01:00:42.087, 264, 0
2026/07/17 01:00:42.187, 264, 0
2026/07/17 01:00:42.287, 264, 0
2026/07/17 01:00:42.388, 264, 0
2026/07/17 01:00:42.488, 264, 0
2026/07/17 01:00:42.588, 264, 0
2026/07/17 01:00:42.688, 264, 0
2026/07/17 01:00:42.788, 264, 0
2026/07/17 01:00:42.888, 264, 0
2026/07/17 01:00:42.988, 264, 0
2026/07/17 01:00:43.088, 264, 0
2026/07/17 01:00:43.188, 264, 0
2026/07/17 01:00:43.288, 264, 0
2026/07/17 01:00:43.388, 264, 0
2026/07/17 01:00:43.489, 264, 0
2026/07/17 01:00:43.589, 264, 0
2026/07/17 01:00:43.689, 264, 0
2026/07/17 01:00:43.789, 264, 0
2026/07/17 01:00:43.889, 264, 0
2026/07/17 01:00:43.989, 264, 0
2026/07/17 01:00:44.089, 264, 0
2026/07/17 01:00:44.189, 264, 0
2026/07/17 01:00:44.289, 264, 0
2026/07/17 01:00:44.389, 264, 0
2026/07/17 01:00:44.490, 264, 0
2026/07/17 01:00:44.590, 264, 0
2026/07/17 01:00:44.690, 264, 0
2026/07/17 01:00:44.790, 264, 0
2026/07/17 01:00:44.890, 264, 0
2026/07/17 01:00:44.990, 264, 0
2026/07/17 01:00:45.090, 264, 0
2026/07/17 01:00:45.190, 264, 0
2026/07/17 01:00:45.290, 264, 0
2026/07/17 01:00:45.391, 264, 0
2026/07/17 01:00:45.491, 264, 0
2026/07/17 01:00:45.591, 264, 0
2026/07/17 01:00:45.691, 264, 0
2026/07/17 01:00:45.791, 264, 0
2026/07/17 01:00:45.891, 264, 0
2026/07/17 01:00:45.991, 264, 0
2026/07/17 01:00:46.091, 264, 0
2026/07/17 01:00:46.191, 264, 0
2026/07/17 01:00:46.291, 264, 0
2026/07/17 01:00:46.391, 264, 0
2026/07/17 01:00:46.492, 264, 0
2026/07/17 01:00:46.592, 264, 0
2026/07/17 01:00:46.692, 264, 0
2026/07/17 01:00:46.792, 264, 0
2026/07/17 01:00:46.892, 264, 0
2026/07/17 01:00:46.992, 264, 0
2026/07/17 01:00:47.092, 264, 0
2026/07/17 01:00:47.192, 264, 0
2026/07/17 01:00:47.292, 264, 0
2026/07/17 01:00:47.392, 264, 0
2026/07/17 01:00:47.492, 264, 0
2026/07/17 01:00:47.593, 264, 0
2026/07/17 01:00:47.693, 264, 0
2026/07/17 01:00:47.793, 264, 0
2026/07/17 01:00:47.893, 264, 0
2026/07/17 01:00:47.993, 264, 0
2026/07/17 01:00:48.093, 264, 0
2026/07/17 01:00:48.193, 264, 0
2026/07/17 01:00:48.293, 264, 0
2026/07/17 01:00:48.393, 264, 0
2026/07/17 01:00:48.493, 264, 0
2026/07/17 01:00:48.594, 264, 0
2026/07/17 01:00:48.694, 264, 0
2026/07/17 01:00:48.794, 264, 0
2026/07/17 01:00:48.894, 264, 0
2026/07/17 01:00:48.994, 264, 0
2026/07/17 01:00:49.094, 264, 0
2026/07/17 01:00:49.194, 264, 0
2026/07/17 01:00:49.294, 264, 0
2026/07/17 01:00:49.394, 264, 0
2026/07/17 01:00:49.495, 264, 0
2026/07/17 01:00:49.595, 264, 0
2026/07/17 01:00:49.695, 264, 0
2026/07/17 01:00:49.795, 264, 0
2026/07/17 01:00:49.895, 264, 0
2026/07/17 01:00:49.995, 264, 0
2026/07/17 01:00:50.095, 264, 0
2026/07/17 01:00:50.195, 264, 0
2026/07/17 01:00:50.295, 264, 0
2026/07/17 01:00:50.395, 264, 0
2026/07/17 01:00:50.495, 264, 0
2026/07/17 01:00:50.596, 264, 0
2026/07/17 01:00:50.696, 264, 0
2026/07/17 01:00:50.796, 264, 0
2026/07/17 01:00:50.896, 264, 0
2026/07/17 01:00:50.996, 264, 0
2026/07/17 01:00:51.096, 264, 0
2026/07/17 01:00:51.196, 264, 0
2026/07/17 01:00:51.296, 264, 0
2026/07/17 01:00:51.396, 264, 0
2026/07/17 01:00:51.497, 264, 0
2026/07/17 01:00:51.597, 264, 0
2026/07/17 01:00:51.697, 264, 0
2026/07/17 01:00:51.797, 264, 0
2026/07/17 01:00:51.897, 264, 0
2026/07/17 01:00:51.997, 264, 0
2026/07/17 01:00:52.097, 264, 0
2026/07/17 01:00:52.197, 264, 0
2026/07/17 01:00:52.298, 264, 0
2026/07/17 01:00:52.398, 264, 0
2026/07/17 01:00:52.498, 264, 0
2026/07/17 01:00:52.598, 264, 0
2026/07/17 01:00:52.698, 264, 0
2026/07/17 01:00:52.798, 264, 0
2026/07/17 01:00:52.898, 264, 0
2026/07/17 01:00:52.998, 264, 0
2026/07/17 01:00:53.098, 264, 0
2026/07/17 01:00:53.198, 264, 0
2026/07/17 01:00:53.299, 264, 0
2026/07/17 01:00:53.399, 264, 0
2026/07/17 01:00:53.499, 264, 0
2026/07/17 01:00:53.599, 264, 0
2026/07/17 01:00:53.699, 264, 0
2026/07/17 01:00:53.799, 264, 0
2026/07/17 01:00:53.899, 264, 0
2026/07/17 01:00:53.999, 264, 0
2026/07/17 01:00:54.099, 264, 0
2026/07/17 01:00:54.199, 264, 0
2026/07/17 01:00:54.300, 264, 0
2026/07/17 01:00:54.400, 264, 0
2026/07/17 01:00:54.500, 264, 0
2026/07/17 01:00:54.600, 264, 0
2026/07/17 01:00:54.700, 264, 0
2026/07/17 01:00:54.800, 264, 0
2026/07/17 01:00:54.900, 264, 0
2026/07/17 01:00:55.000, 264, 0
2026/07/17 01:00:55.100, 264, 0
2026/07/17 01:00:55.200, 264, 0
2026/07/17 01:00:55.301, 264, 0
2026/07/17 01:00:55.401, 264, 0
2026/07/17 01:00:55.501, 264, 0
2026/07/17 01:00:55.601, 264, 0
2026/07/17 01:00:55.701, 264, 0
2026/07/17 01:00:55.801, 264, 0
2026/07/17 01:00:55.901, 264, 0
2026/07/17 01:00:56.001, 264, 0
2026/07/17 01:00:56.101, 264, 0
2026/07/17 01:00:56.201, 264, 0
2026/07/17 01:00:56.301, 264, 0
2026/07/17 01:00:56.401, 264, 0
2026/07/17 01:00:56.502, 264, 0
2026/07/17 01:00:56.602, 264, 0
2026/07/17 01:00:56.702, 264, 0
2026/07/17 01:00:56.802, 264, 0
2026/07/17 01:00:56.902, 264, 0
2026/07/17 01:00:57.002, 264, 0
2026/07/17 01:00:57.102, 264, 0
2026/07/17 01:00:57.202, 264, 0
2026/07/17 01:00:57.302, 264, 0
2026/07/17 01:00:57.402, 264, 0
2026/07/17 01:00:57.503, 264, 0
2026/07/17 01:00:57.603, 264, 0
2026/07/17 01:00:57.703, 264, 0
2026/07/17 01:00:57.803, 264, 0
2026/07/17 01:00:57.903, 264, 0
2026/07/17 01:00:58.003, 264, 0
2026/07/17 01:00:58.103, 264, 0
2026/07/17 01:00:58.203, 264, 0
2026/07/17 01:00:58.304, 264, 0
2026/07/17 01:00:58.404, 264, 0
2026/07/17 01:00:58.504, 264, 0
2026/07/17 01:00:58.604, 264, 0
2026/07/17 01:00:58.704, 264, 0
2026/07/17 01:00:58.804, 264, 0
2026/07/17 01:00:58.904, 264, 0
2026/07/17 01:00:59.004, 264, 0
2026/07/17 01:00:59.104, 264, 0
2026/07/17 01:00:59.204, 264, 0
2026/07/17 01:00:59.305, 264, 0
2026/07/17 01:00:59.405, 264, 0
2026/07/17 01:00:59.505, 264, 0
2026/07/17 01:00:59.605, 264, 0
2026/07/17 01:00:59.705, 264, 0
2026/07/17 01:00:59.805, 264, 0
2026/07/17 01:00:59.905, 264, 0
2026/07/17 01:01:00.005, 264, 0
2026/07/17 01:01:00.105, 264, 0
2026/07/17 01:01:00.205, 264, 0
2026/07/17 01:01:00.306, 264, 0
2026/07/17 01:01:00.406, 264, 0
2026/07/17 01:01:00.506, 264, 0
2026/07/17 01:01:00.606, 264, 0
2026/07/17 01:01:00.706, 264, 0
2026/07/17 01:01:00.806, 264, 0
2026/07/17 01:01:00.906, 264, 0
2026/07/17 01:01:01.006, 264, 0
2026/07/17 01:01:01.106, 264, 0
2026/07/17 01:01:01.206, 264, 0
2026/07/17 01:01:01.307, 264, 0
2026/07/17 01:01:01.407, 264, 0
2026/07/17 01:01:01.507, 264, 0
2026/07/17 01:01:01.607, 264, 0
2026/07/17 01:01:01.707, 264, 0
2026/07/17 01:01:01.807, 264, 0
2026/07/17 01:01:01.907, 264, 0
2026/07/17 01:01:02.007, 264, 0
2026/07/17 01:01:02.108, 264, 0
2026/07/17 01:01:02.208, 264, 0
2026/07/17 01:01:02.308, 264, 0
2026/07/17 01:01:02.408, 264, 0
2026/07/17 01:01:02.508, 264, 0
2026/07/17 01:01:02.608, 264, 0
2026/07/17 01:01:02.708, 264, 0
2026/07/17 01:01:02.808, 264, 0
2026/07/17 01:01:02.908, 264, 0
2026/07/17 01:01:03.008, 264, 0
2026/07/17 01:01:03.109, 264, 0
2026/07/17 01:01:03.209, 264, 0
2026/07/17 01:01:03.309, 264, 0
2026/07/17 01:01:03.409, 264, 0
2026/07/17 01:01:03.509, 264, 0
2026/07/17 01:01:03.609, 264, 0
2026/07/17 01:01:03.709, 264, 0
2026/07/17 01:01:03.809, 264, 0
2026/07/17 01:01:03.909, 264, 0
2026/07/17 01:01:04.010, 264, 0
2026/07/17 01:01:04.110, 264, 0
2026/07/17 01:01:04.210, 264, 0
2026/07/17 01:01:04.310, 264, 0
2026/07/17 01:01:04.410, 264, 0
2026/07/17 01:01:04.510, 264, 0
2026/07/17 01:01:04.610, 264, 0
2026/07/17 01:01:04.710, 264, 0
2026/07/17 01:01:04.810, 264, 0
2026/07/17 01:01:04.910, 264, 0
2026/07/17 01:01:05.011, 264, 0
2026/07/17 01:01:05.111, 264, 0
2026/07/17 01:01:05.211, 264, 0
2026/07/17 01:01:05.311, 264, 0
2026/07/17 01:01:05.411, 264, 0
2026/07/17 01:01:05.511, 264, 0
2026/07/17 01:01:05.611, 264, 0
2026/07/17 01:01:05.711, 264, 0
2026/07/17 01:01:05.811, 264, 0
2026/07/17 01:01:05.911, 264, 0
2026/07/17 01:01:06.012, 264, 0
2026/07/17 01:01:06.112, 264, 0
2026/07/17 01:01:06.212, 264, 0
2026/07/17 01:01:06.312, 264, 0
2026/07/17 01:01:06.412, 264, 0
2026/07/17 01:01:06.512, 264, 0
2026/07/17 01:01:06.612, 264, 0
2026/07/17 01:01:06.712, 264, 0
2026/07/17 01:01:06.812, 264, 0
2026/07/17 01:01:06.913, 264, 0
2026/07/17 01:01:07.013, 264, 0
2026/07/17 01:01:07.113, 264, 0
2026/07/17 01:01:07.213, 264, 0
2026/07/17 01:01:07.313, 264, 0
2026/07/17 01:01:07.413, 264, 0
2026/07/17 01:01:07.513, 264, 0
2026/07/17 01:01:07.613, 264, 0
2026/07/17 01:01:07.713, 264, 0
2026/07/17 01:01:07.813, 264, 0
2026/07/17 01:01:07.914, 264, 0
2026/07/17 01:01:08.014, 264, 0
2026/07/17 01:01:08.114, 264, 0
2026/07/17 01:01:08.214, 264, 0
2026/07/17 01:01:08.314, 264, 0
2026/07/17 01:01:08.414, 264, 0
2026/07/17 01:01:08.514, 264, 0
2026/07/17 01:01:08.614, 264, 0
2026/07/17 01:01:08.714, 264, 0
2026/07/17 01:01:08.814, 264, 0
2026/07/17 01:01:08.915, 264, 0
2026/07/17 01:01:09.015, 264, 0
2026/07/17 01:01:09.115, 264, 0
2026/07/17 01:01:09.215, 264, 0
2026/07/17 01:01:09.315, 264, 0
2026/07/17 01:01:09.415, 264, 0
2026/07/17 01:01:09.515, 264, 0
2026/07/17 01:01:09.615, 264, 0
2026/07/17 01:01:09.715, 264, 0
2026/07/17 01:01:09.815, 264, 0
2026/07/17 01:01:09.916, 264, 0
2026/07/17 01:01:10.016, 264, 0
2026/07/17 01:01:10.116, 264, 0
2026/07/17 01:01:10.216, 264, 0
2026/07/17 01:01:10.316, 264, 0
2026/07/17 01:01:10.416, 264, 0
2026/07/17 01:01:10.516, 264, 0
2026/07/17 01:01:10.616, 264, 0
2026/07/17 01:01:10.716, 264, 0
2026/07/17 01:01:10.816, 264, 0
2026/07/17 01:01:10.917, 264, 0
2026/07/17 01:01:11.017, 264, 0
2026/07/17 01:01:11.117, 264, 0
2026/07/17 01:01:11.217, 264, 0
2026/07/17 01:01:11.317, 264, 0
2026/07/17 01:01:11.417, 264, 0
2026/07/17 01:01:11.517, 264, 0
2026/07/17 01:01:11.617, 264, 0
2026/07/17 01:01:11.717, 264, 0
2026/07/17 01:01:11.818, 264, 0
2026/07/17 01:01:11.918, 264, 0
2026/07/17 01:01:12.018, 264, 0
2026/07/17 01:01:12.118, 264, 0
2026/07/17 01:01:12.218, 264, 0
2026/07/17 01:01:12.318, 264, 0
2026/07/17 01:01:12.418, 264, 0
2026/07/17 01:01:12.518, 264, 0
2026/07/17 01:01:12.618, 264, 0
2026/07/17 01:01:12.719, 264, 0
2026/07/17 01:01:12.819, 264, 0
2026/07/17 01:01:12.919, 264, 0
2026/07/17 01:01:13.019, 264, 0
2026/07/17 01:01:13.119, 264, 0
2026/07/17 01:01:13.219, 264, 0
2026/07/17 01:01:13.319, 264, 0
2026/07/17 01:01:13.419, 264, 0
2026/07/17 01:01:13.519, 264, 0
2026/07/17 01:01:13.619, 264, 0
2026/07/17 01:01:13.719, 264, 0
2026/07/17 01:01:13.820, 264, 0
2026/07/17 01:01:13.920, 264, 0
2026/07/17 01:01:14.020, 264, 0
2026/07/17 01:01:14.120, 264, 0
2026/07/17 01:01:14.220, 264, 0
2026/07/17 01:01:14.320, 264, 0
2026/07/17 01:01:14.420, 264, 0
2026/07/17 01:01:14.520, 264, 0
2026/07/17 01:01:14.620, 264, 0
2026/07/17 01:01:14.720, 264, 0
2026/07/17 01:01:14.821, 264, 0
2026/07/17 01:01:14.921, 264, 0
2026/07/17 01:01:15.021, 264, 0
2026/07/17 01:01:15.121, 264, 0
2026/07/17 01:01:15.221, 264, 0
2026/07/17 01:01:15.321, 264, 0
2026/07/17 01:01:15.421, 264, 0
2026/07/17 01:01:15.521, 264, 0
2026/07/17 01:01:15.621, 264, 0
2026/07/17 01:01:15.721, 264, 0
2026/07/17 01:01:15.822, 264, 0
2026/07/17 01:01:15.922, 264, 0
2026/07/17 01:01:16.022, 264, 0
2026/07/17 01:01:16.122, 264, 0
2026/07/17 01:01:16.222, 264, 0
2026/07/17 01:01:16.322, 264, 0
2026/07/17 01:01:16.422, 264, 0
2026/07/17 01:01:16.522, 264, 0
2026/07/17 01:01:16.622, 264, 0
2026/07/17 01:01:16.722, 264, 0
2026/07/17 01:01:16.823, 264, 0
2026/07/17 01:01:16.923, 264, 0
2026/07/17 01:01:17.023, 264, 0
2026/07/17 01:01:17.123, 264, 0
2026/07/17 01:01:17.223, 264, 0
2026/07/17 01:01:17.323, 264, 0
2026/07/17 01:01:17.423, 264, 0
2026/07/17 01:01:17.523, 264, 0
2026/07/17 01:01:17.623, 264, 0
2026/07/17 01:01:17.723, 264, 0
2026/07/17 01:01:17.823, 264, 0
2026/07/17 01:01:17.924, 264, 0
2026/07/17 01:01:18.024, 264, 0
2026/07/17 01:01:18.124, 264, 0
2026/07/17 01:01:18.224, 264, 0
2026/07/17 01:01:18.324, 264, 0
2026/07/17 01:01:18.424, 264, 0
2026/07/17 01:01:18.524, 264, 0
2026/07/17 01:01:18.624, 264, 0
2026/07/17 01:01:18.724, 264, 0
2026/07/17 01:01:18.824, 264, 0
2026/07/17 01:01:18.925, 264, 0
2026/07/17 01:01:19.025, 264, 0
2026/07/17 01:01:19.125, 264, 0
2026/07/17 01:01:19.225, 264, 0
2026/07/17 01:01:19.325, 264, 0
2026/07/17 01:01:19.425, 264, 0
2026/07/17 01:01:19.525, 264, 0
2026/07/17 01:01:19.625, 264, 0
2026/07/17 01:01:19.725, 264, 0
2026/07/17 01:01:19.825, 264, 0
2026/07/17 01:01:19.926, 264, 0
2026/07/17 01:01:20.026, 264, 0
2026/07/17 01:01:20.126, 264, 0
2026/07/17 01:01:20.226, 264, 0
2026/07/17 01:01:20.326, 264, 0
2026/07/17 01:01:20.426, 264, 0
2026/07/17 01:01:20.526, 264, 0
2026/07/17 01:01:20.626, 264, 0
2026/07/17 01:01:20.726, 264, 0
2026/07/17 01:01:20.827, 264, 0
2026/07/17 01:01:20.927, 264, 0
2026/07/17 01:01:21.027, 264, 0
2026/07/17 01:01:21.127, 264, 0
2026/07/17 01:01:21.227, 264, 0
2026/07/17 01:01:21.327, 264, 0
2026/07/17 01:01:21.427, 264, 0
2026/07/17 01:01:21.527, 264, 0
2026/07/17 01:01:21.627, 264, 0
2026/07/17 01:01:21.727, 264, 0
2026/07/17 01:01:21.828, 264, 0
2026/07/17 01:01:21.928, 264, 0
2026/07/17 01:01:22.028, 264, 0
2026/07/17 01:01:22.128, 264, 0
2026/07/17 01:01:22.228, 264, 0
2026/07/17 01:01:22.328, 264, 0
2026/07/17 01:01:22.428, 264, 0
2026/07/17 01:01:22.528, 264, 0
2026/07/17 01:01:22.628, 264, 0
2026/07/17 01:01:22.728, 264, 0
2026/07/17 01:01:22.829, 264, 0
2026/07/17 01:01:22.929, 264, 0
2026/07/17 01:01:23.029, 264, 0
2026/07/17 01:01:23.129, 264, 0
2026/07/17 01:01:23.229, 264, 0
2026/07/17 01:01:23.329, 264, 0
2026/07/17 01:01:23.429, 264, 0
2026/07/17 01:01:23.529, 264, 0
2026/07/17 01:01:23.629, 264, 0
2026/07/17 01:01:23.729, 264, 0
2026/07/17 01:01:23.829, 264, 0
2026/07/17 01:01:23.930, 264, 0
2026/07/17 01:01:24.030, 264, 0
2026/07/17 01:01:24.130, 264, 0
2026/07/17 01:01:24.230, 264, 0
2026/07/17 01:01:24.330, 264, 0
2026/07/17 01:01:24.430, 264, 0
2026/07/17 01:01:24.530, 264, 0
2026/07/17 01:01:24.630, 264, 0
2026/07/17 01:01:24.730, 264, 0
2026/07/17 01:01:24.830, 264, 0
2026/07/17 01:01:24.931, 264, 0
2026/07/17 01:01:25.031, 264, 0
2026/07/17 01:01:25.131, 264, 0
2026/07/17 01:01:25.231, 264, 0
2026/07/17 01:01:25.331, 264, 0
2026/07/17 01:01:25.431, 264, 0
2026/07/17 01:01:25.531, 264, 0
2026/07/17 01:01:25.631, 264, 0
2026/07/17 01:01:25.731, 264, 0
2026/07/17 01:01:25.831, 264, 0
2026/07/17 01:01:25.932, 264, 0
2026/07/17 01:01:26.032, 264, 0
2026/07/17 01:01:26.132, 264, 0
2026/07/17 01:01:26.232, 264, 0
2026/07/17 01:01:26.332, 264, 0
2026/07/17 01:01:26.432, 264, 0
2026/07/17 01:01:26.532, 264, 0
2026/07/17 01:01:26.632, 264, 0
2026/07/17 01:01:26.732, 264, 0
2026/07/17 01:01:26.832, 264, 0
2026/07/17 01:01:26.932, 264, 0
2026/07/17 01:01:27.033, 264, 0
2026/07/17 01:01:27.133, 264, 0
2026/07/17 01:01:27.233, 264, 0
2026/07/17 01:01:27.333, 264, 0
2026/07/17 01:01:27.433, 264, 0
2026/07/17 01:01:27.533, 264, 0
2026/07/17 01:01:27.633, 264, 0
2026/07/17 01:01:27.734, 264, 0
2026/07/17 01:01:27.834, 264, 0
2026/07/17 01:01:27.934, 264, 0
2026/07/17 01:01:28.034, 264, 0
2026/07/17 01:01:28.134, 264, 0
2026/07/17 01:01:28.234, 264, 0
2026/07/17 01:01:28.334, 264, 0
2026/07/17 01:01:28.434, 264, 0
2026/07/17 01:01:28.534, 264, 0
2026/07/17 01:01:28.634, 264, 0
2026/07/17 01:01:28.735, 264, 0
2026/07/17 01:01:28.835, 264, 0
2026/07/17 01:01:28.935, 264, 0
2026/07/17 01:01:29.035, 264, 0
2026/07/17 01:01:29.135, 264, 0
2026/07/17 01:01:29.235, 264, 0
2026/07/17 01:01:29.335, 264, 0
2026/07/17 01:01:29.435, 264, 0
2026/07/17 01:01:29.535, 264, 0
2026/07/17 01:01:29.636, 264, 0
2026/07/17 01:01:29.736, 264, 0
2026/07/17 01:01:29.836, 264, 0
2026/07/17 01:01:29.936, 264, 0
2026/07/17 01:01:30.036, 264, 0
2026/07/17 01:01:30.136, 264, 0
2026/07/17 01:01:30.236, 264, 0
2026/07/17 01:01:30.336, 264, 0
2026/07/17 01:01:30.436, 264, 0
2026/07/17 01:01:30.537, 264, 0
2026/07/17 01:01:30.637, 264, 0
2026/07/17 01:01:30.737, 264, 0
2026/07/17 01:01:30.837, 264, 0
2026/07/17 01:01:30.937, 264, 0
2026/07/17 01:01:31.037, 264, 0
2026/07/17 01:01:31.137, 264, 0
2026/07/17 01:01:31.237, 264, 0
2026/07/17 01:01:31.337, 264, 0
2026/07/17 01:01:31.437, 264, 0
2026/07/17 01:01:31.538, 264, 0
2026/07/17 01:01:31.638, 264, 0
2026/07/17 01:01:31.738, 264, 0
2026/07/17 01:01:31.838, 264, 0
2026/07/17 01:01:31.938, 264, 0
2026/07/17 01:01:32.038, 264, 0
2026/07/17 01:01:32.138, 264, 0
2026/07/17 01:01:32.238, 264, 0
2026/07/17 01:01:32.338, 264, 0
2026/07/17 01:01:32.439, 264, 0
2026/07/17 01:01:32.539, 264, 0
2026/07/17 01:01:32.639, 264, 0
2026/07/17 01:01:32.739, 264, 0
2026/07/17 01:01:32.839, 264, 0
2026/07/17 01:01:32.939, 264, 0
2026/07/17 01:01:33.039, 264, 0
2026/07/17 01:01:33.139, 264, 0
2026/07/17 01:01:33.239, 264, 0
2026/07/17 01:01:33.339, 264, 0
2026/07/17 01:01:33.439, 264, 0
2026/07/17 01:01:33.540, 264, 0
2026/07/17 01:01:33.640, 264, 0
2026/07/17 01:01:33.740, 264, 0
2026/07/17 01:01:33.840, 264, 0
2026/07/17 01:01:33.940, 264, 0
2026/07/17 01:01:34.040, 264, 0
2026/07/17 01:01:34.140, 264, 0
2026/07/17 01:01:34.240, 264, 0
2026/07/17 01:01:34.340, 264, 0
2026/07/17 01:01:34.441, 264, 0
2026/07/17 01:01:34.541, 264, 0
2026/07/17 01:01:34.641, 264, 0
2026/07/17 01:01:34.741, 264, 0
2026/07/17 01:01:34.841, 264, 0
2026/07/17 01:01:34.941, 264, 0
2026/07/17 01:01:35.041, 264, 0
2026/07/17 01:01:35.141, 264, 0
2026/07/17 01:01:35.241, 264, 0
2026/07/17 01:01:35.342, 264, 0
2026/07/17 01:01:35.442, 264, 0
2026/07/17 01:01:35.542, 264, 0
2026/07/17 01:01:35.642, 264, 0
2026/07/17 01:01:35.742, 264, 0
2026/07/17 01:01:35.842, 264, 0
2026/07/17 01:01:35.942, 264, 0
2026/07/17 01:01:36.042, 264, 0
2026/07/17 01:01:36.142, 264, 0
2026/07/17 01:01:36.242, 264, 0
2026/07/17 01:01:36.342, 264, 0
2026/07/17 01:01:36.443, 264, 0
2026/07/17 01:01:36.543, 264, 0
2026/07/17 01:01:36.643, 264, 0
2026/07/17 01:01:36.743, 264, 0
2026/07/17 01:01:36.843, 264, 0
2026/07/17 01:01:36.943, 264, 0
2026/07/17 01:01:37.043, 264, 0
2026/07/17 01:01:37.143, 264, 0
2026/07/17 01:01:37.243, 264, 0
2026/07/17 01:01:37.344, 264, 0
2026/07/17 01:01:37.444, 264, 0
2026/07/17 01:01:37.544, 264, 0
2026/07/17 01:01:37.644, 264, 0
2026/07/17 01:01:37.744, 264, 0
2026/07/17 01:01:37.844, 264, 0
2026/07/17 01:01:37.944, 264, 0
2026/07/17 01:01:38.044, 264, 0
2026/07/17 01:01:38.144, 264, 0
2026/07/17 01:01:38.244, 264, 0
2026/07/17 01:01:38.344, 264, 0
2026/07/17 01:01:38.445, 264, 0
2026/07/17 01:01:38.545, 264, 0
2026/07/17 01:01:38.645, 264, 0
2026/07/17 01:01:38.745, 264, 0
2026/07/17 01:01:38.845, 264, 0
2026/07/17 01:01:38.945, 264, 0
2026/07/17 01:01:39.045, 264, 0
2026/07/17 01:01:39.145, 264, 0
2026/07/17 01:01:39.245, 264, 0
2026/07/17 01:01:39.345, 264, 0
2026/07/17 01:01:39.446, 264, 0
2026/07/17 01:01:39.546, 264, 0
2026/07/17 01:01:39.646, 264, 0
2026/07/17 01:01:39.746, 264, 0
2026/07/17 01:01:39.846, 264, 0
2026/07/17 01:01:39.946, 264, 0
2026/07/17 01:01:40.046, 264, 0
2026/07/17 01:01:40.146, 264, 0
2026/07/17 01:01:40.246, 264, 0
2026/07/17 01:01:40.347, 264, 0
2026/07/17 01:01:40.447, 264, 0
2026/07/17 01:01:40.547, 264, 0
2026/07/17 01:01:40.647, 264, 0
2026/07/17 01:01:40.747, 264, 0
2026/07/17 01:01:40.847, 264, 0
2026/07/17 01:01:40.947, 264, 0
2026/07/17 01:01:41.047, 264, 0
2026/07/17 01:01:41.147, 264, 0
2026/07/17 01:01:41.247, 264, 0
2026/07/17 01:01:41.348, 264, 0
2026/07/17 01:01:41.448, 264, 0
2026/07/17 01:01:41.548, 264, 0
2026/07/17 01:01:41.648, 264, 0
2026/07/17 01:01:41.748, 264, 0
2026/07/17 01:01:41.848, 264, 0
2026/07/17 01:01:41.948, 264, 0
2026/07/17 01:01:42.048, 264, 0
2026/07/17 01:01:42.148, 264, 0
2026/07/17 01:01:42.248, 264, 0
2026/07/17 01:01:42.349, 264, 0
2026/07/17 01:01:42.449, 264, 0
2026/07/17 01:01:42.549, 264, 0
2026/07/17 01:01:42.649, 264, 0
2026/07/17 01:01:42.749, 264, 0
2026/07/17 01:01:42.849, 264, 0
2026/07/17 01:01:42.949, 264, 0
2026/07/17 01:01:43.049, 264, 0
2026/07/17 01:01:43.150, 264, 0
2026/07/17 01:01:43.250, 264, 0
2026/07/17 01:01:43.350, 264, 0
2026/07/17 01:01:43.450, 264, 0
2026/07/17 01:01:43.550, 264, 0
2026/07/17 01:01:43.650, 264, 0
2026/07/17 01:01:43.750, 264, 0
2026/07/17 01:01:43.850, 264, 0
2026/07/17 01:01:43.950, 264, 0
2026/07/17 01:01:44.050, 264, 0
2026/07/17 01:01:44.151, 264, 0
2026/07/17 01:01:44.251, 264, 0
2026/07/17 01:01:44.351, 264, 0
2026/07/17 01:01:44.451, 264, 0
2026/07/17 01:01:44.551, 264, 0
2026/07/17 01:01:44.651, 264, 0
2026/07/17 01:01:44.751, 264, 0
2026/07/17 01:01:44.851, 264, 0
2026/07/17 01:01:44.952, 264, 0
2026/07/17 01:01:45.052, 264, 0
2026/07/17 01:01:45.152, 264, 0
2026/07/17 01:01:45.252, 264, 0
2026/07/17 01:01:45.352, 264, 0
2026/07/17 01:01:45.452, 264, 0
2026/07/17 01:01:45.552, 264, 0
2026/07/17 01:01:45.652, 264, 0
2026/07/17 01:01:45.752, 264, 0
2026/07/17 01:01:45.852, 264, 0
2026/07/17 01:01:45.953, 264, 0
2026/07/17 01:01:46.053, 264, 0
2026/07/17 01:01:46.153, 264, 0
2026/07/17 01:01:46.253, 264, 0
2026/07/17 01:01:46.353, 264, 0
2026/07/17 01:01:46.453, 264, 0
2026/07/17 01:01:46.553, 264, 0
2026/07/17 01:01:46.653, 264, 0
2026/07/17 01:01:46.753, 264, 0
2026/07/17 01:01:46.854, 264, 0
2026/07/17 01:01:46.954, 264, 0
2026/07/17 01:01:47.054, 264, 0
2026/07/17 01:01:47.154, 264, 0
2026/07/17 01:01:47.254, 264, 0
2026/07/17 01:01:47.354, 264, 0
2026/07/17 01:01:47.454, 264, 0
2026/07/17 01:01:47.554, 264, 0
2026/07/17 01:01:47.654, 264, 0
2026/07/17 01:01:47.754, 264, 0
2026/07/17 01:01:47.854, 264, 0
2026/07/17 01:01:47.954, 264, 0
2026/07/17 01:01:48.055, 264, 0
2026/07/17 01:01:48.155, 264, 0
2026/07/17 01:01:48.255, 264, 0
2026/07/17 01:01:48.355, 264, 0
2026/07/17 01:01:48.455, 264, 0
2026/07/17 01:01:48.555, 264, 0
2026/07/17 01:01:48.655, 264, 0
2026/07/17 01:01:48.755, 264, 0
2026/07/17 01:01:48.855, 264, 0
2026/07/17 01:01:48.955, 264, 0
2026/07/17 01:01:49.056, 264, 0
2026/07/17 01:01:49.156, 264, 0
2026/07/17 01:01:49.256, 264, 0
2026/07/17 01:01:49.356, 264, 0
2026/07/17 01:01:49.456, 264, 0
2026/07/17 01:01:49.556, 264, 0
2026/07/17 01:01:49.656, 264, 0
2026/07/17 01:01:49.756, 264, 0
2026/07/17 01:01:49.857, 264, 0
2026/07/17 01:01:49.957, 264, 0
2026/07/17 01:01:50.057, 264, 0
2026/07/17 01:01:50.157, 264, 0
2026/07/17 01:01:50.257, 264, 0
2026/07/17 01:01:50.357, 264, 0
2026/07/17 01:01:50.457, 264, 0
2026/07/17 01:01:50.557, 264, 0
2026/07/17 01:01:50.657, 264, 0
2026/07/17 01:01:50.758, 264, 0
2026/07/17 01:01:50.858, 264, 0
2026/07/17 01:01:50.958, 264, 0
2026/07/17 01:01:51.058, 264, 0
2026/07/17 01:01:51.158, 264, 0
2026/07/17 01:01:51.258, 264, 0
2026/07/17 01:01:51.358, 264, 0
2026/07/17 01:01:51.458, 264, 0
2026/07/17 01:01:51.558, 264, 0
2026/07/17 01:01:51.658, 264, 0
2026/07/17 01:01:51.758, 264, 0
2026/07/17 01:01:51.859, 264, 0
2026/07/17 01:01:51.959, 264, 0
2026/07/17 01:01:52.059, 264, 0
2026/07/17 01:01:52.159, 264, 0
2026/07/17 01:01:52.259, 264, 0
2026/07/17 01:01:52.359, 264, 0
2026/07/17 01:01:52.459, 264, 0
2026/07/17 01:01:52.559, 264, 0
2026/07/17 01:01:52.659, 264, 0
2026/07/17 01:01:52.759, 264, 0
2026/07/17 01:01:52.860, 264, 0
2026/07/17 01:01:52.960, 264, 0
2026/07/17 01:01:53.060, 264, 0
2026/07/17 01:01:53.160, 264, 0
2026/07/17 01:01:53.260, 264, 0
2026/07/17 01:01:53.360, 264, 0
2026/07/17 01:01:53.460, 264, 0
2026/07/17 01:01:53.560, 264, 0
2026/07/17 01:01:53.660, 264, 0
2026/07/17 01:01:53.760, 264, 0
2026/07/17 01:01:53.860, 264, 0
2026/07/17 01:01:53.961, 264, 0
2026/07/17 01:01:54.061, 264, 0
2026/07/17 01:01:54.161, 264, 0
2026/07/17 01:01:54.261, 264, 0
2026/07/17 01:01:54.361, 264, 0
2026/07/17 01:01:54.461, 264, 0
2026/07/17 01:01:54.561, 264, 0
2026/07/17 01:01:54.661, 264, 0
2026/07/17 01:01:54.761, 264, 0
2026/07/17 01:01:54.861, 264, 0
2026/07/17 01:01:54.962, 264, 0
2026/07/17 01:01:55.062, 264, 0
2026/07/17 01:01:55.162, 264, 0
2026/07/17 01:01:55.262, 264, 0
2026/07/17 01:01:55.362, 264, 0
2026/07/17 01:01:55.462, 264, 0
2026/07/17 01:01:55.562, 264, 0
2026/07/17 01:01:55.662, 264, 0
2026/07/17 01:01:55.762, 264, 0
2026/07/17 01:01:55.862, 264, 0
2026/07/17 01:01:55.963, 264, 0
2026/07/17 01:01:56.063, 264, 0
2026/07/17 01:01:56.163, 264, 0
2026/07/17 01:01:56.263, 264, 0
2026/07/17 01:01:56.363, 264, 0
2026/07/17 01:01:56.463, 264, 0
2026/07/17 01:01:56.563, 264, 0
2026/07/17 01:01:56.663, 264, 0
2026/07/17 01:01:56.763, 264, 0
2026/07/17 01:01:56.863, 264, 0
2026/07/17 01:01:56.964, 264, 0
2026/07/17 01:01:57.064, 264, 0
2026/07/17 01:01:57.164, 264, 0
2026/07/17 01:01:57.264, 264, 0
2026/07/17 01:01:57.364, 264, 0
2026/07/17 01:01:57.464, 264, 0
2026/07/17 01:01:57.564, 264, 0
2026/07/17 01:01:57.664, 264, 0
2026/07/17 01:01:57.764, 264, 0
2026/07/17 01:01:57.864, 264, 0
2026/07/17 01:01:57.965, 264, 0
2026/07/17 01:01:58.065, 264, 0
2026/07/17 01:01:58.165, 264, 0
2026/07/17 01:01:58.265, 264, 0
2026/07/17 01:01:58.365, 264, 0
2026/07/17 01:01:58.465, 264, 0
2026/07/17 01:01:58.565, 264, 0
2026/07/17 01:01:58.665, 264, 0
2026/07/17 01:01:58.766, 264, 0
2026/07/17 01:01:58.866, 264, 0
2026/07/17 01:01:58.966, 264, 0
2026/07/17 01:01:59.066, 264, 0
2026/07/17 01:01:59.166, 264, 0
2026/07/17 01:01:59.266, 264, 0
2026/07/17 01:01:59.366, 264, 0
2026/07/17 01:01:59.466, 264, 0
2026/07/17 01:01:59.566, 264, 0
2026/07/17 01:01:59.666, 264, 0
2026/07/17 01:01:59.767, 264, 0
2026/07/17 01:01:59.867, 264, 0
2026/07/17 01:01:59.967, 264, 0
2026/07/17 01:02:00.067, 264, 0
2026/07/17 01:02:00.167, 264, 0
2026/07/17 01:02:00.267, 264, 0
2026/07/17 01:02:00.367, 264, 0
2026/07/17 01:02:00.467, 264, 0
2026/07/17 01:02:00.567, 264, 0
2026/07/17 01:02:00.667, 264, 0
2026/07/17 01:02:00.767, 264, 0
2026/07/17 01:02:00.868, 264, 0
2026/07/17 01:02:00.968, 264, 0
2026/07/17 01:02:01.068, 264, 0
2026/07/17 01:02:01.168, 264, 0
2026/07/17 01:02:01.268, 264, 0
2026/07/17 01:02:01.368, 264, 0
2026/07/17 01:02:01.468, 264, 0
2026/07/17 01:02:01.568, 264, 0
2026/07/17 01:02:01.668, 264, 0
2026/07/17 01:02:01.768, 264, 0
2026/07/17 01:02:01.869, 264, 0
2026/07/17 01:02:01.969, 264, 0
2026/07/17 01:02:02.069, 264, 0
2026/07/17 01:02:02.169, 264, 0
2026/07/17 01:02:02.269, 264, 0
2026/07/17 01:02:02.369, 264, 0
2026/07/17 01:02:02.469, 264, 0
2026/07/17 01:02:02.569, 264, 0
2026/07/17 01:02:02.669, 264, 0
2026/07/17 01:02:02.769, 264, 0
2026/07/17 01:02:02.869, 264, 0
2026/07/17 01:02:02.970, 264, 0
2026/07/17 01:02:03.070, 264, 0
2026/07/17 01:02:03.170, 264, 0
2026/07/17 01:02:03.270, 264, 0
2026/07/17 01:02:03.370, 264, 0
2026/07/17 01:02:03.470, 264, 0
2026/07/17 01:02:03.570, 264, 0
2026/07/17 01:02:03.670, 264, 0
2026/07/17 01:02:03.770, 264, 0
2026/07/17 01:02:03.870, 264, 0
2026/07/17 01:02:03.971, 264, 0
2026/07/17 01:02:04.071, 264, 0
2026/07/17 01:02:04.171, 264, 0
2026/07/17 01:02:04.271, 264, 0
2026/07/17 01:02:04.371, 264, 0
2026/07/17 01:02:04.471, 264, 0
2026/07/17 01:02:04.571, 264, 0
2026/07/17 01:02:04.671, 264, 0
2026/07/17 01:02:04.771, 264, 0
2026/07/17 01:02:04.872, 264, 0
2026/07/17 01:02:04.972, 264, 0
2026/07/17 01:02:05.072, 264, 0
2026/07/17 01:02:05.172, 264, 0
2026/07/17 01:02:05.272, 264, 0
2026/07/17 01:02:05.372, 264, 0
2026/07/17 01:02:05.472, 264, 0
2026/07/17 01:02:05.572, 264, 0
2026/07/17 01:02:05.672, 264, 0
2026/07/17 01:02:05.772, 264, 0
2026/07/17 01:02:05.872, 264, 0
2026/07/17 01:02:05.973, 264, 0
2026/07/17 01:02:06.073, 264, 0
2026/07/17 01:02:06.173, 264, 0
2026/07/17 01:02:06.273, 264, 0
2026/07/17 01:02:06.373, 264, 0
2026/07/17 01:02:06.473, 264, 0
2026/07/17 01:02:06.573, 264, 0
2026/07/17 01:02:06.673, 264, 0
2026/07/17 01:02:06.773, 264, 0
2026/07/17 01:02:06.873, 264, 0
2026/07/17 01:02:06.973, 264, 0
2026/07/17 01:02:07.074, 264, 0
2026/07/17 01:02:07.174, 264, 0
2026/07/17 01:02:07.274, 264, 0
2026/07/17 01:02:07.374, 264, 0
2026/07/17 01:02:07.474, 264, 0
2026/07/17 01:02:07.574, 264, 0
2026/07/17 01:02:07.674, 264, 0
2026/07/17 01:02:07.774, 264, 0
2026/07/17 01:02:07.874, 264, 0
2026/07/17 01:02:07.974, 264, 0
2026/07/17 01:02:08.075, 264, 0
2026/07/17 01:02:08.175, 264, 0
2026/07/17 01:02:08.275, 264, 0
2026/07/17 01:02:08.375, 264, 0
2026/07/17 01:02:08.475, 264, 0
2026/07/17 01:02:08.575, 264, 0
2026/07/17 01:02:08.675, 264, 0
2026/07/17 01:02:08.775, 264, 0
2026/07/17 01:02:08.875, 264, 0
2026/07/17 01:02:08.975, 264, 0
2026/07/17 01:02:09.075, 264, 0
2026/07/17 01:02:09.176, 264, 0
2026/07/17 01:02:09.276, 264, 0
2026/07/17 01:02:09.376, 264, 0
2026/07/17 01:02:09.476, 264, 0
2026/07/17 01:02:09.576, 264, 0
2026/07/17 01:02:09.676, 264, 0
2026/07/17 01:02:09.776, 264, 0
2026/07/17 01:02:09.876, 264, 0
2026/07/17 01:02:09.976, 264, 0
2026/07/17 01:02:10.076, 264, 0
2026/07/17 01:02:10.176, 264, 0
2026/07/17 01:02:10.277, 264, 0
2026/07/17 01:02:10.377, 264, 0
2026/07/17 01:02:10.477, 264, 0
2026/07/17 01:02:10.577, 264, 0
2026/07/17 01:02:10.677, 264, 0
2026/07/17 01:02:10.777, 264, 0
2026/07/17 01:02:10.877, 264, 0
2026/07/17 01:02:10.977, 264, 0
2026/07/17 01:02:11.078, 264, 0
2026/07/17 01:02:11.178, 264, 0
2026/07/17 01:02:11.278, 264, 0
2026/07/17 01:02:11.378, 264, 0
2026/07/17 01:02:11.478, 264, 0
2026/07/17 01:02:11.578, 264, 0
2026/07/17 01:02:11.678, 264, 0
2026/07/17 01:02:11.778, 264, 0
2026/07/17 01:02:11.879, 264, 0
2026/07/17 01:02:11.979, 264, 0
2026/07/17 01:02:12.079, 264, 0
2026/07/17 01:02:12.179, 264, 0
2026/07/17 01:02:12.279, 264, 0
2026/07/17 01:02:12.379, 264, 0
2026/07/17 01:02:12.479, 264, 0
2026/07/17 01:02:12.579, 264, 0
2026/07/17 01:02:12.679, 264, 0
2026/07/17 01:02:12.779, 264, 0
2026/07/17 01:02:12.879, 264, 0
2026/07/17 01:02:12.980, 264, 0
2026/07/17 01:02:13.080, 264, 0
2026/07/17 01:02:13.180, 264, 0
2026/07/17 01:02:13.280, 264, 0
2026/07/17 01:02:13.380, 264, 0
2026/07/17 01:02:13.480, 264, 0
2026/07/17 01:02:13.580, 264, 0
2026/07/17 01:02:13.680, 264, 0
2026/07/17 01:02:13.781, 264, 0
2026/07/17 01:02:13.881, 264, 0
2026/07/17 01:02:13.981, 264, 0
2026/07/17 01:02:14.081, 264, 0
2026/07/17 01:02:14.181, 264, 0
2026/07/17 01:02:14.281, 264, 0
2026/07/17 01:02:14.381, 264, 0
2026/07/17 01:02:14.481, 264, 0
2026/07/17 01:02:14.581, 264, 0
2026/07/17 01:02:14.681, 264, 0
2026/07/17 01:02:14.782, 264, 0
2026/07/17 01:02:14.882, 264, 0
2026/07/17 01:02:14.982, 264, 0
2026/07/17 01:02:15.082, 264, 0
2026/07/17 01:02:15.182, 264, 0
2026/07/17 01:02:15.282, 264, 0
2026/07/17 01:02:15.382, 264, 0
2026/07/17 01:02:15.482, 264, 0
2026/07/17 01:02:15.582, 264, 0
2026/07/17 01:02:15.682, 264, 0
2026/07/17 01:02:15.783, 264, 0
2026/07/17 01:02:15.883, 264, 0
2026/07/17 01:02:15.983, 264, 0
2026/07/17 01:02:16.083, 264, 0
2026/07/17 01:02:16.183, 264, 0
2026/07/17 01:02:16.283, 264, 0
2026/07/17 01:02:16.383, 264, 0
2026/07/17 01:02:16.483, 264, 0
2026/07/17 01:02:16.583, 264, 0
2026/07/17 01:02:16.683, 264, 0
2026/07/17 01:02:16.784, 264, 0
2026/07/17 01:02:16.884, 264, 0
2026/07/17 01:02:16.984, 264, 0
2026/07/17 01:02:17.084, 264, 0
2026/07/17 01:02:17.184, 264, 0
2026/07/17 01:02:17.284, 264, 0
2026/07/17 01:02:17.384, 264, 0
2026/07/17 01:02:17.484, 264, 0
2026/07/17 01:02:17.584, 264, 0
2026/07/17 01:02:17.685, 264, 0
2026/07/17 01:02:17.785, 264, 0
2026/07/17 01:02:17.885, 264, 0
2026/07/17 01:02:17.985, 264, 0
2026/07/17 01:02:18.085, 264, 0
2026/07/17 01:02:18.185, 264, 0
2026/07/17 01:02:18.285, 264, 0
2026/07/17 01:02:18.385, 264, 0
2026/07/17 01:02:18.485, 264, 0
2026/07/17 01:02:18.586, 264, 0
2026/07/17 01:02:18.686, 264, 0
2026/07/17 01:02:18.786, 264, 0
2026/07/17 01:02:18.886, 264, 0
2026/07/17 01:02:18.986, 264, 0
2026/07/17 01:02:19.086, 264, 0
2026/07/17 01:02:19.186, 264, 0
2026/07/17 01:02:19.286, 264, 0
2026/07/17 01:02:19.386, 264, 0
2026/07/17 01:02:19.486, 264, 0
2026/07/17 01:02:19.587, 264, 0
2026/07/17 01:02:19.687, 264, 0
2026/07/17 01:02:19.787, 264, 0
2026/07/17 01:02:19.887, 264, 0
2026/07/17 01:02:19.987, 264, 0
2026/07/17 01:02:20.087, 264, 0
2026/07/17 01:02:20.187, 264, 0
2026/07/17 01:02:20.287, 264, 0
2026/07/17 01:02:20.387, 264, 0
2026/07/17 01:02:20.488, 264, 0
2026/07/17 01:02:20.588, 264, 0
2026/07/17 01:02:20.688, 264, 0
2026/07/17 01:02:20.788, 264, 0
2026/07/17 01:02:20.888, 264, 0
2026/07/17 01:02:20.988, 264, 0
2026/07/17 01:02:21.088, 264, 0
2026/07/17 01:02:21.188, 264, 0
2026/07/17 01:02:21.288, 264, 0
2026/07/17 01:02:21.388, 264, 0
2026/07/17 01:02:21.488, 264, 0
2026/07/17 01:02:21.589, 264, 0
2026/07/17 01:02:21.689, 264, 0
2026/07/17 01:02:21.789, 264, 0
2026/07/17 01:02:21.889, 264, 0
2026/07/17 01:02:21.989, 264, 0
2026/07/17 01:02:22.089, 264, 0
2026/07/17 01:02:22.189, 264, 0
2026/07/17 01:02:22.289, 264, 0
2026/07/17 01:02:22.389, 264, 0
2026/07/17 01:02:22.490, 264, 0
2026/07/17 01:02:22.590, 264, 0
2026/07/17 01:02:22.690, 264, 0
2026/07/17 01:02:22.790, 264, 0
2026/07/17 01:02:22.890, 264, 0
2026/07/17 01:02:22.990, 264, 0
2026/07/17 01:02:23.090, 264, 0
2026/07/17 01:02:23.190, 264, 0
2026/07/17 01:02:23.290, 264, 0
2026/07/17 01:02:23.391, 264, 0
2026/07/17 01:02:23.491, 264, 0
2026/07/17 01:02:23.591, 264, 0
2026/07/17 01:02:23.691, 264, 0
2026/07/17 01:02:23.791, 264, 0
2026/07/17 01:02:23.891, 264, 0
2026/07/17 01:02:23.991, 264, 0
2026/07/17 01:02:24.091, 264, 0
2026/07/17 01:02:24.191, 264, 0
2026/07/17 01:02:24.291, 264, 0
2026/07/17 01:02:24.391, 264, 0
2026/07/17 01:02:24.492, 264, 0
2026/07/17 01:02:24.592, 264, 0
2026/07/17 01:02:24.692, 264, 0
2026/07/17 01:02:24.792, 264, 0
2026/07/17 01:02:24.892, 264, 0
2026/07/17 01:02:24.992, 264, 0
2026/07/17 01:02:25.092, 264, 0
2026/07/17 01:02:25.192, 264, 0
2026/07/17 01:02:25.292, 264, 0
2026/07/17 01:02:25.393, 264, 0
2026/07/17 01:02:25.493, 264, 0
2026/07/17 01:02:25.593, 264, 0
2026/07/17 01:02:25.693, 264, 0
2026/07/17 01:02:25.793, 264, 0
2026/07/17 01:02:25.893, 264, 0
2026/07/17 01:02:25.993, 264, 0
2026/07/17 01:02:26.093, 264, 0
2026/07/17 01:02:26.193, 264, 0
2026/07/17 01:02:26.294, 264, 0
2026/07/17 01:02:26.394, 264, 0
2026/07/17 01:02:26.494, 264, 0
2026/07/17 01:02:26.594, 264, 0
2026/07/17 01:02:26.694, 264, 0
2026/07/17 01:02:26.794, 264, 0
2026/07/17 01:02:26.894, 264, 0
2026/07/17 01:02:26.994, 264, 0
2026/07/17 01:02:27.094, 264, 0
2026/07/17 01:02:27.195, 264, 0
2026/07/17 01:02:27.295, 264, 0
2026/07/17 01:02:27.395, 264, 0
2026/07/17 01:02:27.495, 264, 0
2026/07/17 01:02:27.595, 264, 0
2026/07/17 01:02:27.695, 264, 0
2026/07/17 01:02:27.795, 264, 0
2026/07/17 01:02:27.895, 264, 0
2026/07/17 01:02:27.995, 264, 0
2026/07/17 01:02:28.095, 264, 0
2026/07/17 01:02:28.196, 264, 0
2026/07/17 01:02:28.296, 264, 0
2026/07/17 01:02:28.396, 264, 0
2026/07/17 01:02:28.496, 264, 0
2026/07/17 01:02:28.596, 264, 0
2026/07/17 01:02:28.696, 264, 0
2026/07/17 01:02:28.796, 264, 0
2026/07/17 01:02:28.896, 264, 0
2026/07/17 01:02:28.997, 264, 0
2026/07/17 01:02:29.097, 264, 0
2026/07/17 01:02:29.197, 264, 0
2026/07/17 01:02:29.297, 264, 0
2026/07/17 01:02:29.397, 264, 0
2026/07/17 01:02:29.497, 264, 0
2026/07/17 01:02:29.597, 264, 0
2026/07/17 01:02:29.697, 264, 0
2026/07/17 01:02:29.797, 264, 0
2026/07/17 01:02:29.897, 264, 0
2026/07/17 01:02:29.997, 264, 0
2026/07/17 01:02:30.098, 264, 0
2026/07/17 01:02:30.198, 264, 0
2026/07/17 01:02:30.298, 264, 0
2026/07/17 01:02:30.398, 264, 0
2026/07/17 01:02:30.498, 264, 0
2026/07/17 01:02:30.598, 264, 0
2026/07/17 01:02:30.698, 264, 0
2026/07/17 01:02:30.798, 264, 0
2026/07/17 01:02:30.898, 264, 0
2026/07/17 01:02:30.998, 264, 0
2026/07/17 01:02:31.099, 264, 0
2026/07/17 01:02:31.199, 264, 0
2026/07/17 01:02:31.299, 264, 0
2026/07/17 01:02:31.399, 264, 0
2026/07/17 01:02:31.499, 264, 0
2026/07/17 01:02:31.599, 264, 0
2026/07/17 01:02:31.699, 264, 0
2026/07/17 01:02:31.799, 264, 0
2026/07/17 01:02:31.899, 264, 0
2026/07/17 01:02:31.999, 264, 0
2026/07/17 01:02:32.099, 264, 0
2026/07/17 01:02:32.200, 264, 0
2026/07/17 01:02:32.300, 264, 0
2026/07/17 01:02:32.400, 264, 0
2026/07/17 01:02:32.500, 264, 0
2026/07/17 01:02:32.600, 264, 0
2026/07/17 01:02:32.700, 264, 0
2026/07/17 01:02:32.800, 264, 0
2026/07/17 01:02:32.900, 264, 0
2026/07/17 01:02:33.000, 264, 0
2026/07/17 01:02:33.100, 264, 0
2026/07/17 01:02:33.201, 264, 0
2026/07/17 01:02:33.301, 264, 0
2026/07/17 01:02:33.401, 264, 0
2026/07/17 01:02:33.501, 264, 0
2026/07/17 01:02:33.601, 264, 0
2026/07/17 01:02:33.701, 264, 0
2026/07/17 01:02:33.801, 264, 0
2026/07/17 01:02:33.901, 264, 0
2026/07/17 01:02:34.001, 264, 0
2026/07/17 01:02:34.101, 264, 0
2026/07/17 01:02:34.202, 264, 0
2026/07/17 01:02:34.302, 264, 0
2026/07/17 01:02:34.402, 264, 0
2026/07/17 01:02:34.502, 264, 0
2026/07/17 01:02:34.602, 264, 0
2026/07/17 01:02:34.702, 264, 0
2026/07/17 01:02:34.802, 264, 0
2026/07/17 01:02:34.902, 264, 0
2026/07/17 01:02:35.002, 264, 0
2026/07/17 01:02:35.103, 264, 0
2026/07/17 01:02:35.203, 264, 0
2026/07/17 01:02:35.303, 264, 0
2026/07/17 01:02:35.403, 264, 0
2026/07/17 01:02:35.503, 264, 0
2026/07/17 01:02:35.603, 264, 0
2026/07/17 01:02:35.703, 264, 0
2026/07/17 01:02:35.803, 264, 0
2026/07/17 01:02:35.903, 264, 0
2026/07/17 01:02:36.004, 264, 0
2026/07/17 01:02:36.104, 264, 0
2026/07/17 01:02:36.204, 264, 0
2026/07/17 01:02:36.304, 264, 0
2026/07/17 01:02:36.404, 264, 0
2026/07/17 01:02:36.504, 264, 0
2026/07/17 01:02:36.604, 264, 0
2026/07/17 01:02:36.704, 264, 0
2026/07/17 01:02:36.804, 264, 0
2026/07/17 01:02:36.904, 264, 0
2026/07/17 01:02:37.004, 264, 0
2026/07/17 01:02:37.105, 264, 0
2026/07/17 01:02:37.205, 264, 0
2026/07/17 01:02:37.305, 264, 0
2026/07/17 01:02:37.405, 264, 0
2026/07/17 01:02:37.505, 264, 0
2026/07/17 01:02:37.605, 264, 0
2026/07/17 01:02:37.705, 264, 0
2026/07/17 01:02:37.805, 264, 0
2026/07/17 01:02:37.905, 264, 0
2026/07/17 01:02:38.005, 264, 0
2026/07/17 01:02:38.105, 264, 0
2026/07/17 01:02:38.206, 264, 0
2026/07/17 01:02:38.306, 264, 0
2026/07/17 01:02:38.406, 264, 0
2026/07/17 01:02:38.506, 264, 0
2026/07/17 01:02:38.606, 264, 0
2026/07/17 01:02:38.706, 264, 0
2026/07/17 01:02:38.806, 264, 0
2026/07/17 01:02:38.906, 264, 0
2026/07/17 01:02:39.006, 264, 0
2026/07/17 01:02:39.106, 264, 0
2026/07/17 01:02:39.207, 264, 0
2026/07/17 01:02:39.307, 264, 0
2026/07/17 01:02:39.407, 264, 0
2026/07/17 01:02:39.507, 264, 0
2026/07/17 01:02:39.607, 264, 0
2026/07/17 01:02:39.707, 264, 0
2026/07/17 01:02:39.807, 264, 0
2026/07/17 01:02:39.907, 264, 0
2026/07/17 01:02:40.007, 264, 0
2026/07/17 01:02:40.107, 264, 0
2026/07/17 01:02:40.208, 264, 0
2026/07/17 01:02:40.308, 264, 0
2026/07/17 01:02:40.408, 264, 0
2026/07/17 01:02:40.508, 264, 0
2026/07/17 01:02:40.608, 264, 0
2026/07/17 01:02:40.708, 264, 0
2026/07/17 01:02:40.808, 264, 0
2026/07/17 01:02:40.908, 264, 0
2026/07/17 01:02:41.008, 264, 0
2026/07/17 01:02:41.108, 264, 0
2026/07/17 01:02:41.209, 264, 0
2026/07/17 01:02:41.309, 264, 0
2026/07/17 01:02:41.409, 264, 0
2026/07/17 01:02:41.509, 264, 0
2026/07/17 01:02:41.609, 264, 0
2026/07/17 01:02:41.709, 264, 0
2026/07/17 01:02:41.809, 264, 0
2026/07/17 01:02:41.909, 264, 0
2026/07/17 01:02:42.009, 264, 0
2026/07/17 01:02:42.109, 264, 0
2026/07/17 01:02:42.209, 264, 0
2026/07/17 01:02:42.310, 264, 0
2026/07/17 01:02:42.410, 264, 0
2026/07/17 01:02:42.510, 264, 0
2026/07/17 01:02:42.610, 264, 0
2026/07/17 01:02:42.710, 264, 0
2026/07/17 01:02:42.810, 264, 0
2026/07/17 01:02:42.910, 264, 0
2026/07/17 01:02:43.010, 264, 0
2026/07/17 01:02:43.110, 264, 0
2026/07/17 01:02:43.210, 264, 0
2026/07/17 01:02:43.311, 264, 0
2026/07/17 01:02:43.411, 264, 0
2026/07/17 01:02:43.511, 264, 0
2026/07/17 01:02:43.611, 264, 0
2026/07/17 01:02:43.711, 264, 0
2026/07/17 01:02:43.811, 264, 0
2026/07/17 01:02:43.911, 264, 0
2026/07/17 01:02:44.011, 264, 0
2026/07/17 01:02:44.111, 264, 0
2026/07/17 01:02:44.211, 264, 0
2026/07/17 01:02:44.311, 264, 0
2026/07/17 01:02:44.412, 264, 0
2026/07/17 01:02:44.512, 264, 0
2026/07/17 01:02:44.612, 264, 0
2026/07/17 01:02:44.712, 264, 0
2026/07/17 01:02:44.812, 264, 0
2026/07/17 01:02:44.912, 264, 0
2026/07/17 01:02:45.012, 264, 0
2026/07/17 01:02:45.112, 264, 0
2026/07/17 01:02:45.213, 264, 0
2026/07/17 01:02:45.313, 264, 0
2026/07/17 01:02:45.413, 264, 0
2026/07/17 01:02:45.513, 264, 0
2026/07/17 01:02:45.613, 264, 0
2026/07/17 01:02:45.713, 264, 0
2026/07/17 01:02:45.813, 264, 0
2026/07/17 01:02:45.913, 264, 0
2026/07/17 01:02:46.013, 264, 0
2026/07/17 01:02:46.113, 264, 0
2026/07/17 01:02:46.213, 264, 0
2026/07/17 01:02:46.314, 264, 0
2026/07/17 01:02:46.414, 264, 0
2026/07/17 01:02:46.514, 264, 0
2026/07/17 01:02:46.614, 264, 0
2026/07/17 01:02:46.714, 264, 0
2026/07/17 01:02:46.814, 264, 0
2026/07/17 01:02:46.914, 264, 0
2026/07/17 01:02:47.014, 264, 0
2026/07/17 01:02:47.114, 264, 0
2026/07/17 01:02:47.214, 264, 0
2026/07/17 01:02:47.315, 264, 0
2026/07/17 01:02:47.415, 264, 0
2026/07/17 01:02:47.515, 264, 0
2026/07/17 01:02:47.615, 264, 0
2026/07/17 01:02:47.715, 264, 0
2026/07/17 01:02:47.815, 264, 0
2026/07/17 01:02:47.915, 264, 0
2026/07/17 01:02:48.015, 264, 0
2026/07/17 01:02:48.115, 264, 0
2026/07/17 01:02:48.215, 264, 0
2026/07/17 01:02:48.316, 264, 0
2026/07/17 01:02:48.416, 264, 0
2026/07/17 01:02:48.516, 264, 0
2026/07/17 01:02:48.616, 264, 0
2026/07/17 01:02:48.716, 264, 0
2026/07/17 01:02:48.816, 264, 0
2026/07/17 01:02:48.916, 264, 0
2026/07/17 01:02:49.016, 264, 0
2026/07/17 01:02:49.116, 264, 0
2026/07/17 01:02:49.216, 264, 0
2026/07/17 01:02:49.317, 264, 0
2026/07/17 01:02:49.417, 264, 0
2026/07/17 01:02:49.517, 264, 0
2026/07/17 01:02:49.617, 264, 0
2026/07/17 01:02:49.717, 264, 0
2026/07/17 01:02:49.817, 264, 0
2026/07/17 01:02:49.917, 264, 0
2026/07/17 01:02:50.017, 264, 0
2026/07/17 01:02:50.117, 264, 0
2026/07/17 01:02:50.217, 264, 0
2026/07/17 01:02:50.317, 264, 0
2026/07/17 01:02:50.418, 264, 0
2026/07/17 01:02:50.518, 264, 0
2026/07/17 01:02:50.618, 264, 0
2026/07/17 01:02:50.718, 264, 0
2026/07/17 01:02:50.818, 264, 0
2026/07/17 01:02:50.918, 264, 0
2026/07/17 01:02:51.018, 264, 0
2026/07/17 01:02:51.118, 264, 0
2026/07/17 01:02:51.218, 264, 0
2026/07/17 01:02:51.319, 264, 0
2026/07/17 01:02:51.419, 264, 0
2026/07/17 01:02:51.519, 264, 0
2026/07/17 01:02:51.619, 264, 0
2026/07/17 01:02:51.719, 264, 0
2026/07/17 01:02:51.819, 264, 0
2026/07/17 01:02:51.919, 264, 0
2026/07/17 01:02:52.019, 264, 0
2026/07/17 01:02:52.119, 264, 0
2026/07/17 01:02:52.219, 264, 0
2026/07/17 01:02:52.319, 264, 0
2026/07/17 01:02:52.419, 264, 0
2026/07/17 01:02:52.520, 264, 0
2026/07/17 01:02:52.620, 264, 0
2026/07/17 01:02:52.720, 264, 0
2026/07/17 01:02:52.820, 264, 0
2026/07/17 01:02:52.920, 264, 0
2026/07/17 01:02:53.020, 264, 0
2026/07/17 01:02:53.120, 264, 0
2026/07/17 01:02:53.220, 264, 0
2026/07/17 01:02:53.321, 264, 0
2026/07/17 01:02:53.421, 264, 0
2026/07/17 01:02:53.521, 264, 0
2026/07/17 01:02:53.621, 264, 0
2026/07/17 01:02:53.721, 264, 0
2026/07/17 01:02:53.821, 264, 0
2026/07/17 01:02:53.921, 264, 0
2026/07/17 01:02:54.021, 264, 0
2026/07/17 01:02:54.121, 264, 0
2026/07/17 01:02:54.221, 264, 0
2026/07/17 01:02:54.322, 264, 0
2026/07/17 01:02:54.422, 264, 0
2026/07/17 01:02:54.522, 264, 0
2026/07/17 01:02:54.622, 264, 0
2026/07/17 01:02:54.722, 264, 0
2026/07/17 01:02:54.822, 264, 0
2026/07/17 01:02:54.922, 264, 0
2026/07/17 01:02:55.022, 264, 0
2026/07/17 01:02:55.122, 264, 0
2026/07/17 01:02:55.223, 264, 0
2026/07/17 01:02:55.323, 264, 0
2026/07/17 01:02:55.423, 264, 0
2026/07/17 01:02:55.523, 264, 0
2026/07/17 01:02:55.623, 264, 0
2026/07/17 01:02:55.723, 264, 0
2026/07/17 01:02:55.823, 264, 0
2026/07/17 01:02:55.923, 264, 0
2026/07/17 01:02:56.023, 264, 0
2026/07/17 01:02:56.123, 264, 0
2026/07/17 01:02:56.224, 264, 0
2026/07/17 01:02:56.324, 264, 0
2026/07/17 01:02:56.424, 264, 0
2026/07/17 01:02:56.524, 264, 0
2026/07/17 01:02:56.624, 264, 0
2026/07/17 01:02:56.724, 264, 0
2026/07/17 01:02:56.824, 264, 0
2026/07/17 01:02:56.924, 264, 0
2026/07/17 01:02:57.024, 264, 0
2026/07/17 01:02:57.125, 264, 0
2026/07/17 01:02:57.225, 264, 0
2026/07/17 01:02:57.325, 264, 0
2026/07/17 01:02:57.425, 264, 0
2026/07/17 01:02:57.525, 264, 0
2026/07/17 01:02:57.625, 264, 0
2026/07/17 01:02:57.725, 264, 0
2026/07/17 01:02:57.825, 264, 0
2026/07/17 01:02:57.925, 264, 0
2026/07/17 01:02:58.025, 264, 0
2026/07/17 01:02:58.125, 264, 0
2026/07/17 01:02:58.226, 264, 0
2026/07/17 01:02:58.326, 264, 0
2026/07/17 01:02:58.426, 264, 0
2026/07/17 01:02:58.526, 264, 0
2026/07/17 01:02:58.626, 264, 0
2026/07/17 01:02:58.726, 264, 0
2026/07/17 01:02:58.826, 264, 0
2026/07/17 01:02:58.926, 264, 0
2026/07/17 01:02:59.027, 264, 0
2026/07/17 01:02:59.127, 264, 0
2026/07/17 01:02:59.227, 264, 0
2026/07/17 01:02:59.327, 264, 0
2026/07/17 01:02:59.427, 264, 0
2026/07/17 01:02:59.527, 264, 0
2026/07/17 01:02:59.627, 264, 0
2026/07/17 01:02:59.727, 264, 0
2026/07/17 01:02:59.827, 264, 0
2026/07/17 01:02:59.927, 264, 0
2026/07/17 01:03:00.028, 264, 0
2026/07/17 01:03:00.128, 264, 0
2026/07/17 01:03:00.228, 264, 0
2026/07/17 01:03:00.328, 264, 0
2026/07/17 01:03:00.428, 264, 0
2026/07/17 01:03:00.528, 264, 0
2026/07/17 01:03:00.628, 264, 0
2026/07/17 01:03:00.728, 264, 0
2026/07/17 01:03:00.828, 264, 0
2026/07/17 01:03:00.929, 264, 0
2026/07/17 01:03:01.029, 264, 0
2026/07/17 01:03:01.129, 264, 0
2026/07/17 01:03:01.229, 264, 0
2026/07/17 01:03:01.329, 264, 0
2026/07/17 01:03:01.429, 264, 0
2026/07/17 01:03:01.529, 264, 0
2026/07/17 01:03:01.629, 264, 0
2026/07/17 01:03:01.729, 264, 0
2026/07/17 01:03:01.829, 264, 0
2026/07/17 01:03:01.930, 264, 0
2026/07/17 01:03:02.030, 264, 0
2026/07/17 01:03:02.130, 264, 0
2026/07/17 01:03:02.230, 264, 0
2026/07/17 01:03:02.330, 264, 0
2026/07/17 01:03:02.430, 264, 0
2026/07/17 01:03:02.530, 264, 0
2026/07/17 01:03:02.630, 264, 0
2026/07/17 01:03:02.730, 264, 0
2026/07/17 01:03:02.831, 264, 0
2026/07/17 01:03:02.931, 264, 0
2026/07/17 01:03:03.031, 264, 0
2026/07/17 01:03:03.131, 264, 0
2026/07/17 01:03:03.231, 264, 0
2026/07/17 01:03:03.331, 264, 0
2026/07/17 01:03:03.431, 264, 0
2026/07/17 01:03:03.531, 264, 0
2026/07/17 01:03:03.631, 264, 0
2026/07/17 01:03:03.731, 264, 0
2026/07/17 01:03:03.832, 264, 0
2026/07/17 01:03:03.932, 264, 0
2026/07/17 01:03:04.032, 264, 0
2026/07/17 01:03:04.132, 264, 0
2026/07/17 01:03:04.232, 264, 0
2026/07/17 01:03:04.332, 264, 0
2026/07/17 01:03:04.432, 264, 0
2026/07/17 01:03:04.532, 264, 0
2026/07/17 01:03:04.632, 264, 0
2026/07/17 01:03:04.732, 264, 0
2026/07/17 01:03:04.832, 264, 0
2026/07/17 01:03:04.932, 264, 0
2026/07/17 01:03:05.033, 264, 0
2026/07/17 01:03:05.133, 264, 0
2026/07/17 01:03:05.233, 264, 0
2026/07/17 01:03:05.333, 264, 0
2026/07/17 01:03:05.433, 264, 0
2026/07/17 01:03:05.533, 264, 0
2026/07/17 01:03:05.633, 264, 0
2026/07/17 01:03:05.733, 264, 0
2026/07/17 01:03:05.834, 264, 0
2026/07/17 01:03:05.934, 264, 0
2026/07/17 01:03:06.034, 264, 0
2026/07/17 01:03:06.134, 264, 0
2026/07/17 01:03:06.234, 264, 0
2026/07/17 01:03:06.334, 264, 0
2026/07/17 01:03:06.434, 264, 0
2026/07/17 01:03:06.534, 264, 0
2026/07/17 01:03:06.634, 264, 0
2026/07/17 01:03:06.734, 264, 0
2026/07/17 01:03:06.834, 264, 0
2026/07/17 01:03:06.935, 264, 0
2026/07/17 01:03:07.035, 264, 0
2026/07/17 01:03:07.135, 264, 0
2026/07/17 01:03:07.235, 264, 0
2026/07/17 01:03:07.335, 264, 0
2026/07/17 01:03:07.435, 264, 0
2026/07/17 01:03:07.535, 264, 0
2026/07/17 01:03:07.635, 264, 0
2026/07/17 01:03:07.735, 264, 0
2026/07/17 01:03:07.835, 264, 0
2026/07/17 01:03:07.936, 264, 0
2026/07/17 01:03:08.036, 264, 0
2026/07/17 01:03:08.136, 264, 0
2026/07/17 01:03:08.236, 264, 0
2026/07/17 01:03:08.336, 264, 0
2026/07/17 01:03:08.436, 264, 0
2026/07/17 01:03:08.536, 264, 0
2026/07/17 01:03:08.636, 264, 0
2026/07/17 01:03:08.736, 264, 0
2026/07/17 01:03:08.836, 264, 0
2026/07/17 01:03:08.937, 264, 0
2026/07/17 01:03:09.037, 264, 0
2026/07/17 01:03:09.137, 264, 0
2026/07/17 01:03:09.237, 264, 0
2026/07/17 01:03:09.337, 264, 0
2026/07/17 01:03:09.437, 264, 0
2026/07/17 01:03:09.537, 264, 0
2026/07/17 01:03:09.637, 264, 0
2026/07/17 01:03:09.737, 264, 0
2026/07/17 01:03:09.837, 264, 0
2026/07/17 01:03:09.938, 264, 0
2026/07/17 01:03:10.038, 264, 0
2026/07/17 01:03:10.138, 264, 0
2026/07/17 01:03:10.238, 264, 0
2026/07/17 01:03:10.338, 264, 0
2026/07/17 01:03:10.438, 264, 0
2026/07/17 01:03:10.538, 264, 0
2026/07/17 01:03:10.638, 264, 0
2026/07/17 01:03:10.738, 264, 0
2026/07/17 01:03:10.838, 264, 0
2026/07/17 01:03:10.939, 264, 0
2026/07/17 01:03:11.039, 264, 0
2026/07/17 01:03:11.139, 264, 0
2026/07/17 01:03:11.239, 264, 0
2026/07/17 01:03:11.339, 264, 0
2026/07/17 01:03:11.439, 264, 0
2026/07/17 01:03:11.539, 264, 0
2026/07/17 01:03:11.639, 264, 0
2026/07/17 01:03:11.739, 264, 0
2026/07/17 01:03:11.840, 264, 0
2026/07/17 01:03:11.940, 264, 0
2026/07/17 01:03:12.040, 264, 0
2026/07/17 01:03:12.140, 264, 0
2026/07/17 01:03:12.240, 264, 0
2026/07/17 01:03:12.340, 264, 0
2026/07/17 01:03:12.440, 264, 0
2026/07/17 01:03:12.540, 264, 0
2026/07/17 01:03:12.640, 264, 0
2026/07/17 01:03:12.740, 264, 0
2026/07/17 01:03:12.840, 264, 0
2026/07/17 01:03:12.941, 264, 0
2026/07/17 01:03:13.041, 264, 0
2026/07/17 01:03:13.141, 264, 0
2026/07/17 01:03:13.241, 264, 0
2026/07/17 01:03:13.341, 264, 0
2026/07/17 01:03:13.441, 264, 0
2026/07/17 01:03:13.541, 264, 0
2026/07/17 01:03:13.641, 264, 0
2026/07/17 01:03:13.741, 264, 0
2026/07/17 01:03:13.841, 264, 0
2026/07/17 01:03:13.942, 264, 0
2026/07/17 01:03:14.042, 264, 0
2026/07/17 01:03:14.142, 264, 0
2026/07/17 01:03:14.242, 264, 0
2026/07/17 01:03:14.342, 264, 0
2026/07/17 01:03:14.442, 264, 0
2026/07/17 01:03:14.542, 264, 0
2026/07/17 01:03:14.642, 264, 0
2026/07/17 01:03:14.742, 264, 0
2026/07/17 01:03:14.842, 264, 0
2026/07/17 01:03:14.943, 264, 0
2026/07/17 01:03:15.043, 264, 0
2026/07/17 01:03:15.143, 264, 0
2026/07/17 01:03:15.243, 264, 0
2026/07/17 01:03:15.343, 264, 0
2026/07/17 01:03:15.443, 264, 0
2026/07/17 01:03:15.543, 264, 0
2026/07/17 01:03:15.643, 264, 0
2026/07/17 01:03:15.743, 264, 0
2026/07/17 01:03:15.843, 264, 0
2026/07/17 01:03:15.944, 264, 0
2026/07/17 01:03:16.044, 264, 0
2026/07/17 01:03:16.144, 264, 0
2026/07/17 01:03:16.244, 264, 0
2026/07/17 01:03:16.344, 264, 0
2026/07/17 01:03:16.444, 264, 0
2026/07/17 01:03:16.544, 264, 0
2026/07/17 01:03:16.644, 264, 0
2026/07/17 01:03:16.744, 264, 0
2026/07/17 01:03:16.844, 264, 0
2026/07/17 01:03:16.944, 264, 0
2026/07/17 01:03:17.045, 264, 0
2026/07/17 01:03:17.145, 264, 0
2026/07/17 01:03:17.245, 264, 0
2026/07/17 01:03:17.345, 264, 0
2026/07/17 01:03:17.445, 264, 0
2026/07/17 01:03:17.545, 264, 0
2026/07/17 01:03:17.645, 264, 0
2026/07/17 01:03:17.745, 264, 0
2026/07/17 01:03:17.845, 264, 0
2026/07/17 01:03:17.945, 264, 0
2026/07/17 01:03:18.046, 264, 0
2026/07/17 01:03:18.146, 264, 0
2026/07/17 01:03:18.246, 264, 0
2026/07/17 01:03:18.346, 264, 0
2026/07/17 01:03:18.446, 264, 0
2026/07/17 01:03:18.546, 264, 0
2026/07/17 01:03:18.646, 264, 0
2026/07/17 01:03:18.746, 264, 0
2026/07/17 01:03:18.846, 264, 0
2026/07/17 01:03:18.946, 264, 0
2026/07/17 01:03:19.047, 264, 0
2026/07/17 01:03:19.147, 264, 0
2026/07/17 01:03:19.247, 264, 0
2026/07/17 01:03:19.347, 264, 0
2026/07/17 01:03:19.447, 264, 0
2026/07/17 01:03:19.547, 264, 0
2026/07/17 01:03:19.647, 264, 0
2026/07/17 01:03:19.747, 264, 0
2026/07/17 01:03:19.847, 264, 0
2026/07/17 01:03:19.947, 264, 0
2026/07/17 01:03:20.048, 264, 0
2026/07/17 01:03:20.148, 264, 0
2026/07/17 01:03:20.248, 264, 0
2026/07/17 01:03:20.348, 264, 0
2026/07/17 01:03:20.448, 264, 0
2026/07/17 01:03:20.548, 264, 0
2026/07/17 01:03:20.648, 264, 0
2026/07/17 01:03:20.748, 264, 0
2026/07/17 01:03:20.848, 264, 0
2026/07/17 01:03:20.949, 264, 0
2026/07/17 01:03:21.049, 264, 0
2026/07/17 01:03:21.149, 264, 0
2026/07/17 01:03:21.249, 264, 0
2026/07/17 01:03:21.349, 264, 0
2026/07/17 01:03:21.449, 264, 0
2026/07/17 01:03:21.549, 264, 0
2026/07/17 01:03:21.649, 264, 0
2026/07/17 01:03:21.749, 264, 0
2026/07/17 01:03:21.849, 264, 0
2026/07/17 01:03:21.950, 264, 0
2026/07/17 01:03:22.050, 264, 0
2026/07/17 01:03:22.150, 264, 0
2026/07/17 01:03:22.250, 264, 0
2026/07/17 01:03:22.350, 264, 0
2026/07/17 01:03:22.450, 264, 0
2026/07/17 01:03:22.550, 264, 0
2026/07/17 01:03:22.650, 264, 0
2026/07/17 01:03:22.750, 264, 0
2026/07/17 01:03:22.850, 264, 0
2026/07/17 01:03:22.950, 264, 0
2026/07/17 01:03:23.051, 264, 0
2026/07/17 01:03:23.151, 264, 0
2026/07/17 01:03:23.251, 264, 0
2026/07/17 01:03:23.351, 264, 0
2026/07/17 01:03:23.451, 264, 0
2026/07/17 01:03:23.551, 264, 0
2026/07/17 01:03:23.651, 264, 0
2026/07/17 01:03:23.751, 264, 0
2026/07/17 01:03:23.851, 264, 0
2026/07/17 01:03:23.951, 264, 0
2026/07/17 01:03:24.052, 264, 0
2026/07/17 01:03:24.152, 264, 0
2026/07/17 01:03:24.252, 264, 0
2026/07/17 01:03:24.353, 264, 0
2026/07/17 01:03:24.453, 264, 0
2026/07/17 01:03:24.553, 264, 0
2026/07/17 01:03:24.653, 264, 0
2026/07/17 01:03:24.753, 264, 0
2026/07/17 01:03:24.853, 264, 0
2026/07/17 01:03:24.953, 264, 0
2026/07/17 01:03:25.053, 264, 0
2026/07/17 01:03:25.153, 264, 0
2026/07/17 01:03:25.253, 264, 0
2026/07/17 01:03:25.354, 264, 0
2026/07/17 01:03:25.454, 264, 0
2026/07/17 01:03:25.554, 264, 0
2026/07/17 01:03:25.654, 264, 0
2026/07/17 01:03:25.754, 264, 0
2026/07/17 01:03:25.854, 264, 0
2026/07/17 01:03:25.954, 264, 0
2026/07/17 01:03:26.054, 264, 0
2026/07/17 01:03:26.154, 264, 0
2026/07/17 01:03:26.254, 264, 0
2026/07/17 01:03:26.355, 264, 0
2026/07/17 01:03:26.455, 264, 0
2026/07/17 01:03:26.555, 264, 0
2026/07/17 01:03:26.655, 264, 0
2026/07/17 01:03:26.755, 264, 0
2026/07/17 01:03:26.855, 264, 0
2026/07/17 01:03:26.955, 264, 0
2026/07/17 01:03:27.055, 264, 0
2026/07/17 01:03:27.155, 264, 0
2026/07/17 01:03:27.255, 264, 0
2026/07/17 01:03:27.356, 264, 0
2026/07/17 01:03:27.456, 264, 0
2026/07/17 01:03:27.556, 264, 0
2026/07/17 01:03:27.656, 264, 0
2026/07/17 01:03:27.756, 264, 0
2026/07/17 01:03:27.856, 264, 0
2026/07/17 01:03:27.956, 264, 0
2026/07/17 01:03:28.056, 264, 0
2026/07/17 01:03:28.156, 264, 0
2026/07/17 01:03:28.256, 264, 0
2026/07/17 01:03:28.357, 264, 0
2026/07/17 01:03:28.457, 264, 0
2026/07/17 01:03:28.557, 264, 0
2026/07/17 01:03:28.657, 264, 0
2026/07/17 01:03:28.757, 264, 0
2026/07/17 01:03:28.857, 264, 0
2026/07/17 01:03:28.957, 264, 0
2026/07/17 01:03:29.057, 264, 0
2026/07/17 01:03:29.157, 264, 0
2026/07/17 01:03:29.257, 264, 0
2026/07/17 01:03:29.357, 264, 0
2026/07/17 01:03:29.458, 264, 0
2026/07/17 01:03:29.558, 264, 0
2026/07/17 01:03:29.658, 264, 0
2026/07/17 01:03:29.758, 264, 0
2026/07/17 01:03:29.858, 264, 0
2026/07/17 01:03:29.958, 264, 0
2026/07/17 01:03:30.058, 264, 0
2026/07/17 01:03:30.158, 264, 0
2026/07/17 01:03:30.258, 264, 0
2026/07/17 01:03:30.358, 264, 0
2026/07/17 01:03:30.459, 264, 0
2026/07/17 01:03:30.559, 264, 0
2026/07/17 01:03:30.659, 264, 0
2026/07/17 01:03:30.759, 264, 0
2026/07/17 01:03:30.859, 264, 0
2026/07/17 01:03:30.959, 264, 0
2026/07/17 01:03:31.059, 264, 0
2026/07/17 01:03:31.159, 264, 0
2026/07/17 01:03:31.259, 264, 0
2026/07/17 01:03:31.359, 264, 0
2026/07/17 01:03:31.459, 264, 0
2026/07/17 01:03:31.560, 264, 0
2026/07/17 01:03:31.660, 264, 0
2026/07/17 01:03:31.760, 264, 0
2026/07/17 01:03:31.860, 264, 0
2026/07/17 01:03:31.960, 264, 0
2026/07/17 01:03:32.060, 264, 0
2026/07/17 01:03:32.160, 264, 0
2026/07/17 01:03:32.260, 264, 0
2026/07/17 01:03:32.360, 264, 0
2026/07/17 01:03:32.460, 264, 0
2026/07/17 01:03:32.560, 264, 0
2026/07/17 01:03:32.661, 264, 0
2026/07/17 01:03:32.761, 264, 0
2026/07/17 01:03:32.861, 264, 0
2026/07/17 01:03:32.961, 264, 0
2026/07/17 01:03:33.061, 264, 0
2026/07/17 01:03:33.161, 264, 0
2026/07/17 01:03:33.261, 264, 0
2026/07/17 01:03:33.361, 264, 0
2026/07/17 01:03:33.461, 264, 0
2026/07/17 01:03:33.562, 264, 0
2026/07/17 01:03:33.662, 264, 0
2026/07/17 01:03:33.762, 264, 0
2026/07/17 01:03:33.862, 264, 0
2026/07/17 01:03:33.962, 264, 0
2026/07/17 01:03:34.062, 264, 0
2026/07/17 01:03:34.162, 264, 0
2026/07/17 01:03:34.262, 264, 0
2026/07/17 01:03:34.362, 264, 0
2026/07/17 01:03:34.462, 264, 0
2026/07/17 01:03:34.563, 264, 0
2026/07/17 01:03:34.663, 264, 0
2026/07/17 01:03:34.763, 264, 0
2026/07/17 01:03:34.863, 264, 0
2026/07/17 01:03:34.963, 264, 0
2026/07/17 01:03:35.063, 264, 0
2026/07/17 01:03:35.163, 264, 0
2026/07/17 01:03:35.263, 264, 0
2026/07/17 01:03:35.364, 264, 0
2026/07/17 01:03:35.464, 264, 0
2026/07/17 01:03:35.564, 264, 0
2026/07/17 01:03:35.664, 264, 0
2026/07/17 01:03:35.764, 264, 0
2026/07/17 01:03:35.864, 264, 0
2026/07/17 01:03:35.964, 264, 0
2026/07/17 01:03:36.064, 264, 0
2026/07/17 01:03:36.165, 264, 0
2026/07/17 01:03:36.265, 264, 0
2026/07/17 01:03:36.365, 264, 0
2026/07/17 01:03:36.465, 264, 0
2026/07/17 01:03:36.565, 264, 0
2026/07/17 01:03:36.665, 264, 0
2026/07/17 01:03:36.765, 264, 0
2026/07/17 01:03:36.865, 264, 0
2026/07/17 01:03:36.965, 264, 0
2026/07/17 01:03:37.066, 264, 0
2026/07/17 01:03:37.166, 264, 0
2026/07/17 01:03:37.266, 264, 0
2026/07/17 01:03:37.366, 264, 0
2026/07/17 01:03:37.466, 264, 0
2026/07/17 01:03:37.566, 264, 0
2026/07/17 01:03:37.666, 264, 0
2026/07/17 01:03:37.766, 264, 0
2026/07/17 01:03:37.866, 264, 0
2026/07/17 01:03:37.966, 264, 0
2026/07/17 01:03:38.067, 264, 0
2026/07/17 01:03:38.167, 264, 0
2026/07/17 01:03:38.267, 264, 0
2026/07/17 01:03:38.367, 264, 0
2026/07/17 01:03:38.467, 264, 0
2026/07/17 01:03:38.567, 264, 0
2026/07/17 01:03:38.667, 264, 0
2026/07/17 01:03:38.767, 264, 0
2026/07/17 01:03:38.867, 264, 0
2026/07/17 01:03:38.967, 264, 0
2026/07/17 01:03:39.068, 264, 0
2026/07/17 01:03:39.168, 264, 0
2026/07/17 01:03:39.268, 264, 0
2026/07/17 01:03:39.368, 264, 0
2026/07/17 01:03:39.468, 264, 0
2026/07/17 01:03:39.568, 264, 0
2026/07/17 01:03:39.668, 264, 0
2026/07/17 01:03:39.768, 264, 0
2026/07/17 01:03:39.868, 264, 0
2026/07/17 01:03:39.968, 264, 0
2026/07/17 01:03:40.069, 264, 0
2026/07/17 01:03:40.169, 264, 0
2026/07/17 01:03:40.269, 264, 0
2026/07/17 01:03:40.369, 264, 0
2026/07/17 01:03:40.469, 264, 0
2026/07/17 01:03:40.569, 264, 0
2026/07/17 01:03:40.669, 264, 0
2026/07/17 01:03:40.769, 264, 0
2026/07/17 01:03:40.869, 264, 0
2026/07/17 01:03:40.969, 264, 0
2026/07/17 01:03:41.070, 264, 0
2026/07/17 01:03:41.170, 264, 0
2026/07/17 01:03:41.270, 264, 0
2026/07/17 01:03:41.370, 264, 0
2026/07/17 01:03:41.470, 264, 0
2026/07/17 01:03:41.570, 264, 0
2026/07/17 01:03:41.670, 264, 0
2026/07/17 01:03:41.770, 264, 0
2026/07/17 01:03:41.870, 264, 0
2026/07/17 01:03:41.970, 264, 0
2026/07/17 01:03:42.071, 264, 0
2026/07/17 01:03:42.171, 264, 0
2026/07/17 01:03:42.271, 264, 0
2026/07/17 01:03:42.371, 264, 0
2026/07/17 01:03:42.471, 264, 0
2026/07/17 01:03:42.571, 264, 0
2026/07/17 01:03:42.671, 264, 0
2026/07/17 01:03:42.772, 264, 0
2026/07/17 01:03:42.872, 264, 0
2026/07/17 01:03:42.972, 264, 0
2026/07/17 01:03:43.072, 264, 0
2026/07/17 01:03:43.172, 264, 0
2026/07/17 01:03:43.272, 264, 0
2026/07/17 01:03:43.372, 264, 0
2026/07/17 01:03:43.472, 264, 0
2026/07/17 01:03:43.572, 264, 0
2026/07/17 01:03:43.672, 264, 0
2026/07/17 01:03:43.773, 264, 0
2026/07/17 01:03:43.873, 264, 0
2026/07/17 01:03:43.973, 264, 0
2026/07/17 01:03:44.073, 264, 0
2026/07/17 01:03:44.173, 264, 0
2026/07/17 01:03:44.273, 264, 0
2026/07/17 01:03:44.373, 264, 0
2026/07/17 01:03:44.473, 264, 0
2026/07/17 01:03:44.573, 264, 0
2026/07/17 01:03:44.673, 264, 0
2026/07/17 01:03:44.774, 264, 0
2026/07/17 01:03:44.874, 264, 0
2026/07/17 01:03:44.974, 264, 0
2026/07/17 01:03:45.074, 264, 0
2026/07/17 01:03:45.174, 264, 0
2026/07/17 01:03:45.274, 264, 0
2026/07/17 01:03:45.374, 264, 0
2026/07/17 01:03:45.474, 264, 0
2026/07/17 01:03:45.575, 264, 0
2026/07/17 01:03:45.675, 264, 0
2026/07/17 01:03:45.775, 264, 0
2026/07/17 01:03:45.875, 264, 0
2026/07/17 01:03:45.975, 264, 0
2026/07/17 01:03:46.075, 264, 0
2026/07/17 01:03:46.175, 264, 0
2026/07/17 01:03:46.275, 264, 0
2026/07/17 01:03:46.375, 264, 0
2026/07/17 01:03:46.476, 264, 0
2026/07/17 01:03:46.576, 264, 0
2026/07/17 01:03:46.676, 264, 0
2026/07/17 01:03:46.776, 264, 0
2026/07/17 01:03:46.876, 264, 0
2026/07/17 01:03:46.976, 264, 0
2026/07/17 01:03:47.076, 264, 0
2026/07/17 01:03:47.176, 264, 0
2026/07/17 01:03:47.276, 264, 0
2026/07/17 01:03:47.376, 264, 0
2026/07/17 01:03:47.476, 264, 0
2026/07/17 01:03:47.577, 264, 0
2026/07/17 01:03:47.677, 264, 0
2026/07/17 01:03:47.777, 264, 0
2026/07/17 01:03:47.877, 264, 0
2026/07/17 01:03:47.977, 264, 0
2026/07/17 01:03:48.077, 264, 0
2026/07/17 01:03:48.177, 264, 0
2026/07/17 01:03:48.278, 264, 0
2026/07/17 01:03:48.378, 264, 0
2026/07/17 01:03:48.478, 264, 0
2026/07/17 01:03:48.578, 264, 0
2026/07/17 01:03:48.678, 264, 0
2026/07/17 01:03:48.778, 264, 0
2026/07/17 01:03:48.878, 264, 0
2026/07/17 01:03:48.978, 264, 0
2026/07/17 01:03:49.078, 264, 0
2026/07/17 01:03:49.179, 264, 0
2026/07/17 01:03:49.279, 264, 0
2026/07/17 01:03:49.379, 264, 0
2026/07/17 01:03:49.479, 264, 0
2026/07/17 01:03:49.579, 264, 0
2026/07/17 01:03:49.679, 264, 0
2026/07/17 01:03:49.779, 264, 0
2026/07/17 01:03:49.879, 264, 0
2026/07/17 01:03:49.979, 264, 0
2026/07/17 01:03:50.080, 264, 0
2026/07/17 01:03:50.180, 264, 0
2026/07/17 01:03:50.280, 264, 0
2026/07/17 01:03:50.380, 264, 0
2026/07/17 01:03:50.480, 264, 0
2026/07/17 01:03:50.580, 264, 0
2026/07/17 01:03:50.680, 264, 0
2026/07/17 01:03:50.780, 264, 0
2026/07/17 01:03:50.880, 264, 0
2026/07/17 01:03:50.980, 264, 0
2026/07/17 01:03:51.081, 264, 0
2026/07/17 01:03:51.181, 264, 0
2026/07/17 01:03:51.281, 264, 0
2026/07/17 01:03:51.381, 264, 0
2026/07/17 01:03:51.481, 264, 0
2026/07/17 01:03:51.581, 264, 0
2026/07/17 01:03:51.681, 264, 0
2026/07/17 01:03:51.781, 264, 0
2026/07/17 01:03:51.881, 264, 0
2026/07/17 01:03:51.981, 264, 0
2026/07/17 01:03:52.082, 264, 0
2026/07/17 01:03:52.182, 264, 0
2026/07/17 01:03:52.282, 264, 0
2026/07/17 01:03:52.382, 264, 0
2026/07/17 01:03:52.482, 264, 0
2026/07/17 01:03:52.582, 264, 0
2026/07/17 01:03:52.682, 264, 0
2026/07/17 01:03:52.782, 264, 0
2026/07/17 01:03:52.882, 264, 0
2026/07/17 01:03:52.982, 264, 0
2026/07/17 01:03:53.082, 264, 0
2026/07/17 01:03:53.183, 264, 0
2026/07/17 01:03:53.283, 264, 0
2026/07/17 01:03:53.383, 264, 0
2026/07/17 01:03:53.483, 264, 0
2026/07/17 01:03:53.583, 264, 0
2026/07/17 01:03:53.683, 264, 0
2026/07/17 01:03:53.783, 264, 0
2026/07/17 01:03:53.883, 264, 0
2026/07/17 01:03:53.983, 264, 0
2026/07/17 01:03:54.083, 264, 0
2026/07/17 01:03:54.184, 264, 0
2026/07/17 01:03:54.284, 264, 0
2026/07/17 01:03:54.384, 264, 0
2026/07/17 01:03:54.484, 264, 0
2026/07/17 01:03:54.584, 264, 0
2026/07/17 01:03:54.684, 264, 0
2026/07/17 01:03:54.784, 264, 0
2026/07/17 01:03:54.884, 264, 0
2026/07/17 01:03:54.984, 264, 0
2026/07/17 01:03:55.085, 264, 0
2026/07/17 01:03:55.185, 264, 0
2026/07/17 01:03:55.285, 264, 0
2026/07/17 01:03:55.385, 264, 0
2026/07/17 01:03:55.485, 264, 0
2026/07/17 01:03:55.585, 264, 0
2026/07/17 01:03:55.685, 264, 0
2026/07/17 01:03:55.785, 264, 0
2026/07/17 01:03:55.885, 264, 0
2026/07/17 01:03:55.986, 264, 0
2026/07/17 01:03:56.086, 264, 0
2026/07/17 01:03:56.186, 264, 0
2026/07/17 01:03:56.286, 264, 0
2026/07/17 01:03:56.386, 264, 0
2026/07/17 01:03:56.486, 264, 0
2026/07/17 01:03:56.586, 264, 0
2026/07/17 01:03:56.686, 264, 0
2026/07/17 01:03:56.786, 264, 0
2026/07/17 01:03:56.887, 264, 0
2026/07/17 01:03:56.987, 264, 0
2026/07/17 01:03:57.087, 264, 0
2026/07/17 01:03:57.187, 264, 0
2026/07/17 01:03:57.287, 264, 0
2026/07/17 01:03:57.387, 264, 0
2026/07/17 01:03:57.487, 264, 0
2026/07/17 01:03:57.587, 264, 0
2026/07/17 01:03:57.687, 264, 0
2026/07/17 01:03:57.787, 264, 0
2026/07/17 01:03:57.888, 264, 0
2026/07/17 01:03:57.988, 264, 0
2026/07/17 01:03:58.088, 264, 0
2026/07/17 01:03:58.188, 264, 0
2026/07/17 01:03:58.288, 264, 0
2026/07/17 01:03:58.388, 264, 0
2026/07/17 01:03:58.488, 264, 0
2026/07/17 01:03:58.588, 264, 0
2026/07/17 01:03:58.688, 264, 0
2026/07/17 01:03:58.789, 264, 0
2026/07/17 01:03:58.889, 264, 0
2026/07/17 01:03:58.989, 264, 0
2026/07/17 01:03:59.089, 264, 0
2026/07/17 01:03:59.189, 264, 0
2026/07/17 01:03:59.289, 264, 0
2026/07/17 01:03:59.389, 264, 0
2026/07/17 01:03:59.489, 264, 0
2026/07/17 01:03:59.589, 264, 0
2026/07/17 01:03:59.689, 264, 0
2026/07/17 01:03:59.790, 264, 0
2026/07/17 01:03:59.890, 264, 0
2026/07/17 01:03:59.990, 264, 0
2026/07/17 01:04:00.090, 264, 0
2026/07/17 01:04:00.190, 264, 0
2026/07/17 01:04:00.290, 264, 0
2026/07/17 01:04:00.390, 264, 0
2026/07/17 01:04:00.490, 264, 0
2026/07/17 01:04:00.590, 264, 0
2026/07/17 01:04:00.691, 264, 0
2026/07/17 01:04:00.791, 264, 0
2026/07/17 01:04:00.891, 264, 0
2026/07/17 01:04:00.991, 264, 0
2026/07/17 01:04:01.091, 264, 0
2026/07/17 01:04:01.191, 264, 0
2026/07/17 01:04:01.291, 264, 0
2026/07/17 01:04:01.391, 264, 0
2026/07/17 01:04:01.491, 264, 0
2026/07/17 01:04:01.591, 264, 0
2026/07/17 01:04:01.692, 264, 0
2026/07/17 01:04:01.792, 264, 0
2026/07/17 01:04:01.892, 264, 0
2026/07/17 01:04:01.992, 264, 0
2026/07/17 01:04:02.092, 264, 0
2026/07/17 01:04:02.192, 264, 0
2026/07/17 01:04:02.292, 264, 0
2026/07/17 01:04:02.392, 264, 0
2026/07/17 01:04:02.492, 264, 0
2026/07/17 01:04:02.592, 264, 0
2026/07/17 01:04:02.693, 264, 0
2026/07/17 01:04:02.793, 264, 0
2026/07/17 01:04:02.893, 264, 0
2026/07/17 01:04:02.993, 264, 0
2026/07/17 01:04:03.093, 264, 0
2026/07/17 01:04:03.193, 264, 0
2026/07/17 01:04:03.293, 264, 0
2026/07/17 01:04:03.393, 264, 0
2026/07/17 01:04:03.493, 264, 0
2026/07/17 01:04:03.593, 264, 0
2026/07/17 01:04:03.694, 264, 0
2026/07/17 01:04:03.794, 264, 0
2026/07/17 01:04:03.894, 264, 0
2026/07/17 01:04:03.994, 264, 0
2026/07/17 01:04:04.094, 264, 0
2026/07/17 01:04:04.194, 264, 0
2026/07/17 01:04:04.294, 264, 0
2026/07/17 01:04:04.394, 264, 0
2026/07/17 01:04:04.494, 264, 0
2026/07/17 01:04:04.595, 264, 0
2026/07/17 01:04:04.695, 264, 0
2026/07/17 01:04:04.795, 264, 0
2026/07/17 01:04:04.895, 264, 0
2026/07/17 01:04:04.995, 264, 0
2026/07/17 01:04:05.095, 264, 0
2026/07/17 01:04:05.195, 264, 0
2026/07/17 01:04:05.295, 264, 0
2026/07/17 01:04:05.395, 264, 0
2026/07/17 01:04:05.495, 264, 0
2026/07/17 01:04:05.596, 264, 0
2026/07/17 01:04:05.696, 264, 0
2026/07/17 01:04:05.796, 264, 0
2026/07/17 01:04:05.896, 264, 0
2026/07/17 01:04:05.996, 264, 0
2026/07/17 01:04:06.096, 264, 0
2026/07/17 01:04:06.196, 264, 0
2026/07/17 01:04:06.296, 264, 0
2026/07/17 01:04:06.396, 264, 0
2026/07/17 01:04:06.497, 264, 0
2026/07/17 01:04:06.597, 264, 0
2026/07/17 01:04:06.697, 264, 0
2026/07/17 01:04:06.797, 264, 0
2026/07/17 01:04:06.897, 264, 0
2026/07/17 01:04:06.997, 264, 0
2026/07/17 01:04:07.097, 264, 0
2026/07/17 01:04:07.197, 264, 0
2026/07/17 01:04:07.297, 264, 0
2026/07/17 01:04:07.397, 264, 0
2026/07/17 01:04:07.497, 264, 0
2026/07/17 01:04:07.598, 264, 0
2026/07/17 01:04:07.698, 264, 0
2026/07/17 01:04:07.798, 264, 0
2026/07/17 01:04:07.898, 264, 0
2026/07/17 01:04:07.998, 264, 0
2026/07/17 01:04:08.098, 264, 0
2026/07/17 01:04:08.198, 264, 0
2026/07/17 01:04:08.298, 264, 0
2026/07/17 01:04:08.398, 264, 0
2026/07/17 01:04:08.498, 264, 0
2026/07/17 01:04:08.598, 264, 0
2026/07/17 01:04:08.699, 264, 0
2026/07/17 01:04:08.799, 264, 0
2026/07/17 01:04:08.899, 264, 0
2026/07/17 01:04:08.999, 264, 0
2026/07/17 01:04:09.099, 264, 0
2026/07/17 01:04:09.199, 264, 0
2026/07/17 01:04:09.299, 264, 0
2026/07/17 01:04:09.399, 264, 0
2026/07/17 01:04:09.499, 264, 0
2026/07/17 01:04:09.599, 264, 0
2026/07/17 01:04:09.700, 264, 0
2026/07/17 01:04:09.800, 264, 0
2026/07/17 01:04:09.900, 264, 0
2026/07/17 01:04:10.000, 264, 0
2026/07/17 01:04:10.100, 264, 0
2026/07/17 01:04:10.200, 264, 0
2026/07/17 01:04:10.300, 264, 0
2026/07/17 01:04:10.400, 264, 0
2026/07/17 01:04:10.500, 264, 0
2026/07/17 01:04:10.600, 264, 0
2026/07/17 01:04:10.701, 264, 0
2026/07/17 01:04:10.801, 264, 0
2026/07/17 01:04:10.901, 264, 0
2026/07/17 01:04:11.001, 264, 0
2026/07/17 01:04:11.101, 264, 0
2026/07/17 01:04:11.201, 264, 0
2026/07/17 01:04:11.301, 264, 0
2026/07/17 01:04:11.401, 264, 0
2026/07/17 01:04:11.501, 264, 0
2026/07/17 01:04:11.601, 264, 0
2026/07/17 01:04:11.702, 264, 0
2026/07/17 01:04:11.802, 264, 0
2026/07/17 01:04:11.902, 264, 0
2026/07/17 01:04:12.002, 264, 0
2026/07/17 01:04:12.102, 264, 0
2026/07/17 01:04:12.202, 264, 0
2026/07/17 01:04:12.302, 264, 0
2026/07/17 01:04:12.402, 264, 0
2026/07/17 01:04:12.502, 264, 0
2026/07/17 01:04:12.602, 264, 0
2026/07/17 01:04:12.703, 264, 0
2026/07/17 01:04:12.803, 264, 0
2026/07/17 01:04:12.903, 264, 0
2026/07/17 01:04:13.003, 264, 0
2026/07/17 01:04:13.103, 264, 0
2026/07/17 01:04:13.203, 264, 0
2026/07/17 01:04:13.303, 264, 0
2026/07/17 01:04:13.403, 264, 0
2026/07/17 01:04:13.503, 264, 0
2026/07/17 01:04:13.603, 264, 0
2026/07/17 01:04:13.704, 264, 0
2026/07/17 01:04:13.804, 264, 0
2026/07/17 01:04:13.904, 264, 0
2026/07/17 01:04:14.004, 264, 0
2026/07/17 01:04:14.104, 264, 0
2026/07/17 01:04:14.204, 264, 0
2026/07/17 01:04:14.304, 264, 0
2026/07/17 01:04:14.404, 264, 0
2026/07/17 01:04:14.504, 264, 0
2026/07/17 01:04:14.605, 264, 0
2026/07/17 01:04:14.705, 264, 0
2026/07/17 01:04:14.805, 264, 0
2026/07/17 01:04:14.905, 264, 0
2026/07/17 01:04:15.005, 264, 0
2026/07/17 01:04:15.105, 264, 0
2026/07/17 01:04:15.205, 264, 0
2026/07/17 01:04:15.305, 264, 0
2026/07/17 01:04:15.405, 264, 0
2026/07/17 01:04:15.505, 264, 0
2026/07/17 01:04:15.606, 264, 0
2026/07/17 01:04:15.706, 264, 0
2026/07/17 01:04:15.806, 264, 0
2026/07/17 01:04:15.906, 264, 0
2026/07/17 01:04:16.006, 264, 0
2026/07/17 01:04:16.106, 264, 0
2026/07/17 01:04:16.206, 264, 0
2026/07/17 01:04:16.306, 264, 0
2026/07/17 01:04:16.406, 264, 0
2026/07/17 01:04:16.507, 264, 0
2026/07/17 01:04:16.607, 264, 0
2026/07/17 01:04:16.707, 264, 0
2026/07/17 01:04:16.807, 264, 0
2026/07/17 01:04:16.907, 264, 0
2026/07/17 01:04:17.007, 264, 0
2026/07/17 01:04:17.107, 264, 0
2026/07/17 01:04:17.207, 264, 0
2026/07/17 01:04:17.307, 264, 0
2026/07/17 01:04:17.408, 264, 0
2026/07/17 01:04:17.508, 264, 0
2026/07/17 01:04:17.608, 264, 0
2026/07/17 01:04:17.708, 264, 0
2026/07/17 01:04:17.808, 264, 0
2026/07/17 01:04:17.908, 264, 0
2026/07/17 01:04:18.008, 264, 0
2026/07/17 01:04:18.108, 264, 0
2026/07/17 01:04:18.208, 264, 0
2026/07/17 01:04:18.308, 264, 0
2026/07/17 01:04:18.409, 264, 0
2026/07/17 01:04:18.509, 264, 0
2026/07/17 01:04:18.609, 264, 0
2026/07/17 01:04:18.709, 264, 0
2026/07/17 01:04:18.809, 264, 0
2026/07/17 01:04:18.909, 264, 0
2026/07/17 01:04:19.009, 264, 0
2026/07/17 01:04:19.109, 264, 0
2026/07/17 01:04:19.209, 264, 0
2026/07/17 01:04:19.309, 264, 0
2026/07/17 01:04:19.410, 264, 0
2026/07/17 01:04:19.510, 264, 0
2026/07/17 01:04:19.610, 264, 0
2026/07/17 01:04:19.710, 264, 0
2026/07/17 01:04:19.810, 264, 0
2026/07/17 01:04:19.910, 264, 0
2026/07/17 01:04:20.010, 264, 0
2026/07/17 01:04:20.110, 264, 0
2026/07/17 01:04:20.210, 264, 0
2026/07/17 01:04:20.311, 264, 0
2026/07/17 01:04:20.411, 264, 0
2026/07/17 01:04:20.511, 264, 0
2026/07/17 01:04:20.611, 264, 0
2026/07/17 01:04:20.711, 264, 0
2026/07/17 01:04:20.811, 264, 0
2026/07/17 01:04:20.911, 264, 0
2026/07/17 01:04:21.011, 264, 0
2026/07/17 01:04:21.111, 264, 0
2026/07/17 01:04:21.212, 264, 0
2026/07/17 01:04:21.312, 264, 0
2026/07/17 01:04:21.412, 264, 0
2026/07/17 01:04:21.512, 264, 0
2026/07/17 01:04:21.612, 264, 0
2026/07/17 01:04:21.712, 264, 0
2026/07/17 01:04:21.812, 264, 0
2026/07/17 01:04:21.912, 264, 0
2026/07/17 01:04:22.012, 264, 0
2026/07/17 01:04:22.112, 264, 0
2026/07/17 01:04:22.212, 264, 0
2026/07/17 01:04:22.313, 264, 0
2026/07/17 01:04:22.413, 264, 0
2026/07/17 01:04:22.513, 264, 0
2026/07/17 01:04:22.613, 264, 0
2026/07/17 01:04:22.713, 264, 0
2026/07/17 01:04:22.813, 264, 0
2026/07/17 01:04:22.913, 264, 0
2026/07/17 01:04:23.013, 264, 0
2026/07/17 01:04:23.113, 264, 0
2026/07/17 01:04:23.213, 264, 0
2026/07/17 01:04:23.314, 264, 0
2026/07/17 01:04:23.414, 264, 0
2026/07/17 01:04:23.514, 264, 0
2026/07/17 01:04:23.614, 264, 0
2026/07/17 01:04:23.714, 264, 0
2026/07/17 01:04:23.814, 264, 0
2026/07/17 01:04:23.914, 264, 0
2026/07/17 01:04:24.014, 264, 0
2026/07/17 01:04:24.114, 264, 0
2026/07/17 01:04:24.215, 264, 0
2026/07/17 01:04:24.315, 264, 0
2026/07/17 01:04:24.415, 264, 0
2026/07/17 01:04:24.515, 264, 0
2026/07/17 01:04:24.615, 264, 0
2026/07/17 01:04:24.715, 264, 0
2026/07/17 01:04:24.815, 264, 0
2026/07/17 01:04:24.915, 264, 0
2026/07/17 01:04:25.015, 264, 0
2026/07/17 01:04:25.115, 264, 0
2026/07/17 01:04:25.215, 264, 0
2026/07/17 01:04:25.316, 264, 0
2026/07/17 01:04:25.416, 264, 0
2026/07/17 01:04:25.516, 264, 0
2026/07/17 01:04:25.616, 264, 0
2026/07/17 01:04:25.716, 264, 0
2026/07/17 01:04:25.816, 264, 0
2026/07/17 01:04:25.916, 264, 0
2026/07/17 01:04:26.016, 264, 0
2026/07/17 01:04:26.116, 264, 0
2026/07/17 01:04:26.216, 264, 0
2026/07/17 01:04:26.317, 264, 0
2026/07/17 01:04:26.417, 264, 0
2026/07/17 01:04:26.517, 264, 0
2026/07/17 01:04:26.617, 264, 0
2026/07/17 01:04:26.717, 264, 0
2026/07/17 01:04:26.817, 264, 0
2026/07/17 01:04:26.917, 264, 0
2026/07/17 01:04:27.017, 264, 0
2026/07/17 01:04:27.117, 264, 0
2026/07/17 01:04:27.218, 264, 0
2026/07/17 01:04:27.318, 264, 0
2026/07/17 01:04:27.418, 264, 0
2026/07/17 01:04:27.518, 264, 0
2026/07/17 01:04:27.618, 264, 0
2026/07/17 01:04:27.718, 264, 0
2026/07/17 01:04:27.818, 264, 0
2026/07/17 01:04:27.918, 264, 0
2026/07/17 01:04:28.018, 264, 0
2026/07/17 01:04:28.118, 264, 0
2026/07/17 01:04:28.218, 264, 0
2026/07/17 01:04:28.319, 264, 0
2026/07/17 01:04:28.419, 264, 0
2026/07/17 01:04:28.519, 264, 0
2026/07/17 01:04:28.619, 264, 0
2026/07/17 01:04:28.719, 264, 0
2026/07/17 01:04:28.819, 264, 0
2026/07/17 01:04:28.919, 264, 0
2026/07/17 01:04:29.019, 264, 0
2026/07/17 01:04:29.119, 264, 0
2026/07/17 01:04:29.219, 264, 0
2026/07/17 01:04:29.320, 264, 0
2026/07/17 01:04:29.420, 264, 0
2026/07/17 01:04:29.520, 264, 0
2026/07/17 01:04:29.620, 264, 0
2026/07/17 01:04:29.720, 264, 0
2026/07/17 01:04:29.820, 264, 0
2026/07/17 01:04:29.920, 264, 0
2026/07/17 01:04:30.020, 264, 0
2026/07/17 01:04:30.120, 264, 0
2026/07/17 01:04:30.220, 264, 0
2026/07/17 01:04:30.321, 264, 0
2026/07/17 01:04:30.421, 264, 0
2026/07/17 01:04:30.521, 264, 0
2026/07/17 01:04:30.621, 264, 0
2026/07/17 01:04:30.721, 264, 0
2026/07/17 01:04:30.821, 264, 0
2026/07/17 01:04:30.921, 264, 0
2026/07/17 01:04:31.021, 264, 0
2026/07/17 01:04:31.121, 264, 0
2026/07/17 01:04:31.221, 264, 0
2026/07/17 01:04:31.322, 264, 0
2026/07/17 01:04:31.422, 264, 0
2026/07/17 01:04:31.522, 264, 0
2026/07/17 01:04:31.622, 264, 0
2026/07/17 01:04:31.722, 264, 0
2026/07/17 01:04:31.822, 264, 0
2026/07/17 01:04:31.922, 264, 0
2026/07/17 01:04:32.022, 264, 0
2026/07/17 01:04:32.122, 264, 0
2026/07/17 01:04:32.222, 264, 0
2026/07/17 01:04:32.323, 264, 0
2026/07/17 01:04:32.423, 264, 0
2026/07/17 01:04:32.523, 264, 0
2026/07/17 01:04:32.623, 264, 0
2026/07/17 01:04:32.723, 264, 0
2026/07/17 01:04:32.823, 264, 0
2026/07/17 01:04:32.923, 264, 0
2026/07/17 01:04:33.023, 264, 0
2026/07/17 01:04:33.123, 264, 0
2026/07/17 01:04:33.223, 264, 0
2026/07/17 01:04:33.324, 264, 0
2026/07/17 01:04:33.424, 264, 0
2026/07/17 01:04:33.524, 264, 0
2026/07/17 01:04:33.624, 264, 0
2026/07/17 01:04:33.724, 264, 0
2026/07/17 01:04:33.824, 264, 0
2026/07/17 01:04:33.924, 264, 0
2026/07/17 01:04:34.024, 264, 0
2026/07/17 01:04:34.124, 264, 0
2026/07/17 01:04:34.224, 264, 0
2026/07/17 01:04:34.325, 264, 0
2026/07/17 01:04:34.425, 264, 0
2026/07/17 01:04:34.525, 264, 0
2026/07/17 01:04:34.625, 264, 0
2026/07/17 01:04:34.725, 264, 0
2026/07/17 01:04:34.825, 264, 0
2026/07/17 01:04:34.925, 264, 0
2026/07/17 01:04:35.025, 264, 0
2026/07/17 01:04:35.126, 264, 0
2026/07/17 01:04:35.226, 264, 0
2026/07/17 01:04:35.326, 264, 0
2026/07/17 01:04:35.426, 264, 0
2026/07/17 01:04:35.526, 264, 0
2026/07/17 01:04:35.626, 264, 0
2026/07/17 01:04:35.726, 264, 0
2026/07/17 01:04:35.826, 264, 0
2026/07/17 01:04:35.926, 264, 0
2026/07/17 01:04:36.026, 264, 0
2026/07/17 01:04:36.126, 264, 0
2026/07/17 01:04:36.227, 264, 0
2026/07/17 01:04:36.327, 264, 0
2026/07/17 01:04:36.427, 264, 0
2026/07/17 01:04:36.527, 264, 0
2026/07/17 01:04:36.627, 264, 0
2026/07/17 01:04:36.727, 264, 0
2026/07/17 01:04:36.827, 264, 0
2026/07/17 01:04:36.927, 264, 0
2026/07/17 01:04:37.027, 264, 0
2026/07/17 01:04:37.127, 264, 0
2026/07/17 01:04:37.228, 264, 0
2026/07/17 01:04:37.328, 264, 0
2026/07/17 01:04:37.428, 264, 0
2026/07/17 01:04:37.528, 264, 0
2026/07/17 01:04:37.628, 264, 0
2026/07/17 01:04:37.728, 264, 0
2026/07/17 01:04:37.828, 264, 0
2026/07/17 01:04:37.928, 264, 0
2026/07/17 01:04:38.028, 264, 0
2026/07/17 01:04:38.128, 264, 0
2026/07/17 01:04:38.229, 264, 0
2026/07/17 01:04:38.329, 264, 0
2026/07/17 01:04:38.429, 264, 0
2026/07/17 01:04:38.529, 264, 0
2026/07/17 01:04:38.629, 264, 0
2026/07/17 01:04:38.729, 264, 0
2026/07/17 01:04:38.829, 264, 0
2026/07/17 01:04:38.929, 264, 0
2026/07/17 01:04:39.029, 264, 0
2026/07/17 01:04:39.129, 264, 0
2026/07/17 01:04:39.230, 264, 0
2026/07/17 01:04:39.330, 264, 0
2026/07/17 01:04:39.430, 264, 0
2026/07/17 01:04:39.530, 264, 0
2026/07/17 01:04:39.630, 264, 0
2026/07/17 01:04:39.730, 264, 0
2026/07/17 01:04:39.830, 264, 0
2026/07/17 01:04:39.930, 264, 0
2026/07/17 01:04:40.030, 264, 0
2026/07/17 01:04:40.130, 264, 0
2026/07/17 01:04:40.230, 264, 0
2026/07/17 01:04:40.331, 264, 0
2026/07/17 01:04:40.431, 264, 0
2026/07/17 01:04:40.531, 264, 0
2026/07/17 01:04:40.631, 264, 0
2026/07/17 01:04:40.731, 264, 0
2026/07/17 01:04:40.831, 264, 0
2026/07/17 01:04:40.931, 264, 0
2026/07/17 01:04:41.031, 264, 0
2026/07/17 01:04:41.131, 264, 0
2026/07/17 01:04:41.231, 264, 0
2026/07/17 01:04:41.332, 264, 0
2026/07/17 01:04:41.432, 264, 0
2026/07/17 01:04:41.532, 264, 0
2026/07/17 01:04:41.632, 264, 0
2026/07/17 01:04:41.732, 264, 0
2026/07/17 01:04:41.832, 264, 0
2026/07/17 01:04:41.932, 264, 0
2026/07/17 01:04:42.032, 264, 0
2026/07/17 01:04:42.132, 264, 0
2026/07/17 01:04:42.233, 264, 0
2026/07/17 01:04:42.333, 264, 0
2026/07/17 01:04:42.433, 264, 0
2026/07/17 01:04:42.533, 264, 0
2026/07/17 01:04:42.633, 264, 0
2026/07/17 01:04:42.733, 264, 0
2026/07/17 01:04:42.833, 264, 0
2026/07/17 01:04:42.933, 264, 0
2026/07/17 01:04:43.033, 264, 0
2026/07/17 01:04:43.133, 264, 0
2026/07/17 01:04:43.234, 264, 0
2026/07/17 01:04:43.334, 264, 0
2026/07/17 01:04:43.434, 264, 0
2026/07/17 01:04:43.534, 264, 0
2026/07/17 01:04:43.634, 264, 0
2026/07/17 01:04:43.734, 264, 0
2026/07/17 01:04:43.834, 264, 0
2026/07/17 01:04:43.934, 264, 0
2026/07/17 01:04:44.034, 264, 0
2026/07/17 01:04:44.135, 264, 0
2026/07/17 01:04:44.235, 264, 0
2026/07/17 01:04:44.335, 264, 0
2026/07/17 01:04:44.435, 264, 0
2026/07/17 01:04:44.535, 264, 0
2026/07/17 01:04:44.635, 264, 0
2026/07/17 01:04:44.735, 264, 0
2026/07/17 01:04:44.835, 264, 0
2026/07/17 01:04:44.935, 264, 0
2026/07/17 01:04:45.035, 264, 0
2026/07/17 01:04:45.136, 264, 0
2026/07/17 01:04:45.236, 264, 0
2026/07/17 01:04:45.336, 264, 0
2026/07/17 01:04:45.436, 264, 0
2026/07/17 01:04:45.536, 264, 0
2026/07/17 01:04:45.636, 264, 0
2026/07/17 01:04:45.736, 264, 0
2026/07/17 01:04:45.836, 264, 0
2026/07/17 01:04:45.937, 264, 0
2026/07/17 01:04:46.037, 264, 0
2026/07/17 01:04:46.137, 264, 0
2026/07/17 01:04:46.237, 264, 0
2026/07/17 01:04:46.337, 264, 0
2026/07/17 01:04:46.437, 264, 0
2026/07/17 01:04:46.537, 264, 0
2026/07/17 01:04:46.637, 264, 0
2026/07/17 01:04:46.737, 264, 0
2026/07/17 01:04:46.837, 264, 0
2026/07/17 01:04:46.938, 264, 0
2026/07/17 01:04:47.038, 264, 0
2026/07/17 01:04:47.138, 264, 0
2026/07/17 01:04:47.238, 264, 0
2026/07/17 01:04:47.338, 264, 0
2026/07/17 01:04:47.438, 264, 0
2026/07/17 01:04:47.538, 264, 0
2026/07/17 01:04:47.638, 264, 0
2026/07/17 01:04:47.738, 264, 0
2026/07/17 01:04:47.838, 264, 0
2026/07/17 01:04:47.938, 264, 0
2026/07/17 01:04:48.039, 264, 0
2026/07/17 01:04:48.139, 264, 0
2026/07/17 01:04:48.239, 264, 0
2026/07/17 01:04:48.339, 264, 0
2026/07/17 01:04:48.439, 264, 0
2026/07/17 01:04:48.539, 264, 0
2026/07/17 01:04:48.639, 264, 0
2026/07/17 01:04:48.739, 264, 0
2026/07/17 01:04:48.839, 264, 0
2026/07/17 01:04:48.939, 264, 0
2026/07/17 01:04:49.039, 264, 0
2026/07/17 01:04:49.140, 264, 0
2026/07/17 01:04:49.240, 264, 0
2026/07/17 01:04:49.340, 264, 0
2026/07/17 01:04:49.440, 264, 0
2026/07/17 01:04:49.540, 264, 0
2026/07/17 01:04:49.640, 264, 0
2026/07/17 01:04:49.740, 264, 0
2026/07/17 01:04:49.840, 264, 0
2026/07/17 01:04:49.940, 264, 0
2026/07/17 01:04:50.040, 264, 0
2026/07/17 01:04:50.141, 264, 0
2026/07/17 01:04:50.241, 264, 0
2026/07/17 01:04:50.341, 264, 0
2026/07/17 01:04:50.441, 264, 0
2026/07/17 01:04:50.541, 264, 0
2026/07/17 01:04:50.641, 264, 0
2026/07/17 01:04:50.741, 264, 0
2026/07/17 01:04:50.841, 264, 0
2026/07/17 01:04:50.941, 264, 0
2026/07/17 01:04:51.041, 264, 0
2026/07/17 01:04:51.142, 264, 0
2026/07/17 01:04:51.242, 264, 0
2026/07/17 01:04:51.342, 264, 0
2026/07/17 01:04:51.442, 264, 0
2026/07/17 01:04:51.542, 264, 0
2026/07/17 01:04:51.642, 264, 0
2026/07/17 01:04:51.742, 264, 0
2026/07/17 01:04:51.842, 264, 0
2026/07/17 01:04:51.942, 264, 0
2026/07/17 01:04:52.042, 264, 0
2026/07/17 01:04:52.143, 264, 0
2026/07/17 01:04:52.243, 264, 0
2026/07/17 01:04:52.343, 264, 0
2026/07/17 01:04:52.443, 264, 0
2026/07/17 01:04:52.543, 264, 0
2026/07/17 01:04:52.643, 264, 0
2026/07/17 01:04:52.743, 264, 0
2026/07/17 01:04:52.843, 264, 0
2026/07/17 01:04:52.943, 264, 0
2026/07/17 01:04:53.043, 264, 0
2026/07/17 01:04:53.143, 264, 0
2026/07/17 01:04:53.244, 264, 0
2026/07/17 01:04:53.344, 264, 0
2026/07/17 01:04:53.444, 264, 0
2026/07/17 01:04:53.544, 264, 0
2026/07/17 01:04:53.644, 264, 0
2026/07/17 01:04:53.744, 264, 0
2026/07/17 01:04:53.844, 264, 0
2026/07/17 01:04:53.944, 264, 0
2026/07/17 01:04:54.044, 264, 0
2026/07/17 01:04:54.144, 264, 0
2026/07/17 01:04:54.245, 264, 0
2026/07/17 01:04:54.345, 264, 0
2026/07/17 01:04:54.445, 264, 0
2026/07/17 01:04:54.545, 264, 0
2026/07/17 01:04:54.645, 264, 0
2026/07/17 01:04:54.745, 264, 0
2026/07/17 01:04:54.845, 264, 0
2026/07/17 01:04:54.945, 264, 0
2026/07/17 01:04:55.045, 264, 0
2026/07/17 01:04:55.145, 264, 0
2026/07/17 01:04:55.245, 264, 0
2026/07/17 01:04:55.346, 264, 0
2026/07/17 01:04:55.446, 264, 0
2026/07/17 01:04:55.546, 264, 0
2026/07/17 01:04:55.646, 264, 0
2026/07/17 01:04:55.746, 264, 0
2026/07/17 01:04:55.846, 264, 0
2026/07/17 01:04:55.946, 264, 0
2026/07/17 01:04:56.046, 264, 0
2026/07/17 01:04:56.146, 264, 0
2026/07/17 01:04:56.247, 264, 0
2026/07/17 01:04:56.347, 264, 0
2026/07/17 01:04:56.447, 264, 0
2026/07/17 01:04:56.547, 264, 0
2026/07/17 01:04:56.647, 264, 0
2026/07/17 01:04:56.747, 264, 0
2026/07/17 01:04:56.847, 264, 0
2026/07/17 01:04:56.947, 264, 0
2026/07/17 01:04:57.047, 264, 0
2026/07/17 01:04:57.147, 264, 0
2026/07/17 01:04:57.247, 264, 0
2026/07/17 01:04:57.348, 264, 0
2026/07/17 01:04:57.448, 264, 0
2026/07/17 01:04:57.548, 264, 0
2026/07/17 01:04:57.648, 264, 0
2026/07/17 01:04:57.748, 264, 0
2026/07/17 01:04:57.848, 264, 0
2026/07/17 01:04:57.948, 264, 0
2026/07/17 01:04:58.048, 264, 0
2026/07/17 01:04:58.148, 264, 0
2026/07/17 01:04:58.248, 264, 0
2026/07/17 01:04:58.349, 264, 0
2026/07/17 01:04:58.449, 264, 0
2026/07/17 01:04:58.549, 264, 0
2026/07/17 01:04:58.649, 264, 0
2026/07/17 01:04:58.749, 264, 0
2026/07/17 01:04:58.849, 264, 0
2026/07/17 01:04:58.949, 264, 0
2026/07/17 01:04:59.049, 264, 0
2026/07/17 01:04:59.149, 264, 0
2026/07/17 01:04:59.249, 264, 0
2026/07/17 01:04:59.349, 264, 0
2026/07/17 01:04:59.450, 264, 0
2026/07/17 01:04:59.550, 264, 0
2026/07/17 01:04:59.650, 264, 0
2026/07/17 01:04:59.750, 264, 0
2026/07/17 01:04:59.850, 264, 0
2026/07/17 01:04:59.950, 264, 0
2026/07/17 01:05:00.050, 264, 0
2026/07/17 01:05:00.150, 264, 0
2026/07/17 01:05:00.250, 264, 0
2026/07/17 01:05:00.350, 264, 0
2026/07/17 01:05:00.451, 264, 0
2026/07/17 01:05:00.551, 264, 0
2026/07/17 01:05:00.651, 264, 0
2026/07/17 01:05:00.751, 264, 0
2026/07/17 01:05:00.851, 264, 0
2026/07/17 01:05:00.951, 264, 0
2026/07/17 01:05:01.051, 264, 0
2026/07/17 01:05:01.151, 264, 0
2026/07/17 01:05:01.251, 264, 0
2026/07/17 01:05:01.351, 264, 0
2026/07/17 01:05:01.452, 264, 0
2026/07/17 01:05:01.552, 264, 0
2026/07/17 01:05:01.652, 264, 0
2026/07/17 01:05:01.752, 264, 0
2026/07/17 01:05:01.852, 264, 0
2026/07/17 01:05:01.952, 264, 0
2026/07/17 01:05:02.052, 264, 0
2026/07/17 01:05:02.152, 264, 0
2026/07/17 01:05:02.252, 264, 0
2026/07/17 01:05:02.353, 264, 0
2026/07/17 01:05:02.453, 264, 0
2026/07/17 01:05:02.553, 264, 0
2026/07/17 01:05:02.653, 264, 0
2026/07/17 01:05:02.753, 264, 0
2026/07/17 01:05:02.853, 264, 0
2026/07/17 01:05:02.953, 264, 0
2026/07/17 01:05:03.053, 264, 0
2026/07/17 01:05:03.153, 264, 0
2026/07/17 01:05:03.253, 264, 0
2026/07/17 01:05:03.354, 264, 0
2026/07/17 01:05:03.454, 264, 0
2026/07/17 01:05:03.554, 264, 0
2026/07/17 01:05:03.654, 264, 0
2026/07/17 01:05:03.754, 264, 0
2026/07/17 01:05:03.854, 264, 0
2026/07/17 01:05:03.954, 264, 0
2026/07/17 01:05:04.054, 264, 0
2026/07/17 01:05:04.154, 264, 0
2026/07/17 01:05:04.254, 264, 0
2026/07/17 01:05:04.355, 264, 0
2026/07/17 01:05:04.455, 264, 0
2026/07/17 01:05:04.555, 264, 0
2026/07/17 01:05:04.655, 264, 0
2026/07/17 01:05:04.755, 264, 0
2026/07/17 01:05:04.855, 264, 0
2026/07/17 01:05:04.955, 264, 0
2026/07/17 01:05:05.055, 264, 0
2026/07/17 01:05:05.155, 264, 0
2026/07/17 01:05:05.255, 264, 0
2026/07/17 01:05:05.356, 264, 0
2026/07/17 01:05:05.456, 264, 0
2026/07/17 01:05:05.556, 264, 0
2026/07/17 01:05:05.656, 264, 0
2026/07/17 01:05:05.756, 264, 0
2026/07/17 01:05:05.856, 264, 0
2026/07/17 01:05:05.956, 264, 0
2026/07/17 01:05:06.056, 264, 0
2026/07/17 01:05:06.156, 264, 0
2026/07/17 01:05:06.256, 264, 0
2026/07/17 01:05:06.357, 264, 0
2026/07/17 01:05:06.457, 264, 0
2026/07/17 01:05:06.557, 264, 0
2026/07/17 01:05:06.657, 264, 0
2026/07/17 01:05:06.757, 264, 0
2026/07/17 01:05:06.857, 264, 0
2026/07/17 01:05:06.957, 264, 0
2026/07/17 01:05:07.057, 264, 0
2026/07/17 01:05:07.157, 264, 0
2026/07/17 01:05:07.257, 264, 0
2026/07/17 01:05:07.358, 264, 0
2026/07/17 01:05:07.458, 264, 0
2026/07/17 01:05:07.558, 264, 0
2026/07/17 01:05:07.658, 264, 0
2026/07/17 01:05:07.758, 264, 0
2026/07/17 01:05:07.858, 264, 0
2026/07/17 01:05:07.958, 264, 0
2026/07/17 01:05:08.058, 264, 0
2026/07/17 01:05:08.158, 264, 0
2026/07/17 01:05:08.258, 264, 0
2026/07/17 01:05:08.359, 264, 0
2026/07/17 01:05:08.459, 264, 0
2026/07/17 01:05:08.559, 264, 0
2026/07/17 01:05:08.659, 264, 0
2026/07/17 01:05:08.759, 264, 0
2026/07/17 01:05:08.859, 264, 0
2026/07/17 01:05:08.959, 264, 0
2026/07/17 01:05:09.059, 264, 0
2026/07/17 01:05:09.159, 264, 0
2026/07/17 01:05:09.259, 264, 0
2026/07/17 01:05:09.359, 264, 0
2026/07/17 01:05:09.460, 264, 0
2026/07/17 01:05:09.560, 264, 0
2026/07/17 01:05:09.660, 264, 0
2026/07/17 01:05:09.760, 264, 0
2026/07/17 01:05:09.860, 264, 0
2026/07/17 01:05:09.960, 264, 0
2026/07/17 01:05:10.060, 264, 0
2026/07/17 01:05:10.160, 264, 0
2026/07/17 01:05:10.260, 264, 0
2026/07/17 01:05:10.360, 264, 0
2026/07/17 01:05:10.460, 264, 0
2026/07/17 01:05:10.561, 264, 0
2026/07/17 01:05:10.661, 264, 0
2026/07/17 01:05:10.761, 264, 0
2026/07/17 01:05:10.861, 264, 0
2026/07/17 01:05:10.961, 264, 0
2026/07/17 01:05:11.061, 264, 0
2026/07/17 01:05:11.161, 264, 0
2026/07/17 01:05:11.261, 264, 0
2026/07/17 01:05:11.362, 264, 0
2026/07/17 01:05:11.462, 264, 0
2026/07/17 01:05:11.562, 264, 0
2026/07/17 01:05:11.662, 264, 0
2026/07/17 01:05:11.762, 264, 0
2026/07/17 01:05:11.862, 264, 0
2026/07/17 01:05:11.962, 264, 0
2026/07/17 01:05:12.062, 264, 0
2026/07/17 01:05:12.162, 264, 0
2026/07/17 01:05:12.262, 264, 0
2026/07/17 01:05:12.363, 264, 0
2026/07/17 01:05:12.463, 264, 0
2026/07/17 01:05:12.563, 264, 0
2026/07/17 01:05:12.663, 264, 0
2026/07/17 01:05:12.763, 264, 0
2026/07/17 01:05:12.863, 264, 0
2026/07/17 01:05:12.963, 264, 0
2026/07/17 01:05:13.063, 264, 0
2026/07/17 01:05:13.164, 264, 0
2026/07/17 01:05:13.264, 264, 0
2026/07/17 01:05:13.364, 264, 0
2026/07/17 01:05:13.464, 264, 0
2026/07/17 01:05:13.564, 264, 0
2026/07/17 01:05:13.664, 264, 0
2026/07/17 01:05:13.764, 264, 0
2026/07/17 01:05:13.864, 264, 0
2026/07/17 01:05:13.964, 264, 0
2026/07/17 01:05:14.064, 264, 0
2026/07/17 01:05:14.165, 264, 0
2026/07/17 01:05:14.265, 264, 0
2026/07/17 01:05:14.365, 264, 0
2026/07/17 01:05:14.465, 264, 0
2026/07/17 01:05:14.565, 264, 0
2026/07/17 01:05:14.665, 264, 0
2026/07/17 01:05:14.765, 264, 0
2026/07/17 01:05:14.865, 264, 0
2026/07/17 01:05:14.966, 264, 0
2026/07/17 01:05:15.066, 264, 0
2026/07/17 01:05:15.166, 264, 0
2026/07/17 01:05:15.266, 264, 0
2026/07/17 01:05:15.366, 264, 0
2026/07/17 01:05:15.466, 264, 0
2026/07/17 01:05:15.566, 264, 0
2026/07/17 01:05:15.666, 264, 0
2026/07/17 01:05:15.766, 264, 0
2026/07/17 01:05:15.866, 264, 0
2026/07/17 01:05:15.966, 264, 0
2026/07/17 01:05:16.067, 264, 0
2026/07/17 01:05:16.167, 264, 0
2026/07/17 01:05:16.267, 264, 0
2026/07/17 01:05:16.367, 264, 0
2026/07/17 01:05:16.467, 264, 0
2026/07/17 01:05:16.567, 264, 0
2026/07/17 01:05:16.667, 264, 0
2026/07/17 01:05:16.767, 264, 0
2026/07/17 01:05:16.867, 264, 0
2026/07/17 01:05:16.967, 264, 0
2026/07/17 01:05:17.068, 264, 0
2026/07/17 01:05:17.168, 264, 0
2026/07/17 01:05:17.268, 264, 0
2026/07/17 01:05:17.368, 264, 0
2026/07/17 01:05:17.468, 264, 0
2026/07/17 01:05:17.568, 264, 0
2026/07/17 01:05:17.668, 264, 0
2026/07/17 01:05:17.768, 264, 0
2026/07/17 01:05:17.868, 264, 0
2026/07/17 01:05:17.969, 264, 0
2026/07/17 01:05:18.069, 264, 0
2026/07/17 01:05:18.169, 264, 0
2026/07/17 01:05:18.269, 264, 0
2026/07/17 01:05:18.369, 264, 0
2026/07/17 01:05:18.469, 264, 0
2026/07/17 01:05:18.569, 264, 0
2026/07/17 01:05:18.669, 264, 0
2026/07/17 01:05:18.770, 264, 0
2026/07/17 01:05:18.870, 264, 0
2026/07/17 01:05:18.970, 264, 0
2026/07/17 01:05:19.070, 264, 0
2026/07/17 01:05:19.170, 264, 0
2026/07/17 01:05:19.270, 264, 0
2026/07/17 01:05:19.370, 264, 0
2026/07/17 01:05:19.470, 264, 0
2026/07/17 01:05:19.570, 264, 0
2026/07/17 01:05:19.671, 264, 0
2026/07/17 01:05:19.771, 264, 0
2026/07/17 01:05:19.871, 264, 0
2026/07/17 01:05:19.971, 264, 0
2026/07/17 01:05:20.071, 264, 0
2026/07/17 01:05:20.171, 264, 0
2026/07/17 01:05:20.271, 264, 0
2026/07/17 01:05:20.371, 264, 0
2026/07/17 01:05:20.471, 264, 0
2026/07/17 01:05:20.571, 264, 0
2026/07/17 01:05:20.671, 264, 0
2026/07/17 01:05:20.772, 264, 0
2026/07/17 01:05:20.872, 264, 0
2026/07/17 01:05:20.972, 264, 0
2026/07/17 01:05:21.072, 264, 0
2026/07/17 01:05:21.172, 264, 0
2026/07/17 01:05:21.272, 264, 0
2026/07/17 01:05:21.372, 264, 0
2026/07/17 01:05:21.472, 264, 0
2026/07/17 01:05:21.572, 264, 0
2026/07/17 01:05:21.673, 264, 0
2026/07/17 01:05:21.773, 264, 0
2026/07/17 01:05:21.873, 264, 0
2026/07/17 01:05:21.973, 264, 0
2026/07/17 01:05:22.073, 264, 0
2026/07/17 01:05:22.173, 264, 0
2026/07/17 01:05:22.273, 264, 0
2026/07/17 01:05:22.373, 264, 0
2026/07/17 01:05:22.473, 264, 0
2026/07/17 01:05:22.573, 264, 0
2026/07/17 01:05:22.674, 264, 0
2026/07/17 01:05:22.774, 264, 0
2026/07/17 01:05:22.874, 264, 0
2026/07/17 01:05:22.974, 264, 0
2026/07/17 01:05:23.074, 264, 0
2026/07/17 01:05:23.174, 264, 0
2026/07/17 01:05:23.274, 264, 0
2026/07/17 01:05:23.374, 264, 0
2026/07/17 01:05:23.474, 264, 0
2026/07/17 01:05:23.575, 264, 0
2026/07/17 01:05:23.675, 264, 0
2026/07/17 01:05:23.775, 264, 0
2026/07/17 01:05:23.875, 264, 0
2026/07/17 01:05:23.975, 264, 0
2026/07/17 01:05:24.075, 264, 0
2026/07/17 01:05:24.175, 264, 0
2026/07/17 01:05:24.275, 264, 0
2026/07/17 01:05:24.375, 264, 0
2026/07/17 01:05:24.475, 264, 0
2026/07/17 01:05:24.575, 264, 0
2026/07/17 01:05:24.676, 264, 0
2026/07/17 01:05:24.776, 264, 0
2026/07/17 01:05:24.876, 264, 0
2026/07/17 01:05:24.976, 264, 0
2026/07/17 01:05:25.076, 264, 0
2026/07/17 01:05:25.176, 264, 0
2026/07/17 01:05:25.276, 264, 0
2026/07/17 01:05:25.376, 264, 0
2026/07/17 01:05:25.476, 264, 0
2026/07/17 01:05:25.576, 264, 0
2026/07/17 01:05:25.677, 264, 0
2026/07/17 01:05:25.777, 264, 0
2026/07/17 01:05:25.877, 264, 0
2026/07/17 01:05:25.977, 264, 0
2026/07/17 01:05:26.077, 264, 0
2026/07/17 01:05:26.177, 264, 0
2026/07/17 01:05:26.277, 264, 0
2026/07/17 01:05:26.377, 264, 0
2026/07/17 01:05:26.477, 264, 0
2026/07/17 01:05:26.577, 264, 0
2026/07/17 01:05:26.677, 264, 0
2026/07/17 01:05:26.778, 264, 0
2026/07/17 01:05:26.878, 264, 0
2026/07/17 01:05:26.978, 264, 0
2026/07/17 01:05:27.078, 264, 0
2026/07/17 01:05:27.178, 264, 0
2026/07/17 01:05:27.278, 264, 0
2026/07/17 01:05:27.378, 264, 0
2026/07/17 01:05:27.478, 264, 0
2026/07/17 01:05:27.578, 264, 0
2026/07/17 01:05:27.678, 264, 0
2026/07/17 01:05:27.779, 264, 0
2026/07/17 01:05:27.879, 264, 0
2026/07/17 01:05:27.979, 264, 0
2026/07/17 01:05:28.079, 264, 0
2026/07/17 01:05:28.179, 264, 0
2026/07/17 01:05:28.279, 264, 0
2026/07/17 01:05:28.379, 264, 0
2026/07/17 01:05:28.479, 264, 0
2026/07/17 01:05:28.579, 264, 0
2026/07/17 01:05:28.679, 264, 0
2026/07/17 01:05:28.779, 264, 0
2026/07/17 01:05:28.880, 264, 0
2026/07/17 01:05:28.980, 264, 0
2026/07/17 01:05:29.080, 264, 0
2026/07/17 01:05:29.180, 264, 0
2026/07/17 01:05:29.280, 264, 0
2026/07/17 01:05:29.380, 264, 0
2026/07/17 01:05:29.480, 264, 0
2026/07/17 01:05:29.580, 264, 0
2026/07/17 01:05:29.680, 264, 0
2026/07/17 01:05:29.781, 264, 0
2026/07/17 01:05:29.881, 264, 0
2026/07/17 01:05:29.981, 264, 0
2026/07/17 01:05:30.081, 264, 0
2026/07/17 01:05:30.181, 264, 0
2026/07/17 01:05:30.281, 264, 0
2026/07/17 01:05:30.381, 264, 0
2026/07/17 01:05:30.481, 264, 0
2026/07/17 01:05:30.581, 264, 0
2026/07/17 01:05:30.681, 264, 0
2026/07/17 01:05:30.781, 264, 0
2026/07/17 01:05:30.881, 264, 0
2026/07/17 01:05:30.982, 264, 0
2026/07/17 01:05:31.082, 264, 0
2026/07/17 01:05:31.182, 264, 0
2026/07/17 01:05:31.282, 264, 0
2026/07/17 01:05:31.382, 264, 0
2026/07/17 01:05:31.482, 264, 0
2026/07/17 01:05:31.582, 264, 0
2026/07/17 01:05:31.682, 264, 0
2026/07/17 01:05:31.782, 264, 0
2026/07/17 01:05:31.882, 264, 0
2026/07/17 01:05:31.983, 264, 0
2026/07/17 01:05:32.083, 264, 0
2026/07/17 01:05:32.183, 264, 0
2026/07/17 01:05:32.283, 264, 0
2026/07/17 01:05:32.383, 264, 0
2026/07/17 01:05:32.483, 264, 0
2026/07/17 01:05:32.583, 264, 0
2026/07/17 01:05:32.683, 264, 0
2026/07/17 01:05:32.783, 264, 0
2026/07/17 01:05:32.883, 264, 0
2026/07/17 01:05:32.983, 264, 0
2026/07/17 01:05:33.084, 264, 0
2026/07/17 01:05:33.184, 264, 0
2026/07/17 01:05:33.284, 264, 0
2026/07/17 01:05:33.384, 264, 0
2026/07/17 01:05:33.484, 264, 0
2026/07/17 01:05:33.584, 264, 0
2026/07/17 01:05:33.684, 264, 0
2026/07/17 01:05:33.784, 264, 0
2026/07/17 01:05:33.884, 264, 0
2026/07/17 01:05:33.984, 264, 0
2026/07/17 01:05:34.084, 264, 0
2026/07/17 01:05:34.185, 264, 0
2026/07/17 01:05:34.285, 264, 0
2026/07/17 01:05:34.385, 264, 0
2026/07/17 01:05:34.485, 264, 0
2026/07/17 01:05:34.585, 264, 0
2026/07/17 01:05:34.685, 264, 0
2026/07/17 01:05:34.785, 264, 0
2026/07/17 01:05:34.885, 264, 0
2026/07/17 01:05:34.985, 264, 0
2026/07/17 01:05:35.085, 264, 0
2026/07/17 01:05:35.186, 264, 0
2026/07/17 01:05:35.286, 264, 0
2026/07/17 01:05:35.386, 264, 0
2026/07/17 01:05:35.486, 264, 0
2026/07/17 01:05:35.586, 264, 0
2026/07/17 01:05:35.686, 264, 0
2026/07/17 01:05:35.786, 264, 0
2026/07/17 01:05:35.886, 264, 0
2026/07/17 01:05:35.986, 264, 0
2026/07/17 01:05:36.087, 264, 0
2026/07/17 01:05:36.187, 264, 0
2026/07/17 01:05:36.287, 264, 0
2026/07/17 01:05:36.387, 264, 0
2026/07/17 01:05:36.487, 264, 0
2026/07/17 01:05:36.587, 264, 0
2026/07/17 01:05:36.687, 264, 0
2026/07/17 01:05:36.787, 264, 0
2026/07/17 01:05:36.887, 264, 0
2026/07/17 01:05:36.987, 264, 0
2026/07/17 01:05:37.088, 264, 0
2026/07/17 01:05:37.188, 264, 0
2026/07/17 01:05:37.288, 264, 0
2026/07/17 01:05:37.388, 264, 0
2026/07/17 01:05:37.488, 264, 0
2026/07/17 01:05:37.588, 264, 0
2026/07/17 01:05:37.688, 264, 0
2026/07/17 01:05:37.788, 264, 0
2026/07/17 01:05:37.888, 264, 0
2026/07/17 01:05:37.988, 264, 0
2026/07/17 01:05:38.089, 264, 0
2026/07/17 01:05:38.189, 264, 0
2026/07/17 01:05:38.289, 264, 0
2026/07/17 01:05:38.389, 264, 0
2026/07/17 01:05:38.489, 264, 0
2026/07/17 01:05:38.589, 264, 0
2026/07/17 01:05:38.689, 264, 0
2026/07/17 01:05:38.789, 264, 0
2026/07/17 01:05:38.890, 264, 0
2026/07/17 01:05:38.990, 264, 0
2026/07/17 01:05:39.090, 264, 0
2026/07/17 01:05:39.190, 264, 0
2026/07/17 01:05:39.290, 264, 0
2026/07/17 01:05:39.390, 264, 0
2026/07/17 01:05:39.490, 264, 0
2026/07/17 01:05:39.590, 264, 0
2026/07/17 01:05:39.690, 264, 0
2026/07/17 01:05:39.791, 264, 0
2026/07/17 01:05:39.891, 264, 0
2026/07/17 01:05:39.991, 264, 0
2026/07/17 01:05:40.091, 264, 0
2026/07/17 01:05:40.191, 264, 0
2026/07/17 01:05:40.291, 264, 0
2026/07/17 01:05:40.391, 264, 0
2026/07/17 01:05:40.491, 264, 0
2026/07/17 01:05:40.591, 264, 0
2026/07/17 01:05:40.691, 264, 0
2026/07/17 01:05:40.791, 264, 0
2026/07/17 01:05:40.892, 264, 0
2026/07/17 01:05:40.992, 264, 0
2026/07/17 01:05:41.092, 264, 0
2026/07/17 01:05:41.192, 264, 0
2026/07/17 01:05:41.292, 264, 0
2026/07/17 01:05:41.392, 264, 0
2026/07/17 01:05:41.492, 264, 0
2026/07/17 01:05:41.592, 264, 0
2026/07/17 01:05:41.692, 264, 0
2026/07/17 01:05:41.793, 264, 0
2026/07/17 01:05:41.893, 264, 0
2026/07/17 01:05:41.993, 264, 0
2026/07/17 01:05:42.093, 264, 0
2026/07/17 01:05:42.193, 264, 0
2026/07/17 01:05:42.293, 264, 0
2026/07/17 01:05:42.393, 264, 0
2026/07/17 01:05:42.493, 264, 0
2026/07/17 01:05:42.593, 264, 0
2026/07/17 01:05:42.693, 264, 0
2026/07/17 01:05:42.794, 264, 0
2026/07/17 01:05:42.894, 264, 0
2026/07/17 01:05:42.994, 264, 0
2026/07/17 01:05:43.094, 264, 0
2026/07/17 01:05:43.194, 264, 0
2026/07/17 01:05:43.294, 264, 0
2026/07/17 01:05:43.394, 264, 0
2026/07/17 01:05:43.494, 264, 0
2026/07/17 01:05:43.594, 264, 0
2026/07/17 01:05:43.694, 264, 0
2026/07/17 01:05:43.795, 264, 0
2026/07/17 01:05:43.895, 264, 0
2026/07/17 01:05:43.995, 264, 0
2026/07/17 01:05:44.095, 264, 0
2026/07/17 01:05:44.195, 264, 0
2026/07/17 01:05:44.295, 264, 0
2026/07/17 01:05:44.395, 264, 0
2026/07/17 01:05:44.495, 264, 0
2026/07/17 01:05:44.595, 264, 0
2026/07/17 01:05:44.695, 264, 0
2026/07/17 01:05:44.795, 264, 0
2026/07/17 01:05:44.896, 264, 0
2026/07/17 01:05:44.996, 264, 0
2026/07/17 01:05:45.096, 264, 0
2026/07/17 01:05:45.196, 264, 0
2026/07/17 01:05:45.296, 264, 0
2026/07/17 01:05:45.396, 264, 0
2026/07/17 01:05:45.496, 264, 0
2026/07/17 01:05:45.596, 264, 0
2026/07/17 01:05:45.697, 264, 0
2026/07/17 01:05:45.797, 264, 0
2026/07/17 01:05:45.897, 264, 0
2026/07/17 01:05:45.997, 264, 0
2026/07/17 01:05:46.097, 264, 0
2026/07/17 01:05:46.197, 264, 0
2026/07/17 01:05:46.297, 264, 0
2026/07/17 01:05:46.397, 264, 0
2026/07/17 01:05:46.497, 264, 0
2026/07/17 01:05:46.597, 264, 0
2026/07/17 01:05:46.698, 264, 0
2026/07/17 01:05:46.798, 264, 0
2026/07/17 01:05:46.898, 264, 0
2026/07/17 01:05:46.998, 264, 0
2026/07/17 01:05:47.098, 264, 0
2026/07/17 01:05:47.198, 264, 0
2026/07/17 01:05:47.298, 264, 0
2026/07/17 01:05:47.398, 264, 0
2026/07/17 01:05:47.498, 264, 0
2026/07/17 01:05:47.598, 264, 0
2026/07/17 01:05:47.699, 264, 0
2026/07/17 01:05:47.799, 264, 0
2026/07/17 01:05:47.899, 264, 0
2026/07/17 01:05:47.999, 264, 0
2026/07/17 01:05:48.099, 264, 0
2026/07/17 01:05:48.199, 264, 0
2026/07/17 01:05:48.299, 264, 0
2026/07/17 01:05:48.399, 264, 0
2026/07/17 01:05:48.499, 264, 0
2026/07/17 01:05:48.600, 264, 0
2026/07/17 01:05:48.700, 264, 0
2026/07/17 01:05:48.800, 264, 0
2026/07/17 01:05:48.900, 264, 0
2026/07/17 01:05:49.000, 264, 0
2026/07/17 01:05:49.100, 264, 0
2026/07/17 01:05:49.200, 264, 0
2026/07/17 01:05:49.300, 264, 0
2026/07/17 01:05:49.400, 264, 0
2026/07/17 01:05:49.500, 264, 0
2026/07/17 01:05:49.600, 264, 0
2026/07/17 01:05:49.701, 264, 0
2026/07/17 01:05:49.801, 264, 0
2026/07/17 01:05:49.901, 264, 0
2026/07/17 01:05:50.001, 264, 0
2026/07/17 01:05:50.101, 264, 0
2026/07/17 01:05:50.201, 264, 0
2026/07/17 01:05:50.301, 264, 0
2026/07/17 01:05:50.401, 264, 0
2026/07/17 01:05:50.501, 264, 0
2026/07/17 01:05:50.601, 264, 0
2026/07/17 01:05:50.702, 264, 0
2026/07/17 01:05:50.802, 264, 0
2026/07/17 01:05:50.902, 264, 0
2026/07/17 01:05:51.002, 264, 0
2026/07/17 01:05:51.102, 264, 0
2026/07/17 01:05:51.202, 264, 0
2026/07/17 01:05:51.302, 264, 0
2026/07/17 01:05:51.402, 264, 0
2026/07/17 01:05:51.502, 264, 0
2026/07/17 01:05:51.602, 264, 0
2026/07/17 01:05:51.703, 264, 0
2026/07/17 01:05:51.803, 264, 0
2026/07/17 01:05:51.903, 264, 0
2026/07/17 01:05:52.003, 264, 0
2026/07/17 01:05:52.103, 264, 0
2026/07/17 01:05:52.203, 264, 0
2026/07/17 01:05:52.303, 264, 0
2026/07/17 01:05:52.403, 264, 0
2026/07/17 01:05:52.503, 264, 0
2026/07/17 01:05:52.603, 264, 0
2026/07/17 01:05:52.704, 264, 0
2026/07/17 01:05:52.804, 264, 0
2026/07/17 01:05:52.904, 264, 0
2026/07/17 01:05:53.004, 264, 0
2026/07/17 01:05:53.104, 264, 0
2026/07/17 01:05:53.204, 264, 0
2026/07/17 01:05:53.304, 264, 0
2026/07/17 01:05:53.404, 264, 0
2026/07/17 01:05:53.504, 264, 0
2026/07/17 01:05:53.604, 264, 0
2026/07/17 01:05:53.704, 264, 0
2026/07/17 01:05:53.805, 264, 0
2026/07/17 01:05:53.905, 264, 0
2026/07/17 01:05:54.005, 264, 0
2026/07/17 01:05:54.105, 264, 0
2026/07/17 01:05:54.205, 264, 0
2026/07/17 01:05:54.305, 264, 0
2026/07/17 01:05:54.405, 264, 0
2026/07/17 01:05:54.505, 264, 0
2026/07/17 01:05:54.605, 264, 0
2026/07/17 01:05:54.705, 264, 0
2026/07/17 01:05:54.806, 264, 0
2026/07/17 01:05:54.906, 264, 0
2026/07/17 01:05:55.006, 264, 0
2026/07/17 01:05:55.106, 264, 0
2026/07/17 01:05:55.206, 264, 0
2026/07/17 01:05:55.306, 264, 0
2026/07/17 01:05:55.406, 264, 0
2026/07/17 01:05:55.506, 264, 0
2026/07/17 01:05:55.606, 264, 0
2026/07/17 01:05:55.706, 264, 0
2026/07/17 01:05:55.807, 264, 0
2026/07/17 01:05:55.907, 264, 0
2026/07/17 01:05:56.007, 264, 0
2026/07/17 01:05:56.107, 264, 0
2026/07/17 01:05:56.207, 264, 0
2026/07/17 01:05:56.307, 264, 0
2026/07/17 01:05:56.407, 264, 0
2026/07/17 01:05:56.507, 264, 0
2026/07/17 01:05:56.607, 264, 0
2026/07/17 01:05:56.707, 264, 0
2026/07/17 01:05:56.808, 264, 0
2026/07/17 01:05:56.908, 264, 0
2026/07/17 01:05:57.008, 264, 0
2026/07/17 01:05:57.108, 264, 0
2026/07/17 01:05:57.208, 264, 0
2026/07/17 01:05:57.308, 264, 0
2026/07/17 01:05:57.408, 264, 0
2026/07/17 01:05:57.508, 264, 0
2026/07/17 01:05:57.608, 264, 0
2026/07/17 01:05:57.708, 264, 0
2026/07/17 01:05:57.809, 264, 0
2026/07/17 01:05:57.909, 264, 0
2026/07/17 01:05:58.009, 264, 0
2026/07/17 01:05:58.109, 264, 0
2026/07/17 01:05:58.209, 264, 0
2026/07/17 01:05:58.309, 264, 0
2026/07/17 01:05:58.409, 264, 0
2026/07/17 01:05:58.509, 264, 0
2026/07/17 01:05:58.609, 264, 0
2026/07/17 01:05:58.710, 264, 0
2026/07/17 01:05:58.810, 264, 0
2026/07/17 01:05:58.910, 264, 0
2026/07/17 01:05:59.010, 264, 0
2026/07/17 01:05:59.110, 264, 0
2026/07/17 01:05:59.210, 264, 0
2026/07/17 01:05:59.310, 264, 0
2026/07/17 01:05:59.410, 264, 0
2026/07/17 01:05:59.510, 264, 0
2026/07/17 01:05:59.610, 264, 0
2026/07/17 01:05:59.710, 264, 0
2026/07/17 01:05:59.811, 264, 0
2026/07/17 01:05:59.911, 264, 0
2026/07/17 01:06:00.011, 264, 0
2026/07/17 01:06:00.111, 264, 0
2026/07/17 01:06:00.211, 264, 0
2026/07/17 01:06:00.311, 264, 0
2026/07/17 01:06:00.411, 264, 0
2026/07/17 01:06:00.511, 264, 0
2026/07/17 01:06:00.611, 264, 0
2026/07/17 01:06:00.711, 264, 0
2026/07/17 01:06:00.812, 264, 0
2026/07/17 01:06:00.912, 264, 0
2026/07/17 01:06:01.012, 264, 0
2026/07/17 01:06:01.112, 264, 0
2026/07/17 01:06:01.212, 264, 0
2026/07/17 01:06:01.312, 264, 0
2026/07/17 01:06:01.412, 264, 0
2026/07/17 01:06:01.512, 264, 0
2026/07/17 01:06:01.612, 264, 0
2026/07/17 01:06:01.712, 264, 0
2026/07/17 01:06:01.812, 264, 0
2026/07/17 01:06:01.913, 264, 0
2026/07/17 01:06:02.013, 264, 0
2026/07/17 01:06:02.113, 264, 0
2026/07/17 01:06:02.213, 264, 0
2026/07/17 01:06:02.313, 264, 0
2026/07/17 01:06:02.413, 264, 0
2026/07/17 01:06:02.513, 264, 0
2026/07/17 01:06:02.613, 264, 0
2026/07/17 01:06:02.713, 264, 0
2026/07/17 01:06:02.813, 264, 0
2026/07/17 01:06:02.914, 264, 0
2026/07/17 01:06:03.014, 264, 0
2026/07/17 01:06:03.114, 264, 0
2026/07/17 01:06:03.214, 264, 0
2026/07/17 01:06:03.314, 264, 0
2026/07/17 01:06:03.414, 264, 0
2026/07/17 01:06:03.514, 264, 0
2026/07/17 01:06:03.614, 264, 0
2026/07/17 01:06:03.714, 264, 0
2026/07/17 01:06:03.814, 264, 0
2026/07/17 01:06:03.915, 264, 0
2026/07/17 01:06:04.015, 264, 0
2026/07/17 01:06:04.115, 264, 0
2026/07/17 01:06:04.215, 264, 0
2026/07/17 01:06:04.315, 264, 0
2026/07/17 01:06:04.415, 264, 0
2026/07/17 01:06:04.515, 264, 0
2026/07/17 01:06:04.615, 264, 0
2026/07/17 01:06:04.715, 264, 0
2026/07/17 01:06:04.816, 264, 0
2026/07/17 01:06:04.916, 264, 0
2026/07/17 01:06:05.016, 264, 0
2026/07/17 01:06:05.116, 264, 0
2026/07/17 01:06:05.216, 264, 0
2026/07/17 01:06:05.316, 264, 0
2026/07/17 01:06:05.416, 264, 0
2026/07/17 01:06:05.516, 264, 0
2026/07/17 01:06:05.616, 264, 0
2026/07/17 01:06:05.716, 264, 0
2026/07/17 01:06:05.816, 264, 0
2026/07/17 01:06:05.917, 264, 0
2026/07/17 01:06:06.017, 264, 0
2026/07/17 01:06:06.117, 264, 0
2026/07/17 01:06:06.217, 264, 0
2026/07/17 01:06:06.317, 264, 0
2026/07/17 01:06:06.417, 264, 0
2026/07/17 01:06:06.517, 264, 0
2026/07/17 01:06:06.617, 264, 0
2026/07/17 01:06:06.717, 264, 0
2026/07/17 01:06:06.817, 264, 0
2026/07/17 01:06:06.918, 264, 0
2026/07/17 01:06:07.018, 264, 0
2026/07/17 01:06:07.118, 264, 0
2026/07/17 01:06:07.218, 264, 0
2026/07/17 01:06:07.318, 264, 0
2026/07/17 01:06:07.418, 264, 0
2026/07/17 01:06:07.518, 264, 0
2026/07/17 01:06:07.618, 264, 0
2026/07/17 01:06:07.719, 264, 0
2026/07/17 01:06:07.819, 264, 0
2026/07/17 01:06:07.919, 264, 0
2026/07/17 01:06:08.019, 264, 0
2026/07/17 01:06:08.119, 264, 0
2026/07/17 01:06:08.219, 264, 0
2026/07/17 01:06:08.319, 264, 0
2026/07/17 01:06:08.419, 264, 0
2026/07/17 01:06:08.519, 264, 0
2026/07/17 01:06:08.619, 264, 0
2026/07/17 01:06:08.719, 264, 0
2026/07/17 01:06:08.820, 264, 0
2026/07/17 01:06:08.920, 264, 0
2026/07/17 01:06:09.020, 264, 0
2026/07/17 01:06:09.120, 264, 0
2026/07/17 01:06:09.220, 264, 0
2026/07/17 01:06:09.320, 264, 0
2026/07/17 01:06:09.420, 264, 0
2026/07/17 01:06:09.520, 264, 0
2026/07/17 01:06:09.620, 264, 0
2026/07/17 01:06:09.720, 264, 0
2026/07/17 01:06:09.821, 264, 0
2026/07/17 01:06:09.921, 264, 0
2026/07/17 01:06:10.021, 264, 0
2026/07/17 01:06:10.121, 264, 0
2026/07/17 01:06:10.221, 264, 0
2026/07/17 01:06:10.321, 264, 0
2026/07/17 01:06:10.421, 264, 0
2026/07/17 01:06:10.521, 264, 0
2026/07/17 01:06:10.622, 264, 0
2026/07/17 01:06:10.722, 264, 0
2026/07/17 01:06:10.822, 264, 0
2026/07/17 01:06:10.922, 264, 0
2026/07/17 01:06:11.022, 264, 0
2026/07/17 01:06:11.122, 264, 0
2026/07/17 01:06:11.222, 264, 0
2026/07/17 01:06:11.322, 264, 0
2026/07/17 01:06:11.422, 264, 0
2026/07/17 01:06:11.522, 264, 0
2026/07/17 01:06:11.623, 264, 0
2026/07/17 01:06:11.723, 264, 0
2026/07/17 01:06:11.823, 264, 0
2026/07/17 01:06:11.923, 264, 0
2026/07/17 01:06:12.023, 264, 0
2026/07/17 01:06:12.123, 264, 0
2026/07/17 01:06:12.223, 264, 0
2026/07/17 01:06:12.323, 264, 0
2026/07/17 01:06:12.423, 264, 0
2026/07/17 01:06:12.524, 264, 0
2026/07/17 01:06:12.624, 264, 0
2026/07/17 01:06:12.724, 264, 0
2026/07/17 01:06:12.824, 264, 0
2026/07/17 01:06:12.924, 264, 0
2026/07/17 01:06:13.024, 264, 0
2026/07/17 01:06:13.124, 264, 0
2026/07/17 01:06:13.224, 264, 0
2026/07/17 01:06:13.324, 264, 0
2026/07/17 01:06:13.424, 264, 0
2026/07/17 01:06:13.525, 264, 0
2026/07/17 01:06:13.625, 264, 0
2026/07/17 01:06:13.725, 264, 0
2026/07/17 01:06:13.825, 264, 0
2026/07/17 01:06:13.925, 264, 0
2026/07/17 01:06:14.025, 264, 0
2026/07/17 01:06:14.125, 264, 0
2026/07/17 01:06:14.225, 264, 0
2026/07/17 01:06:14.325, 264, 0
2026/07/17 01:06:14.425, 264, 0
2026/07/17 01:06:14.526, 264, 0
2026/07/17 01:06:14.626, 264, 0
2026/07/17 01:06:14.726, 264, 0
2026/07/17 01:06:14.826, 264, 0
2026/07/17 01:06:14.926, 264, 0
2026/07/17 01:06:15.026, 264, 0
2026/07/17 01:06:15.126, 264, 0
2026/07/17 01:06:15.226, 264, 0
2026/07/17 01:06:15.326, 264, 0
2026/07/17 01:06:15.426, 264, 0
2026/07/17 01:06:15.526, 264, 0
2026/07/17 01:06:15.627, 264, 0
2026/07/17 01:06:15.727, 264, 0
2026/07/17 01:06:15.827, 264, 0
2026/07/17 01:06:15.927, 264, 0
2026/07/17 01:06:16.027, 264, 0
2026/07/17 01:06:16.127, 264, 0
2026/07/17 01:06:16.227, 264, 0
2026/07/17 01:06:16.327, 264, 0
2026/07/17 01:06:16.427, 264, 0
2026/07/17 01:06:16.528, 264, 0
2026/07/17 01:06:16.628, 264, 0
2026/07/17 01:06:16.728, 264, 0
2026/07/17 01:06:16.828, 264, 0
2026/07/17 01:06:16.928, 264, 0
2026/07/17 01:06:17.028, 264, 0
2026/07/17 01:06:17.128, 264, 0
2026/07/17 01:06:17.228, 264, 0
2026/07/17 01:06:17.328, 264, 0
2026/07/17 01:06:17.429, 264, 0
2026/07/17 01:06:17.529, 264, 0
2026/07/17 01:06:17.629, 264, 0
2026/07/17 01:06:17.729, 264, 0
2026/07/17 01:06:17.829, 264, 0
2026/07/17 01:06:17.929, 264, 0
2026/07/17 01:06:18.029, 264, 0
2026/07/17 01:06:18.129, 264, 0
2026/07/17 01:06:18.229, 264, 0
2026/07/17 01:06:18.329, 264, 0
2026/07/17 01:06:18.429, 264, 0
2026/07/17 01:06:18.530, 264, 0
2026/07/17 01:06:18.630, 264, 0
2026/07/17 01:06:18.730, 264, 0
2026/07/17 01:06:18.830, 264, 0
2026/07/17 01:06:18.930, 264, 0
2026/07/17 01:06:19.030, 264, 0
2026/07/17 01:06:19.130, 264, 0
2026/07/17 01:06:19.230, 264, 0
2026/07/17 01:06:19.331, 264, 0
2026/07/17 01:06:19.431, 264, 0
2026/07/17 01:06:19.531, 264, 0
2026/07/17 01:06:19.631, 264, 0
2026/07/17 01:06:19.731, 264, 0
2026/07/17 01:06:19.831, 264, 0
2026/07/17 01:06:19.931, 264, 0
2026/07/17 01:06:20.031, 264, 0
2026/07/17 01:06:20.131, 264, 0
2026/07/17 01:06:20.232, 264, 0
2026/07/17 01:06:20.332, 264, 0
2026/07/17 01:06:20.432, 264, 0
2026/07/17 01:06:20.532, 264, 0
2026/07/17 01:06:20.632, 264, 0
2026/07/17 01:06:20.732, 264, 0
2026/07/17 01:06:20.832, 264, 0
2026/07/17 01:06:20.932, 264, 0
2026/07/17 01:06:21.032, 264, 0
2026/07/17 01:06:21.133, 264, 0
2026/07/17 01:06:21.233, 264, 0
2026/07/17 01:06:21.333, 264, 0
2026/07/17 01:06:21.433, 264, 0
2026/07/17 01:06:21.533, 264, 0
2026/07/17 01:06:21.633, 264, 0
2026/07/17 01:06:21.733, 264, 0
2026/07/17 01:06:21.833, 264, 0
2026/07/17 01:06:21.933, 264, 0
2026/07/17 01:06:22.033, 264, 0
2026/07/17 01:06:22.134, 264, 0
2026/07/17 01:06:22.234, 264, 0
2026/07/17 01:06:22.334, 264, 0
2026/07/17 01:06:22.434, 264, 0
2026/07/17 01:06:22.534, 264, 0
2026/07/17 01:06:22.634, 264, 0
2026/07/17 01:06:22.734, 264, 0
2026/07/17 01:06:22.834, 264, 0
2026/07/17 01:06:22.934, 264, 0
2026/07/17 01:06:23.035, 264, 0
2026/07/17 01:06:23.135, 264, 0
2026/07/17 01:06:23.235, 264, 0
2026/07/17 01:06:23.335, 264, 0
2026/07/17 01:06:23.435, 264, 0
2026/07/17 01:06:23.535, 264, 0
2026/07/17 01:06:23.635, 264, 0
2026/07/17 01:06:23.735, 264, 0
2026/07/17 01:06:23.835, 264, 0
2026/07/17 01:06:23.935, 264, 0
2026/07/17 01:06:24.035, 264, 0
2026/07/17 01:06:24.136, 264, 0
2026/07/17 01:06:24.236, 264, 0
2026/07/17 01:06:24.336, 264, 0
2026/07/17 01:06:24.436, 264, 0
2026/07/17 01:06:24.536, 264, 0
2026/07/17 01:06:24.636, 264, 0
2026/07/17 01:06:24.736, 264, 0
2026/07/17 01:06:24.836, 264, 0
2026/07/17 01:06:24.936, 264, 0
2026/07/17 01:06:25.037, 264, 0
2026/07/17 01:06:25.137, 264, 0
2026/07/17 01:06:25.237, 264, 0
2026/07/17 01:06:25.337, 264, 0
2026/07/17 01:06:25.437, 264, 0
2026/07/17 01:06:25.537, 264, 0
2026/07/17 01:06:25.637, 264, 0
2026/07/17 01:06:25.737, 264, 0
2026/07/17 01:06:25.837, 264, 0
2026/07/17 01:06:25.937, 264, 0
2026/07/17 01:06:26.038, 264, 0
2026/07/17 01:06:26.138, 264, 0
2026/07/17 01:06:26.238, 264, 0
2026/07/17 01:06:26.338, 264, 0
2026/07/17 01:06:26.438, 264, 0
2026/07/17 01:06:26.538, 264, 0
2026/07/17 01:06:26.638, 264, 0
2026/07/17 01:06:26.738, 264, 0
2026/07/17 01:06:26.838, 264, 0
2026/07/17 01:06:26.939, 264, 0
2026/07/17 01:06:27.039, 264, 0
2026/07/17 01:06:27.139, 264, 0
2026/07/17 01:06:27.239, 264, 0
2026/07/17 01:06:27.339, 264, 0
2026/07/17 01:06:27.439, 264, 0
2026/07/17 01:06:27.539, 264, 0
2026/07/17 01:06:27.639, 264, 0
2026/07/17 01:06:27.739, 264, 0
2026/07/17 01:06:27.839, 264, 0
2026/07/17 01:06:27.940, 264, 0
2026/07/17 01:06:28.040, 264, 0
2026/07/17 01:06:28.140, 264, 0
2026/07/17 01:06:28.240, 264, 0
2026/07/17 01:06:28.340, 264, 0
2026/07/17 01:06:28.440, 264, 0
2026/07/17 01:06:28.540, 264, 0
2026/07/17 01:06:28.640, 264, 0
2026/07/17 01:06:28.740, 264, 0
2026/07/17 01:06:28.841, 264, 0
2026/07/17 01:06:28.941, 264, 0
2026/07/17 01:06:29.041, 264, 0
2026/07/17 01:06:29.141, 264, 0
2026/07/17 01:06:29.241, 264, 0
2026/07/17 01:06:29.341, 264, 0
2026/07/17 01:06:29.441, 264, 0
2026/07/17 01:06:29.541, 264, 0
2026/07/17 01:06:29.641, 264, 0
2026/07/17 01:06:29.741, 264, 0
2026/07/17 01:06:29.842, 264, 0
2026/07/17 01:06:29.942, 264, 0
2026/07/17 01:06:30.042, 264, 0
2026/07/17 01:06:30.142, 264, 0
2026/07/17 01:06:30.242, 264, 0
2026/07/17 01:06:30.342, 264, 0
2026/07/17 01:06:30.442, 264, 0
2026/07/17 01:06:30.542, 264, 0
2026/07/17 01:06:30.642, 264, 0
2026/07/17 01:06:30.743, 264, 0
2026/07/17 01:06:30.843, 264, 0
2026/07/17 01:06:30.943, 264, 0
2026/07/17 01:06:31.043, 264, 0
2026/07/17 01:06:31.143, 264, 0
2026/07/17 01:06:31.243, 264, 0
2026/07/17 01:06:31.343, 264, 0
2026/07/17 01:06:31.443, 264, 0
2026/07/17 01:06:31.543, 264, 0
2026/07/17 01:06:31.643, 264, 0
2026/07/17 01:06:31.744, 264, 0
2026/07/17 01:06:31.844, 264, 0
2026/07/17 01:06:31.944, 264, 0
2026/07/17 01:06:32.044, 264, 0
2026/07/17 01:06:32.144, 264, 0
2026/07/17 01:06:32.244, 264, 0
2026/07/17 01:06:32.344, 264, 0
2026/07/17 01:06:32.444, 264, 0
2026/07/17 01:06:32.544, 264, 0
2026/07/17 01:06:32.644, 264, 0
2026/07/17 01:06:32.745, 264, 0
2026/07/17 01:06:32.845, 264, 0
2026/07/17 01:06:32.945, 264, 0
2026/07/17 01:06:33.045, 264, 0
2026/07/17 01:06:33.145, 264, 0
2026/07/17 01:06:33.245, 264, 0
2026/07/17 01:06:33.345, 264, 0
2026/07/17 01:06:33.445, 264, 0
2026/07/17 01:06:33.545, 264, 0
2026/07/17 01:06:33.645, 264, 0
2026/07/17 01:06:33.745, 264, 0
2026/07/17 01:06:33.846, 264, 0
2026/07/17 01:06:33.946, 264, 0
2026/07/17 01:06:34.046, 264, 0
2026/07/17 01:06:34.146, 264, 0
2026/07/17 01:06:34.246, 264, 0
2026/07/17 01:06:34.346, 264, 0
2026/07/17 01:06:34.446, 264, 0
2026/07/17 01:06:34.546, 264, 0
2026/07/17 01:06:34.646, 264, 0
2026/07/17 01:06:34.746, 264, 0
2026/07/17 01:06:34.847, 264, 0
2026/07/17 01:06:34.947, 264, 0
2026/07/17 01:06:35.047, 264, 0
2026/07/17 01:06:35.147, 264, 0
2026/07/17 01:06:35.247, 264, 0
2026/07/17 01:06:35.347, 264, 0
2026/07/17 01:06:35.447, 264, 0
2026/07/17 01:06:35.547, 264, 0
2026/07/17 01:06:35.647, 264, 0
2026/07/17 01:06:35.747, 264, 0
2026/07/17 01:06:35.848, 264, 0
2026/07/17 01:06:35.948, 264, 0
2026/07/17 01:06:36.048, 264, 0
2026/07/17 01:06:36.148, 264, 0
2026/07/17 01:06:36.248, 264, 0
2026/07/17 01:06:36.348, 264, 0
2026/07/17 01:06:36.448, 264, 0
2026/07/17 01:06:36.548, 264, 0
2026/07/17 01:06:36.648, 264, 0
2026/07/17 01:06:36.748, 264, 0
2026/07/17 01:06:36.848, 264, 0
2026/07/17 01:06:36.949, 264, 0
2026/07/17 01:06:37.049, 264, 0
2026/07/17 01:06:37.149, 264, 0
2026/07/17 01:06:37.249, 264, 0
2026/07/17 01:06:37.349, 264, 0
2026/07/17 01:06:37.449, 264, 0
2026/07/17 01:06:37.549, 264, 0
2026/07/17 01:06:37.649, 264, 0
2026/07/17 01:06:37.749, 264, 0
2026/07/17 01:06:37.849, 264, 0
2026/07/17 01:06:37.950, 264, 0
2026/07/17 01:06:38.050, 264, 0
2026/07/17 01:06:38.150, 264, 0
2026/07/17 01:06:38.250, 264, 0
2026/07/17 01:06:38.350, 264, 0
2026/07/17 01:06:38.450, 264, 0
2026/07/17 01:06:38.550, 264, 0
2026/07/17 01:06:38.650, 264, 0
2026/07/17 01:06:38.750, 264, 0
2026/07/17 01:06:38.850, 264, 0
2026/07/17 01:06:38.950, 264, 0
2026/07/17 01:06:39.051, 264, 0
2026/07/17 01:06:39.151, 264, 0
2026/07/17 01:06:39.251, 264, 0
2026/07/17 01:06:39.351, 264, 0
2026/07/17 01:06:39.451, 264, 0
2026/07/17 01:06:39.551, 264, 0
2026/07/17 01:06:39.651, 264, 0
2026/07/17 01:06:39.751, 264, 0
2026/07/17 01:06:39.851, 264, 0
2026/07/17 01:06:39.951, 264, 0
2026/07/17 01:06:40.051, 264, 0
2026/07/17 01:06:40.152, 264, 0
2026/07/17 01:06:40.252, 264, 0
2026/07/17 01:06:40.352, 264, 0
2026/07/17 01:06:40.452, 264, 0
2026/07/17 01:06:40.552, 264, 0
2026/07/17 01:06:40.652, 264, 0
2026/07/17 01:06:40.752, 264, 0
2026/07/17 01:06:40.852, 264, 0
2026/07/17 01:06:40.952, 264, 0
2026/07/17 01:06:41.052, 264, 0
2026/07/17 01:06:41.153, 264, 0
2026/07/17 01:06:41.253, 264, 0
2026/07/17 01:06:41.353, 264, 0
2026/07/17 01:06:41.453, 264, 0
2026/07/17 01:06:41.553, 264, 0
2026/07/17 01:06:41.653, 264, 0
2026/07/17 01:06:41.753, 264, 0
2026/07/17 01:06:41.853, 264, 0
2026/07/17 01:06:41.953, 264, 0
2026/07/17 01:06:42.054, 264, 0
2026/07/17 01:06:42.154, 264, 0
2026/07/17 01:06:42.254, 264, 0
2026/07/17 01:06:42.354, 264, 0
2026/07/17 01:06:42.454, 264, 0
2026/07/17 01:06:42.554, 264, 0
2026/07/17 01:06:42.654, 264, 0
2026/07/17 01:06:42.754, 264, 0
2026/07/17 01:06:42.854, 264, 0
2026/07/17 01:06:42.954, 264, 0
2026/07/17 01:06:43.054, 264, 0
2026/07/17 01:06:43.155, 264, 0
2026/07/17 01:06:43.255, 264, 0
2026/07/17 01:06:43.355, 264, 0
2026/07/17 01:06:43.455, 264, 0
2026/07/17 01:06:43.555, 264, 0
2026/07/17 01:06:43.655, 264, 0
2026/07/17 01:06:43.755, 264, 0
2026/07/17 01:06:43.855, 264, 0
2026/07/17 01:06:43.955, 264, 0
2026/07/17 01:06:44.055, 264, 0
2026/07/17 01:06:44.156, 264, 0
2026/07/17 01:06:44.256, 264, 0
2026/07/17 01:06:44.356, 264, 0
2026/07/17 01:06:44.456, 264, 0
2026/07/17 01:06:44.556, 264, 0
2026/07/17 01:06:44.656, 264, 0
2026/07/17 01:06:44.756, 264, 0
2026/07/17 01:06:44.856, 264, 0
2026/07/17 01:06:44.957, 264, 0
2026/07/17 01:06:45.057, 264, 0
2026/07/17 01:06:45.157, 264, 0
2026/07/17 01:06:45.257, 264, 0
2026/07/17 01:06:45.357, 264, 0
2026/07/17 01:06:45.457, 264, 0
2026/07/17 01:06:45.557, 264, 0
2026/07/17 01:06:45.657, 264, 0
2026/07/17 01:06:45.757, 264, 0
2026/07/17 01:06:45.858, 264, 0
2026/07/17 01:06:45.958, 264, 0
2026/07/17 01:06:46.058, 264, 0
2026/07/17 01:06:46.158, 264, 0
2026/07/17 01:06:46.258, 264, 0
2026/07/17 01:06:46.358, 264, 0
2026/07/17 01:06:46.458, 264, 0
2026/07/17 01:06:46.558, 264, 0
2026/07/17 01:06:46.658, 264, 0
2026/07/17 01:06:46.758, 264, 0
2026/07/17 01:06:46.859, 264, 0
2026/07/17 01:06:46.959, 264, 0
2026/07/17 01:06:47.059, 264, 0
2026/07/17 01:06:47.159, 264, 0
2026/07/17 01:06:47.259, 264, 0
2026/07/17 01:06:47.359, 264, 0
2026/07/17 01:06:47.459, 264, 0
2026/07/17 01:06:47.559, 264, 0
2026/07/17 01:06:47.659, 264, 0
2026/07/17 01:06:47.759, 264, 0
2026/07/17 01:06:47.859, 264, 0
2026/07/17 01:06:47.960, 264, 0
2026/07/17 01:06:48.060, 264, 0
2026/07/17 01:06:48.160, 264, 0
2026/07/17 01:06:48.260, 264, 0
2026/07/17 01:06:48.360, 264, 0
2026/07/17 01:06:48.460, 264, 0
2026/07/17 01:06:48.560, 264, 0
2026/07/17 01:06:48.660, 264, 0
2026/07/17 01:06:48.760, 264, 0
2026/07/17 01:06:48.860, 264, 0
2026/07/17 01:06:48.960, 264, 0
2026/07/17 01:06:49.060, 264, 0
2026/07/17 01:06:49.161, 264, 0
2026/07/17 01:06:49.261, 264, 0
2026/07/17 01:06:49.361, 264, 0
2026/07/17 01:06:49.461, 264, 0
2026/07/17 01:06:49.561, 264, 0
2026/07/17 01:06:49.661, 264, 0
2026/07/17 01:06:49.761, 264, 0
2026/07/17 01:06:49.861, 264, 0
2026/07/17 01:06:49.961, 264, 0
2026/07/17 01:06:50.061, 264, 0
2026/07/17 01:06:50.162, 264, 0
2026/07/17 01:06:50.262, 264, 0
2026/07/17 01:06:50.362, 264, 0
2026/07/17 01:06:50.462, 264, 0
2026/07/17 01:06:50.562, 264, 0
2026/07/17 01:06:50.662, 264, 0
2026/07/17 01:06:50.762, 264, 0
2026/07/17 01:06:50.862, 264, 0
2026/07/17 01:06:50.962, 264, 0
2026/07/17 01:06:51.062, 264, 0
2026/07/17 01:06:51.163, 264, 0
2026/07/17 01:06:51.263, 264, 0
2026/07/17 01:06:51.363, 264, 0
2026/07/17 01:06:51.463, 264, 0
2026/07/17 01:06:51.563, 264, 0
2026/07/17 01:06:51.663, 264, 0
2026/07/17 01:06:51.763, 264, 0
2026/07/17 01:06:51.863, 264, 0
2026/07/17 01:06:51.963, 264, 0
2026/07/17 01:06:52.063, 264, 0
2026/07/17 01:06:52.164, 264, 0
2026/07/17 01:06:52.264, 264, 0
2026/07/17 01:06:52.364, 264, 0
2026/07/17 01:06:52.464, 264, 0
2026/07/17 01:06:52.564, 264, 0
2026/07/17 01:06:52.664, 264, 0
2026/07/17 01:06:52.764, 264, 0
2026/07/17 01:06:52.864, 264, 0
2026/07/17 01:06:52.964, 264, 0
2026/07/17 01:06:53.064, 264, 0
2026/07/17 01:06:53.165, 264, 0
2026/07/17 01:06:53.265, 264, 0
2026/07/17 01:06:53.365, 264, 0
2026/07/17 01:06:53.465, 264, 0
2026/07/17 01:06:53.565, 264, 0
2026/07/17 01:06:53.665, 264, 0
2026/07/17 01:06:53.765, 264, 0
2026/07/17 01:06:53.865, 264, 0
2026/07/17 01:06:53.965, 264, 0
2026/07/17 01:06:54.065, 264, 0
2026/07/17 01:06:54.166, 264, 0
2026/07/17 01:06:54.266, 264, 0
2026/07/17 01:06:54.366, 264, 0
2026/07/17 01:06:54.466, 264, 0
2026/07/17 01:06:54.566, 264, 0
2026/07/17 01:06:54.666, 264, 0
2026/07/17 01:06:54.766, 264, 0
2026/07/17 01:06:54.866, 264, 0
2026/07/17 01:06:54.966, 264, 0
2026/07/17 01:06:55.066, 264, 0
2026/07/17 01:06:55.166, 264, 0
2026/07/17 01:06:55.267, 264, 0
2026/07/17 01:06:55.367, 264, 0
2026/07/17 01:06:55.467, 264, 0
2026/07/17 01:06:55.567, 264, 0
2026/07/17 01:06:55.667, 264, 0
2026/07/17 01:06:55.767, 264, 0
2026/07/17 01:06:55.867, 264, 0
2026/07/17 01:06:55.967, 264, 0
2026/07/17 01:06:56.067, 264, 0
2026/07/17 01:06:56.167, 264, 0
2026/07/17 01:06:56.268, 264, 0
2026/07/17 01:06:56.368, 264, 0
2026/07/17 01:06:56.468, 264, 0
2026/07/17 01:06:56.568, 264, 0
2026/07/17 01:06:56.668, 264, 0
2026/07/17 01:06:56.768, 264, 0
2026/07/17 01:06:56.868, 264, 0
2026/07/17 01:06:56.968, 264, 0
2026/07/17 01:06:57.068, 264, 0
2026/07/17 01:06:57.168, 264, 0
2026/07/17 01:06:57.269, 264, 0
2026/07/17 01:06:57.369, 264, 0
2026/07/17 01:06:57.469, 264, 0
2026/07/17 01:06:57.569, 264, 0
2026/07/17 01:06:57.669, 264, 0
2026/07/17 01:06:57.769, 264, 0
2026/07/17 01:06:57.869, 264, 0
2026/07/17 01:06:57.969, 264, 0
2026/07/17 01:06:58.069, 264, 0
2026/07/17 01:06:58.170, 264, 0
2026/07/17 01:06:58.270, 264, 0
2026/07/17 01:06:58.370, 264, 0
2026/07/17 01:06:58.470, 264, 0
2026/07/17 01:06:58.570, 264, 0
2026/07/17 01:06:58.670, 264, 0
2026/07/17 01:06:58.770, 264, 0
2026/07/17 01:06:58.870, 264, 0
2026/07/17 01:06:58.970, 264, 0
2026/07/17 01:06:59.071, 264, 0
2026/07/17 01:06:59.171, 264, 0
2026/07/17 01:06:59.271, 264, 0
2026/07/17 01:06:59.371, 264, 0
2026/07/17 01:06:59.471, 264, 0
2026/07/17 01:06:59.571, 264, 0
2026/07/17 01:06:59.671, 264, 0
2026/07/17 01:06:59.771, 264, 0
2026/07/17 01:06:59.871, 264, 0
2026/07/17 01:06:59.971, 264, 0
2026/07/17 01:07:00.072, 264, 0
2026/07/17 01:07:00.172, 264, 0
2026/07/17 01:07:00.272, 264, 0
2026/07/17 01:07:00.372, 264, 0
2026/07/17 01:07:00.472, 264, 0
2026/07/17 01:07:00.572, 264, 0
2026/07/17 01:07:00.672, 264, 0
2026/07/17 01:07:00.772, 264, 0
2026/07/17 01:07:00.872, 264, 0
2026/07/17 01:07:00.972, 264, 0
2026/07/17 01:07:01.073, 264, 0
2026/07/17 01:07:01.173, 264, 0
2026/07/17 01:07:01.273, 264, 0
2026/07/17 01:07:01.373, 264, 0
2026/07/17 01:07:01.473, 264, 0
2026/07/17 01:07:01.573, 264, 0
2026/07/17 01:07:01.673, 264, 0
2026/07/17 01:07:01.773, 264, 0
2026/07/17 01:07:01.873, 264, 0
2026/07/17 01:07:01.974, 264, 0
2026/07/17 01:07:02.074, 264, 0
2026/07/17 01:07:02.174, 264, 0
2026/07/17 01:07:02.274, 264, 0
2026/07/17 01:07:02.374, 264, 0
2026/07/17 01:07:02.474, 264, 0
2026/07/17 01:07:02.574, 264, 0
2026/07/17 01:07:02.674, 264, 0
2026/07/17 01:07:02.774, 264, 0
2026/07/17 01:07:02.874, 264, 0
2026/07/17 01:07:02.975, 264, 0
2026/07/17 01:07:03.075, 264, 0
2026/07/17 01:07:03.175, 264, 0
2026/07/17 01:07:03.275, 264, 0
2026/07/17 01:07:03.375, 264, 0
2026/07/17 01:07:03.475, 264, 0
2026/07/17 01:07:03.575, 264, 0
2026/07/17 01:07:03.675, 264, 0
2026/07/17 01:07:03.775, 264, 0
2026/07/17 01:07:03.875, 264, 0
2026/07/17 01:07:03.976, 264, 0
2026/07/17 01:07:04.076, 264, 0
2026/07/17 01:07:04.176, 264, 0
2026/07/17 01:07:04.276, 264, 0
2026/07/17 01:07:04.376, 264, 0
2026/07/17 01:07:04.476, 264, 0
2026/07/17 01:07:04.576, 264, 0
2026/07/17 01:07:04.676, 264, 0
2026/07/17 01:07:04.776, 264, 0
2026/07/17 01:07:04.876, 264, 0
2026/07/17 01:07:04.977, 264, 0
2026/07/17 01:07:05.077, 264, 0
2026/07/17 01:07:05.177, 264, 0
2026/07/17 01:07:05.277, 264, 0
2026/07/17 01:07:05.377, 264, 0
2026/07/17 01:07:05.477, 264, 0
2026/07/17 01:07:05.577, 264, 0
2026/07/17 01:07:05.677, 264, 0
2026/07/17 01:07:05.777, 264, 0
2026/07/17 01:07:05.877, 264, 0
2026/07/17 01:07:05.978, 264, 0
2026/07/17 01:07:06.078, 264, 0
2026/07/17 01:07:06.178, 264, 0
2026/07/17 01:07:06.278, 264, 0
2026/07/17 01:07:06.378, 264, 0
2026/07/17 01:07:06.478, 264, 0
2026/07/17 01:07:06.578, 264, 0
2026/07/17 01:07:06.678, 264, 0
2026/07/17 01:07:06.778, 264, 0
2026/07/17 01:07:06.878, 264, 0
2026/07/17 01:07:06.979, 264, 0
2026/07/17 01:07:07.079, 264, 0
2026/07/17 01:07:07.179, 264, 0
2026/07/17 01:07:07.279, 264, 0
2026/07/17 01:07:07.379, 264, 0
2026/07/17 01:07:07.479, 264, 0
2026/07/17 01:07:07.579, 264, 0
2026/07/17 01:07:07.679, 264, 0
2026/07/17 01:07:07.779, 264, 0
2026/07/17 01:07:07.880, 264, 0
2026/07/17 01:07:07.980, 264, 0
2026/07/17 01:07:08.080, 264, 0
2026/07/17 01:07:08.180, 264, 0
2026/07/17 01:07:08.280, 264, 0
2026/07/17 01:07:08.380, 264, 0
2026/07/17 01:07:08.480, 264, 0
2026/07/17 01:07:08.580, 264, 0
2026/07/17 01:07:08.680, 264, 0
2026/07/17 01:07:08.780, 264, 0
2026/07/17 01:07:08.881, 264, 0
2026/07/17 01:07:08.981, 264, 0
2026/07/17 01:07:09.081, 264, 0
2026/07/17 01:07:09.181, 264, 0
2026/07/17 01:07:09.281, 264, 0
2026/07/17 01:07:09.381, 264, 0
2026/07/17 01:07:09.481, 264, 0
2026/07/17 01:07:09.581, 264, 0
2026/07/17 01:07:09.681, 264, 0
2026/07/17 01:07:09.781, 264, 0
2026/07/17 01:07:09.882, 264, 0
2026/07/17 01:07:09.982, 264, 0
2026/07/17 01:07:10.082, 264, 0
2026/07/17 01:07:10.182, 264, 0
2026/07/17 01:07:10.282, 264, 0
2026/07/17 01:07:10.382, 264, 0
2026/07/17 01:07:10.482, 264, 0
2026/07/17 01:07:10.582, 264, 0
2026/07/17 01:07:10.682, 264, 0
2026/07/17 01:07:10.782, 264, 0
2026/07/17 01:07:10.883, 264, 0
2026/07/17 01:07:10.983, 264, 0
2026/07/17 01:07:11.083, 264, 0
2026/07/17 01:07:11.183, 264, 0
2026/07/17 01:07:11.283, 264, 0
2026/07/17 01:07:11.383, 264, 0
2026/07/17 01:07:11.483, 264, 0
2026/07/17 01:07:11.583, 264, 0
2026/07/17 01:07:11.684, 264, 0
2026/07/17 01:07:11.784, 264, 0
2026/07/17 01:07:11.884, 264, 0
2026/07/17 01:07:11.984, 264, 0
2026/07/17 01:07:12.084, 264, 0
2026/07/17 01:07:12.184, 264, 0
2026/07/17 01:07:12.284, 264, 0
2026/07/17 01:07:12.384, 264, 0
2026/07/17 01:07:12.485, 264, 0
2026/07/17 01:07:12.585, 264, 0
2026/07/17 01:07:12.685, 264, 0
2026/07/17 01:07:12.785, 264, 0
2026/07/17 01:07:12.885, 264, 0
2026/07/17 01:07:12.985, 264, 0
2026/07/17 01:07:13.085, 264, 0
2026/07/17 01:07:13.185, 264, 0
2026/07/17 01:07:13.285, 264, 0
2026/07/17 01:07:13.385, 264, 0
2026/07/17 01:07:13.485, 264, 0
2026/07/17 01:07:13.586, 264, 0
2026/07/17 01:07:13.686, 264, 0
2026/07/17 01:07:13.786, 264, 0
2026/07/17 01:07:13.886, 264, 0
2026/07/17 01:07:13.986, 264, 0
2026/07/17 01:07:14.086, 264, 0
2026/07/17 01:07:14.186, 264, 0
2026/07/17 01:07:14.286, 264, 0
2026/07/17 01:07:14.386, 264, 0
2026/07/17 01:07:14.487, 264, 0
2026/07/17 01:07:14.587, 264, 0
2026/07/17 01:07:14.687, 264, 0
2026/07/17 01:07:14.787, 264, 0
2026/07/17 01:07:14.887, 264, 0
2026/07/17 01:07:14.987, 264, 0
2026/07/17 01:07:15.087, 264, 0
2026/07/17 01:07:15.187, 264, 0
2026/07/17 01:07:15.287, 264, 0
2026/07/17 01:07:15.387, 264, 0
2026/07/17 01:07:15.487, 264, 0
2026/07/17 01:07:15.588, 264, 0
2026/07/17 01:07:15.688, 264, 0
2026/07/17 01:07:15.788, 264, 0
2026/07/17 01:07:15.888, 264, 0
2026/07/17 01:07:15.988, 264, 0
2026/07/17 01:07:16.088, 264, 0
2026/07/17 01:07:16.188, 264, 0
2026/07/17 01:07:16.288, 264, 0
2026/07/17 01:07:16.388, 264, 0
2026/07/17 01:07:16.488, 264, 0
2026/07/17 01:07:16.589, 264, 0
2026/07/17 01:07:16.689, 264, 0
2026/07/17 01:07:16.789, 264, 0
2026/07/17 01:07:16.889, 264, 0
2026/07/17 01:07:16.989, 264, 0
2026/07/17 01:07:17.089, 264, 0
2026/07/17 01:07:17.189, 264, 0
2026/07/17 01:07:17.289, 264, 0
2026/07/17 01:07:17.389, 264, 0
2026/07/17 01:07:17.490, 264, 0
2026/07/17 01:07:17.590, 264, 0
2026/07/17 01:07:17.690, 264, 0
2026/07/17 01:07:17.790, 264, 0
2026/07/17 01:07:17.890, 264, 0
2026/07/17 01:07:17.990, 264, 0
2026/07/17 01:07:18.090, 264, 0
2026/07/17 01:07:18.190, 264, 0
2026/07/17 01:07:18.290, 264, 0
2026/07/17 01:07:18.390, 264, 0
2026/07/17 01:07:18.491, 264, 0
2026/07/17 01:07:18.591, 264, 0
2026/07/17 01:07:18.691, 264, 0
2026/07/17 01:07:18.791, 264, 0
2026/07/17 01:07:18.891, 264, 0
2026/07/17 01:07:18.991, 264, 0
2026/07/17 01:07:19.091, 264, 0
2026/07/17 01:07:19.191, 264, 0
2026/07/17 01:07:19.291, 264, 0
2026/07/17 01:07:19.391, 264, 0
2026/07/17 01:07:19.492, 264, 0
2026/07/17 01:07:19.592, 264, 0
2026/07/17 01:07:19.692, 264, 0
2026/07/17 01:07:19.792, 264, 0
2026/07/17 01:07:19.892, 264, 0
2026/07/17 01:07:19.992, 264, 0
2026/07/17 01:07:20.092, 264, 0
2026/07/17 01:07:20.192, 264, 0
2026/07/17 01:07:20.292, 264, 0
2026/07/17 01:07:20.392, 264, 0
2026/07/17 01:07:20.493, 264, 0
2026/07/17 01:07:20.593, 264, 0
2026/07/17 01:07:20.693, 264, 0
2026/07/17 01:07:20.793, 264, 0
2026/07/17 01:07:20.893, 264, 0
2026/07/17 01:07:20.993, 264, 0
2026/07/17 01:07:21.093, 264, 0
2026/07/17 01:07:21.193, 264, 0
2026/07/17 01:07:21.293, 264, 0
2026/07/17 01:07:21.393, 264, 0
2026/07/17 01:07:21.494, 264, 0
2026/07/17 01:07:21.594, 264, 0
2026/07/17 01:07:21.694, 264, 0
2026/07/17 01:07:21.794, 264, 0
2026/07/17 01:07:21.894, 264, 0
2026/07/17 01:07:21.994, 264, 0
2026/07/17 01:07:22.094, 264, 0
2026/07/17 01:07:22.194, 264, 0
2026/07/17 01:07:22.294, 264, 0
2026/07/17 01:07:22.394, 264, 0
2026/07/17 01:07:22.495, 264, 0
2026/07/17 01:07:22.595, 264, 0
2026/07/17 01:07:22.695, 264, 0
2026/07/17 01:07:22.795, 264, 0
2026/07/17 01:07:22.895, 264, 0
2026/07/17 01:07:22.995, 264, 0
2026/07/17 01:07:23.095, 264, 0
2026/07/17 01:07:23.195, 264, 0
2026/07/17 01:07:23.295, 264, 0
2026/07/17 01:07:23.396, 264, 0
2026/07/17 01:07:23.496, 264, 0
2026/07/17 01:07:23.596, 264, 0
2026/07/17 01:07:23.696, 264, 0
2026/07/17 01:07:23.796, 264, 0
2026/07/17 01:07:23.896, 264, 0
2026/07/17 01:07:23.996, 264, 0
2026/07/17 01:07:24.096, 264, 0
2026/07/17 01:07:24.196, 264, 0
2026/07/17 01:07:24.296, 264, 0
2026/07/17 01:07:24.397, 264, 0
2026/07/17 01:07:24.497, 264, 0
2026/07/17 01:07:24.597, 264, 0
2026/07/17 01:07:24.697, 264, 0
2026/07/17 01:07:24.797, 264, 0
2026/07/17 01:07:24.897, 264, 0
2026/07/17 01:07:24.997, 264, 0
2026/07/17 01:07:25.097, 264, 0
2026/07/17 01:07:25.197, 264, 0
2026/07/17 01:07:25.297, 264, 0
2026/07/17 01:07:25.397, 264, 0
2026/07/17 01:07:25.497, 264, 0
2026/07/17 01:07:25.598, 264, 0
2026/07/17 01:07:25.698, 264, 0
2026/07/17 01:07:25.798, 264, 0
2026/07/17 01:07:25.898, 264, 0
2026/07/17 01:07:25.998, 264, 0
2026/07/17 01:07:26.098, 264, 0
2026/07/17 01:07:26.198, 264, 0
2026/07/17 01:07:26.298, 264, 0
2026/07/17 01:07:26.398, 264, 0
2026/07/17 01:07:26.499, 264, 0
2026/07/17 01:07:26.599, 264, 0
2026/07/17 01:07:26.699, 264, 0
2026/07/17 01:07:26.799, 264, 0
2026/07/17 01:07:26.899, 264, 0
2026/07/17 01:07:26.999, 264, 0
2026/07/17 01:07:27.099, 264, 0
2026/07/17 01:07:27.199, 264, 0
2026/07/17 01:07:27.299, 264, 0
2026/07/17 01:07:27.399, 264, 0
2026/07/17 01:07:27.500, 264, 0
2026/07/17 01:07:27.600, 264, 0
2026/07/17 01:07:27.700, 264, 0
2026/07/17 01:07:27.800, 264, 0
2026/07/17 01:07:27.900, 264, 0
2026/07/17 01:07:28.000, 264, 0
2026/07/17 01:07:28.100, 264, 0
2026/07/17 01:07:28.200, 264, 0
2026/07/17 01:07:28.300, 264, 0
2026/07/17 01:07:28.400, 264, 0
2026/07/17 01:07:28.500, 264, 0
2026/07/17 01:07:28.601, 264, 0
2026/07/17 01:07:28.701, 264, 0
2026/07/17 01:07:28.801, 264, 0
2026/07/17 01:07:28.901, 264, 0
2026/07/17 01:07:29.001, 264, 0
2026/07/17 01:07:29.101, 264, 0
2026/07/17 01:07:29.201, 264, 0
2026/07/17 01:07:29.301, 264, 0
2026/07/17 01:07:29.401, 264, 0
2026/07/17 01:07:29.501, 264, 0
2026/07/17 01:07:29.602, 264, 0
2026/07/17 01:07:29.702, 264, 0
2026/07/17 01:07:29.802, 264, 0
2026/07/17 01:07:29.902, 264, 0
2026/07/17 01:07:30.002, 264, 0
2026/07/17 01:07:30.102, 264, 0
2026/07/17 01:07:30.202, 264, 0
2026/07/17 01:07:30.302, 264, 0
2026/07/17 01:07:30.402, 264, 0
2026/07/17 01:07:30.502, 264, 0
2026/07/17 01:07:30.603, 264, 0
2026/07/17 01:07:30.703, 264, 0
2026/07/17 01:07:30.803, 264, 0
2026/07/17 01:07:30.903, 264, 0
2026/07/17 01:07:31.003, 264, 0
2026/07/17 01:07:31.103, 264, 0
2026/07/17 01:07:31.203, 264, 0
2026/07/17 01:07:31.303, 264, 0
2026/07/17 01:07:31.403, 264, 0
2026/07/17 01:07:31.503, 264, 0
2026/07/17 01:07:31.603, 264, 0
2026/07/17 01:07:31.704, 264, 0
2026/07/17 01:07:31.804, 264, 0
2026/07/17 01:07:31.904, 264, 0
2026/07/17 01:07:32.004, 264, 0
2026/07/17 01:07:32.104, 264, 0
2026/07/17 01:07:32.204, 264, 0
2026/07/17 01:07:32.304, 264, 0
2026/07/17 01:07:32.404, 264, 0
2026/07/17 01:07:32.504, 264, 0
2026/07/17 01:07:32.604, 264, 0
2026/07/17 01:07:32.705, 264, 0
2026/07/17 01:07:32.805, 264, 0
2026/07/17 01:07:32.905, 264, 0
2026/07/17 01:07:33.005, 264, 0
2026/07/17 01:07:33.105, 264, 0
2026/07/17 01:07:33.205, 264, 0
2026/07/17 01:07:33.305, 264, 0
2026/07/17 01:07:33.405, 264, 0
2026/07/17 01:07:33.505, 264, 0
2026/07/17 01:07:33.605, 264, 0
2026/07/17 01:07:33.705, 264, 0
2026/07/17 01:07:33.806, 264, 0
2026/07/17 01:07:33.906, 264, 0
2026/07/17 01:07:34.006, 264, 0
2026/07/17 01:07:34.106, 264, 0
2026/07/17 01:07:34.206, 264, 0
2026/07/17 01:07:34.306, 264, 0
2026/07/17 01:07:34.406, 264, 0
2026/07/17 01:07:34.506, 264, 0
2026/07/17 01:07:34.606, 264, 0
2026/07/17 01:07:34.706, 264, 0
2026/07/17 01:07:34.806, 264, 0
2026/07/17 01:07:34.907, 264, 0
2026/07/17 01:07:35.007, 264, 0
2026/07/17 01:07:35.107, 264, 0
2026/07/17 01:07:35.207, 264, 0
2026/07/17 01:07:35.307, 264, 0
2026/07/17 01:07:35.407, 264, 0
2026/07/17 01:07:35.507, 264, 0
2026/07/17 01:07:35.607, 264, 0
2026/07/17 01:07:35.707, 264, 0
2026/07/17 01:07:35.807, 264, 0
2026/07/17 01:07:35.908, 264, 0
2026/07/17 01:07:36.008, 264, 0
2026/07/17 01:07:36.108, 264, 0
2026/07/17 01:07:36.208, 264, 0
2026/07/17 01:07:36.308, 264, 0
2026/07/17 01:07:36.408, 264, 0
2026/07/17 01:07:36.508, 264, 0
2026/07/17 01:07:36.608, 264, 0
2026/07/17 01:07:36.708, 264, 0
2026/07/17 01:07:36.808, 264, 0
2026/07/17 01:07:36.909, 264, 0
2026/07/17 01:07:37.009, 264, 0
2026/07/17 01:07:37.109, 264, 0
2026/07/17 01:07:37.209, 264, 0
2026/07/17 01:07:37.309, 264, 0
2026/07/17 01:07:37.409, 264, 0
2026/07/17 01:07:37.509, 264, 0
2026/07/17 01:07:37.609, 264, 0
2026/07/17 01:07:37.709, 264, 0
2026/07/17 01:07:37.809, 264, 0
2026/07/17 01:07:37.910, 264, 0
2026/07/17 01:07:38.010, 264, 0
2026/07/17 01:07:38.110, 264, 0
2026/07/17 01:07:38.210, 264, 0
2026/07/17 01:07:38.310, 264, 0
2026/07/17 01:07:38.410, 264, 0
2026/07/17 01:07:38.510, 264, 0
2026/07/17 01:07:38.610, 264, 0
2026/07/17 01:07:38.710, 264, 0
2026/07/17 01:07:38.810, 264, 0
2026/07/17 01:07:38.911, 264, 0
2026/07/17 01:07:39.011, 264, 0
2026/07/17 01:07:39.111, 264, 0
2026/07/17 01:07:39.211, 264, 0
2026/07/17 01:07:39.311, 264, 0
2026/07/17 01:07:39.411, 264, 0
2026/07/17 01:07:39.511, 264, 0
2026/07/17 01:07:39.611, 264, 0
2026/07/17 01:07:39.711, 264, 0
2026/07/17 01:07:39.811, 264, 0
2026/07/17 01:07:39.911, 264, 0
2026/07/17 01:07:40.012, 264, 0
2026/07/17 01:07:40.112, 264, 0
2026/07/17 01:07:40.212, 264, 0
2026/07/17 01:07:40.312, 264, 0
2026/07/17 01:07:40.412, 264, 0
2026/07/17 01:07:40.512, 264, 0
2026/07/17 01:07:40.612, 264, 0
2026/07/17 01:07:40.712, 264, 0
2026/07/17 01:07:40.813, 264, 0
2026/07/17 01:07:40.913, 264, 0
2026/07/17 01:07:41.013, 264, 0
2026/07/17 01:07:41.113, 264, 0
2026/07/17 01:07:41.213, 264, 0
2026/07/17 01:07:41.313, 264, 0
2026/07/17 01:07:41.413, 264, 0
2026/07/17 01:07:41.513, 264, 0
2026/07/17 01:07:41.613, 264, 0
2026/07/17 01:07:41.713, 264, 0
2026/07/17 01:07:41.814, 264, 0
2026/07/17 01:07:41.914, 264, 0
2026/07/17 01:07:42.014, 264, 0
2026/07/17 01:07:42.114, 264, 0
2026/07/17 01:07:42.214, 264, 0
2026/07/17 01:07:42.314, 264, 0
2026/07/17 01:07:42.414, 264, 0
2026/07/17 01:07:42.514, 264, 0
2026/07/17 01:07:42.615, 264, 0
2026/07/17 01:07:42.715, 264, 0
2026/07/17 01:07:42.815, 264, 0
2026/07/17 01:07:42.915, 264, 0
2026/07/17 01:07:43.015, 264, 0
2026/07/17 01:07:43.115, 264, 0
2026/07/17 01:07:43.215, 264, 0
2026/07/17 01:07:43.315, 264, 0
2026/07/17 01:07:43.415, 264, 0
2026/07/17 01:07:43.515, 264, 0
2026/07/17 01:07:43.616, 264, 0
2026/07/17 01:07:43.716, 264, 0
2026/07/17 01:07:43.816, 264, 0
2026/07/17 01:07:43.916, 264, 0
2026/07/17 01:07:44.016, 264, 0
2026/07/17 01:07:44.116, 264, 0
2026/07/17 01:07:44.216, 264, 0
2026/07/17 01:07:44.316, 264, 0
2026/07/17 01:07:44.416, 264, 0
2026/07/17 01:07:44.516, 264, 0
2026/07/17 01:07:44.617, 264, 0
2026/07/17 01:07:44.717, 264, 0
2026/07/17 01:07:44.817, 264, 0
2026/07/17 01:07:44.917, 264, 0
2026/07/17 01:07:45.017, 264, 0
2026/07/17 01:07:45.117, 264, 0
2026/07/17 01:07:45.217, 264, 0
2026/07/17 01:07:45.317, 264, 0
2026/07/17 01:07:45.418, 264, 0
2026/07/17 01:07:45.518, 264, 0
2026/07/17 01:07:45.618, 264, 0
2026/07/17 01:07:45.718, 264, 0
2026/07/17 01:07:45.818, 264, 0
2026/07/17 01:07:45.918, 264, 0
2026/07/17 01:07:46.018, 264, 0
2026/07/17 01:07:46.118, 264, 0
2026/07/17 01:07:46.218, 264, 0
2026/07/17 01:07:46.318, 264, 0
2026/07/17 01:07:46.419, 264, 0
2026/07/17 01:07:46.519, 264, 0
2026/07/17 01:07:46.619, 264, 0
2026/07/17 01:07:46.719, 264, 0
2026/07/17 01:07:46.819, 264, 0
2026/07/17 01:07:46.919, 264, 0
2026/07/17 01:07:47.019, 264, 0
2026/07/17 01:07:47.119, 264, 0
2026/07/17 01:07:47.219, 264, 0
2026/07/17 01:07:47.319, 264, 0
2026/07/17 01:07:47.420, 264, 0
2026/07/17 01:07:47.520, 264, 0
2026/07/17 01:07:47.620, 264, 0
2026/07/17 01:07:47.720, 264, 0
2026/07/17 01:07:47.820, 264, 0
2026/07/17 01:07:47.920, 264, 0
2026/07/17 01:07:48.020, 264, 0
2026/07/17 01:07:48.120, 264, 0
2026/07/17 01:07:48.220, 264, 0
2026/07/17 01:07:48.320, 264, 0
2026/07/17 01:07:48.421, 264, 0
2026/07/17 01:07:48.521, 264, 0
2026/07/17 01:07:48.621, 264, 0
2026/07/17 01:07:48.721, 264, 0
2026/07/17 01:07:48.821, 264, 0
2026/07/17 01:07:48.921, 264, 0
2026/07/17 01:07:49.021, 264, 0
2026/07/17 01:07:49.121, 264, 0
2026/07/17 01:07:49.221, 264, 0
2026/07/17 01:07:49.321, 264, 0
2026/07/17 01:07:49.421, 264, 0
2026/07/17 01:07:49.522, 264, 0
2026/07/17 01:07:49.622, 264, 0
2026/07/17 01:07:49.722, 264, 0
2026/07/17 01:07:49.822, 264, 0
2026/07/17 01:07:49.922, 264, 0
2026/07/17 01:07:50.022, 264, 0
2026/07/17 01:07:50.122, 264, 0
2026/07/17 01:07:50.222, 264, 0
2026/07/17 01:07:50.322, 264, 0
2026/07/17 01:07:50.422, 264, 0
2026/07/17 01:07:50.522, 264, 0
2026/07/17 01:07:50.623, 264, 0
2026/07/17 01:07:50.723, 264, 0
2026/07/17 01:07:50.823, 264, 0
2026/07/17 01:07:50.923, 264, 0
2026/07/17 01:07:51.023, 264, 0
2026/07/17 01:07:51.123, 264, 0
2026/07/17 01:07:51.223, 264, 0
2026/07/17 01:07:51.323, 264, 0
2026/07/17 01:07:51.423, 264, 0
2026/07/17 01:07:51.523, 264, 0
2026/07/17 01:07:51.624, 264, 0
2026/07/17 01:07:51.724, 264, 0
2026/07/17 01:07:51.824, 264, 0
2026/07/17 01:07:51.924, 264, 0
2026/07/17 01:07:52.024, 264, 0
2026/07/17 01:07:52.124, 264, 0
2026/07/17 01:07:52.224, 264, 0
2026/07/17 01:07:52.324, 264, 0
2026/07/17 01:07:52.424, 264, 0
2026/07/17 01:07:52.524, 264, 0
2026/07/17 01:07:52.625, 264, 0
2026/07/17 01:07:52.725, 264, 0
2026/07/17 01:07:52.825, 264, 0
2026/07/17 01:07:52.925, 264, 0
2026/07/17 01:07:53.025, 264, 0
2026/07/17 01:07:53.125, 264, 0
2026/07/17 01:07:53.225, 264, 0
2026/07/17 01:07:53.325, 264, 0
2026/07/17 01:07:53.425, 264, 0
2026/07/17 01:07:53.525, 264, 0
2026/07/17 01:07:53.626, 264, 0
2026/07/17 01:07:53.726, 264, 0
2026/07/17 01:07:53.826, 264, 0
2026/07/17 01:07:53.926, 264, 0
2026/07/17 01:07:54.026, 264, 0
2026/07/17 01:07:54.126, 264, 0
2026/07/17 01:07:54.226, 264, 0
2026/07/17 01:07:54.326, 264, 0
2026/07/17 01:07:54.426, 264, 0
2026/07/17 01:07:54.527, 264, 0
2026/07/17 01:07:54.627, 264, 0
2026/07/17 01:07:54.727, 264, 0
2026/07/17 01:07:54.827, 264, 0
2026/07/17 01:07:54.927, 264, 0
2026/07/17 01:07:55.027, 264, 0
2026/07/17 01:07:55.127, 264, 0
2026/07/17 01:07:55.227, 264, 0
2026/07/17 01:07:55.327, 264, 0
2026/07/17 01:07:55.427, 264, 0
2026/07/17 01:07:55.528, 264, 0
2026/07/17 01:07:55.628, 264, 0
2026/07/17 01:07:55.728, 264, 0
2026/07/17 01:07:55.828, 264, 0
2026/07/17 01:07:55.928, 264, 0
2026/07/17 01:07:56.028, 264, 0
2026/07/17 01:07:56.128, 264, 0
2026/07/17 01:07:56.228, 264, 0
2026/07/17 01:07:56.328, 264, 0
2026/07/17 01:07:56.428, 264, 0
2026/07/17 01:07:56.528, 264, 0
2026/07/17 01:07:56.629, 264, 0
2026/07/17 01:07:56.729, 264, 0
2026/07/17 01:07:56.829, 264, 0
2026/07/17 01:07:56.929, 264, 0
2026/07/17 01:07:57.029, 264, 0
2026/07/17 01:07:57.129, 264, 0
2026/07/17 01:07:57.229, 264, 0
2026/07/17 01:07:57.329, 264, 0
2026/07/17 01:07:57.430, 264, 0
2026/07/17 01:07:57.530, 264, 0
2026/07/17 01:07:57.630, 264, 0
2026/07/17 01:07:57.730, 264, 0
2026/07/17 01:07:57.830, 264, 0
2026/07/17 01:07:57.930, 264, 0
2026/07/17 01:07:58.030, 264, 0
2026/07/17 01:07:58.130, 264, 0
2026/07/17 01:07:58.230, 264, 0
2026/07/17 01:07:58.330, 264, 0
2026/07/17 01:07:58.431, 264, 0
2026/07/17 01:07:58.531, 264, 0
2026/07/17 01:07:58.631, 264, 0
2026/07/17 01:07:58.731, 264, 0
2026/07/17 01:07:58.831, 264, 0
2026/07/17 01:07:58.931, 264, 0
2026/07/17 01:07:59.031, 264, 0
2026/07/17 01:07:59.131, 264, 0
2026/07/17 01:07:59.231, 264, 0
2026/07/17 01:07:59.331, 264, 0
2026/07/17 01:07:59.432, 264, 0
2026/07/17 01:07:59.532, 264, 0
2026/07/17 01:07:59.632, 264, 0
2026/07/17 01:07:59.732, 264, 0
2026/07/17 01:07:59.832, 264, 0
2026/07/17 01:07:59.932, 264, 0
2026/07/17 01:08:00.032, 264, 0
2026/07/17 01:08:00.132, 264, 0
2026/07/17 01:08:00.232, 264, 0
2026/07/17 01:08:00.333, 264, 0
2026/07/17 01:08:00.433, 264, 0
2026/07/17 01:08:00.533, 264, 0
2026/07/17 01:08:00.633, 264, 0
2026/07/17 01:08:00.733, 264, 0
2026/07/17 01:08:00.833, 264, 0
2026/07/17 01:08:00.933, 264, 0
2026/07/17 01:08:01.033, 264, 0
2026/07/17 01:08:01.133, 264, 0
2026/07/17 01:08:01.234, 264, 0
2026/07/17 01:08:01.334, 264, 0
2026/07/17 01:08:01.434, 264, 0
2026/07/17 01:08:01.534, 264, 0
2026/07/17 01:08:01.634, 264, 0
2026/07/17 01:08:01.734, 264, 0
2026/07/17 01:08:01.834, 264, 0
2026/07/17 01:08:01.934, 264, 0
2026/07/17 01:08:02.034, 264, 0
2026/07/17 01:08:02.135, 264, 0
2026/07/17 01:08:02.235, 264, 0
2026/07/17 01:08:02.335, 264, 0
2026/07/17 01:08:02.435, 264, 0
2026/07/17 01:08:02.535, 264, 0
2026/07/17 01:08:02.635, 264, 0
2026/07/17 01:08:02.735, 264, 0
2026/07/17 01:08:02.835, 264, 0
2026/07/17 01:08:02.935, 264, 0
2026/07/17 01:08:03.035, 264, 0
2026/07/17 01:08:03.136, 264, 0
2026/07/17 01:08:03.236, 264, 0
2026/07/17 01:08:03.336, 264, 0
2026/07/17 01:08:03.436, 264, 0
2026/07/17 01:08:03.536, 264, 0
2026/07/17 01:08:03.636, 264, 0
2026/07/17 01:08:03.736, 264, 0
2026/07/17 01:08:03.836, 264, 0
2026/07/17 01:08:03.936, 264, 0
2026/07/17 01:08:04.036, 264, 0
2026/07/17 01:08:04.137, 264, 0
2026/07/17 01:08:04.237, 264, 0
2026/07/17 01:08:04.337, 264, 0
2026/07/17 01:08:04.437, 264, 0
2026/07/17 01:08:04.537, 264, 0
2026/07/17 01:08:04.637, 264, 0
2026/07/17 01:08:04.737, 264, 0
2026/07/17 01:08:04.837, 264, 0
2026/07/17 01:08:04.937, 264, 0
2026/07/17 01:08:05.037, 264, 0
2026/07/17 01:08:05.138, 264, 0
2026/07/17 01:08:05.238, 264, 0
2026/07/17 01:08:05.338, 264, 0
2026/07/17 01:08:05.438, 264, 0
2026/07/17 01:08:05.538, 264, 0
2026/07/17 01:08:05.638, 264, 0
2026/07/17 01:08:05.738, 264, 0
2026/07/17 01:08:05.838, 264, 0
2026/07/17 01:08:05.938, 264, 0
2026/07/17 01:08:06.038, 264, 0
2026/07/17 01:08:06.139, 264, 0
2026/07/17 01:08:06.239, 264, 0
2026/07/17 01:08:06.339, 264, 0
2026/07/17 01:08:06.439, 264, 0
2026/07/17 01:08:06.539, 264, 0
2026/07/17 01:08:06.639, 264, 0
2026/07/17 01:08:06.739, 264, 0
2026/07/17 01:08:06.839, 264, 0
2026/07/17 01:08:06.939, 264, 0
2026/07/17 01:08:07.039, 264, 0
2026/07/17 01:08:07.140, 264, 0
2026/07/17 01:08:07.240, 264, 0
2026/07/17 01:08:07.340, 264, 0
2026/07/17 01:08:07.440, 264, 0
2026/07/17 01:08:07.540, 264, 0
2026/07/17 01:08:07.640, 264, 0
2026/07/17 01:08:07.740, 264, 0
2026/07/17 01:08:07.840, 264, 0
2026/07/17 01:08:07.940, 264, 0
2026/07/17 01:08:08.041, 264, 0
2026/07/17 01:08:08.141, 264, 0
2026/07/17 01:08:08.241, 264, 0
2026/07/17 01:08:08.341, 264, 0
2026/07/17 01:08:08.441, 264, 0
2026/07/17 01:08:08.541, 264, 0
2026/07/17 01:08:08.641, 264, 0
2026/07/17 01:08:08.741, 264, 0
2026/07/17 01:08:08.841, 264, 0
2026/07/17 01:08:08.941, 264, 0
2026/07/17 01:08:09.042, 264, 0
2026/07/17 01:08:09.142, 264, 0
2026/07/17 01:08:09.242, 264, 0
2026/07/17 01:08:09.342, 264, 0
2026/07/17 01:08:09.442, 264, 0
2026/07/17 01:08:09.542, 264, 0
2026/07/17 01:08:09.642, 264, 0
2026/07/17 01:08:09.742, 264, 0
2026/07/17 01:08:09.842, 264, 0
2026/07/17 01:08:09.942, 264, 0
2026/07/17 01:08:10.043, 264, 0
2026/07/17 01:08:10.143, 264, 0
2026/07/17 01:08:10.243, 264, 0
2026/07/17 01:08:10.343, 264, 0
2026/07/17 01:08:10.443, 264, 0
2026/07/17 01:08:10.543, 264, 0
2026/07/17 01:08:10.643, 264, 0
2026/07/17 01:08:10.743, 264, 0
2026/07/17 01:08:10.843, 264, 0
2026/07/17 01:08:10.943, 264, 0
2026/07/17 01:08:11.044, 264, 0
2026/07/17 01:08:11.144, 264, 0
2026/07/17 01:08:11.244, 264, 0
2026/07/17 01:08:11.344, 264, 0
2026/07/17 01:08:11.444, 264, 0
2026/07/17 01:08:11.544, 264, 0
2026/07/17 01:08:11.644, 264, 0
2026/07/17 01:08:11.744, 264, 0
2026/07/17 01:08:11.844, 264, 0
2026/07/17 01:08:11.945, 264, 0
2026/07/17 01:08:12.045, 264, 0
2026/07/17 01:08:12.145, 264, 0
2026/07/17 01:08:12.245, 264, 0
2026/07/17 01:08:12.345, 264, 0
2026/07/17 01:08:12.445, 264, 0
2026/07/17 01:08:12.545, 264, 0
2026/07/17 01:08:12.645, 264, 0
2026/07/17 01:08:12.745, 264, 0
2026/07/17 01:08:12.845, 264, 0
2026/07/17 01:08:12.946, 264, 0
2026/07/17 01:08:13.046, 264, 0
2026/07/17 01:08:13.146, 264, 0
2026/07/17 01:08:13.246, 264, 0
2026/07/17 01:08:13.346, 264, 0
2026/07/17 01:08:13.446, 264, 0
2026/07/17 01:08:13.546, 264, 0
2026/07/17 01:08:13.646, 264, 0
2026/07/17 01:08:13.746, 264, 0
2026/07/17 01:08:13.846, 264, 0
2026/07/17 01:08:13.946, 264, 0
2026/07/17 01:08:14.047, 264, 0
2026/07/17 01:08:14.147, 264, 0
2026/07/17 01:08:14.247, 264, 0
2026/07/17 01:08:14.347, 264, 0
2026/07/17 01:08:14.447, 264, 0
2026/07/17 01:08:14.547, 264, 0
2026/07/17 01:08:14.647, 264, 0
2026/07/17 01:08:14.747, 264, 0
2026/07/17 01:08:14.847, 264, 0
2026/07/17 01:08:14.947, 264, 0
2026/07/17 01:08:15.047, 264, 0
2026/07/17 01:08:15.148, 264, 0
2026/07/17 01:08:15.248, 264, 0
2026/07/17 01:08:15.348, 264, 0
2026/07/17 01:08:15.448, 264, 0
2026/07/17 01:08:15.548, 264, 0
2026/07/17 01:08:15.648, 264, 0
2026/07/17 01:08:15.748, 264, 0
2026/07/17 01:08:15.848, 264, 0
2026/07/17 01:08:15.948, 264, 0
2026/07/17 01:08:16.048, 264, 0
2026/07/17 01:08:16.149, 264, 0
2026/07/17 01:08:16.249, 264, 0
2026/07/17 01:08:16.349, 264, 0
2026/07/17 01:08:16.449, 264, 0
2026/07/17 01:08:16.549, 264, 0
2026/07/17 01:08:16.649, 264, 0
2026/07/17 01:08:16.749, 264, 0
2026/07/17 01:08:16.849, 264, 0
2026/07/17 01:08:16.949, 264, 0
2026/07/17 01:08:17.049, 264, 0
2026/07/17 01:08:17.149, 264, 0
2026/07/17 01:08:17.250, 264, 0
2026/07/17 01:08:17.350, 264, 0
2026/07/17 01:08:17.450, 264, 0
2026/07/17 01:08:17.550, 264, 0
2026/07/17 01:08:17.650, 264, 0
2026/07/17 01:08:17.750, 264, 0
2026/07/17 01:08:17.850, 264, 0
2026/07/17 01:08:17.950, 264, 0
2026/07/17 01:08:18.050, 264, 0
2026/07/17 01:08:18.151, 264, 0
2026/07/17 01:08:18.251, 264, 0
2026/07/17 01:08:18.351, 264, 0
2026/07/17 01:08:18.451, 264, 0
2026/07/17 01:08:18.551, 264, 0
2026/07/17 01:08:18.651, 264, 0
2026/07/17 01:08:18.751, 264, 0
2026/07/17 01:08:18.851, 264, 0
2026/07/17 01:08:18.951, 264, 0
2026/07/17 01:08:19.051, 264, 0
2026/07/17 01:08:19.151, 264, 0
2026/07/17 01:08:19.252, 264, 0
2026/07/17 01:08:19.352, 264, 0
2026/07/17 01:08:19.452, 264, 0
2026/07/17 01:08:19.552, 264, 0
2026/07/17 01:08:19.652, 264, 0
2026/07/17 01:08:19.752, 264, 0
2026/07/17 01:08:19.852, 264, 0
2026/07/17 01:08:19.952, 264, 0
2026/07/17 01:08:20.052, 264, 0
2026/07/17 01:08:20.153, 264, 0
2026/07/17 01:08:20.253, 264, 0
2026/07/17 01:08:20.353, 264, 0
2026/07/17 01:08:20.453, 264, 0
2026/07/17 01:08:20.553, 264, 0
2026/07/17 01:08:20.653, 264, 0
2026/07/17 01:08:20.753, 264, 0
2026/07/17 01:08:20.853, 264, 0
2026/07/17 01:08:20.953, 264, 0
2026/07/17 01:08:21.053, 264, 0
2026/07/17 01:08:21.154, 264, 0
2026/07/17 01:08:21.254, 264, 0
2026/07/17 01:08:21.354, 264, 0
2026/07/17 01:08:21.454, 264, 0
2026/07/17 01:08:21.554, 264, 0
2026/07/17 01:08:21.654, 264, 0
2026/07/17 01:08:21.754, 264, 0
2026/07/17 01:08:21.854, 264, 0
2026/07/17 01:08:21.954, 264, 0
2026/07/17 01:08:22.055, 264, 0
2026/07/17 01:08:22.155, 264, 0
2026/07/17 01:08:22.255, 264, 0
2026/07/17 01:08:22.355, 264, 0
2026/07/17 01:08:22.455, 264, 0
2026/07/17 01:08:22.555, 264, 0
2026/07/17 01:08:22.655, 264, 0
2026/07/17 01:08:22.755, 264, 0
2026/07/17 01:08:22.855, 264, 0
2026/07/17 01:08:22.956, 264, 0
2026/07/17 01:08:23.056, 264, 0
2026/07/17 01:08:23.156, 264, 0
2026/07/17 01:08:23.256, 264, 0
2026/07/17 01:08:23.356, 264, 0
2026/07/17 01:08:23.456, 264, 0
2026/07/17 01:08:23.556, 264, 0
2026/07/17 01:08:23.656, 264, 0
2026/07/17 01:08:23.756, 264, 0
2026/07/17 01:08:23.856, 264, 0
2026/07/17 01:08:23.956, 264, 0
2026/07/17 01:08:24.057, 264, 0
2026/07/17 01:08:24.157, 264, 0
2026/07/17 01:08:24.257, 264, 0
2026/07/17 01:08:24.357, 264, 0
2026/07/17 01:08:24.457, 264, 0
2026/07/17 01:08:24.557, 264, 0
2026/07/17 01:08:24.657, 264, 0
2026/07/17 01:08:24.757, 264, 0
2026/07/17 01:08:24.857, 264, 0
2026/07/17 01:08:24.957, 264, 0
2026/07/17 01:08:25.058, 264, 0
2026/07/17 01:08:25.158, 264, 0
2026/07/17 01:08:25.258, 264, 0
2026/07/17 01:08:25.358, 264, 0
2026/07/17 01:08:25.458, 264, 0
2026/07/17 01:08:25.558, 264, 0
2026/07/17 01:08:25.658, 264, 0
2026/07/17 01:08:25.758, 264, 0
2026/07/17 01:08:25.858, 264, 0
2026/07/17 01:08:25.958, 264, 0
2026/07/17 01:08:26.059, 264, 0
2026/07/17 01:08:26.159, 264, 0
2026/07/17 01:08:26.259, 264, 0
2026/07/17 01:08:26.359, 264, 0
2026/07/17 01:08:26.459, 264, 0
2026/07/17 01:08:26.559, 264, 0
2026/07/17 01:08:26.659, 264, 0
2026/07/17 01:08:26.759, 264, 0
2026/07/17 01:08:26.859, 264, 0
2026/07/17 01:08:26.959, 264, 0
2026/07/17 01:08:27.060, 264, 0
2026/07/17 01:08:27.160, 264, 0
2026/07/17 01:08:27.260, 264, 0
2026/07/17 01:08:27.360, 264, 0
2026/07/17 01:08:27.460, 264, 0
2026/07/17 01:08:27.560, 264, 0
2026/07/17 01:08:27.660, 264, 0
2026/07/17 01:08:27.760, 264, 0
2026/07/17 01:08:27.860, 264, 0
2026/07/17 01:08:27.961, 264, 0
2026/07/17 01:08:28.061, 264, 0
2026/07/17 01:08:28.161, 264, 0
2026/07/17 01:08:28.261, 264, 0
2026/07/17 01:08:28.361, 264, 0
2026/07/17 01:08:28.461, 264, 0
2026/07/17 01:08:28.561, 264, 0
2026/07/17 01:08:28.661, 264, 0
2026/07/17 01:08:28.761, 264, 0
2026/07/17 01:08:28.861, 264, 0
2026/07/17 01:08:28.961, 264, 0
2026/07/17 01:08:29.062, 264, 0
2026/07/17 01:08:29.162, 264, 0
2026/07/17 01:08:29.262, 264, 0
2026/07/17 01:08:29.362, 264, 0
2026/07/17 01:08:29.462, 264, 0
2026/07/17 01:08:29.562, 264, 0
2026/07/17 01:08:29.662, 264, 0
2026/07/17 01:08:29.762, 264, 0
2026/07/17 01:08:29.862, 264, 0
2026/07/17 01:08:29.962, 264, 0
2026/07/17 01:08:30.063, 264, 0
2026/07/17 01:08:30.163, 264, 0
2026/07/17 01:08:30.263, 264, 0
2026/07/17 01:08:30.363, 264, 0
2026/07/17 01:08:30.463, 264, 0
2026/07/17 01:08:30.563, 264, 0
2026/07/17 01:08:30.663, 264, 0
2026/07/17 01:08:30.763, 264, 0
2026/07/17 01:08:30.864, 264, 0
2026/07/17 01:08:30.964, 264, 0
2026/07/17 01:08:31.064, 264, 0
2026/07/17 01:08:31.164, 264, 0
2026/07/17 01:08:31.264, 264, 0
2026/07/17 01:08:31.364, 264, 0
2026/07/17 01:08:31.464, 264, 0
2026/07/17 01:08:31.564, 264, 0
2026/07/17 01:08:31.664, 264, 0
2026/07/17 01:08:31.764, 264, 0
2026/07/17 01:08:31.864, 264, 0
2026/07/17 01:08:31.965, 264, 0
2026/07/17 01:08:32.065, 264, 0
2026/07/17 01:08:32.165, 264, 0
2026/07/17 01:08:32.265, 264, 0
2026/07/17 01:08:32.365, 264, 0
2026/07/17 01:08:32.465, 264, 0
2026/07/17 01:08:32.565, 264, 0
2026/07/17 01:08:32.665, 264, 0
2026/07/17 01:08:32.766, 264, 0
2026/07/17 01:08:32.866, 264, 0
2026/07/17 01:08:32.966, 264, 0
2026/07/17 01:08:33.066, 264, 0
2026/07/17 01:08:33.166, 264, 0
2026/07/17 01:08:33.266, 264, 0
2026/07/17 01:08:33.366, 264, 0
2026/07/17 01:08:33.466, 264, 0
2026/07/17 01:08:33.566, 264, 0
2026/07/17 01:08:33.666, 264, 0
2026/07/17 01:08:33.767, 264, 0
2026/07/17 01:08:33.867, 264, 0
2026/07/17 01:08:33.967, 264, 0
2026/07/17 01:08:34.067, 264, 0
2026/07/17 01:08:34.167, 264, 0
2026/07/17 01:08:34.267, 264, 0
2026/07/17 01:08:34.367, 264, 0
2026/07/17 01:08:34.467, 264, 0
2026/07/17 01:08:34.567, 264, 0
2026/07/17 01:08:34.668, 264, 0
2026/07/17 01:08:34.768, 264, 0
2026/07/17 01:08:34.868, 264, 0
2026/07/17 01:08:34.968, 264, 0
2026/07/17 01:08:35.068, 264, 0
2026/07/17 01:08:35.168, 264, 0
2026/07/17 01:08:35.268, 264, 0
2026/07/17 01:08:35.368, 264, 0
2026/07/17 01:08:35.468, 264, 0
2026/07/17 01:08:35.568, 264, 0
2026/07/17 01:08:35.668, 264, 0
2026/07/17 01:08:35.769, 264, 0
2026/07/17 01:08:35.869, 264, 0
2026/07/17 01:08:35.969, 264, 0
2026/07/17 01:08:36.069, 264, 0
2026/07/17 01:08:36.169, 264, 0
2026/07/17 01:08:36.269, 264, 0
2026/07/17 01:08:36.369, 264, 0
2026/07/17 01:08:36.469, 264, 0
2026/07/17 01:08:36.570, 264, 0
2026/07/17 01:08:36.670, 264, 0
2026/07/17 01:08:36.770, 264, 0
2026/07/17 01:08:36.870, 264, 0
2026/07/17 01:08:36.970, 264, 0
2026/07/17 01:08:37.070, 264, 0
2026/07/17 01:08:37.170, 264, 0
2026/07/17 01:08:37.270, 264, 0
2026/07/17 01:08:37.370, 264, 0
2026/07/17 01:08:37.470, 264, 0
2026/07/17 01:08:37.571, 264, 0
2026/07/17 01:08:37.671, 264, 0
2026/07/17 01:08:37.771, 264, 0
2026/07/17 01:08:37.871, 264, 0
2026/07/17 01:08:37.971, 264, 0
2026/07/17 01:08:38.071, 264, 0
2026/07/17 01:08:38.171, 264, 0
2026/07/17 01:08:38.271, 264, 0
2026/07/17 01:08:38.371, 264, 0
2026/07/17 01:08:38.472, 264, 0
2026/07/17 01:08:38.572, 264, 0
2026/07/17 01:08:38.672, 264, 0
2026/07/17 01:08:38.772, 264, 0
2026/07/17 01:08:38.872, 264, 0
2026/07/17 01:08:38.972, 264, 0
2026/07/17 01:08:39.072, 264, 0
2026/07/17 01:08:39.172, 264, 0
2026/07/17 01:08:39.272, 264, 0
2026/07/17 01:08:39.372, 264, 0
2026/07/17 01:08:39.473, 264, 0
2026/07/17 01:08:39.573, 264, 0
2026/07/17 01:08:39.673, 264, 0
2026/07/17 01:08:39.773, 264, 0
2026/07/17 01:08:39.873, 264, 0
2026/07/17 01:08:39.973, 264, 0
2026/07/17 01:08:40.073, 264, 0
2026/07/17 01:08:40.173, 264, 0
2026/07/17 01:08:40.273, 264, 0
2026/07/17 01:08:40.374, 264, 0
2026/07/17 01:08:40.474, 264, 0
2026/07/17 01:08:40.574, 264, 0
2026/07/17 01:08:40.674, 264, 0
2026/07/17 01:08:40.774, 264, 0
2026/07/17 01:08:40.874, 264, 0
2026/07/17 01:08:40.974, 264, 0
2026/07/17 01:08:41.074, 264, 0
2026/07/17 01:08:41.174, 264, 0
2026/07/17 01:08:41.274, 264, 0
2026/07/17 01:08:41.374, 264, 0
2026/07/17 01:08:41.475, 264, 0
2026/07/17 01:08:41.575, 264, 0
2026/07/17 01:08:41.675, 264, 0
2026/07/17 01:08:41.775, 264, 0
2026/07/17 01:08:41.875, 264, 0
2026/07/17 01:08:41.975, 264, 0
2026/07/17 01:08:42.075, 264, 0
2026/07/17 01:08:42.175, 264, 0
2026/07/17 01:08:42.275, 264, 0
2026/07/17 01:08:42.375, 264, 0
2026/07/17 01:08:42.476, 264, 0
2026/07/17 01:08:42.576, 264, 0
2026/07/17 01:08:42.676, 264, 0
2026/07/17 01:08:42.776, 264, 0
2026/07/17 01:08:42.876, 264, 0
2026/07/17 01:08:42.976, 264, 0
2026/07/17 01:08:43.076, 264, 0
2026/07/17 01:08:43.176, 264, 0
2026/07/17 01:08:43.277, 264, 0
2026/07/17 01:08:43.377, 264, 0
2026/07/17 01:08:43.477, 264, 0
2026/07/17 01:08:43.577, 264, 0
2026/07/17 01:08:43.677, 264, 0
2026/07/17 01:08:43.777, 264, 0
2026/07/17 01:08:43.877, 264, 0
2026/07/17 01:08:43.977, 264, 0
2026/07/17 01:08:44.077, 264, 0
2026/07/17 01:08:44.177, 264, 0
2026/07/17 01:08:44.278, 264, 0
2026/07/17 01:08:44.378, 264, 0
2026/07/17 01:08:44.478, 264, 0
2026/07/17 01:08:44.578, 264, 0
2026/07/17 01:08:44.678, 264, 0
2026/07/17 01:08:44.778, 264, 0
2026/07/17 01:08:44.878, 264, 0
2026/07/17 01:08:44.978, 264, 0
2026/07/17 01:08:45.078, 264, 0
2026/07/17 01:08:45.179, 264, 0
2026/07/17 01:08:45.279, 264, 0
2026/07/17 01:08:45.379, 264, 0
2026/07/17 01:08:45.479, 264, 0
2026/07/17 01:08:45.579, 264, 0
2026/07/17 01:08:45.679, 264, 0
2026/07/17 01:08:45.779, 264, 0
2026/07/17 01:08:45.879, 264, 0
2026/07/17 01:08:45.979, 264, 0
2026/07/17 01:08:46.079, 264, 0
2026/07/17 01:08:46.180, 264, 0
2026/07/17 01:08:46.280, 264, 0
2026/07/17 01:08:46.380, 264, 0
2026/07/17 01:08:46.480, 264, 0
2026/07/17 01:08:46.580, 264, 0
2026/07/17 01:08:46.680, 264, 0
2026/07/17 01:08:46.780, 264, 0
2026/07/17 01:08:46.880, 264, 0
2026/07/17 01:08:46.980, 264, 0
2026/07/17 01:08:47.080, 264, 0
2026/07/17 01:08:47.181, 264, 0
2026/07/17 01:08:47.281, 264, 0
2026/07/17 01:08:47.381, 264, 0
2026/07/17 01:08:47.481, 264, 0
2026/07/17 01:08:47.581, 264, 0
2026/07/17 01:08:47.681, 264, 0
2026/07/17 01:08:47.781, 264, 0
2026/07/17 01:08:47.881, 264, 0
2026/07/17 01:08:47.981, 264, 0
2026/07/17 01:08:48.081, 264, 0
2026/07/17 01:08:48.181, 264, 0
2026/07/17 01:08:48.281, 264, 0
2026/07/17 01:08:48.382, 264, 0
2026/07/17 01:08:48.482, 264, 0
2026/07/17 01:08:48.582, 264, 0
2026/07/17 01:08:48.682, 264, 0
2026/07/17 01:08:48.782, 264, 0
2026/07/17 01:08:48.882, 264, 0
2026/07/17 01:08:48.982, 264, 0
2026/07/17 01:08:49.082, 264, 0
2026/07/17 01:08:49.182, 264, 0
2026/07/17 01:08:49.282, 264, 0
2026/07/17 01:08:49.383, 264, 0
2026/07/17 01:08:49.483, 264, 0
2026/07/17 01:08:49.583, 264, 0
2026/07/17 01:08:49.683, 264, 0
2026/07/17 01:08:49.783, 264, 0
2026/07/17 01:08:49.883, 264, 0
2026/07/17 01:08:49.983, 264, 0
2026/07/17 01:08:50.083, 264, 0
2026/07/17 01:08:50.183, 264, 0
2026/07/17 01:08:50.283, 264, 0
2026/07/17 01:08:50.384, 264, 0
2026/07/17 01:08:50.484, 264, 0
2026/07/17 01:08:50.584, 264, 0
2026/07/17 01:08:50.684, 264, 0
2026/07/17 01:08:50.784, 264, 0
2026/07/17 01:08:50.884, 264, 0
2026/07/17 01:08:50.984, 264, 0
2026/07/17 01:08:51.084, 264, 0
2026/07/17 01:08:51.184, 264, 0
2026/07/17 01:08:51.284, 264, 0
2026/07/17 01:08:51.384, 264, 0
2026/07/17 01:08:51.485, 264, 0
2026/07/17 01:08:51.585, 264, 0
2026/07/17 01:08:51.685, 264, 0
2026/07/17 01:08:51.785, 264, 0
2026/07/17 01:08:51.885, 264, 0
2026/07/17 01:08:51.985, 264, 0
2026/07/17 01:08:52.085, 264, 0
2026/07/17 01:08:52.185, 264, 0
2026/07/17 01:08:52.285, 264, 0
2026/07/17 01:08:52.385, 264, 0
2026/07/17 01:08:52.485, 264, 0
2026/07/17 01:08:52.586, 264, 0
2026/07/17 01:08:52.686, 264, 0
2026/07/17 01:08:52.786, 264, 0
2026/07/17 01:08:52.886, 264, 0
2026/07/17 01:08:52.986, 264, 0
2026/07/17 01:08:53.086, 264, 0
2026/07/17 01:08:53.186, 264, 0
2026/07/17 01:08:53.286, 264, 0
2026/07/17 01:08:53.386, 264, 0
2026/07/17 01:08:53.486, 264, 0
2026/07/17 01:08:53.587, 264, 0
2026/07/17 01:08:53.687, 264, 0
2026/07/17 01:08:53.787, 264, 0
2026/07/17 01:08:53.887, 264, 0
2026/07/17 01:08:53.987, 264, 0
2026/07/17 01:08:54.087, 264, 0
2026/07/17 01:08:54.187, 264, 0
2026/07/17 01:08:54.287, 264, 0
2026/07/17 01:08:54.387, 264, 0
2026/07/17 01:08:54.487, 264, 0
2026/07/17 01:08:54.587, 264, 0
2026/07/17 01:08:54.687, 264, 0
2026/07/17 01:08:54.788, 264, 0
2026/07/17 01:08:54.888, 264, 0
2026/07/17 01:08:54.988, 264, 0
2026/07/17 01:08:55.088, 264, 0
2026/07/17 01:08:55.188, 264, 0
2026/07/17 01:08:55.288, 264, 0
2026/07/17 01:08:55.388, 264, 0
2026/07/17 01:08:55.488, 264, 0
2026/07/17 01:08:55.588, 264, 0
2026/07/17 01:08:55.688, 264, 0
2026/07/17 01:08:55.788, 264, 0
2026/07/17 01:08:55.889, 264, 0
2026/07/17 01:08:55.989, 264, 0
2026/07/17 01:08:56.089, 264, 0
2026/07/17 01:08:56.189, 264, 0
2026/07/17 01:08:56.289, 264, 0
2026/07/17 01:08:56.389, 264, 0
2026/07/17 01:08:56.489, 264, 0
2026/07/17 01:08:56.589, 264, 0
2026/07/17 01:08:56.689, 264, 0
2026/07/17 01:08:56.789, 264, 0
2026/07/17 01:08:56.889, 264, 0
2026/07/17 01:08:56.990, 264, 0
2026/07/17 01:08:57.090, 264, 0
2026/07/17 01:08:57.190, 264, 0
2026/07/17 01:08:57.290, 264, 0
2026/07/17 01:08:57.390, 264, 0
2026/07/17 01:08:57.490, 264, 0
2026/07/17 01:08:57.590, 264, 0
2026/07/17 01:08:57.690, 264, 0
2026/07/17 01:08:57.790, 264, 0
2026/07/17 01:08:57.890, 264, 0
2026/07/17 01:08:57.990, 264, 0
2026/07/17 01:08:58.091, 264, 0
2026/07/17 01:08:58.191, 264, 0
2026/07/17 01:08:58.291, 264, 0
2026/07/17 01:08:58.391, 264, 0
2026/07/17 01:08:58.491, 264, 0
2026/07/17 01:08:58.591, 264, 0
2026/07/17 01:08:58.691, 264, 0
2026/07/17 01:08:58.791, 264, 0
2026/07/17 01:08:58.891, 264, 0
2026/07/17 01:08:58.991, 264, 0
2026/07/17 01:08:59.092, 264, 0
2026/07/17 01:08:59.192, 264, 0
2026/07/17 01:08:59.292, 264, 0
2026/07/17 01:08:59.392, 264, 0
2026/07/17 01:08:59.492, 264, 0
2026/07/17 01:08:59.592, 264, 0
2026/07/17 01:08:59.692, 264, 0
2026/07/17 01:08:59.792, 264, 0
2026/07/17 01:08:59.892, 264, 0
2026/07/17 01:08:59.992, 264, 0
2026/07/17 01:09:00.092, 264, 0
2026/07/17 01:09:00.193, 264, 0
2026/07/17 01:09:00.293, 264, 0
2026/07/17 01:09:00.393, 264, 0
2026/07/17 01:09:00.493, 264, 0
2026/07/17 01:09:00.593, 264, 0
2026/07/17 01:09:00.693, 264, 0
2026/07/17 01:09:00.793, 264, 0
2026/07/17 01:09:00.893, 264, 0
2026/07/17 01:09:00.993, 264, 0
2026/07/17 01:09:01.093, 264, 0
2026/07/17 01:09:01.194, 264, 0
2026/07/17 01:09:01.294, 264, 0
2026/07/17 01:09:01.394, 264, 0
2026/07/17 01:09:01.494, 264, 0
2026/07/17 01:09:01.594, 264, 0
2026/07/17 01:09:01.694, 264, 0
2026/07/17 01:09:01.794, 264, 0
2026/07/17 01:09:01.894, 264, 0
2026/07/17 01:09:01.994, 264, 0
2026/07/17 01:09:02.094, 264, 0
2026/07/17 01:09:02.194, 264, 0
2026/07/17 01:09:02.295, 264, 0
2026/07/17 01:09:02.395, 264, 0
2026/07/17 01:09:02.495, 264, 0
2026/07/17 01:09:02.595, 264, 0
2026/07/17 01:09:02.695, 264, 0
2026/07/17 01:09:02.795, 264, 0
2026/07/17 01:09:02.895, 264, 0
2026/07/17 01:09:02.995, 264, 0
2026/07/17 01:09:03.095, 264, 0
2026/07/17 01:09:03.195, 264, 0
2026/07/17 01:09:03.295, 264, 0
2026/07/17 01:09:03.396, 264, 0
2026/07/17 01:09:03.496, 264, 0
2026/07/17 01:09:03.596, 264, 0
2026/07/17 01:09:03.696, 264, 0
2026/07/17 01:09:03.796, 264, 0
2026/07/17 01:09:03.896, 264, 0
2026/07/17 01:09:03.996, 264, 0
2026/07/17 01:09:04.096, 264, 0
2026/07/17 01:09:04.196, 264, 0
2026/07/17 01:09:04.296, 264, 0
2026/07/17 01:09:04.397, 264, 0
2026/07/17 01:09:04.497, 264, 0
2026/07/17 01:09:04.597, 264, 0
2026/07/17 01:09:04.697, 264, 0
2026/07/17 01:09:04.797, 264, 0
2026/07/17 01:09:04.897, 264, 0
2026/07/17 01:09:04.997, 264, 0
2026/07/17 01:09:05.097, 264, 0
2026/07/17 01:09:05.197, 264, 0
2026/07/17 01:09:05.298, 264, 0
2026/07/17 01:09:05.398, 264, 0
2026/07/17 01:09:05.498, 264, 0
2026/07/17 01:09:05.598, 264, 0
2026/07/17 01:09:05.698, 264, 0
2026/07/17 01:09:05.798, 264, 0
2026/07/17 01:09:05.898, 264, 0
2026/07/17 01:09:05.998, 264, 0
2026/07/17 01:09:06.098, 264, 0
2026/07/17 01:09:06.198, 264, 0
2026/07/17 01:09:06.299, 264, 0
2026/07/17 01:09:06.399, 264, 0
2026/07/17 01:09:06.499, 264, 0
2026/07/17 01:09:06.599, 264, 0
2026/07/17 01:09:06.699, 264, 0
2026/07/17 01:09:06.799, 264, 0
2026/07/17 01:09:06.899, 264, 0
2026/07/17 01:09:06.999, 264, 0
2026/07/17 01:09:07.099, 264, 0
2026/07/17 01:09:07.200, 264, 0
2026/07/17 01:09:07.300, 264, 0
2026/07/17 01:09:07.400, 264, 0
2026/07/17 01:09:07.500, 264, 0
2026/07/17 01:09:07.600, 264, 0
2026/07/17 01:09:07.700, 264, 0
2026/07/17 01:09:07.800, 264, 0
2026/07/17 01:09:07.900, 264, 0
2026/07/17 01:09:08.000, 264, 0
2026/07/17 01:09:08.100, 264, 0
2026/07/17 01:09:08.201, 264, 0
2026/07/17 01:09:08.301, 264, 0
2026/07/17 01:09:08.401, 264, 0
2026/07/17 01:09:08.501, 264, 0
2026/07/17 01:09:08.601, 264, 0
2026/07/17 01:09:08.701, 264, 0
2026/07/17 01:09:08.801, 264, 0
2026/07/17 01:09:08.901, 264, 0
2026/07/17 01:09:09.001, 264, 0
2026/07/17 01:09:09.101, 264, 0
2026/07/17 01:09:09.201, 264, 0
2026/07/17 01:09:09.302, 264, 0
2026/07/17 01:09:09.402, 264, 0
2026/07/17 01:09:09.502, 264, 0
2026/07/17 01:09:09.602, 264, 0
2026/07/17 01:09:09.702, 264, 0
2026/07/17 01:09:09.802, 264, 0
2026/07/17 01:09:09.902, 264, 0
2026/07/17 01:09:10.002, 264, 0
2026/07/17 01:09:10.102, 264, 0
2026/07/17 01:09:10.202, 264, 0
2026/07/17 01:09:10.303, 264, 0
2026/07/17 01:09:10.403, 264, 0
2026/07/17 01:09:10.503, 264, 0
2026/07/17 01:09:10.603, 264, 0
2026/07/17 01:09:10.703, 264, 0
2026/07/17 01:09:10.803, 264, 0
2026/07/17 01:09:10.903, 264, 0
2026/07/17 01:09:11.003, 264, 0
2026/07/17 01:09:11.104, 264, 0
2026/07/17 01:09:11.204, 264, 0
2026/07/17 01:09:11.304, 264, 0
2026/07/17 01:09:11.404, 264, 0
2026/07/17 01:09:11.504, 264, 0
2026/07/17 01:09:11.604, 264, 0
2026/07/17 01:09:11.704, 264, 0
2026/07/17 01:09:11.804, 264, 0
2026/07/17 01:09:11.904, 264, 0
2026/07/17 01:09:12.005, 264, 0
2026/07/17 01:09:12.105, 264, 0
2026/07/17 01:09:12.205, 264, 0
2026/07/17 01:09:12.305, 264, 0
2026/07/17 01:09:12.405, 264, 0
2026/07/17 01:09:12.505, 264, 0
2026/07/17 01:09:12.605, 264, 0
2026/07/17 01:09:12.705, 264, 0
2026/07/17 01:09:12.805, 264, 0
2026/07/17 01:09:12.906, 264, 0
2026/07/17 01:09:13.006, 264, 0
2026/07/17 01:09:13.106, 264, 0
2026/07/17 01:09:13.206, 264, 0
2026/07/17 01:09:13.306, 264, 0
2026/07/17 01:09:13.406, 264, 0
2026/07/17 01:09:13.506, 264, 0
2026/07/17 01:09:13.606, 264, 0
2026/07/17 01:09:13.706, 264, 0
2026/07/17 01:09:13.806, 264, 0
2026/07/17 01:09:13.907, 264, 0
2026/07/17 01:09:14.007, 264, 0
2026/07/17 01:09:14.107, 264, 0
2026/07/17 01:09:14.207, 264, 0
2026/07/17 01:09:14.307, 264, 0
2026/07/17 01:09:14.407, 264, 0
2026/07/17 01:09:14.507, 264, 0
2026/07/17 01:09:14.607, 264, 0
2026/07/17 01:09:14.707, 264, 0
2026/07/17 01:09:14.807, 264, 0
2026/07/17 01:09:14.907, 264, 0
2026/07/17 01:09:15.008, 264, 0
2026/07/17 01:09:15.108, 264, 0
2026/07/17 01:09:15.208, 264, 0
2026/07/17 01:09:15.308, 264, 0
2026/07/17 01:09:15.408, 264, 0
2026/07/17 01:09:15.508, 264, 0
2026/07/17 01:09:15.608, 264, 0
2026/07/17 01:09:15.708, 264, 0
2026/07/17 01:09:15.808, 264, 0
2026/07/17 01:09:15.909, 264, 0
2026/07/17 01:09:16.009, 264, 0
2026/07/17 01:09:16.109, 264, 0
2026/07/17 01:09:16.209, 264, 0
2026/07/17 01:09:16.309, 264, 0
2026/07/17 01:09:16.409, 264, 0
2026/07/17 01:09:16.509, 264, 0
2026/07/17 01:09:16.609, 264, 0
2026/07/17 01:09:16.709, 264, 0
2026/07/17 01:09:16.810, 264, 0
2026/07/17 01:09:16.910, 264, 0
2026/07/17 01:09:17.010, 264, 0
2026/07/17 01:09:17.110, 264, 0
2026/07/17 01:09:17.210, 264, 0
2026/07/17 01:09:17.310, 264, 0
2026/07/17 01:09:17.410, 264, 0
2026/07/17 01:09:17.510, 264, 0
2026/07/17 01:09:17.610, 264, 0
2026/07/17 01:09:17.710, 264, 0
2026/07/17 01:09:17.811, 264, 0
2026/07/17 01:09:17.911, 264, 0
2026/07/17 01:09:18.011, 264, 0
2026/07/17 01:09:18.111, 264, 0
2026/07/17 01:09:18.211, 264, 0
2026/07/17 01:09:18.311, 264, 0
2026/07/17 01:09:18.411, 264, 0
2026/07/17 01:09:18.511, 264, 0
2026/07/17 01:09:18.611, 264, 0
2026/07/17 01:09:18.711, 264, 0
2026/07/17 01:09:18.812, 264, 0
2026/07/17 01:09:18.912, 264, 0
2026/07/17 01:09:19.012, 264, 0
2026/07/17 01:09:19.112, 264, 0
2026/07/17 01:09:19.212, 264, 0
2026/07/17 01:09:19.312, 264, 0
2026/07/17 01:09:19.412, 264, 0
2026/07/17 01:09:19.512, 264, 0
2026/07/17 01:09:19.612, 264, 0
2026/07/17 01:09:19.713, 264, 0
2026/07/17 01:09:19.813, 264, 0
2026/07/17 01:09:19.913, 264, 0
2026/07/17 01:09:20.013, 264, 0
2026/07/17 01:09:20.113, 264, 0
2026/07/17 01:09:20.213, 264, 0
2026/07/17 01:09:20.313, 264, 0
2026/07/17 01:09:20.413, 264, 0
2026/07/17 01:09:20.513, 264, 0
2026/07/17 01:09:20.613, 264, 0
2026/07/17 01:09:20.714, 264, 0
2026/07/17 01:09:20.814, 264, 0
2026/07/17 01:09:20.914, 264, 0
2026/07/17 01:09:21.014, 264, 0
2026/07/17 01:09:21.114, 264, 0
2026/07/17 01:09:21.214, 264, 0
2026/07/17 01:09:21.314, 264, 0
2026/07/17 01:09:21.414, 264, 0
2026/07/17 01:09:21.514, 264, 0
2026/07/17 01:09:21.614, 264, 0
2026/07/17 01:09:21.715, 264, 0
2026/07/17 01:09:21.815, 264, 0
2026/07/17 01:09:21.915, 264, 0
2026/07/17 01:09:22.015, 264, 0
2026/07/17 01:09:22.115, 264, 0
2026/07/17 01:09:22.215, 264, 0
2026/07/17 01:09:22.315, 264, 0
2026/07/17 01:09:22.415, 264, 0
2026/07/17 01:09:22.515, 264, 0
2026/07/17 01:09:22.615, 264, 0
2026/07/17 01:09:22.715, 264, 0
2026/07/17 01:09:22.816, 264, 0
2026/07/17 01:09:22.916, 264, 0
2026/07/17 01:09:23.016, 264, 0
2026/07/17 01:09:23.116, 264, 0
2026/07/17 01:09:23.216, 264, 0
2026/07/17 01:09:23.316, 264, 0
2026/07/17 01:09:23.416, 264, 0
2026/07/17 01:09:23.516, 264, 0
2026/07/17 01:09:23.616, 264, 0
2026/07/17 01:09:23.716, 264, 0
2026/07/17 01:09:23.816, 264, 0
2026/07/17 01:09:23.916, 264, 0
2026/07/17 01:09:24.017, 264, 0
2026/07/17 01:09:24.117, 264, 0
2026/07/17 01:09:24.217, 264, 0
2026/07/17 01:09:24.317, 264, 0
2026/07/17 01:09:24.417, 264, 0
2026/07/17 01:09:24.517, 264, 0
2026/07/17 01:09:24.617, 264, 0
2026/07/17 01:09:24.717, 264, 0
2026/07/17 01:09:24.817, 264, 0
2026/07/17 01:09:24.917, 264, 0
2026/07/17 01:09:25.017, 264, 0
2026/07/17 01:09:25.118, 264, 0
2026/07/17 01:09:25.218, 264, 0
2026/07/17 01:09:25.318, 264, 0
2026/07/17 01:09:25.418, 264, 0
2026/07/17 01:09:25.518, 264, 0
2026/07/17 01:09:25.618, 264, 0
2026/07/17 01:09:25.718, 264, 0
2026/07/17 01:09:25.818, 264, 0
2026/07/17 01:09:25.918, 264, 0
2026/07/17 01:09:26.018, 264, 0
2026/07/17 01:09:26.118, 264, 0
2026/07/17 01:09:26.219, 264, 0
2026/07/17 01:09:26.319, 264, 0
2026/07/17 01:09:26.419, 264, 0
2026/07/17 01:09:26.519, 264, 0
2026/07/17 01:09:26.619, 264, 0
2026/07/17 01:09:26.719, 264, 0
2026/07/17 01:09:26.819, 264, 0
2026/07/17 01:09:26.919, 264, 0
2026/07/17 01:09:27.019, 264, 0
2026/07/17 01:09:27.119, 264, 0
2026/07/17 01:09:27.219, 264, 0
2026/07/17 01:09:27.320, 264, 0
2026/07/17 01:09:27.420, 264, 0
2026/07/17 01:09:27.520, 264, 0
2026/07/17 01:09:27.620, 264, 0
2026/07/17 01:09:27.720, 264, 0
2026/07/17 01:09:27.820, 264, 0
2026/07/17 01:09:27.920, 264, 0
2026/07/17 01:09:28.020, 264, 0
2026/07/17 01:09:28.120, 264, 0
2026/07/17 01:09:28.220, 264, 0
2026/07/17 01:09:28.320, 264, 0
2026/07/17 01:09:28.421, 264, 0
2026/07/17 01:09:28.521, 264, 0
2026/07/17 01:09:28.621, 264, 0
2026/07/17 01:09:28.721, 264, 0
2026/07/17 01:09:28.821, 264, 0
2026/07/17 01:09:28.921, 264, 0
2026/07/17 01:09:29.021, 264, 0
2026/07/17 01:09:29.121, 264, 0
2026/07/17 01:09:29.221, 264, 0
2026/07/17 01:09:29.321, 264, 0
2026/07/17 01:09:29.421, 264, 0
2026/07/17 01:09:29.522, 264, 0
2026/07/17 01:09:29.622, 264, 0
2026/07/17 01:09:29.722, 264, 0
2026/07/17 01:09:29.822, 264, 0
2026/07/17 01:09:29.922, 264, 0
2026/07/17 01:09:30.022, 3946, 0
2026/07/17 01:09:30.133, 3950, 0
2026/07/17 01:09:30.233, 3950, 0
2026/07/17 01:09:30.333, 3950, 0
2026/07/17 01:09:30.433, 3950, 0
2026/07/17 01:09:30.533, 3950, 0
2026/07/17 01:09:30.634, 3950, 0
2026/07/17 01:09:30.734, 3950, 0
2026/07/17 01:09:30.834, 3950, 0
2026/07/17 01:09:30.934, 3950, 0
2026/07/17 01:09:31.034, 3950, 0
2026/07/17 01:09:31.134, 3950, 0
2026/07/17 01:09:31.234, 3950, 0
2026/07/17 01:09:31.334, 3950, 0
2026/07/17 01:09:31.435, 3950, 0
2026/07/17 01:09:31.535, 3950, 0
2026/07/17 01:09:31.635, 3950, 0
2026/07/17 01:09:31.735, 3950, 0
2026/07/17 01:09:31.835, 3950, 0
2026/07/17 01:09:31.935, 3950, 0
2026/07/17 01:09:32.035, 3950, 0
2026/07/17 01:09:32.135, 3950, 0
2026/07/17 01:09:32.235, 3950, 0
2026/07/17 01:09:32.335, 3950, 0
2026/07/17 01:09:32.436, 3950, 0
2026/07/17 01:09:32.536, 3950, 0
2026/07/17 01:09:32.636, 3950, 0
2026/07/17 01:09:32.736, 3950, 0
2026/07/17 01:09:32.836, 3950, 0
2026/07/17 01:09:32.936, 3950, 0
2026/07/17 01:09:33.036, 3950, 0
2026/07/17 01:09:33.136, 3950, 0
2026/07/17 01:09:33.236, 3950, 0
2026/07/17 01:09:33.336, 3950, 0
2026/07/17 01:09:33.437, 3950, 0
2026/07/17 01:09:33.537, 3950, 0
2026/07/17 01:09:33.637, 3950, 0
2026/07/17 01:09:33.737, 3950, 0
2026/07/17 01:09:33.837, 3950, 0
2026/07/17 01:09:33.937, 3950, 0
2026/07/17 01:09:34.037, 3950, 0
2026/07/17 01:09:34.137, 3950, 0
2026/07/17 01:09:34.237, 3950, 0
2026/07/17 01:09:34.337, 3950, 0
2026/07/17 01:09:34.438, 3950, 0
2026/07/17 01:09:34.538, 3950, 0
2026/07/17 01:09:34.638, 3950, 0
2026/07/17 01:09:34.738, 3950, 0
2026/07/17 01:09:34.838, 3950, 0
2026/07/17 01:09:34.938, 3950, 0
2026/07/17 01:09:35.038, 3950, 0
2026/07/17 01:09:35.138, 3950, 0
2026/07/17 01:09:35.238, 3950, 0
2026/07/17 01:09:35.338, 3950, 0
2026/07/17 01:09:35.438, 3950, 0
2026/07/17 01:09:35.539, 3950, 0
2026/07/17 01:09:35.639, 3950, 0
2026/07/17 01:09:35.739, 3950, 0
2026/07/17 01:09:35.839, 3950, 0
2026/07/17 01:09:35.939, 3950, 0
2026/07/17 01:09:36.039, 3950, 0
2026/07/17 01:09:36.139, 3950, 0
2026/07/17 01:09:36.239, 3950, 0
2026/07/17 01:09:36.339, 3950, 0
2026/07/17 01:09:36.439, 3950, 0
2026/07/17 01:09:36.539, 3950, 0
2026/07/17 01:09:36.640, 3950, 0
2026/07/17 01:09:36.740, 3950, 0
2026/07/17 01:09:36.840, 3950, 0
2026/07/17 01:09:36.940, 3950, 0
2026/07/17 01:09:37.040, 3950, 0
2026/07/17 01:09:37.140, 3950, 0
2026/07/17 01:09:37.240, 3950, 0
2026/07/17 01:09:37.340, 3950, 0
2026/07/17 01:09:37.440, 3950, 0
2026/07/17 01:09:37.540, 3950, 0
2026/07/17 01:09:37.641, 3950, 0
2026/07/17 01:09:37.741, 3950, 0
2026/07/17 01:09:37.841, 3950, 0
2026/07/17 01:09:37.941, 3950, 0
2026/07/17 01:09:38.041, 3950, 0
2026/07/17 01:09:38.141, 3950, 0
2026/07/17 01:09:38.241, 3950, 0
2026/07/17 01:09:38.341, 3950, 0
2026/07/17 01:09:38.441, 3950, 0
2026/07/17 01:09:38.541, 3950, 0
2026/07/17 01:09:38.642, 3950, 0
2026/07/17 01:09:38.742, 3950, 0
2026/07/17 01:09:38.842, 3950, 0
2026/07/17 01:09:38.942, 3950, 0
2026/07/17 01:09:39.042, 3950, 0
2026/07/17 01:09:39.142, 3950, 0
2026/07/17 01:09:39.242, 3950, 0
2026/07/17 01:09:39.342, 3950, 0
2026/07/17 01:09:39.442, 3950, 0
2026/07/17 01:09:39.542, 3950, 0
2026/07/17 01:09:39.643, 3950, 0
2026/07/17 01:09:39.743, 3950, 0
2026/07/17 01:09:39.843, 3950, 0
2026/07/17 01:09:39.943, 3950, 0
2026/07/17 01:09:40.043, 3950, 0
2026/07/17 01:09:40.143, 3950, 0
2026/07/17 01:09:40.243, 3950, 0
2026/07/17 01:09:40.343, 3950, 0
2026/07/17 01:09:40.443, 3950, 0
2026/07/17 01:09:40.543, 3950, 0
2026/07/17 01:09:40.644, 3950, 0
2026/07/17 01:09:40.744, 3950, 0
2026/07/17 01:09:40.844, 3950, 0
2026/07/17 01:09:40.944, 3950, 0
2026/07/17 01:09:41.044, 3950, 0
2026/07/17 01:09:41.144, 3950, 0
2026/07/17 01:09:41.244, 3950, 0
2026/07/17 01:09:41.344, 3950, 0
2026/07/17 01:09:41.444, 3950, 0
2026/07/17 01:09:41.544, 3950, 0
2026/07/17 01:09:41.644, 3950, 0
2026/07/17 01:09:41.745, 3950, 0
2026/07/17 01:09:41.845, 3950, 0
2026/07/17 01:09:41.945, 3950, 0
2026/07/17 01:09:42.045, 3950, 0
2026/07/17 01:09:42.145, 3950, 0
2026/07/17 01:09:42.245, 3950, 0
2026/07/17 01:09:42.345, 3950, 0
2026/07/17 01:09:42.445, 3950, 0
2026/07/17 01:09:42.545, 3950, 0
2026/07/17 01:09:42.645, 3950, 0
2026/07/17 01:09:42.745, 3950, 0
2026/07/17 01:09:42.845, 3950, 0
2026/07/17 01:09:42.946, 3950, 0
2026/07/17 01:09:43.046, 3950, 0
2026/07/17 01:09:43.146, 3950, 0
2026/07/17 01:09:43.246, 3950, 0
2026/07/17 01:09:43.346, 3950, 0
2026/07/17 01:09:43.446, 3950, 0
2026/07/17 01:09:43.546, 3950, 0
2026/07/17 01:09:43.646, 3950, 0
2026/07/17 01:09:43.746, 3950, 0
2026/07/17 01:09:43.847, 3950, 0
2026/07/17 01:09:43.947, 3950, 0
2026/07/17 01:09:44.047, 3950, 0
2026/07/17 01:09:44.147, 3950, 0
2026/07/17 01:09:44.247, 3950, 0
2026/07/17 01:09:44.347, 3950, 0
2026/07/17 01:09:44.447, 3950, 0
2026/07/17 01:09:44.547, 3950, 0
2026/07/17 01:09:44.647, 3950, 0
2026/07/17 01:09:44.747, 3950, 0
2026/07/17 01:09:44.848, 3950, 0
2026/07/17 01:09:44.948, 3950, 0
2026/07/17 01:09:45.048, 3950, 0
2026/07/17 01:09:45.148, 3950, 0
2026/07/17 01:09:45.248, 3950, 0
2026/07/17 01:09:45.348, 3950, 0
2026/07/17 01:09:45.448, 3950, 0
2026/07/17 01:09:45.548, 3950, 0
2026/07/17 01:09:45.648, 3950, 0
2026/07/17 01:09:45.748, 3950, 0
2026/07/17 01:09:45.849, 3950, 0
2026/07/17 01:09:45.949, 3950, 0
2026/07/17 01:09:46.049, 3950, 0
2026/07/17 01:09:46.149, 3950, 0
2026/07/17 01:09:46.249, 3950, 0
2026/07/17 01:09:46.349, 3950, 0
2026/07/17 01:09:46.449, 3950, 0
2026/07/17 01:09:46.549, 3950, 0
2026/07/17 01:09:46.650, 3950, 0
2026/07/17 01:09:46.750, 3950, 0
2026/07/17 01:09:46.850, 3950, 0
2026/07/17 01:09:46.950, 3950, 0
2026/07/17 01:09:47.050, 3950, 0
2026/07/17 01:09:47.150, 3950, 0
2026/07/17 01:09:47.250, 3950, 0
2026/07/17 01:09:47.350, 3950, 0
2026/07/17 01:09:47.450, 3950, 0
2026/07/17 01:09:47.551, 3950, 0
2026/07/17 01:09:47.651, 3950, 0
2026/07/17 01:09:47.751, 3950, 0
2026/07/17 01:09:47.851, 3950, 0
2026/07/17 01:09:47.951, 3950, 0
2026/07/17 01:09:48.051, 3950, 0
2026/07/17 01:09:48.151, 3950, 0
2026/07/17 01:09:48.251, 3950, 0
2026/07/17 01:09:48.351, 3950, 0
2026/07/17 01:09:48.451, 3950, 0
2026/07/17 01:09:48.552, 3950, 0
2026/07/17 01:09:48.652, 3950, 0
2026/07/17 01:09:48.752, 3950, 0
2026/07/17 01:09:48.852, 3950, 0
2026/07/17 01:09:48.952, 3950, 0
2026/07/17 01:09:49.052, 3950, 0
2026/07/17 01:09:49.152, 3950, 0
2026/07/17 01:09:49.252, 3950, 0
2026/07/17 01:09:49.352, 3950, 0
2026/07/17 01:09:49.452, 3950, 0
2026/07/17 01:09:49.552, 3950, 0
2026/07/17 01:09:49.653, 3950, 0
2026/07/17 01:09:49.753, 3950, 0
2026/07/17 01:09:49.853, 3950, 0
2026/07/17 01:09:49.953, 3950, 0
2026/07/17 01:09:50.053, 3950, 0
2026/07/17 01:09:50.153, 3950, 0
2026/07/17 01:09:50.253, 3950, 0
2026/07/17 01:09:50.353, 3950, 0
2026/07/17 01:09:50.454, 3950, 0
2026/07/17 01:09:50.554, 3950, 0
2026/07/17 01:09:50.654, 3950, 0
2026/07/17 01:09:50.754, 3950, 0
2026/07/17 01:09:50.854, 3950, 0
2026/07/17 01:09:50.954, 3950, 0
2026/07/17 01:09:51.054, 3950, 0
2026/07/17 01:09:51.154, 3950, 0
2026/07/17 01:09:51.254, 3950, 0
2026/07/17 01:09:51.354, 3950, 0
2026/07/17 01:09:51.454, 3950, 0
2026/07/17 01:09:51.555, 3950, 0
2026/07/17 01:09:51.655, 3950, 0
2026/07/17 01:09:51.755, 3950, 0
2026/07/17 01:09:51.855, 3950, 0
2026/07/17 01:09:51.955, 3950, 0
2026/07/17 01:09:52.055, 3950, 0
2026/07/17 01:09:52.155, 3950, 0
2026/07/17 01:09:52.255, 3950, 0
2026/07/17 01:09:52.355, 3950, 0
2026/07/17 01:09:52.455, 3950, 0
2026/07/17 01:09:52.555, 3950, 0
2026/07/17 01:09:52.656, 3950, 0
2026/07/17 01:09:52.756, 3950, 0
2026/07/17 01:09:52.856, 3950, 0
2026/07/17 01:09:52.956, 3950, 0
2026/07/17 01:09:53.056, 3950, 0
2026/07/17 01:09:53.156, 3950, 0
2026/07/17 01:09:53.256, 3950, 0
2026/07/17 01:09:53.356, 3950, 0
2026/07/17 01:09:53.456, 3950, 0
2026/07/17 01:09:53.557, 3950, 0
2026/07/17 01:09:53.657, 3950, 0
2026/07/17 01:09:53.757, 3950, 0
2026/07/17 01:09:53.857, 3950, 0
2026/07/17 01:09:53.957, 3950, 0
2026/07/17 01:09:54.057, 3950, 0
2026/07/17 01:09:54.157, 3950, 0
2026/07/17 01:09:54.257, 3950, 0
2026/07/17 01:09:54.357, 3950, 0
2026/07/17 01:09:54.457, 3950, 0
2026/07/17 01:09:54.558, 3950, 0
2026/07/17 01:09:54.658, 3950, 0
2026/07/17 01:09:54.758, 3950, 0
2026/07/17 01:09:54.858, 3950, 0
2026/07/17 01:09:54.958, 3950, 0
2026/07/17 01:09:55.058, 3950, 0
2026/07/17 01:09:55.158, 3950, 0
2026/07/17 01:09:55.258, 3950, 0
2026/07/17 01:09:55.358, 3950, 0
2026/07/17 01:09:55.458, 3950, 0
2026/07/17 01:09:55.559, 3950, 0
2026/07/17 01:09:55.659, 3950, 0
2026/07/17 01:09:55.759, 3950, 0
2026/07/17 01:09:55.859, 3950, 0
2026/07/17 01:09:55.959, 3950, 0
2026/07/17 01:09:56.059, 3950, 0
2026/07/17 01:09:56.159, 3950, 0
2026/07/17 01:09:56.259, 3950, 0
2026/07/17 01:09:56.359, 3950, 0
2026/07/17 01:09:56.460, 3950, 0
2026/07/17 01:09:56.560, 3950, 0
2026/07/17 01:09:56.660, 3950, 0
2026/07/17 01:09:56.760, 3950, 0
2026/07/17 01:09:56.860, 3950, 0
2026/07/17 01:09:56.960, 3950, 0
2026/07/17 01:09:57.060, 3950, 0
2026/07/17 01:09:57.160, 3950, 0
2026/07/17 01:09:57.260, 3950, 0
2026/07/17 01:09:57.360, 3950, 0
2026/07/17 01:09:57.461, 3950, 0
2026/07/17 01:09:57.561, 3950, 0
2026/07/17 01:09:57.661, 3950, 0
2026/07/17 01:09:57.761, 3950, 0
2026/07/17 01:09:57.861, 3950, 0
2026/07/17 01:09:57.961, 3950, 0
2026/07/17 01:09:58.061, 3950, 0
2026/07/17 01:09:58.161, 3950, 0
2026/07/17 01:09:58.261, 3950, 0
2026/07/17 01:09:58.361, 3950, 0
2026/07/17 01:09:58.462, 3950, 0
2026/07/17 01:09:58.562, 3950, 0
2026/07/17 01:09:58.662, 3950, 0
2026/07/17 01:09:58.762, 3950, 0
2026/07/17 01:09:58.862, 3950, 0
2026/07/17 01:09:58.962, 3950, 0
2026/07/17 01:09:59.062, 3950, 0
2026/07/17 01:09:59.162, 3950, 0
2026/07/17 01:09:59.262, 3950, 0
2026/07/17 01:09:59.362, 3950, 0
2026/07/17 01:09:59.463, 3950, 0
2026/07/17 01:09:59.563, 3950, 0
2026/07/17 01:09:59.663, 3950, 0
2026/07/17 01:09:59.763, 3950, 0
2026/07/17 01:09:59.863, 3950, 0
2026/07/17 01:09:59.963, 3950, 0
2026/07/17 01:10:00.063, 3950, 0
2026/07/17 01:10:00.163, 3950, 0
2026/07/17 01:10:00.263, 3950, 0
2026/07/17 01:10:00.363, 3950, 0
2026/07/17 01:10:00.464, 3950, 0
2026/07/17 01:10:00.564, 3950, 0
2026/07/17 01:10:00.664, 3950, 0
2026/07/17 01:10:00.764, 3950, 0
2026/07/17 01:10:00.864, 3950, 0
2026/07/17 01:10:00.964, 3950, 0
2026/07/17 01:10:01.064, 3950, 0
2026/07/17 01:10:01.164, 3950, 0
2026/07/17 01:10:01.264, 3950, 0
2026/07/17 01:10:01.364, 3950, 0
2026/07/17 01:10:01.465, 3950, 0
2026/07/17 01:10:01.565, 3950, 0
2026/07/17 01:10:01.665, 3950, 0
2026/07/17 01:10:01.765, 3950, 0
2026/07/17 01:10:01.865, 3950, 0
2026/07/17 01:10:01.965, 3950, 0
2026/07/17 01:10:02.065, 3950, 0
2026/07/17 01:10:02.165, 3950, 0
2026/07/17 01:10:02.266, 3950, 0
2026/07/17 01:10:02.366, 3950, 0
2026/07/17 01:10:02.466, 3950, 0
2026/07/17 01:10:02.566, 3950, 0
2026/07/17 01:10:02.666, 3950, 0
2026/07/17 01:10:02.766, 3950, 0
2026/07/17 01:10:02.866, 3950, 0
2026/07/17 01:10:02.966, 3950, 0
2026/07/17 01:10:03.066, 3950, 0
2026/07/17 01:10:03.166, 3950, 0
2026/07/17 01:10:03.267, 3950, 0
2026/07/17 01:10:03.367, 3950, 0
2026/07/17 01:10:03.467, 3950, 0
2026/07/17 01:10:03.567, 3950, 0
2026/07/17 01:10:03.667, 3950, 0
2026/07/17 01:10:03.767, 3950, 0
2026/07/17 01:10:03.867, 3950, 0
2026/07/17 01:10:03.967, 3950, 0
2026/07/17 01:10:04.067, 3950, 0
2026/07/17 01:10:04.167, 3950, 0
2026/07/17 01:10:04.267, 3950, 0
2026/07/17 01:10:04.368, 3950, 0
2026/07/17 01:10:04.468, 3950, 0
2026/07/17 01:10:04.568, 3950, 0
2026/07/17 01:10:04.668, 3950, 0
2026/07/17 01:10:04.768, 3950, 0
2026/07/17 01:10:04.868, 3950, 0
2026/07/17 01:10:04.968, 3950, 0
2026/07/17 01:10:05.068, 3950, 0
2026/07/17 01:10:05.168, 3950, 0
2026/07/17 01:10:05.269, 3950, 0
2026/07/17 01:10:05.369, 3950, 0
2026/07/17 01:10:05.469, 3950, 0
2026/07/17 01:10:05.569, 3950, 0
2026/07/17 01:10:05.669, 3950, 0
2026/07/17 01:10:05.769, 3950, 0
2026/07/17 01:10:05.869, 3950, 0
2026/07/17 01:10:05.969, 3950, 0
2026/07/17 01:10:06.069, 3950, 0
2026/07/17 01:10:06.169, 3950, 0
2026/07/17 01:10:06.270, 3950, 0
2026/07/17 01:10:06.370, 3950, 0
2026/07/17 01:10:06.470, 3950, 0
2026/07/17 01:10:06.570, 3950, 0
2026/07/17 01:10:06.670, 3950, 0
2026/07/17 01:10:06.770, 3950, 0
2026/07/17 01:10:06.870, 3950, 0
2026/07/17 01:10:06.970, 3950, 0
2026/07/17 01:10:07.070, 3950, 0
2026/07/17 01:10:07.170, 3950, 0
2026/07/17 01:10:07.271, 3950, 0
2026/07/17 01:10:07.371, 3950, 0
2026/07/17 01:10:07.471, 3950, 0
2026/07/17 01:10:07.571, 3950, 0
2026/07/17 01:10:07.671, 3950, 0
2026/07/17 01:10:07.771, 3950, 0
2026/07/17 01:10:07.871, 3950, 0
2026/07/17 01:10:07.971, 3950, 0
2026/07/17 01:10:08.071, 3950, 0
2026/07/17 01:10:08.171, 3950, 0
2026/07/17 01:10:08.272, 3950, 0
2026/07/17 01:10:08.372, 3950, 0
2026/07/17 01:10:08.472, 3950, 0
2026/07/17 01:10:08.572, 3950, 0
2026/07/17 01:10:08.672, 3950, 0
2026/07/17 01:10:08.772, 3950, 0
2026/07/17 01:10:08.872, 3950, 0
2026/07/17 01:10:08.972, 3950, 0
2026/07/17 01:10:09.072, 3950, 0
2026/07/17 01:10:09.172, 3950, 0
2026/07/17 01:10:09.273, 3950, 0
2026/07/17 01:10:09.373, 3950, 0
2026/07/17 01:10:09.473, 3950, 0
2026/07/17 01:10:09.573, 3950, 0
2026/07/17 01:10:09.673, 3950, 0
2026/07/17 01:10:09.773, 3950, 0
2026/07/17 01:10:09.873, 3950, 0
2026/07/17 01:10:09.973, 3950, 0
2026/07/17 01:10:10.073, 3950, 0
2026/07/17 01:10:10.173, 3950, 0
2026/07/17 01:10:10.273, 3950, 0
2026/07/17 01:10:10.374, 3950, 0
2026/07/17 01:10:10.474, 3950, 0
2026/07/17 01:10:10.574, 3950, 0
2026/07/17 01:10:10.674, 3950, 0
2026/07/17 01:10:10.774, 3950, 0
2026/07/17 01:10:10.874, 3950, 0
2026/07/17 01:10:10.974, 3950, 0
2026/07/17 01:10:11.074, 3950, 0
2026/07/17 01:10:11.174, 3950, 0
2026/07/17 01:10:11.275, 3950, 0
2026/07/17 01:10:11.375, 3950, 0
2026/07/17 01:10:11.475, 3950, 0
2026/07/17 01:10:11.575, 3950, 0
2026/07/17 01:10:11.675, 3950, 0
2026/07/17 01:10:11.775, 3950, 0
2026/07/17 01:10:11.875, 3950, 0
2026/07/17 01:10:11.975, 3950, 0
2026/07/17 01:10:12.076, 3950, 0
2026/07/17 01:10:12.176, 3950, 0
2026/07/17 01:10:12.276, 3950, 0
2026/07/17 01:10:12.376, 3950, 0
2026/07/17 01:10:12.476, 3950, 0
2026/07/17 01:10:12.576, 3950, 0
2026/07/17 01:10:12.676, 3950, 0
2026/07/17 01:10:12.776, 3950, 0
2026/07/17 01:10:12.876, 3950, 0
2026/07/17 01:10:12.976, 3950, 0
2026/07/17 01:10:13.077, 3950, 0
2026/07/17 01:10:13.177, 3950, 0
2026/07/17 01:10:13.277, 3950, 0
2026/07/17 01:10:13.377, 3950, 0
2026/07/17 01:10:13.477, 3950, 0
2026/07/17 01:10:13.577, 3950, 0
2026/07/17 01:10:13.677, 3950, 0
2026/07/17 01:10:13.777, 3950, 0
2026/07/17 01:10:13.877, 3950, 0
2026/07/17 01:10:13.977, 3950, 0
2026/07/17 01:10:14.077, 3950, 0
2026/07/17 01:10:14.178, 3950, 0
2026/07/17 01:10:14.278, 3950, 0
2026/07/17 01:10:14.378, 3950, 0
2026/07/17 01:10:14.478, 3950, 0
2026/07/17 01:10:14.578, 3950, 0
2026/07/17 01:10:14.678, 3950, 0
2026/07/17 01:10:14.778, 3950, 0
2026/07/17 01:10:14.878, 3950, 0
2026/07/17 01:10:14.978, 3950, 0
2026/07/17 01:10:15.079, 3950, 0
2026/07/17 01:10:15.179, 3950, 0
2026/07/17 01:10:15.279, 3950, 0
2026/07/17 01:10:15.379, 3950, 0
2026/07/17 01:10:15.479, 3950, 0
2026/07/17 01:10:15.579, 3950, 0
2026/07/17 01:10:15.679, 3950, 0
2026/07/17 01:10:15.779, 3950, 0
2026/07/17 01:10:15.879, 3950, 0
2026/07/17 01:10:15.979, 3950, 0
2026/07/17 01:10:16.079, 3950, 0
2026/07/17 01:10:16.180, 3950, 0
2026/07/17 01:10:16.280, 3950, 0
2026/07/17 01:10:16.380, 3950, 0
2026/07/17 01:10:16.480, 3950, 0
2026/07/17 01:10:16.580, 3950, 0
2026/07/17 01:10:16.680, 3950, 0
2026/07/17 01:10:16.780, 3950, 0
2026/07/17 01:10:16.880, 3950, 0
2026/07/17 01:10:16.980, 3950, 0
2026/07/17 01:10:17.080, 3950, 0
2026/07/17 01:10:17.181, 3950, 0
2026/07/17 01:10:17.281, 3950, 0
2026/07/17 01:10:17.381, 3950, 0
2026/07/17 01:10:17.481, 3950, 0
2026/07/17 01:10:17.581, 3950, 0
2026/07/17 01:10:17.681, 3950, 0
2026/07/17 01:10:17.781, 3950, 0
2026/07/17 01:10:17.881, 3950, 0
2026/07/17 01:10:17.981, 3950, 0
2026/07/17 01:10:18.081, 3950, 0
2026/07/17 01:10:18.182, 3950, 0
2026/07/17 01:10:18.282, 3950, 0
2026/07/17 01:10:18.382, 3950, 0
2026/07/17 01:10:18.482, 3950, 0
2026/07/17 01:10:18.582, 3950, 0
2026/07/17 01:10:18.682, 3950, 0
2026/07/17 01:10:18.782, 3950, 0
2026/07/17 01:10:18.882, 3950, 0
2026/07/17 01:10:18.982, 3950, 0
2026/07/17 01:10:19.082, 3950, 0
2026/07/17 01:10:19.183, 3950, 0
2026/07/17 01:10:19.283, 3950, 0
2026/07/17 01:10:19.383, 3950, 0
2026/07/17 01:10:19.483, 3950, 0
2026/07/17 01:10:19.583, 3950, 0
2026/07/17 01:10:19.683, 3950, 0
2026/07/17 01:10:19.783, 3950, 0
2026/07/17 01:10:19.883, 3950, 0
2026/07/17 01:10:19.983, 3950, 0
2026/07/17 01:10:20.083, 3950, 0
2026/07/17 01:10:20.184, 3950, 0
2026/07/17 01:10:20.284, 3950, 0
2026/07/17 01:10:20.384, 3950, 0
2026/07/17 01:10:20.484, 3950, 0
2026/07/17 01:10:20.584, 3950, 0
2026/07/17 01:10:20.684, 3950, 0
2026/07/17 01:10:20.784, 3950, 0
2026/07/17 01:10:20.884, 3950, 0
2026/07/17 01:10:20.984, 3950, 0
2026/07/17 01:10:21.084, 3950, 0
2026/07/17 01:10:21.184, 3950, 0
2026/07/17 01:10:21.285, 3950, 0
2026/07/17 01:10:21.385, 3950, 0
2026/07/17 01:10:21.485, 3950, 0
2026/07/17 01:10:21.585, 3950, 0
2026/07/17 01:10:21.685, 3950, 0
2026/07/17 01:10:21.785, 3950, 0
2026/07/17 01:10:21.885, 3950, 0
2026/07/17 01:10:21.985, 3950, 0
2026/07/17 01:10:22.085, 3950, 0
2026/07/17 01:10:22.185, 3950, 0
2026/07/17 01:10:22.286, 3950, 0
2026/07/17 01:10:22.386, 3950, 0
2026/07/17 01:10:22.486, 3950, 0
2026/07/17 01:10:22.586, 3950, 0
2026/07/17 01:10:22.686, 3950, 0
2026/07/17 01:10:22.786, 3950, 0
2026/07/17 01:10:22.886, 3950, 0
2026/07/17 01:10:22.986, 3950, 0
2026/07/17 01:10:23.086, 3950, 0
2026/07/17 01:10:23.186, 3950, 0
2026/07/17 01:10:23.287, 3950, 0
2026/07/17 01:10:23.387, 3950, 0
2026/07/17 01:10:23.487, 3950, 0
2026/07/17 01:10:23.587, 3950, 0
2026/07/17 01:10:23.687, 3950, 0
2026/07/17 01:10:23.787, 3950, 0
2026/07/17 01:10:23.887, 3950, 0
2026/07/17 01:10:23.987, 3950, 0
2026/07/17 01:10:24.087, 3950, 0
2026/07/17 01:10:24.188, 3950, 0
2026/07/17 01:10:24.288, 3950, 0
2026/07/17 01:10:24.388, 3950, 0
2026/07/17 01:10:24.488, 3950, 0
2026/07/17 01:10:24.588, 3950, 0
2026/07/17 01:10:24.688, 3950, 0
2026/07/17 01:10:24.788, 3950, 0
2026/07/17 01:10:24.888, 3950, 0
2026/07/17 01:10:24.988, 3950, 0
2026/07/17 01:10:25.088, 3950, 0
2026/07/17 01:10:25.188, 3950, 0
2026/07/17 01:10:25.289, 3950, 0
2026/07/17 01:10:25.389, 3950, 0
2026/07/17 01:10:25.489, 3950, 0
2026/07/17 01:10:25.589, 3950, 0
2026/07/17 01:10:25.689, 3950, 0
2026/07/17 01:10:25.789, 3950, 0
2026/07/17 01:10:25.889, 3950, 0
2026/07/17 01:10:25.989, 3950, 0
2026/07/17 01:10:26.089, 3950, 0
2026/07/17 01:10:26.190, 3950, 0
2026/07/17 01:10:26.290, 3950, 0
2026/07/17 01:10:26.390, 3950, 0
2026/07/17 01:10:26.490, 3950, 0
2026/07/17 01:10:26.590, 3950, 0
2026/07/17 01:10:26.690, 3950, 0
2026/07/17 01:10:26.790, 3950, 0
2026/07/17 01:10:26.890, 3950, 0
2026/07/17 01:10:26.990, 3950, 0
2026/07/17 01:10:27.091, 3950, 0
2026/07/17 01:10:27.191, 3950, 0
2026/07/17 01:10:27.291, 3950, 0
2026/07/17 01:10:27.391, 3950, 0
2026/07/17 01:10:27.491, 3950, 0
2026/07/17 01:10:27.591, 3950, 0
2026/07/17 01:10:27.691, 3950, 0
2026/07/17 01:10:27.791, 3950, 0
2026/07/17 01:10:27.891, 3950, 0
2026/07/17 01:10:27.991, 3950, 0
2026/07/17 01:10:28.092, 3950, 0
2026/07/17 01:10:28.192, 3950, 0
2026/07/17 01:10:28.292, 3950, 0
2026/07/17 01:10:28.392, 3950, 0
2026/07/17 01:10:28.492, 3950, 0
2026/07/17 01:10:28.592, 3950, 0
2026/07/17 01:10:28.692, 3950, 0
2026/07/17 01:10:28.792, 3950, 0
2026/07/17 01:10:28.892, 3950, 0
2026/07/17 01:10:28.993, 3950, 0
2026/07/17 01:10:29.093, 3950, 0
2026/07/17 01:10:29.193, 3950, 0
2026/07/17 01:10:29.293, 3950, 0
2026/07/17 01:10:29.393, 3950, 0
2026/07/17 01:10:29.493, 3950, 0
2026/07/17 01:10:29.593, 3950, 0
2026/07/17 01:10:29.693, 3950, 0
2026/07/17 01:10:29.793, 3950, 0
2026/07/17 01:10:29.894, 3950, 0
2026/07/17 01:10:29.994, 3950, 0
2026/07/17 01:10:30.094, 3950, 0
2026/07/17 01:10:30.194, 3950, 0
2026/07/17 01:10:30.294, 3950, 0
2026/07/17 01:10:30.394, 3950, 0
2026/07/17 01:10:30.494, 3950, 0
2026/07/17 01:10:30.594, 3950, 0
2026/07/17 01:10:30.694, 3950, 0
2026/07/17 01:10:30.794, 3950, 0
2026/07/17 01:10:30.894, 3950, 0
2026/07/17 01:10:30.995, 3950, 0
2026/07/17 01:10:31.095, 3950, 0
2026/07/17 01:10:31.195, 3950, 0
2026/07/17 01:10:31.295, 3950, 0
2026/07/17 01:10:31.395, 3950, 0
2026/07/17 01:10:31.495, 3950, 0
2026/07/17 01:10:31.595, 3950, 0
2026/07/17 01:10:31.695, 3950, 0
2026/07/17 01:10:31.795, 3950, 0
2026/07/17 01:10:31.896, 3950, 0
2026/07/17 01:10:31.996, 3950, 0
2026/07/17 01:10:32.096, 3950, 0
2026/07/17 01:10:32.196, 3950, 0
2026/07/17 01:10:32.296, 3950, 0
2026/07/17 01:10:32.396, 3950, 0
2026/07/17 01:10:32.496, 3950, 0
2026/07/17 01:10:32.596, 3950, 0
2026/07/17 01:10:32.696, 3950, 0
2026/07/17 01:10:32.797, 3950, 0
2026/07/17 01:10:32.897, 3950, 0
2026/07/17 01:10:32.997, 3950, 0
2026/07/17 01:10:33.097, 3950, 0
2026/07/17 01:10:33.197, 3950, 0
2026/07/17 01:10:33.297, 3950, 0
2026/07/17 01:10:33.397, 3950, 0
2026/07/17 01:10:33.497, 3950, 0
2026/07/17 01:10:33.597, 3950, 0
2026/07/17 01:10:33.697, 3950, 0
2026/07/17 01:10:33.798, 3950, 0
2026/07/17 01:10:33.898, 3950, 0
2026/07/17 01:10:33.998, 3950, 0
2026/07/17 01:10:34.098, 3950, 0
2026/07/17 01:10:34.198, 3950, 0
2026/07/17 01:10:34.298, 3950, 0
2026/07/17 01:10:34.398, 3950, 0
2026/07/17 01:10:34.498, 3950, 0
2026/07/17 01:10:34.598, 3950, 0
2026/07/17 01:10:34.698, 3950, 0
2026/07/17 01:10:34.799, 3950, 0
2026/07/17 01:10:34.899, 3950, 0
2026/07/17 01:10:34.999, 3950, 0
2026/07/17 01:10:35.099, 3950, 0
2026/07/17 01:10:35.199, 3950, 0
2026/07/17 01:10:35.299, 3950, 0
2026/07/17 01:10:35.399, 3950, 0
2026/07/17 01:10:35.499, 3950, 0
2026/07/17 01:10:35.599, 3950, 0
2026/07/17 01:10:35.699, 3950, 0
2026/07/17 01:10:35.800, 3950, 0
2026/07/17 01:10:35.900, 3950, 0
2026/07/17 01:10:36.000, 3950, 0
2026/07/17 01:10:36.100, 3950, 0
2026/07/17 01:10:36.200, 3950, 0
2026/07/17 01:10:36.300, 3950, 0
2026/07/17 01:10:36.400, 3950, 0
2026/07/17 01:10:36.500, 3950, 0
2026/07/17 01:10:36.600, 3950, 0
2026/07/17 01:10:36.700, 3950, 0
2026/07/17 01:10:36.801, 3950, 0
2026/07/17 01:10:36.901, 3950, 0
2026/07/17 01:10:37.001, 3950, 0
2026/07/17 01:10:37.101, 3950, 0
2026/07/17 01:10:37.201, 3950, 0
2026/07/17 01:10:37.301, 3950, 0
2026/07/17 01:10:37.401, 3950, 0
2026/07/17 01:10:37.501, 3950, 0
2026/07/17 01:10:37.602, 3950, 0
2026/07/17 01:10:37.702, 3950, 0
2026/07/17 01:10:37.802, 3950, 0
2026/07/17 01:10:37.902, 3950, 0
2026/07/17 01:10:38.002, 3950, 0
2026/07/17 01:10:38.102, 3950, 0
2026/07/17 01:10:38.202, 3950, 0
2026/07/17 01:10:38.302, 3950, 0
2026/07/17 01:10:38.402, 3950, 0
2026/07/17 01:10:38.502, 3950, 0
2026/07/17 01:10:38.603, 3950, 0
2026/07/17 01:10:38.703, 3950, 0
2026/07/17 01:10:38.803, 3950, 0
2026/07/17 01:10:38.903, 3950, 0
2026/07/17 01:10:39.003, 3950, 0
2026/07/17 01:10:39.103, 3950, 0
2026/07/17 01:10:39.203, 3950, 0
2026/07/17 01:10:39.303, 3950, 0
2026/07/17 01:10:39.404, 3950, 0
2026/07/17 01:10:39.504, 3950, 0
2026/07/17 01:10:39.604, 3950, 0
2026/07/17 01:10:39.704, 3950, 0
2026/07/17 01:10:39.804, 3950, 0
2026/07/17 01:10:39.904, 3950, 0
2026/07/17 01:10:40.004, 3950, 0
2026/07/17 01:10:40.104, 3950, 0
2026/07/17 01:10:40.204, 3950, 0
2026/07/17 01:10:40.304, 3950, 0
2026/07/17 01:10:40.405, 3950, 0
2026/07/17 01:10:40.505, 3950, 0
2026/07/17 01:10:40.605, 3950, 0
2026/07/17 01:10:40.705, 3950, 0
2026/07/17 01:10:40.805, 3950, 0
2026/07/17 01:10:40.905, 3950, 0
2026/07/17 01:10:41.005, 3950, 0
2026/07/17 01:10:41.105, 3950, 0
2026/07/17 01:10:41.205, 3950, 0
2026/07/17 01:10:41.305, 3950, 0
2026/07/17 01:10:41.406, 3950, 0
2026/07/17 01:10:41.506, 3950, 0
2026/07/17 01:10:41.606, 3950, 0
2026/07/17 01:10:41.706, 3950, 0
2026/07/17 01:10:41.806, 3950, 0
2026/07/17 01:10:41.906, 3950, 0
2026/07/17 01:10:42.006, 3950, 0
2026/07/17 01:10:42.106, 3950, 0
2026/07/17 01:10:42.206, 3950, 0
2026/07/17 01:10:42.307, 3950, 0
2026/07/17 01:10:42.407, 3950, 0
2026/07/17 01:10:42.507, 3950, 0
2026/07/17 01:10:42.607, 3950, 0
2026/07/17 01:10:42.707, 3950, 0
2026/07/17 01:10:42.807, 3950, 0
2026/07/17 01:10:42.907, 3950, 0
2026/07/17 01:10:43.007, 3950, 0
2026/07/17 01:10:43.107, 3950, 0
2026/07/17 01:10:43.207, 3950, 0
2026/07/17 01:10:43.307, 3950, 0
2026/07/17 01:10:43.408, 3950, 0
2026/07/17 01:10:43.508, 3950, 0
2026/07/17 01:10:43.608, 3950, 0
2026/07/17 01:10:43.708, 3950, 0
2026/07/17 01:10:43.808, 3950, 0
2026/07/17 01:10:43.908, 3950, 0
2026/07/17 01:10:44.008, 3950, 0
2026/07/17 01:10:44.108, 3950, 0
2026/07/17 01:10:44.208, 3950, 0
2026/07/17 01:10:44.308, 3950, 0
2026/07/17 01:10:44.408, 3950, 0
2026/07/17 01:10:44.509, 3950, 0
2026/07/17 01:10:44.609, 3950, 0
2026/07/17 01:10:44.709, 3950, 0
2026/07/17 01:10:44.809, 3950, 0
2026/07/17 01:10:44.909, 3950, 0
2026/07/17 01:10:45.009, 3950, 0
2026/07/17 01:10:45.109, 3950, 0
2026/07/17 01:10:45.209, 3950, 0
2026/07/17 01:10:45.309, 3950, 0
2026/07/17 01:10:45.410, 3950, 0
2026/07/17 01:10:45.510, 3950, 0
2026/07/17 01:10:45.610, 3950, 0
2026/07/17 01:10:45.710, 3950, 0
2026/07/17 01:10:45.810, 3950, 0
2026/07/17 01:10:45.910, 3950, 0
2026/07/17 01:10:46.010, 3950, 0
2026/07/17 01:10:46.110, 3950, 0
2026/07/17 01:10:46.210, 3950, 0
2026/07/17 01:10:46.310, 3950, 0
2026/07/17 01:10:46.410, 3950, 0
2026/07/17 01:10:46.511, 3950, 0
2026/07/17 01:10:46.611, 3950, 0
2026/07/17 01:10:46.711, 3950, 0
2026/07/17 01:10:46.811, 3950, 0
2026/07/17 01:10:46.911, 3950, 0
2026/07/17 01:10:47.011, 3950, 0
2026/07/17 01:10:47.111, 3950, 0
2026/07/17 01:10:47.211, 3950, 0
2026/07/17 01:10:47.311, 3950, 0
2026/07/17 01:10:47.411, 3950, 0
2026/07/17 01:10:47.511, 3950, 0
2026/07/17 01:10:47.612, 3950, 0
2026/07/17 01:10:47.712, 3950, 0
2026/07/17 01:10:47.812, 3950, 0
2026/07/17 01:10:47.912, 3950, 0
2026/07/17 01:10:48.012, 3950, 0
2026/07/17 01:10:48.112, 3950, 0
2026/07/17 01:10:48.212, 3950, 0
2026/07/17 01:10:48.312, 3950, 0
2026/07/17 01:10:48.412, 3950, 0
2026/07/17 01:10:48.512, 3950, 0
2026/07/17 01:10:48.613, 3950, 0
2026/07/17 01:10:48.713, 3950, 0
2026/07/17 01:10:48.813, 3950, 0
2026/07/17 01:10:48.913, 3950, 0
2026/07/17 01:10:49.013, 3950, 0
2026/07/17 01:10:49.113, 3950, 0
2026/07/17 01:10:49.213, 3950, 0
2026/07/17 01:10:49.313, 3950, 0
2026/07/17 01:10:49.413, 3950, 0
2026/07/17 01:10:49.514, 3950, 0
2026/07/17 01:10:49.614, 3950, 0
2026/07/17 01:10:49.714, 3950, 0
2026/07/17 01:10:49.814, 3950, 0
2026/07/17 01:10:49.914, 3950, 0
2026/07/17 01:10:50.014, 3950, 0
2026/07/17 01:10:50.114, 3950, 0
2026/07/17 01:10:50.214, 3950, 0
2026/07/17 01:10:50.314, 3950, 0
2026/07/17 01:10:50.414, 3950, 0
2026/07/17 01:10:50.515, 3950, 0
2026/07/17 01:10:50.615, 3950, 0
2026/07/17 01:10:50.715, 3950, 0
2026/07/17 01:10:50.815, 3950, 0
2026/07/17 01:10:50.915, 3950, 0
2026/07/17 01:10:51.015, 3950, 0
2026/07/17 01:10:51.115, 3950, 0
2026/07/17 01:10:51.215, 3950, 0
2026/07/17 01:10:51.315, 3950, 0
2026/07/17 01:10:51.415, 3950, 0
2026/07/17 01:10:51.516, 3950, 0
2026/07/17 01:10:51.616, 3950, 0
2026/07/17 01:10:51.716, 3950, 0
2026/07/17 01:10:51.816, 3950, 0
2026/07/17 01:10:51.916, 3950, 0
2026/07/17 01:10:52.016, 3950, 0
2026/07/17 01:10:52.116, 3950, 0
2026/07/17 01:10:52.216, 3950, 0
2026/07/17 01:10:52.316, 3950, 0
2026/07/17 01:10:52.416, 3950, 0
2026/07/17 01:10:52.516, 3950, 0
2026/07/17 01:10:52.617, 3950, 0
2026/07/17 01:10:52.717, 3950, 0
2026/07/17 01:10:52.817, 3950, 0
2026/07/17 01:10:52.917, 3950, 0
2026/07/17 01:10:53.017, 3950, 0
2026/07/17 01:10:53.117, 3950, 0
2026/07/17 01:10:53.217, 3950, 0
2026/07/17 01:10:53.317, 3950, 0
2026/07/17 01:10:53.417, 3950, 0
2026/07/17 01:10:53.517, 3950, 0
2026/07/17 01:10:53.618, 3950, 0
2026/07/17 01:10:53.718, 3950, 0
2026/07/17 01:10:53.818, 3950, 0
2026/07/17 01:10:53.918, 3950, 0
2026/07/17 01:10:54.018, 3950, 0
2026/07/17 01:10:54.118, 3950, 0
2026/07/17 01:10:54.218, 3950, 0
2026/07/17 01:10:54.318, 3950, 0
2026/07/17 01:10:54.418, 3950, 0
2026/07/17 01:10:54.519, 3950, 0
2026/07/17 01:10:54.619, 3950, 0
2026/07/17 01:10:54.719, 3950, 0
2026/07/17 01:10:54.819, 3950, 0
2026/07/17 01:10:54.919, 3950, 0
2026/07/17 01:10:55.019, 3950, 0
2026/07/17 01:10:55.119, 3950, 0
2026/07/17 01:10:55.219, 3950, 0
2026/07/17 01:10:55.319, 3950, 0
2026/07/17 01:10:55.419, 3950, 0
2026/07/17 01:10:55.519, 3950, 0
2026/07/17 01:10:55.619, 3950, 0
2026/07/17 01:10:55.720, 3950, 0
2026/07/17 01:10:55.820, 3950, 0
2026/07/17 01:10:55.920, 3950, 0
2026/07/17 01:10:56.020, 3950, 0
2026/07/17 01:10:56.120, 3950, 0
2026/07/17 01:10:56.220, 3950, 0
2026/07/17 01:10:56.320, 3950, 0
2026/07/17 01:10:56.420, 3950, 0
2026/07/17 01:10:56.520, 3950, 0
2026/07/17 01:10:56.620, 3950, 0
2026/07/17 01:10:56.721, 3950, 0
2026/07/17 01:10:56.821, 3950, 0
2026/07/17 01:10:56.921, 3950, 0
2026/07/17 01:10:57.021, 3950, 0
2026/07/17 01:10:57.121, 3950, 0
2026/07/17 01:10:57.221, 3950, 0
2026/07/17 01:10:57.321, 3950, 0
2026/07/17 01:10:57.421, 3950, 0
2026/07/17 01:10:57.521, 3950, 0
2026/07/17 01:10:57.621, 3950, 0
2026/07/17 01:10:57.722, 3950, 0
2026/07/17 01:10:57.822, 3950, 0
2026/07/17 01:10:57.922, 3950, 0
2026/07/17 01:10:58.022, 3950, 0
2026/07/17 01:10:58.122, 3950, 0
2026/07/17 01:10:58.222, 3950, 0
2026/07/17 01:10:58.322, 3950, 0
2026/07/17 01:10:58.422, 3950, 0
2026/07/17 01:10:58.522, 3950, 0
2026/07/17 01:10:58.622, 3950, 0
2026/07/17 01:10:58.722, 3950, 0
2026/07/17 01:10:58.823, 3950, 0
2026/07/17 01:10:58.923, 3950, 0
2026/07/17 01:10:59.023, 3950, 0
2026/07/17 01:10:59.123, 3950, 0
2026/07/17 01:10:59.223, 3950, 0
2026/07/17 01:10:59.323, 3950, 0
2026/07/17 01:10:59.423, 3950, 0
2026/07/17 01:10:59.523, 3950, 0
2026/07/17 01:10:59.623, 3950, 0
2026/07/17 01:10:59.723, 3950, 0
2026/07/17 01:10:59.824, 3950, 0
2026/07/17 01:10:59.924, 3950, 0
2026/07/17 01:11:00.024, 3950, 0
2026/07/17 01:11:00.124, 3950, 0
2026/07/17 01:11:00.224, 3950, 0
2026/07/17 01:11:00.324, 3950, 0
2026/07/17 01:11:00.424, 3950, 0
2026/07/17 01:11:00.524, 3950, 0
2026/07/17 01:11:00.624, 3950, 0
2026/07/17 01:11:00.724, 3950, 0
2026/07/17 01:11:00.824, 3950, 0
2026/07/17 01:11:00.925, 3950, 0
2026/07/17 01:11:01.025, 3950, 0
2026/07/17 01:11:01.125, 3950, 0
2026/07/17 01:11:01.225, 3950, 0
2026/07/17 01:11:01.325, 3950, 0
2026/07/17 01:11:01.425, 3950, 0
2026/07/17 01:11:01.525, 3950, 0
2026/07/17 01:11:01.625, 3950, 0
2026/07/17 01:11:01.725, 3950, 0
2026/07/17 01:11:01.825, 3950, 0
2026/07/17 01:11:01.925, 3950, 0
2026/07/17 01:11:02.026, 3950, 0
2026/07/17 01:11:02.126, 3950, 0
2026/07/17 01:11:02.226, 3950, 0
2026/07/17 01:11:02.326, 3950, 0
2026/07/17 01:11:02.426, 3950, 0
2026/07/17 01:11:02.526, 3950, 0
2026/07/17 01:11:02.626, 3950, 0
2026/07/17 01:11:02.726, 3950, 0
2026/07/17 01:11:02.826, 3950, 0
2026/07/17 01:11:02.926, 3950, 0
2026/07/17 01:11:03.027, 3950, 0
2026/07/17 01:11:03.127, 3950, 0
2026/07/17 01:11:03.227, 3950, 0
2026/07/17 01:11:03.327, 3950, 0
2026/07/17 01:11:03.427, 3950, 0
2026/07/17 01:11:03.527, 3950, 0
2026/07/17 01:11:03.627, 3950, 0
2026/07/17 01:11:03.727, 3950, 0
2026/07/17 01:11:03.827, 3950, 0
2026/07/17 01:11:03.927, 3950, 0
2026/07/17 01:11:04.028, 3950, 0
2026/07/17 01:11:04.128, 3950, 0
2026/07/17 01:11:04.228, 3950, 0
2026/07/17 01:11:04.328, 3950, 0
2026/07/17 01:11:04.428, 3950, 0
2026/07/17 01:11:04.528, 3950, 0
2026/07/17 01:11:04.628, 3950, 0
2026/07/17 01:11:04.728, 3950, 0
2026/07/17 01:11:04.828, 3950, 0
2026/07/17 01:11:04.928, 3950, 0
2026/07/17 01:11:05.029, 3950, 0
2026/07/17 01:11:05.129, 3950, 0
2026/07/17 01:11:05.229, 3950, 0
2026/07/17 01:11:05.329, 3950, 0
2026/07/17 01:11:05.429, 3950, 0
2026/07/17 01:11:05.529, 3950, 0
2026/07/17 01:11:05.629, 3950, 0
2026/07/17 01:11:05.729, 3950, 0
2026/07/17 01:11:05.829, 3950, 0
2026/07/17 01:11:05.929, 3950, 0
2026/07/17 01:11:06.030, 3950, 0
2026/07/17 01:11:06.130, 3950, 0
2026/07/17 01:11:06.230, 3950, 0
2026/07/17 01:11:06.330, 3950, 0
2026/07/17 01:11:06.430, 3950, 0
2026/07/17 01:11:06.530, 3950, 0
2026/07/17 01:11:06.630, 3950, 0
2026/07/17 01:11:06.730, 3950, 0
2026/07/17 01:11:06.830, 3950, 0
2026/07/17 01:11:06.930, 3950, 0
2026/07/17 01:11:07.031, 3950, 0
2026/07/17 01:11:07.131, 3950, 0
2026/07/17 01:11:07.231, 3950, 0
2026/07/17 01:11:07.331, 3950, 0
2026/07/17 01:11:07.431, 3950, 0
2026/07/17 01:11:07.531, 3950, 0
2026/07/17 01:11:07.631, 3950, 0
2026/07/17 01:11:07.732, 3950, 0
2026/07/17 01:11:07.832, 3950, 0
2026/07/17 01:11:07.932, 3950, 0
2026/07/17 01:11:08.032, 4268, 0
2026/07/17 01:11:08.149, 4358, 11
2026/07/17 01:11:08.249, 4416, 11
2026/07/17 01:11:08.350, 4440, 11
2026/07/17 01:11:08.450, 4440, 11
2026/07/17 01:11:08.550, 4440, 11
2026/07/17 01:11:08.650, 4440, 11
2026/07/17 01:11:08.750, 4440, 11
2026/07/17 01:11:08.850, 4440, 11
2026/07/17 01:11:08.950, 4440, 11
2026/07/17 01:11:09.050, 4440, 11
2026/07/17 01:11:09.151, 4440, 0
2026/07/17 01:11:09.251, 4440, 0
2026/07/17 01:11:09.351, 4440, 0
2026/07/17 01:11:09.451, 4440, 0
2026/07/17 01:11:09.551, 4440, 0
2026/07/17 01:11:09.651, 4440, 0
2026/07/17 01:11:09.751, 4440, 0
2026/07/17 01:11:09.851, 4440, 0
2026/07/17 01:11:09.951, 4440, 0
2026/07/17 01:11:10.051, 4440, 0
2026/07/17 01:11:10.152, 4440, 0
2026/07/17 01:11:10.252, 4440, 0
2026/07/17 01:11:10.352, 4440, 0
2026/07/17 01:11:10.452, 4440, 0
2026/07/17 01:11:10.552, 4440, 0
2026/07/17 01:11:10.652, 4440, 0
2026/07/17 01:11:10.752, 4440, 0
2026/07/17 01:11:10.852, 4440, 0
2026/07/17 01:11:10.952, 4440, 0
2026/07/17 01:11:11.053, 4440, 0
2026/07/17 01:11:11.153, 4440, 0
2026/07/17 01:11:11.253, 4440, 0
2026/07/17 01:11:11.353, 4440, 0
2026/07/17 01:11:11.453, 4440, 0
2026/07/17 01:11:11.553, 4440, 0
2026/07/17 01:11:11.653, 4440, 0
2026/07/17 01:11:11.753, 4440, 0
2026/07/17 01:11:11.853, 4440, 0
2026/07/17 01:11:11.953, 4440, 0
2026/07/17 01:11:12.054, 4440, 0
2026/07/17 01:11:12.154, 4440, 0
2026/07/17 01:11:12.254, 4440, 0
2026/07/17 01:11:12.354, 4440, 0
2026/07/17 01:11:12.454, 4440, 0
2026/07/17 01:11:12.554, 4440, 0
2026/07/17 01:11:12.654, 4440, 0
2026/07/17 01:11:12.754, 4440, 0
2026/07/17 01:11:12.854, 4440, 0
2026/07/17 01:11:12.955, 4440, 0
2026/07/17 01:11:13.055, 4440, 0
2026/07/17 01:11:13.155, 4440, 0
2026/07/17 01:11:13.255, 4440, 0
2026/07/17 01:11:13.355, 4440, 0
2026/07/17 01:11:13.455, 4440, 0
2026/07/17 01:11:13.555, 4440, 0
2026/07/17 01:11:13.655, 4440, 0
2026/07/17 01:11:13.755, 4440, 0
2026/07/17 01:11:13.855, 4440, 0
2026/07/17 01:11:13.955, 4440, 0
2026/07/17 01:11:14.056, 4440, 0
2026/07/17 01:11:14.156, 4440, 0
2026/07/17 01:11:14.256, 4440, 0
2026/07/17 01:11:14.356, 4440, 0
2026/07/17 01:11:14.456, 4440, 0
2026/07/17 01:11:14.556, 4440, 0
2026/07/17 01:11:14.656, 4440, 0
2026/07/17 01:11:14.756, 4440, 0
2026/07/17 01:11:14.856, 4440, 0
2026/07/17 01:11:14.957, 4440, 0
2026/07/17 01:11:15.057, 4440, 0
2026/07/17 01:11:15.157, 4440, 0
2026/07/17 01:11:15.257, 4440, 0
2026/07/17 01:11:15.357, 4440, 0
2026/07/17 01:11:15.457, 4440, 0
2026/07/17 01:11:15.557, 4440, 0
2026/07/17 01:11:15.657, 4440, 0
2026/07/17 01:11:15.757, 4440, 0
2026/07/17 01:11:15.857, 4440, 0
2026/07/17 01:11:15.958, 4440, 0
2026/07/17 01:11:16.058, 4440, 0
2026/07/17 01:11:16.158, 4440, 0
2026/07/17 01:11:16.258, 4440, 0
2026/07/17 01:11:16.358, 4440, 0
2026/07/17 01:11:16.458, 4440, 0
2026/07/17 01:11:16.558, 4440, 0
2026/07/17 01:11:16.658, 4440, 0
2026/07/17 01:11:16.759, 4440, 0
2026/07/17 01:11:16.859, 4440, 0
2026/07/17 01:11:16.959, 4440, 0
2026/07/17 01:11:17.059, 4440, 0
2026/07/17 01:11:17.159, 4440, 0
2026/07/17 01:11:17.259, 4440, 0
2026/07/17 01:11:17.359, 4440, 0
2026/07/17 01:11:17.459, 4440, 0
2026/07/17 01:11:17.560, 4440, 0
2026/07/17 01:11:17.660, 4440, 0
2026/07/17 01:11:17.760, 4440, 0
2026/07/17 01:11:17.860, 4440, 0
2026/07/17 01:11:17.960, 4440, 0
2026/07/17 01:11:18.060, 4440, 0
2026/07/17 01:11:18.160, 4440, 0
2026/07/17 01:11:18.260, 4440, 0
2026/07/17 01:11:18.361, 4440, 0
2026/07/17 01:11:18.461, 4440, 0
2026/07/17 01:11:18.561, 4440, 0
2026/07/17 01:11:18.661, 4440, 0
2026/07/17 01:11:18.761, 4440, 0
2026/07/17 01:11:18.861, 4440, 0
2026/07/17 01:11:18.961, 4440, 0
2026/07/17 01:11:19.062, 4440, 0
2026/07/17 01:11:19.162, 4440, 0
2026/07/17 01:11:19.262, 4440, 0
2026/07/17 01:11:19.362, 4440, 0
2026/07/17 01:11:19.462, 4440, 0
2026/07/17 01:11:19.562, 4440, 0
2026/07/17 01:11:19.662, 4440, 0
2026/07/17 01:11:19.763, 4440, 0
2026/07/17 01:11:19.863, 4440, 0
2026/07/17 01:11:19.963, 4440, 0
2026/07/17 01:11:20.063, 4440, 0
2026/07/17 01:11:20.163, 4440, 0
2026/07/17 01:11:20.263, 4440, 0
2026/07/17 01:11:20.363, 4440, 0
2026/07/17 01:11:20.463, 4440, 0
2026/07/17 01:11:20.563, 4440, 0
2026/07/17 01:11:20.664, 4440, 0
2026/07/17 01:11:20.764, 4440, 0
2026/07/17 01:11:20.864, 4440, 0
2026/07/17 01:11:20.964, 4440, 0
2026/07/17 01:11:21.064, 4440, 0
2026/07/17 01:11:21.164, 4440, 0
2026/07/17 01:11:21.264, 4440, 0
2026/07/17 01:11:21.364, 4440, 0
2026/07/17 01:11:21.465, 4440, 0
2026/07/17 01:11:21.565, 4440, 0
2026/07/17 01:11:21.665, 4440, 0
2026/07/17 01:11:21.765, 4440, 0
2026/07/17 01:11:21.865, 4440, 0
2026/07/17 01:11:21.965, 4440, 0
2026/07/17 01:11:22.065, 4440, 0
2026/07/17 01:11:22.165, 4440, 0
2026/07/17 01:11:22.265, 4440, 0
2026/07/17 01:11:22.366, 4440, 0
2026/07/17 01:11:22.466, 4440, 0
2026/07/17 01:11:22.566, 4440, 0
2026/07/17 01:11:22.666, 4440, 0
2026/07/17 01:11:22.766, 4440, 0
2026/07/17 01:11:22.866, 4440, 0
2026/07/17 01:11:22.966, 4440, 0
2026/07/17 01:11:23.066, 4440, 0
2026/07/17 01:11:23.166, 4440, 0
2026/07/17 01:11:23.267, 4440, 0
2026/07/17 01:11:23.367, 4440, 0
2026/07/17 01:11:23.467, 4440, 0
2026/07/17 01:11:23.567, 4440, 0
2026/07/17 01:11:23.667, 4440, 0
2026/07/17 01:11:23.767, 4440, 0
2026/07/17 01:11:23.867, 4440, 0
2026/07/17 01:11:23.967, 4440, 0
2026/07/17 01:11:24.068, 4440, 0
2026/07/17 01:11:24.168, 4440, 0
2026/07/17 01:11:24.268, 4440, 0
2026/07/17 01:11:24.368, 4440, 0
2026/07/17 01:11:24.468, 4440, 0
2026/07/17 01:11:24.568, 4440, 0
2026/07/17 01:11:24.668, 4440, 0
2026/07/17 01:11:24.769, 4440, 0
2026/07/17 01:11:24.869, 4440, 0
2026/07/17 01:11:24.969, 4440, 0
2026/07/17 01:11:25.069, 4440, 0
2026/07/17 01:11:25.169, 4440, 0
2026/07/17 01:11:25.269, 4440, 0
2026/07/17 01:11:25.369, 4440, 0
2026/07/17 01:11:25.469, 4440, 0
2026/07/17 01:11:25.570, 4440, 0
2026/07/17 01:11:25.670, 4440, 0
2026/07/17 01:11:25.770, 4440, 0
2026/07/17 01:11:25.870, 4440, 0
2026/07/17 01:11:25.970, 4440, 0
2026/07/17 01:11:26.070, 4440, 0
2026/07/17 01:11:26.170, 4440, 0
2026/07/17 01:11:26.270, 4440, 0
2026/07/17 01:11:26.370, 4440, 0
2026/07/17 01:11:26.471, 4440, 0
2026/07/17 01:11:26.571, 4446, 0
2026/07/17 01:11:26.671, 4794, 0
2026/07/17 01:11:26.771, 4796, 0
2026/07/17 01:11:26.871, 4810, 0
2026/07/17 01:11:26.971, 4814, 0
2026/07/17 01:11:27.071, 4842, 0
2026/07/17 01:11:27.171, 4858, 6
2026/07/17 01:11:27.272, 4900, 6
2026/07/17 01:11:27.372, 4900, 6
2026/07/17 01:11:27.472, 4900, 6
2026/07/17 01:11:27.572, 4900, 6
2026/07/17 01:11:27.672, 4900, 6
2026/07/17 01:11:27.772, 4900, 6
2026/07/17 01:11:27.872, 4900, 6
2026/07/17 01:11:27.972, 4900, 6
2026/07/17 01:11:28.072, 4900, 6
2026/07/17 01:11:28.173, 4900, 27
2026/07/17 01:11:28.273, 4900, 27
2026/07/17 01:11:28.373, 4902, 27
2026/07/17 01:11:28.473, 4902, 27
2026/07/17 01:11:28.573, 4902, 27
2026/07/17 01:11:28.673, 4902, 27
2026/07/17 01:11:28.773, 4902, 27
2026/07/17 01:11:28.873, 4902, 27
2026/07/17 01:11:28.973, 4904, 27
2026/07/17 01:11:29.073, 4904, 27
2026/07/17 01:11:29.174, 4904, 26
2026/07/17 01:11:29.274, 4904, 26
2026/07/17 01:11:29.374, 4904, 26
2026/07/17 01:11:29.474, 4904, 26
2026/07/17 01:11:29.574, 4904, 26
2026/07/17 01:11:29.674, 4904, 26
2026/07/17 01:11:29.774, 4904, 26
2026/07/17 01:11:29.874, 4904, 26
2026/07/17 01:11:29.974, 4904, 26
2026/07/17 01:11:30.075, 4906, 26
2026/07/17 01:11:30.175, 4906, 27
2026/07/17 01:11:30.275, 4906, 27
2026/07/17 01:11:30.375, 4906, 27
2026/07/17 01:11:30.475, 4906, 27
2026/07/17 01:11:30.575, 4908, 27
2026/07/17 01:11:30.675, 4908, 27
2026/07/17 01:11:30.775, 4908, 27
2026/07/17 01:11:30.875, 4908, 27
2026/07/17 01:11:30.975, 4908, 27
2026/07/17 01:11:31.076, 4908, 27
2026/07/17 01:11:31.176, 4908, 27
2026/07/17 01:11:31.276, 4908, 27
2026/07/17 01:11:31.376, 4910, 27
2026/07/17 01:11:31.476, 4910, 27
2026/07/17 01:11:31.576, 4910, 27
2026/07/17 01:11:31.676, 4910, 27
2026/07/17 01:11:31.776, 4910, 27
2026/07/17 01:11:31.877, 4910, 27
2026/07/17 01:11:31.977, 4912, 27
2026/07/17 01:11:32.077, 4912, 27
2026/07/17 01:11:32.177, 4912, 27
2026/07/17 01:11:32.277, 4912, 27
2026/07/17 01:11:32.377, 4912, 27
2026/07/17 01:11:32.477, 4912, 27
2026/07/17 01:11:32.577, 4912, 27
2026/07/17 01:11:32.677, 4912, 27
2026/07/17 01:11:32.777, 4912, 27
2026/07/17 01:11:32.878, 4912, 27
2026/07/17 01:11:32.978, 4914, 27
2026/07/17 01:11:33.078, 4914, 27
2026/07/17 01:11:33.178, 4914, 28
2026/07/17 01:11:33.278, 4914, 28
2026/07/17 01:11:33.378, 4914, 28
2026/07/17 01:11:33.478, 4916, 28
2026/07/17 01:11:33.578, 4916, 28
2026/07/17 01:11:33.678, 4916, 28
2026/07/17 01:11:33.778, 4916, 28
2026/07/17 01:11:33.879, 4916, 28
2026/07/17 01:11:33.979, 4918, 28
2026/07/17 01:11:34.079, 4918, 28
2026/07/17 01:11:34.179, 4918, 27
2026/07/17 01:11:34.279, 4918, 27
2026/07/17 01:11:34.379, 4918, 27
2026/07/17 01:11:34.479, 4918, 27
2026/07/17 01:11:34.579, 4920, 27
2026/07/17 01:11:34.679, 4920, 27
2026/07/17 01:11:34.780, 4920, 27
2026/07/17 01:11:34.880, 4920, 27
2026/07/17 01:11:34.980, 4920, 27
2026/07/17 01:11:35.080, 4920, 27
2026/07/17 01:11:35.180, 4922, 27
2026/07/17 01:11:35.280, 4924, 27
2026/07/17 01:11:35.380, 4924, 27
2026/07/17 01:11:35.480, 4924, 27
2026/07/17 01:11:35.580, 4926, 27
2026/07/17 01:11:35.680, 4926, 27
2026/07/17 01:11:35.781, 4926, 27
2026/07/17 01:11:35.881, 4926, 27
2026/07/17 01:11:35.981, 4928, 27
2026/07/17 01:11:36.081, 4928, 27
2026/07/17 01:11:36.181, 4928, 27
2026/07/17 01:11:36.281, 4928, 27
2026/07/17 01:11:36.381, 4928, 27
2026/07/17 01:11:36.481, 4930, 27
2026/07/17 01:11:36.581, 4932, 27
2026/07/17 01:11:36.682, 4932, 27
2026/07/17 01:11:36.782, 4932, 27
2026/07/17 01:11:36.882, 4932, 27
2026/07/17 01:11:36.982, 4932, 27
2026/07/17 01:11:37.082, 4932, 27
2026/07/17 01:11:37.182, 4932, 26
2026/07/17 01:11:37.282, 4936, 26
2026/07/17 01:11:37.383, 4936, 26
2026/07/17 01:11:37.483, 4936, 26
2026/07/17 01:11:37.583, 4938, 26
2026/07/17 01:11:37.683, 4938, 26
2026/07/17 01:11:37.783, 4938, 26
2026/07/17 01:11:37.883, 4942, 26
2026/07/17 01:11:37.983, 4942, 26
2026/07/17 01:11:38.083, 4942, 26
2026/07/17 01:11:38.183, 4944, 27
2026/07/17 01:11:38.283, 4944, 27
2026/07/17 01:11:38.384, 4944, 27
2026/07/17 01:11:38.484, 4946, 27
2026/07/17 01:11:38.584, 4946, 27
2026/07/17 01:11:38.684, 4948, 27
2026/07/17 01:11:38.784, 4948, 27
2026/07/17 01:11:38.884, 4950, 27
2026/07/17 01:11:38.984, 4952, 27
2026/07/17 01:11:39.084, 4954, 27
2026/07/17 01:11:39.184, 4954, 27
2026/07/17 01:11:39.285, 4954, 27
2026/07/17 01:11:39.385, 4954, 27
2026/07/17 01:11:39.485, 4954, 27
2026/07/17 01:11:39.585, 4956, 27
2026/07/17 01:11:39.685, 4956, 27
2026/07/17 01:11:39.785, 4956, 27
2026/07/17 01:11:39.885, 4958, 27
2026/07/17 01:11:39.985, 4958, 27
2026/07/17 01:11:40.085, 4958, 27
2026/07/17 01:11:40.186, 4958, 27
2026/07/17 01:11:40.286, 4958, 27
2026/07/17 01:11:40.386, 4958, 27
2026/07/17 01:11:40.486, 4960, 27
2026/07/17 01:11:40.586, 4960, 27
2026/07/17 01:11:40.686, 4960, 27
2026/07/17 01:11:40.786, 4960, 27
2026/07/17 01:11:40.886, 4962, 27
2026/07/17 01:11:40.986, 4962, 27
2026/07/17 01:11:41.087, 4962, 27
2026/07/17 01:11:41.187, 4962, 27
2026/07/17 01:11:41.287, 4962, 27
2026/07/17 01:11:41.387, 4962, 27
2026/07/17 01:11:41.487, 4964, 27
2026/07/17 01:11:41.587, 4964, 27
2026/07/17 01:11:41.687, 4964, 27
2026/07/17 01:11:41.787, 4964, 27
2026/07/17 01:11:41.887, 4964, 27
2026/07/17 01:11:41.988, 4964, 27
2026/07/17 01:11:42.088, 4964, 27
2026/07/17 01:11:42.188, 4964, 27
2026/07/17 01:11:42.288, 4964, 27
2026/07/17 01:11:42.388, 4964, 27
2026/07/17 01:11:42.488, 4964, 27
2026/07/17 01:11:42.588, 4964, 27
2026/07/17 01:11:42.688, 4964, 27
2026/07/17 01:11:42.788, 4964, 27
2026/07/17 01:11:42.888, 4964, 27
2026/07/17 01:11:42.989, 4964, 27
2026/07/17 01:11:43.089, 4964, 27
2026/07/17 01:11:43.189, 4964, 27
2026/07/17 01:11:43.289, 4964, 27
2026/07/17 01:11:43.389, 4964, 27
2026/07/17 01:11:43.489, 4964, 27
2026/07/17 01:11:43.589, 4964, 27
2026/07/17 01:11:43.689, 4964, 27
2026/07/17 01:11:43.789, 4964, 27
2026/07/17 01:11:43.890, 4964, 27
2026/07/17 01:11:43.990, 4964, 27
2026/07/17 01:11:44.090, 4964, 27
2026/07/17 01:11:44.190, 4964, 27
2026/07/17 01:11:44.290, 4964, 27
2026/07/17 01:11:44.390, 4964, 27
2026/07/17 01:11:44.490, 4964, 27
2026/07/17 01:11:44.590, 4964, 27
2026/07/17 01:11:44.690, 4964, 27
2026/07/17 01:11:44.790, 4964, 27
2026/07/17 01:11:44.891, 4964, 27
2026/07/17 01:11:44.991, 4964, 27
2026/07/17 01:11:45.091, 4964, 27
2026/07/17 01:11:45.191, 4964, 26
2026/07/17 01:11:45.291, 4964, 26
2026/07/17 01:11:45.391, 4964, 26
2026/07/17 01:11:45.491, 4964, 26
2026/07/17 01:11:45.591, 4964, 26
2026/07/17 01:11:45.692, 4964, 26
2026/07/17 01:11:45.792, 4964, 26
2026/07/17 01:11:45.892, 4964, 26
2026/07/17 01:11:45.992, 4964, 26
2026/07/17 01:11:46.092, 4964, 26
2026/07/17 01:11:46.192, 4964, 27
2026/07/17 01:11:46.292, 4964, 27
2026/07/17 01:11:46.392, 4964, 27
2026/07/17 01:11:46.492, 4964, 27
2026/07/17 01:11:46.593, 4964, 27
2026/07/17 01:11:46.693, 4964, 27
2026/07/17 01:11:46.793, 4964, 27
2026/07/17 01:11:46.893, 4964, 27
2026/07/17 01:11:46.993, 4964, 27
2026/07/17 01:11:47.093, 4964, 27
2026/07/17 01:11:47.193, 4964, 27
2026/07/17 01:11:47.293, 4964, 27
2026/07/17 01:11:47.394, 4964, 27
2026/07/17 01:11:47.494, 4964, 27
2026/07/17 01:11:47.594, 4964, 27
2026/07/17 01:11:47.694, 4964, 27
2026/07/17 01:11:47.794, 4964, 27
2026/07/17 01:11:47.894, 4964, 27
2026/07/17 01:11:47.994, 4964, 27
2026/07/17 01:11:48.094, 4964, 27
2026/07/17 01:11:48.194, 4964, 27
2026/07/17 01:11:48.295, 4964, 27
2026/07/17 01:11:48.395, 4964, 27
2026/07/17 01:11:48.495, 4964, 27
2026/07/17 01:11:48.595, 4964, 27
2026/07/17 01:11:48.695, 4964, 27
2026/07/17 01:11:48.795, 4964, 27
2026/07/17 01:11:48.895, 4964, 27
2026/07/17 01:11:48.995, 4964, 27
2026/07/17 01:11:49.095, 4964, 27
2026/07/17 01:11:49.195, 4964, 27
2026/07/17 01:11:49.296, 4964, 27
2026/07/17 01:11:49.396, 4964, 27
2026/07/17 01:11:49.496, 4964, 27
2026/07/17 01:11:49.596, 4964, 27
2026/07/17 01:11:49.696, 4964, 27
2026/07/17 01:11:49.796, 4964, 27
2026/07/17 01:11:49.896, 4964, 27
2026/07/17 01:11:49.996, 4964, 27
2026/07/17 01:11:50.096, 4964, 27
2026/07/17 01:11:50.197, 4964, 27
2026/07/17 01:11:50.297, 4964, 27
2026/07/17 01:11:50.397, 4964, 27
2026/07/17 01:11:50.497, 4964, 27
2026/07/17 01:11:50.597, 4964, 27
2026/07/17 01:11:50.697, 4964, 27
2026/07/17 01:11:50.797, 4964, 27
2026/07/17 01:11:50.897, 4964, 27
2026/07/17 01:11:50.997, 4964, 27
2026/07/17 01:11:51.098, 4964, 27
2026/07/17 01:11:51.198, 4964, 27
2026/07/17 01:11:51.298, 4964, 27
2026/07/17 01:11:51.398, 4964, 27
2026/07/17 01:11:51.498, 4964, 27
2026/07/17 01:11:51.598, 4964, 27
2026/07/17 01:11:51.698, 4964, 27
2026/07/17 01:11:51.798, 4964, 27
2026/07/17 01:11:51.898, 4964, 27
2026/07/17 01:11:51.998, 4964, 27
2026/07/17 01:11:52.099, 4964, 27
2026/07/17 01:11:52.199, 4964, 27
2026/07/17 01:11:52.299, 4964, 27
2026/07/17 01:11:52.399, 4964, 27
2026/07/17 01:11:52.499, 4964, 27
2026/07/17 01:11:52.599, 4964, 27
2026/07/17 01:11:52.699, 4964, 27
2026/07/17 01:11:52.800, 4964, 27
2026/07/17 01:11:52.900, 4964, 27
2026/07/17 01:11:53.000, 4964, 27
2026/07/17 01:11:53.100, 4964, 27
2026/07/17 01:11:53.200, 4964, 27
2026/07/17 01:11:53.300, 4964, 27
2026/07/17 01:11:53.400, 4964, 27
2026/07/17 01:11:53.500, 4964, 27
2026/07/17 01:11:53.600, 4964, 27
2026/07/17 01:11:53.701, 4964, 27
2026/07/17 01:11:53.801, 4964, 27
2026/07/17 01:11:53.901, 4964, 27
2026/07/17 01:11:54.001, 4964, 27
2026/07/17 01:11:54.101, 4964, 27
2026/07/17 01:11:54.201, 4964, 27
2026/07/17 01:11:54.301, 4964, 27
2026/07/17 01:11:54.401, 4964, 27
2026/07/17 01:11:54.502, 4964, 27
2026/07/17 01:11:54.602, 4964, 27
2026/07/17 01:11:54.702, 4964, 27
2026/07/17 01:11:54.802, 4964, 27
2026/07/17 01:11:54.902, 4964, 27
2026/07/17 01:11:55.002, 4964, 27
2026/07/17 01:11:55.102, 4964, 27
2026/07/17 01:11:55.202, 4964, 27
2026/07/17 01:11:55.302, 4964, 27
2026/07/17 01:11:55.402, 4964, 27
2026/07/17 01:11:55.503, 4964, 27
2026/07/17 01:11:55.603, 4964, 27
2026/07/17 01:11:55.703, 4964, 27
2026/07/17 01:11:55.803, 4964, 27
2026/07/17 01:11:55.903, 4964, 27
2026/07/17 01:11:56.003, 4964, 27
2026/07/17 01:11:56.103, 4964, 27
2026/07/17 01:11:56.203, 4964, 27
2026/07/17 01:11:56.303, 4964, 27
2026/07/17 01:11:56.403, 4964, 27
2026/07/17 01:11:56.504, 4964, 27
2026/07/17 01:11:56.604, 4964, 27
2026/07/17 01:11:56.704, 4964, 27
2026/07/17 01:11:56.804, 4964, 27
2026/07/17 01:11:56.904, 4964, 27
2026/07/17 01:11:57.004, 4964, 27
2026/07/17 01:11:57.104, 4964, 27
2026/07/17 01:11:57.204, 4964, 27
2026/07/17 01:11:57.304, 4964, 27
2026/07/17 01:11:57.404, 4964, 27
2026/07/17 01:11:57.505, 4964, 27
2026/07/17 01:11:57.605, 4964, 27
2026/07/17 01:11:57.705, 4964, 27
2026/07/17 01:11:57.805, 4964, 27
2026/07/17 01:11:57.905, 4964, 27
2026/07/17 01:11:58.005, 4964, 27
2026/07/17 01:11:58.105, 4964, 27
2026/07/17 01:11:58.205, 4964, 27
2026/07/17 01:11:58.305, 4964, 27
2026/07/17 01:11:58.406, 4964, 27
2026/07/17 01:11:58.506, 4964, 27
2026/07/17 01:11:58.606, 4964, 27
2026/07/17 01:11:58.706, 4964, 27
2026/07/17 01:11:58.806, 4964, 27
2026/07/17 01:11:58.906, 4964, 27
2026/07/17 01:11:59.006, 4964, 27
2026/07/17 01:11:59.106, 4964, 27
2026/07/17 01:11:59.206, 4964, 27
2026/07/17 01:11:59.307, 4964, 27
2026/07/17 01:11:59.407, 4964, 27
2026/07/17 01:11:59.507, 4964, 27
2026/07/17 01:11:59.607, 4964, 27
2026/07/17 01:11:59.707, 4964, 27
2026/07/17 01:11:59.807, 4964, 27
2026/07/17 01:11:59.907, 4964, 27
2026/07/17 01:12:00.007, 4964, 27
2026/07/17 01:12:00.107, 4964, 27
2026/07/17 01:12:00.207, 4964, 26
2026/07/17 01:12:00.307, 4964, 26
2026/07/17 01:12:00.408, 4964, 26
2026/07/17 01:12:00.508, 4964, 26
2026/07/17 01:12:00.608, 4964, 26
2026/07/17 01:12:00.708, 4964, 26
2026/07/17 01:12:00.808, 4964, 26
2026/07/17 01:12:00.908, 4964, 26
2026/07/17 01:12:01.008, 4964, 26
2026/07/17 01:12:01.108, 4964, 26
2026/07/17 01:12:01.208, 4964, 27
2026/07/17 01:12:01.308, 4964, 27
2026/07/17 01:12:01.409, 4964, 27
2026/07/17 01:12:01.509, 4964, 27
2026/07/17 01:12:01.609, 4964, 27
2026/07/17 01:12:01.709, 4964, 27
2026/07/17 01:12:01.809, 4964, 27
2026/07/17 01:12:01.909, 4964, 27
2026/07/17 01:12:02.009, 4964, 27
2026/07/17 01:12:02.109, 4964, 27
2026/07/17 01:12:02.209, 4964, 26
2026/07/17 01:12:02.309, 4964, 26
2026/07/17 01:12:02.410, 4964, 26
2026/07/17 01:12:02.510, 4964, 26
2026/07/17 01:12:02.610, 4964, 26
2026/07/17 01:12:02.710, 4964, 26
2026/07/17 01:12:02.810, 4964, 26
2026/07/17 01:12:02.910, 4964, 26
2026/07/17 01:12:03.010, 4964, 26
2026/07/17 01:12:03.110, 4964, 26
2026/07/17 01:12:03.210, 4964, 26
2026/07/17 01:12:03.310, 4964, 26
2026/07/17 01:12:03.411, 4964, 26
2026/07/17 01:12:03.511, 4964, 26
2026/07/17 01:12:03.611, 4964, 26
2026/07/17 01:12:03.711, 4964, 26
2026/07/17 01:12:03.811, 4964, 26
2026/07/17 01:12:03.911, 4964, 26
2026/07/17 01:12:04.011, 4964, 26
2026/07/17 01:12:04.111, 4964, 26
2026/07/17 01:12:04.211, 4964, 25
2026/07/17 01:12:04.311, 4964, 25
2026/07/17 01:12:04.411, 4964, 25
2026/07/17 01:12:04.512, 4964, 25
2026/07/17 01:12:04.612, 4964, 25
2026/07/17 01:12:04.712, 4964, 25
2026/07/17 01:12:04.812, 4964, 25
2026/07/17 01:12:04.912, 4964, 25
2026/07/17 01:12:05.012, 4964, 25
2026/07/17 01:12:05.112, 4964, 25
2026/07/17 01:12:05.212, 4964, 26
2026/07/17 01:12:05.312, 4964, 26
2026/07/17 01:12:05.413, 4964, 26
2026/07/17 01:12:05.513, 4964, 26
2026/07/17 01:12:05.613, 4964, 26
2026/07/17 01:12:05.713, 4964, 26
2026/07/17 01:12:05.813, 4964, 26
2026/07/17 01:12:05.913, 4964, 26
2026/07/17 01:12:06.013, 4964, 26
2026/07/17 01:12:06.113, 4964, 26
2026/07/17 01:12:06.213, 4964, 27
2026/07/17 01:12:06.313, 4964, 27
2026/07/17 01:12:06.414, 4964, 27
2026/07/17 01:12:06.514, 4964, 27
2026/07/17 01:12:06.614, 4964, 27
2026/07/17 01:12:06.714, 4964, 27
2026/07/17 01:12:06.814, 4964, 27
2026/07/17 01:12:06.914, 4964, 27
2026/07/17 01:12:07.014, 4964, 27
2026/07/17 01:12:07.114, 4964, 27
2026/07/17 01:12:07.214, 4964, 27
2026/07/17 01:12:07.315, 4964, 27
2026/07/17 01:12:07.415, 4964, 27
2026/07/17 01:12:07.515, 4964, 27
2026/07/17 01:12:07.615, 4964, 27
2026/07/17 01:12:07.715, 4964, 27
2026/07/17 01:12:07.815, 4964, 27
2026/07/17 01:12:07.915, 4964, 27
2026/07/17 01:12:08.015, 4964, 27
2026/07/17 01:12:08.115, 4964, 27
2026/07/17 01:12:08.216, 4964, 27
2026/07/17 01:12:08.316, 4964, 27
2026/07/17 01:12:08.416, 4964, 27
2026/07/17 01:12:08.516, 4964, 27
2026/07/17 01:12:08.616, 4964, 27
2026/07/17 01:12:08.716, 4964, 27
2026/07/17 01:12:08.816, 4964, 27
2026/07/17 01:12:08.916, 4964, 27
2026/07/17 01:12:09.016, 4964, 27
2026/07/17 01:12:09.116, 4964, 27
2026/07/17 01:12:09.217, 4964, 27
2026/07/17 01:12:09.317, 4964, 27
2026/07/17 01:12:09.417, 4964, 27
2026/07/17 01:12:09.517, 4964, 27
2026/07/17 01:12:09.617, 4964, 27
2026/07/17 01:12:09.717, 4964, 27
2026/07/17 01:12:09.817, 4964, 27
2026/07/17 01:12:09.917, 4964, 27
2026/07/17 01:12:10.017, 4964, 27
2026/07/17 01:12:10.118, 4964, 27
2026/07/17 01:12:10.218, 4964, 27
2026/07/17 01:12:10.318, 4964, 27
2026/07/17 01:12:10.418, 4964, 27
2026/07/17 01:12:10.518, 4964, 27
2026/07/17 01:12:10.618, 4964, 27
2026/07/17 01:12:10.718, 4964, 27
2026/07/17 01:12:10.818, 4964, 27
2026/07/17 01:12:10.918, 4964, 27
2026/07/17 01:12:11.019, 4964, 27
2026/07/17 01:12:11.119, 4964, 27
2026/07/17 01:12:11.219, 4964, 25
2026/07/17 01:12:11.319, 4964, 25
2026/07/17 01:12:11.419, 4964, 25
2026/07/17 01:12:11.519, 4964, 25
2026/07/17 01:12:11.619, 4964, 25
2026/07/17 01:12:11.720, 4964, 25
2026/07/17 01:12:11.820, 4964, 25
2026/07/17 01:12:11.920, 4964, 25
2026/07/17 01:12:12.020, 4964, 25
2026/07/17 01:12:12.120, 4964, 26
2026/07/17 01:12:12.220, 4964, 26
2026/07/17 01:12:12.320, 4964, 26
2026/07/17 01:12:12.420, 4964, 26
2026/07/17 01:12:12.521, 4964, 26
2026/07/17 01:12:12.621, 4964, 26
2026/07/17 01:12:12.721, 4964, 26
2026/07/17 01:12:12.821, 4964, 26
2026/07/17 01:12:12.921, 4964, 26
2026/07/17 01:12:13.021, 4964, 26
2026/07/17 01:12:13.121, 4964, 27
2026/07/17 01:12:13.221, 4964, 27
2026/07/17 01:12:13.321, 4964, 27
2026/07/17 01:12:13.422, 4964, 27
2026/07/17 01:12:13.522, 4964, 27
2026/07/17 01:12:13.622, 4964, 27
2026/07/17 01:12:13.722, 4964, 27
2026/07/17 01:12:13.822, 4964, 27
2026/07/17 01:12:13.922, 4964, 27
2026/07/17 01:12:14.022, 4964, 27
2026/07/17 01:12:14.122, 4964, 27
2026/07/17 01:12:14.223, 4964, 27
2026/07/17 01:12:14.323, 4964, 27
2026/07/17 01:12:14.423, 4964, 27
2026/07/17 01:12:14.523, 4964, 27
2026/07/17 01:12:14.623, 4964, 27
2026/07/17 01:12:14.723, 4964, 27
2026/07/17 01:12:14.823, 4964, 27
2026/07/17 01:12:14.923, 4964, 27
2026/07/17 01:12:15.024, 4964, 27
2026/07/17 01:12:15.124, 4964, 27
2026/07/17 01:12:15.224, 4964, 27
2026/07/17 01:12:15.324, 4964, 27
2026/07/17 01:12:15.424, 4964, 27
2026/07/17 01:12:15.524, 4964, 27
2026/07/17 01:12:15.624, 4964, 27
2026/07/17 01:12:15.724, 4964, 27
2026/07/17 01:12:15.824, 4964, 27
2026/07/17 01:12:15.924, 4964, 27
2026/07/17 01:12:16.025, 4964, 27
2026/07/17 01:12:16.125, 4964, 27
2026/07/17 01:12:16.225, 4964, 27
2026/07/17 01:12:16.325, 4964, 27
2026/07/17 01:12:16.425, 4964, 27
2026/07/17 01:12:16.525, 4964, 27
2026/07/17 01:12:16.625, 4964, 27
2026/07/17 01:12:16.725, 4964, 27
2026/07/17 01:12:16.825, 4964, 27
2026/07/17 01:12:16.926, 4964, 27
2026/07/17 01:12:17.026, 4964, 27
2026/07/17 01:12:17.126, 4964, 27
2026/07/17 01:12:17.226, 4964, 27
2026/07/17 01:12:17.326, 4964, 27
2026/07/17 01:12:17.426, 4964, 27
2026/07/17 01:12:17.526, 4964, 27
2026/07/17 01:12:17.626, 4964, 27
2026/07/17 01:12:17.726, 4964, 27
2026/07/17 01:12:17.827, 4964, 27
2026/07/17 01:12:17.927, 4964, 27
2026/07/17 01:12:18.027, 4964, 27
2026/07/17 01:12:18.127, 4964, 27
2026/07/17 01:12:18.227, 4964, 27
2026/07/17 01:12:18.327, 4964, 27
2026/07/17 01:12:18.427, 4964, 27
2026/07/17 01:12:18.527, 4964, 27
2026/07/17 01:12:18.627, 4964, 27
2026/07/17 01:12:18.727, 4964, 27
2026/07/17 01:12:18.828, 4964, 27
2026/07/17 01:12:18.928, 4964, 27
2026/07/17 01:12:19.028, 4964, 27
2026/07/17 01:12:19.128, 4964, 27
2026/07/17 01:12:19.228, 4964, 27
2026/07/17 01:12:19.328, 4964, 27
2026/07/17 01:12:19.428, 4964, 27
2026/07/17 01:12:19.528, 4964, 27
2026/07/17 01:12:19.628, 4964, 27
2026/07/17 01:12:19.729, 4964, 27
2026/07/17 01:12:19.829, 4964, 27
2026/07/17 01:12:19.929, 4964, 27
2026/07/17 01:12:20.029, 4964, 27
2026/07/17 01:12:20.129, 4964, 27
2026/07/17 01:12:20.229, 4964, 27
2026/07/17 01:12:20.329, 4964, 27
2026/07/17 01:12:20.429, 4964, 27
2026/07/17 01:12:20.529, 4964, 27
2026/07/17 01:12:20.630, 4964, 27
2026/07/17 01:12:20.730, 4964, 27
2026/07/17 01:12:20.830, 4964, 27
2026/07/17 01:12:20.930, 4964, 27
2026/07/17 01:12:21.030, 4964, 27
2026/07/17 01:12:21.130, 4964, 27
2026/07/17 01:12:21.230, 4964, 27
2026/07/17 01:12:21.330, 4964, 27
2026/07/17 01:12:21.430, 4964, 27
2026/07/17 01:12:21.530, 4964, 27
2026/07/17 01:12:21.631, 4964, 27
2026/07/17 01:12:21.731, 4964, 27
2026/07/17 01:12:21.831, 4964, 27
2026/07/17 01:12:21.931, 4964, 27
2026/07/17 01:12:22.031, 4964, 27
2026/07/17 01:12:22.131, 4964, 27
2026/07/17 01:12:22.231, 4964, 27
2026/07/17 01:12:22.331, 4964, 27
2026/07/17 01:12:22.431, 4964, 27
2026/07/17 01:12:22.531, 4964, 27
2026/07/17 01:12:22.632, 4964, 27
2026/07/17 01:12:22.732, 4964, 27
2026/07/17 01:12:22.832, 4964, 27
2026/07/17 01:12:22.932, 4964, 27
2026/07/17 01:12:23.032, 4964, 27
2026/07/17 01:12:23.132, 4964, 26
2026/07/17 01:12:23.232, 4964, 26
2026/07/17 01:12:23.332, 4964, 26
2026/07/17 01:12:23.432, 4964, 26
2026/07/17 01:12:23.532, 4964, 26
2026/07/17 01:12:23.633, 4964, 26
2026/07/17 01:12:23.733, 4964, 26
2026/07/17 01:12:23.833, 4964, 26
2026/07/17 01:12:23.933, 4964, 26
2026/07/17 01:12:24.033, 4964, 26
2026/07/17 01:12:24.133, 4964, 26
2026/07/17 01:12:24.233, 4964, 26
2026/07/17 01:12:24.333, 4964, 26
2026/07/17 01:12:24.433, 4964, 26
2026/07/17 01:12:24.534, 4964, 26
2026/07/17 01:12:24.634, 4964, 26
2026/07/17 01:12:24.734, 4964, 26
2026/07/17 01:12:24.834, 4964, 26
2026/07/17 01:12:24.934, 4964, 26
2026/07/17 01:12:25.034, 4964, 26
2026/07/17 01:12:25.134, 4964, 27
2026/07/17 01:12:25.234, 4964, 27
2026/07/17 01:12:25.335, 4964, 27
2026/07/17 01:12:25.435, 4964, 27
2026/07/17 01:12:25.535, 4964, 27
2026/07/17 01:12:25.635, 4964, 27
2026/07/17 01:12:25.735, 4964, 27
2026/07/17 01:12:25.835, 4964, 27
2026/07/17 01:12:25.935, 4964, 27
2026/07/17 01:12:26.035, 4964, 27
2026/07/17 01:12:26.135, 4964, 27
2026/07/17 01:12:26.235, 4964, 27
2026/07/17 01:12:26.335, 4964, 27
2026/07/17 01:12:26.436, 4964, 27
2026/07/17 01:12:26.536, 4964, 27
2026/07/17 01:12:26.636, 4964, 27
2026/07/17 01:12:26.736, 4964, 27
2026/07/17 01:12:26.836, 4964, 27
2026/07/17 01:12:26.936, 4964, 27
2026/07/17 01:12:27.036, 4964, 27
2026/07/17 01:12:27.136, 4964, 26
2026/07/17 01:12:27.237, 4964, 26
2026/07/17 01:12:27.337, 4964, 26
2026/07/17 01:12:27.437, 4964, 26
2026/07/17 01:12:27.537, 4964, 26
2026/07/17 01:12:27.637, 4964, 26
2026/07/17 01:12:27.737, 4964, 26
2026/07/17 01:12:27.837, 4964, 26
2026/07/17 01:12:27.937, 4964, 26
2026/07/17 01:12:28.037, 4964, 26
2026/07/17 01:12:28.138, 4964, 27
2026/07/17 01:12:28.238, 4964, 27
2026/07/17 01:12:28.338, 4964, 27
2026/07/17 01:12:28.438, 4964, 27
2026/07/17 01:12:28.538, 4964, 27
2026/07/17 01:12:28.638, 4964, 27
2026/07/17 01:12:28.738, 4964, 27
2026/07/17 01:12:28.838, 4964, 27
2026/07/17 01:12:28.938, 4964, 27
2026/07/17 01:12:29.039, 4964, 27
2026/07/17 01:12:29.139, 4964, 28
2026/07/17 01:12:29.239, 4964, 28
2026/07/17 01:12:29.339, 4964, 28
2026/07/17 01:12:29.439, 4964, 28
2026/07/17 01:12:29.539, 4964, 28
2026/07/17 01:12:29.639, 4964, 28
2026/07/17 01:12:29.739, 4964, 28
2026/07/17 01:12:29.839, 4964, 28
2026/07/17 01:12:29.940, 4964, 28
2026/07/17 01:12:30.040, 4964, 28
2026/07/17 01:12:30.140, 4964, 27
2026/07/17 01:12:30.240, 4964, 27
2026/07/17 01:12:30.340, 4964, 27
2026/07/17 01:12:30.440, 4964, 27
2026/07/17 01:12:30.540, 4964, 27
2026/07/17 01:12:30.640, 4964, 27
2026/07/17 01:12:30.740, 4964, 27
2026/07/17 01:12:30.840, 4964, 27
2026/07/17 01:12:30.941, 4964, 27
2026/07/17 01:12:31.041, 4964, 27
2026/07/17 01:12:31.141, 4964, 27
2026/07/17 01:12:31.241, 4964, 27
2026/07/17 01:12:31.341, 4964, 27
2026/07/17 01:12:31.441, 4964, 27
2026/07/17 01:12:31.541, 4964, 27
2026/07/17 01:12:31.641, 4964, 27
2026/07/17 01:12:31.742, 4964, 27
2026/07/17 01:12:31.842, 4964, 27
2026/07/17 01:12:31.942, 4964, 27
2026/07/17 01:12:32.042, 4964, 27
2026/07/17 01:12:32.142, 4964, 27
2026/07/17 01:12:32.242, 4964, 27
2026/07/17 01:12:32.342, 4964, 27
2026/07/17 01:12:32.442, 4964, 27
2026/07/17 01:12:32.543, 4964, 27
2026/07/17 01:12:32.643, 4964, 27
2026/07/17 01:12:32.743, 4964, 27
2026/07/17 01:12:32.843, 4964, 27
2026/07/17 01:12:32.943, 4964, 27
2026/07/17 01:12:33.043, 4964, 27
2026/07/17 01:12:33.143, 4964, 27
2026/07/17 01:12:33.243, 4964, 27
2026/07/17 01:12:33.343, 4964, 27
2026/07/17 01:12:33.443, 4964, 27
2026/07/17 01:12:33.544, 4964, 27
2026/07/17 01:12:33.644, 4964, 27
2026/07/17 01:12:33.744, 4964, 27
2026/07/17 01:12:33.844, 4964, 27
2026/07/17 01:12:33.944, 4964, 27
2026/07/17 01:12:34.044, 4964, 27
2026/07/17 01:12:34.144, 4964, 27
2026/07/17 01:12:34.244, 4964, 27
2026/07/17 01:12:34.344, 4964, 27
2026/07/17 01:12:34.444, 4964, 27
2026/07/17 01:12:34.545, 4964, 27
2026/07/17 01:12:34.645, 4964, 27
2026/07/17 01:12:34.745, 4964, 27
2026/07/17 01:12:34.845, 4964, 27
2026/07/17 01:12:34.945, 4964, 27
2026/07/17 01:12:35.045, 4964, 27
2026/07/17 01:12:35.145, 4964, 27
2026/07/17 01:12:35.245, 4964, 27
2026/07/17 01:12:35.345, 4964, 27
2026/07/17 01:12:35.446, 4964, 27
2026/07/17 01:12:35.546, 4964, 27
2026/07/17 01:12:35.646, 4964, 27
2026/07/17 01:12:35.746, 4964, 27
2026/07/17 01:12:35.846, 4964, 27
2026/07/17 01:12:35.946, 4964, 27
2026/07/17 01:12:36.046, 4964, 27
2026/07/17 01:12:36.146, 4964, 27
2026/07/17 01:12:36.246, 4964, 27
2026/07/17 01:12:36.346, 4964, 27
2026/07/17 01:12:36.447, 4964, 27
2026/07/17 01:12:36.547, 4964, 27
2026/07/17 01:12:36.647, 4964, 27
2026/07/17 01:12:36.747, 4964, 27
2026/07/17 01:12:36.847, 4964, 27
2026/07/17 01:12:36.947, 4964, 27
2026/07/17 01:12:37.047, 4964, 27
2026/07/17 01:12:37.147, 4964, 26
2026/07/17 01:12:37.247, 4964, 26
2026/07/17 01:12:37.347, 4964, 26
2026/07/17 01:12:37.448, 4964, 26
2026/07/17 01:12:37.548, 4964, 26
2026/07/17 01:12:37.648, 4964, 26
2026/07/17 01:12:37.748, 4964, 26
2026/07/17 01:12:37.848, 4964, 26
2026/07/17 01:12:37.948, 4964, 26
2026/07/17 01:12:38.048, 4964, 26
2026/07/17 01:12:38.148, 4964, 27
2026/07/17 01:12:38.248, 4964, 27
2026/07/17 01:12:38.348, 4964, 27
2026/07/17 01:12:38.449, 4964, 27
2026/07/17 01:12:38.549, 4964, 27
2026/07/17 01:12:38.649, 4964, 27
2026/07/17 01:12:38.749, 4964, 27
2026/07/17 01:12:38.849, 4964, 27
2026/07/17 01:12:38.949, 4964, 27
2026/07/17 01:12:39.049, 4964, 27
2026/07/17 01:12:39.149, 4964, 27
2026/07/17 01:12:39.249, 4964, 27
2026/07/17 01:12:39.349, 4964, 27
2026/07/17 01:12:39.450, 4964, 27
2026/07/17 01:12:39.550, 4964, 27
2026/07/17 01:12:39.650, 4964, 27
2026/07/17 01:12:39.750, 4964, 27
2026/07/17 01:12:39.850, 4964, 27
2026/07/17 01:12:39.950, 4964, 27
2026/07/17 01:12:40.050, 4964, 27
2026/07/17 01:12:40.150, 4964, 27
2026/07/17 01:12:40.250, 4964, 27
2026/07/17 01:12:40.350, 4964, 27
2026/07/17 01:12:40.451, 4964, 27
2026/07/17 01:12:40.551, 4964, 27
2026/07/17 01:12:40.651, 4964, 27
2026/07/17 01:12:40.751, 4964, 27
2026/07/17 01:12:40.851, 4964, 27
2026/07/17 01:12:40.951, 4964, 27
2026/07/17 01:12:41.051, 4964, 27
2026/07/17 01:12:41.151, 4964, 27
2026/07/17 01:12:41.251, 4964, 27
2026/07/17 01:12:41.351, 4964, 27
2026/07/17 01:12:41.452, 4964, 27
2026/07/17 01:12:41.552, 4964, 27
2026/07/17 01:12:41.652, 4964, 27
2026/07/17 01:12:41.752, 4964, 27
2026/07/17 01:12:41.852, 4964, 27
2026/07/17 01:12:41.952, 4964, 27
2026/07/17 01:12:42.052, 4964, 27
2026/07/17 01:12:42.152, 4964, 26
2026/07/17 01:12:42.252, 4964, 26
2026/07/17 01:12:42.352, 4964, 26
2026/07/17 01:12:42.453, 4964, 26
2026/07/17 01:12:42.553, 4964, 26
2026/07/17 01:12:42.653, 4964, 26
2026/07/17 01:12:42.753, 4964, 26
2026/07/17 01:12:42.853, 4964, 26
2026/07/17 01:12:42.953, 4964, 26
2026/07/17 01:12:43.053, 4964, 26
2026/07/17 01:12:43.153, 4964, 26
2026/07/17 01:12:43.253, 4964, 26
2026/07/17 01:12:43.354, 4964, 26
2026/07/17 01:12:43.454, 4964, 26
2026/07/17 01:12:43.554, 4964, 26
2026/07/17 01:12:43.654, 4964, 26
2026/07/17 01:12:43.754, 4964, 26
2026/07/17 01:12:43.854, 4964, 26
2026/07/17 01:12:43.954, 4964, 26
2026/07/17 01:12:44.054, 4964, 26
2026/07/17 01:12:44.154, 4964, 27
2026/07/17 01:12:44.254, 4964, 27
2026/07/17 01:12:44.354, 4964, 27
2026/07/17 01:12:44.454, 4964, 27
2026/07/17 01:12:44.555, 4964, 27
2026/07/17 01:12:44.655, 4964, 27
2026/07/17 01:12:44.755, 4964, 27
2026/07/17 01:12:44.855, 4964, 27
2026/07/17 01:12:44.955, 4964, 27
2026/07/17 01:12:45.055, 4964, 27
2026/07/17 01:12:45.155, 4964, 25
2026/07/17 01:12:45.255, 4964, 25
2026/07/17 01:12:45.355, 4964, 25
2026/07/17 01:12:45.456, 4964, 25
2026/07/17 01:12:45.556, 4964, 25
2026/07/17 01:12:45.656, 4964, 25
2026/07/17 01:12:45.756, 4964, 25
2026/07/17 01:12:45.856, 4964, 25
2026/07/17 01:12:45.956, 4964, 25
2026/07/17 01:12:46.056, 4964, 25
2026/07/17 01:12:46.156, 4964, 27
2026/07/17 01:12:46.256, 4964, 27
2026/07/17 01:12:46.357, 4964, 27
2026/07/17 01:12:46.457, 4964, 27
2026/07/17 01:12:46.557, 4964, 27
2026/07/17 01:12:46.657, 4964, 27
2026/07/17 01:12:46.757, 4964, 27
2026/07/17 01:12:46.857, 4964, 27
2026/07/17 01:12:46.957, 4964, 27
2026/07/17 01:12:47.057, 4964, 27
2026/07/17 01:12:47.157, 4964, 27
2026/07/17 01:12:47.257, 4964, 27
2026/07/17 01:12:47.357, 4964, 27
2026/07/17 01:12:47.458, 4964, 27
2026/07/17 01:12:47.558, 4964, 27
2026/07/17 01:12:47.658, 4964, 27
2026/07/17 01:12:47.758, 4964, 27
2026/07/17 01:12:47.858, 4964, 27
2026/07/17 01:12:47.958, 4964, 27
2026/07/17 01:12:48.058, 4964, 27
2026/07/17 01:12:48.158, 4964, 27
2026/07/17 01:12:48.258, 4964, 27
2026/07/17 01:12:48.359, 4964, 27
2026/07/17 01:12:48.459, 4964, 27
2026/07/17 01:12:48.559, 4964, 27
2026/07/17 01:12:48.659, 4964, 27
2026/07/17 01:12:48.759, 4964, 27
2026/07/17 01:12:48.859, 4964, 27
2026/07/17 01:12:48.959, 4964, 27
2026/07/17 01:12:49.059, 4964, 27
2026/07/17 01:12:49.159, 4964, 28
2026/07/17 01:12:49.260, 4964, 28
2026/07/17 01:12:49.360, 4964, 28
2026/07/17 01:12:49.460, 4964, 28
2026/07/17 01:12:49.560, 4964, 28
2026/07/17 01:12:49.660, 4964, 28
2026/07/17 01:12:49.760, 4964, 28
2026/07/17 01:12:49.860, 4964, 28
2026/07/17 01:12:49.960, 4964, 28
2026/07/17 01:12:50.060, 4964, 28
2026/07/17 01:12:50.160, 4964, 27
2026/07/17 01:12:50.261, 4964, 27
2026/07/17 01:12:50.361, 4964, 27
2026/07/17 01:12:50.461, 4964, 27
2026/07/17 01:12:50.561, 4964, 27
2026/07/17 01:12:50.661, 4964, 27
2026/07/17 01:12:50.761, 4964, 27
2026/07/17 01:12:50.861, 4964, 27
2026/07/17 01:12:50.961, 4964, 27
2026/07/17 01:12:51.061, 4964, 27
2026/07/17 01:12:51.162, 4964, 27
2026/07/17 01:12:51.262, 4964, 27
2026/07/17 01:12:51.362, 4964, 27
2026/07/17 01:12:51.462, 4964, 27
2026/07/17 01:12:51.562, 4964, 27
2026/07/17 01:12:51.662, 4964, 27
2026/07/17 01:12:51.762, 4964, 27
2026/07/17 01:12:51.862, 4964, 27
2026/07/17 01:12:51.962, 4964, 27
2026/07/17 01:12:52.062, 4964, 27
2026/07/17 01:12:52.163, 4964, 27
2026/07/17 01:12:52.263, 4964, 27
2026/07/17 01:12:52.363, 4964, 27
2026/07/17 01:12:52.463, 4964, 27
2026/07/17 01:12:52.563, 4964, 27
2026/07/17 01:12:52.663, 4964, 27
2026/07/17 01:12:52.763, 4964, 27
2026/07/17 01:12:52.863, 4964, 27
2026/07/17 01:12:52.963, 4964, 27
2026/07/17 01:12:53.063, 4964, 27
2026/07/17 01:12:53.164, 4964, 27
2026/07/17 01:12:53.264, 4964, 27
2026/07/17 01:12:53.364, 4964, 27
2026/07/17 01:12:53.464, 4964, 27
2026/07/17 01:12:53.564, 4964, 27
2026/07/17 01:12:53.664, 4964, 27
2026/07/17 01:12:53.764, 4964, 27
2026/07/17 01:12:53.864, 4964, 27
2026/07/17 01:12:53.964, 4964, 27
2026/07/17 01:12:54.065, 4964, 27
2026/07/17 01:12:54.165, 4964, 27
2026/07/17 01:12:54.265, 4964, 27
2026/07/17 01:12:54.365, 4964, 27
2026/07/17 01:12:54.465, 4964, 27
2026/07/17 01:12:54.565, 4964, 27
2026/07/17 01:12:54.665, 4964, 27
2026/07/17 01:12:54.765, 4964, 27
2026/07/17 01:12:54.865, 4964, 27
2026/07/17 01:12:54.965, 4964, 27
2026/07/17 01:12:55.066, 4964, 27
2026/07/17 01:12:55.166, 4964, 27
2026/07/17 01:12:55.266, 4964, 27
2026/07/17 01:12:55.366, 4964, 27
2026/07/17 01:12:55.466, 4964, 27
2026/07/17 01:12:55.566, 4964, 27
2026/07/17 01:12:55.666, 4964, 27
2026/07/17 01:12:55.766, 4964, 27
2026/07/17 01:12:55.866, 4964, 27
2026/07/17 01:12:55.967, 4964, 27
2026/07/17 01:12:56.067, 4964, 27
2026/07/17 01:12:56.167, 4964, 27
2026/07/17 01:12:56.267, 4964, 27
2026/07/17 01:12:56.367, 4964, 27
2026/07/17 01:12:56.467, 4964, 27
2026/07/17 01:12:56.567, 4964, 27
2026/07/17 01:12:56.667, 4964, 27
2026/07/17 01:12:56.767, 4964, 27
2026/07/17 01:12:56.867, 4964, 27
2026/07/17 01:12:56.968, 4964, 27
2026/07/17 01:12:57.068, 4964, 27
2026/07/17 01:12:57.168, 4964, 27
2026/07/17 01:12:57.268, 4964, 27
2026/07/17 01:12:57.368, 4964, 27
2026/07/17 01:12:57.468, 4964, 27
2026/07/17 01:12:57.568, 4964, 27
2026/07/17 01:12:57.668, 4964, 27
2026/07/17 01:12:57.768, 4964, 27
2026/07/17 01:12:57.869, 4964, 27
2026/07/17 01:12:57.969, 4964, 27
2026/07/17 01:12:58.069, 4964, 27
2026/07/17 01:12:58.169, 4964, 27
2026/07/17 01:12:58.269, 4964, 27
2026/07/17 01:12:58.369, 4964, 27
2026/07/17 01:12:58.469, 4964, 27
2026/07/17 01:12:58.569, 4964, 27
2026/07/17 01:12:58.669, 4964, 27
2026/07/17 01:12:58.769, 4964, 27
2026/07/17 01:12:58.870, 4964, 27
2026/07/17 01:12:58.970, 4964, 27
2026/07/17 01:12:59.070, 4964, 27
2026/07/17 01:12:59.170, 4964, 28
2026/07/17 01:12:59.270, 4964, 28
2026/07/17 01:12:59.370, 4964, 28
2026/07/17 01:12:59.470, 4964, 28
2026/07/17 01:12:59.570, 4964, 28
2026/07/17 01:12:59.670, 4964, 28
2026/07/17 01:12:59.770, 4964, 28
2026/07/17 01:12:59.871, 4964, 28
2026/07/17 01:12:59.971, 4964, 28
2026/07/17 01:13:00.071, 4964, 28
2026/07/17 01:13:00.171, 4964, 27
2026/07/17 01:13:00.271, 4964, 27
2026/07/17 01:13:00.371, 4964, 27
2026/07/17 01:13:00.471, 4964, 27
2026/07/17 01:13:00.571, 4964, 27
2026/07/17 01:13:00.671, 4964, 27
2026/07/17 01:13:00.771, 4964, 27
2026/07/17 01:13:00.871, 4964, 27
2026/07/17 01:13:00.972, 4964, 27
2026/07/17 01:13:01.072, 4964, 27
2026/07/17 01:13:01.172, 4964, 27
2026/07/17 01:13:01.272, 4964, 27
2026/07/17 01:13:01.372, 4964, 27
2026/07/17 01:13:01.472, 4964, 27
2026/07/17 01:13:01.572, 4964, 27
2026/07/17 01:13:01.672, 4964, 27
2026/07/17 01:13:01.772, 4964, 27
2026/07/17 01:13:01.872, 4964, 27
2026/07/17 01:13:01.972, 4964, 27
2026/07/17 01:13:02.073, 4964, 27
2026/07/17 01:13:02.173, 4964, 25
2026/07/17 01:13:02.273, 4964, 25
2026/07/17 01:13:02.373, 4964, 25
2026/07/17 01:13:02.473, 4964, 25
2026/07/17 01:13:02.573, 4964, 25
2026/07/17 01:13:02.673, 4964, 25
2026/07/17 01:13:02.773, 4964, 25
2026/07/17 01:13:02.874, 4964, 25
2026/07/17 01:13:02.974, 4964, 25
2026/07/17 01:13:03.074, 4964, 25
2026/07/17 01:13:03.174, 4964, 27
2026/07/17 01:13:03.274, 4964, 27
2026/07/17 01:13:03.374, 4964, 27
2026/07/17 01:13:03.474, 4964, 27
2026/07/17 01:13:03.574, 4964, 27
2026/07/17 01:13:03.674, 4964, 27
2026/07/17 01:13:03.775, 4964, 27
2026/07/17 01:13:03.875, 4964, 27
2026/07/17 01:13:03.975, 4964, 27
2026/07/17 01:13:04.075, 4964, 27
2026/07/17 01:13:04.175, 4964, 26
2026/07/17 01:13:04.275, 4964, 26
2026/07/17 01:13:04.375, 4964, 26
2026/07/17 01:13:04.475, 4964, 26
2026/07/17 01:13:04.575, 4964, 26
2026/07/17 01:13:04.676, 4964, 26
2026/07/17 01:13:04.776, 4964, 26
2026/07/17 01:13:04.876, 4964, 26
2026/07/17 01:13:04.976, 4964, 26
2026/07/17 01:13:05.076, 4964, 26
2026/07/17 01:13:05.176, 4964, 27
2026/07/17 01:13:05.276, 4964, 27
2026/07/17 01:13:05.376, 4964, 27
2026/07/17 01:13:05.476, 4964, 27
2026/07/17 01:13:05.577, 4964, 27
2026/07/17 01:13:05.677, 4964, 27
2026/07/17 01:13:05.777, 4964, 27
2026/07/17 01:13:05.877, 4964, 27
2026/07/17 01:13:05.977, 4964, 27
2026/07/17 01:13:06.077, 4964, 27
2026/07/17 01:13:06.177, 4964, 27
2026/07/17 01:13:06.277, 4964, 27
2026/07/17 01:13:06.377, 4964, 27
2026/07/17 01:13:06.478, 4964, 27
2026/07/17 01:13:06.578, 4964, 27
2026/07/17 01:13:06.678, 4964, 27
2026/07/17 01:13:06.778, 4964, 27
2026/07/17 01:13:06.878, 4964, 27
2026/07/17 01:13:06.978, 4964, 27
2026/07/17 01:13:07.078, 4964, 27
2026/07/17 01:13:07.178, 4964, 27
2026/07/17 01:13:07.278, 4964, 27
2026/07/17 01:13:07.378, 4964, 27
2026/07/17 01:13:07.479, 4964, 27
2026/07/17 01:13:07.579, 4964, 27
2026/07/17 01:13:07.679, 4964, 27
2026/07/17 01:13:07.779, 4964, 27
2026/07/17 01:13:07.879, 4964, 27
2026/07/17 01:13:07.979, 4964, 27
2026/07/17 01:13:08.079, 4964, 27
2026/07/17 01:13:08.179, 4964, 28
2026/07/17 01:13:08.279, 4964, 28
2026/07/17 01:13:08.380, 4964, 28
2026/07/17 01:13:08.480, 4964, 28
2026/07/17 01:13:08.580, 4964, 28
2026/07/17 01:13:08.680, 4964, 28
2026/07/17 01:13:08.780, 4964, 28
2026/07/17 01:13:08.880, 4964, 28
2026/07/17 01:13:08.980, 4964, 28
2026/07/17 01:13:09.080, 4964, 28
2026/07/17 01:13:09.180, 4964, 27
2026/07/17 01:13:09.280, 4964, 27
2026/07/17 01:13:09.381, 4964, 27
2026/07/17 01:13:09.481, 4964, 27
2026/07/17 01:13:09.581, 4964, 27
2026/07/17 01:13:09.681, 4964, 27
2026/07/17 01:13:09.781, 4964, 27
2026/07/17 01:13:09.881, 4964, 27
2026/07/17 01:13:09.981, 4964, 27
2026/07/17 01:13:10.081, 4964, 27
2026/07/17 01:13:10.181, 4964, 28
2026/07/17 01:13:10.281, 4964, 28
2026/07/17 01:13:10.382, 4964, 28
2026/07/17 01:13:10.482, 4964, 28
2026/07/17 01:13:10.582, 4964, 28
2026/07/17 01:13:10.682, 4964, 28
2026/07/17 01:13:10.782, 4964, 28
2026/07/17 01:13:10.882, 4964, 28
2026/07/17 01:13:10.982, 4964, 28
2026/07/17 01:13:11.082, 4964, 28
2026/07/17 01:13:11.182, 4964, 24
2026/07/17 01:13:11.283, 4964, 24
2026/07/17 01:13:11.383, 4964, 24
2026/07/17 01:13:11.483, 4964, 24
2026/07/17 01:13:11.583, 4964, 24
2026/07/17 01:13:11.683, 4964, 24
2026/07/17 01:13:11.783, 4964, 24
2026/07/17 01:13:11.883, 4964, 24
2026/07/17 01:13:11.983, 4964, 24
2026/07/17 01:13:12.083, 4964, 24
2026/07/17 01:13:12.183, 4964, 28
2026/07/17 01:13:12.284, 4964, 28
2026/07/17 01:13:12.384, 4964, 28
2026/07/17 01:13:12.484, 4964, 28
2026/07/17 01:13:12.584, 4964, 28
2026/07/17 01:13:12.684, 4964, 28
2026/07/17 01:13:12.784, 4964, 28
2026/07/17 01:13:12.884, 4964, 28
2026/07/17 01:13:12.984, 4964, 28
2026/07/17 01:13:13.084, 4964, 28
2026/07/17 01:13:13.185, 4964, 28
2026/07/17 01:13:13.285, 4964, 28
2026/07/17 01:13:13.385, 4964, 28
2026/07/17 01:13:13.485, 4964, 28
2026/07/17 01:13:13.585, 4964, 28
2026/07/17 01:13:13.685, 4964, 28
2026/07/17 01:13:13.785, 4964, 28
2026/07/17 01:13:13.885, 4964, 28
2026/07/17 01:13:13.985, 4964, 28
2026/07/17 01:13:14.085, 4964, 28
2026/07/17 01:13:14.186, 4964, 27
2026/07/17 01:13:14.286, 4964, 27
2026/07/17 01:13:14.386, 4964, 27
2026/07/17 01:13:14.486, 4964, 27
2026/07/17 01:13:14.586, 4964, 27
2026/07/17 01:13:14.686, 4964, 27
2026/07/17 01:13:14.786, 4964, 27
2026/07/17 01:13:14.886, 4964, 27
2026/07/17 01:13:14.986, 4964, 27
2026/07/17 01:13:15.086, 4964, 27
2026/07/17 01:13:15.187, 4964, 26
2026/07/17 01:13:15.287, 4964, 26
2026/07/17 01:13:15.387, 4964, 26
2026/07/17 01:13:15.487, 4964, 26
2026/07/17 01:13:15.587, 4964, 26
2026/07/17 01:13:15.687, 4964, 26
2026/07/17 01:13:15.787, 4964, 26
2026/07/17 01:13:15.887, 4964, 26
2026/07/17 01:13:15.987, 4964, 26
2026/07/17 01:13:16.087, 4964, 26
2026/07/17 01:13:16.188, 4964, 26
2026/07/17 01:13:16.288, 4964, 26
2026/07/17 01:13:16.388, 4964, 26
2026/07/17 01:13:16.488, 4964, 26
2026/07/17 01:13:16.588, 4964, 26
2026/07/17 01:13:16.688, 4964, 26
2026/07/17 01:13:16.788, 4964, 26
2026/07/17 01:13:16.888, 4964, 26
2026/07/17 01:13:16.988, 4964, 26
2026/07/17 01:13:17.089, 4964, 26
2026/07/17 01:13:17.189, 4964, 27
2026/07/17 01:13:17.289, 4964, 27
2026/07/17 01:13:17.389, 4964, 27
2026/07/17 01:13:17.489, 4964, 27
2026/07/17 01:13:17.589, 4964, 27
2026/07/17 01:13:17.689, 4964, 27
2026/07/17 01:13:17.789, 4964, 27
2026/07/17 01:13:17.889, 4964, 27
2026/07/17 01:13:17.989, 4964, 27
2026/07/17 01:13:18.090, 4964, 27
2026/07/17 01:13:18.190, 4964, 27
2026/07/17 01:13:18.290, 4964, 27
2026/07/17 01:13:18.390, 4964, 27
2026/07/17 01:13:18.490, 4964, 27
2026/07/17 01:13:18.590, 4964, 27
2026/07/17 01:13:18.690, 4964, 27
2026/07/17 01:13:18.790, 4964, 27
2026/07/17 01:13:18.890, 4964, 27
2026/07/17 01:13:18.990, 4964, 27
2026/07/17 01:13:19.091, 4964, 27
2026/07/17 01:13:19.191, 4964, 27
2026/07/17 01:13:19.291, 4964, 27
2026/07/17 01:13:19.391, 4964, 27
2026/07/17 01:13:19.491, 4964, 27
2026/07/17 01:13:19.591, 4964, 27
2026/07/17 01:13:19.691, 4966, 27
2026/07/17 01:13:19.791, 4966, 27
2026/07/17 01:13:19.891, 4966, 27
2026/07/17 01:13:19.991, 4966, 27
2026/07/17 01:13:20.092, 4966, 27
2026/07/17 01:13:20.192, 4966, 28
2026/07/17 01:13:20.292, 4966, 28
2026/07/17 01:13:20.392, 4966, 28
2026/07/17 01:13:20.492, 4966, 28
2026/07/17 01:13:20.592, 4966, 28
2026/07/17 01:13:20.692, 4966, 28
2026/07/17 01:13:20.792, 4966, 28
2026/07/17 01:13:20.892, 4966, 28
2026/07/17 01:13:20.992, 4966, 28
2026/07/17 01:13:21.092, 4966, 28
2026/07/17 01:13:21.193, 4966, 28
2026/07/17 01:13:21.293, 4966, 28
2026/07/17 01:13:21.393, 4966, 28
2026/07/17 01:13:21.493, 4966, 28
2026/07/17 01:13:21.593, 4968, 28
2026/07/17 01:13:21.693, 4968, 28
2026/07/17 01:13:21.793, 4968, 28
2026/07/17 01:13:21.893, 4968, 28
2026/07/17 01:13:21.993, 4968, 28
2026/07/17 01:13:22.093, 4968, 28
2026/07/17 01:13:22.194, 4968, 27
2026/07/17 01:13:22.294, 4968, 27
2026/07/17 01:13:22.394, 4968, 27
2026/07/17 01:13:22.494, 4968, 27
2026/07/17 01:13:22.594, 4968, 27
2026/07/17 01:13:22.694, 4968, 27
2026/07/17 01:13:22.794, 4968, 27
2026/07/17 01:13:22.894, 4968, 27
2026/07/17 01:13:22.994, 4968, 27
2026/07/17 01:13:23.094, 4968, 27
2026/07/17 01:13:23.195, 4968, 27
2026/07/17 01:13:23.295, 4968, 27
2026/07/17 01:13:23.395, 4970, 27
2026/07/17 01:13:23.495, 4970, 27
2026/07/17 01:13:23.595, 4970, 27
2026/07/17 01:13:23.695, 4970, 27
2026/07/17 01:13:23.795, 4970, 27
2026/07/17 01:13:23.895, 4970, 27
2026/07/17 01:13:23.995, 4970, 27
2026/07/17 01:13:24.095, 4970, 27
2026/07/17 01:13:24.196, 4970, 27
2026/07/17 01:13:24.296, 4970, 27
2026/07/17 01:13:24.396, 4970, 27
2026/07/17 01:13:24.496, 4970, 27
2026/07/17 01:13:24.596, 4970, 27
2026/07/17 01:13:24.696, 4970, 27
2026/07/17 01:13:24.796, 4970, 27
2026/07/17 01:13:24.896, 4970, 27
2026/07/17 01:13:24.996, 4970, 27
2026/07/17 01:13:25.096, 4972, 27
2026/07/17 01:13:25.197, 4972, 27
2026/07/17 01:13:25.297, 4972, 27
2026/07/17 01:13:25.397, 4972, 27
2026/07/17 01:13:25.497, 4972, 27
2026/07/17 01:13:25.597, 4972, 27
2026/07/17 01:13:25.697, 4972, 27
2026/07/17 01:13:25.797, 4972, 27
2026/07/17 01:13:25.897, 4972, 27
2026/07/17 01:13:25.997, 4972, 27
2026/07/17 01:13:26.097, 4972, 27
2026/07/17 01:13:26.197, 4972, 28
2026/07/17 01:13:26.298, 4972, 28
2026/07/17 01:13:26.398, 4972, 28
2026/07/17 01:13:26.498, 4972, 28
2026/07/17 01:13:26.598, 4972, 28
2026/07/17 01:13:26.698, 4972, 28
2026/07/17 01:13:26.798, 4972, 28
2026/07/17 01:13:26.898, 4972, 28
2026/07/17 01:13:26.998, 4974, 28
2026/07/17 01:13:27.098, 4974, 28
2026/07/17 01:13:27.199, 4974, 28
2026/07/17 01:13:27.299, 4974, 28
2026/07/17 01:13:27.399, 4974, 28
2026/07/17 01:13:27.499, 4974, 28
2026/07/17 01:13:27.599, 4974, 28
2026/07/17 01:13:27.699, 4974, 28
2026/07/17 01:13:27.799, 4974, 28
2026/07/17 01:13:27.899, 4974, 28
2026/07/17 01:13:27.999, 4974, 28
2026/07/17 01:13:28.099, 4974, 28
2026/07/17 01:13:28.200, 4974, 28
2026/07/17 01:13:28.300, 4974, 28
2026/07/17 01:13:28.400, 4974, 28
2026/07/17 01:13:28.500, 4974, 28
2026/07/17 01:13:28.600, 4974, 28
2026/07/17 01:13:28.700, 4974, 28
2026/07/17 01:13:28.800, 4974, 28
2026/07/17 01:13:28.900, 4976, 28
2026/07/17 01:13:29.000, 4976, 28
2026/07/17 01:13:29.101, 4976, 28
2026/07/17 01:13:29.201, 4976, 28
2026/07/17 01:13:29.301, 4976, 28
2026/07/17 01:13:29.401, 4976, 28
2026/07/17 01:13:29.501, 4976, 28
2026/07/17 01:13:29.601, 4976, 28
2026/07/17 01:13:29.701, 4976, 28
2026/07/17 01:13:29.801, 4976, 28
2026/07/17 01:13:29.901, 4976, 28
2026/07/17 01:13:30.002, 4976, 28
2026/07/17 01:13:30.102, 4976, 28
2026/07/17 01:13:30.202, 4976, 26
2026/07/17 01:13:30.302, 4976, 26
2026/07/17 01:13:30.402, 4976, 26
2026/07/17 01:13:30.502, 4976, 26
2026/07/17 01:13:30.602, 4976, 26
2026/07/17 01:13:30.702, 4978, 26
2026/07/17 01:13:30.802, 4978, 26
2026/07/17 01:13:30.903, 4978, 26
2026/07/17 01:13:31.003, 4978, 26
2026/07/17 01:13:31.103, 4978, 26
2026/07/17 01:13:31.203, 4978, 28
2026/07/17 01:13:31.303, 4978, 28
2026/07/17 01:13:31.403, 4978, 28
2026/07/17 01:13:31.503, 4978, 28
2026/07/17 01:13:31.603, 4978, 28
2026/07/17 01:13:31.703, 4978, 28
2026/07/17 01:13:31.804, 4978, 28
2026/07/17 01:13:31.904, 4978, 28
2026/07/17 01:13:32.004, 4978, 28
2026/07/17 01:13:32.104, 4978, 28
2026/07/17 01:13:32.204, 4978, 27
2026/07/17 01:13:32.304, 4978, 27
2026/07/17 01:13:32.404, 4978, 27
2026/07/17 01:13:32.504, 4980, 27
2026/07/17 01:13:32.604, 4980, 27
2026/07/17 01:13:32.705, 4980, 27
2026/07/17 01:13:32.805, 4980, 27
2026/07/17 01:13:32.905, 4980, 27
2026/07/17 01:13:33.005, 4980, 27
2026/07/17 01:13:33.105, 4980, 27
2026/07/17 01:13:33.205, 4980, 28
2026/07/17 01:13:33.305, 4980, 28
2026/07/17 01:13:33.405, 4980, 28
2026/07/17 01:13:33.505, 4980, 28
2026/07/17 01:13:33.606, 4980, 28
2026/07/17 01:13:33.706, 4980, 28
2026/07/17 01:13:33.806, 4980, 28
2026/07/17 01:13:33.906, 4980, 28
2026/07/17 01:13:34.006, 4980, 28
2026/07/17 01:13:34.106, 4980, 28
2026/07/17 01:13:34.206, 4982, 27
2026/07/17 01:13:34.306, 4982, 27
2026/07/17 01:13:34.406, 4982, 27
2026/07/17 01:13:34.506, 4982, 27
2026/07/17 01:13:34.607, 4982, 27
2026/07/17 01:13:34.707, 4982, 27
2026/07/17 01:13:34.807, 4982, 27
2026/07/17 01:13:34.907, 4982, 27
2026/07/17 01:13:35.007, 4982, 27
2026/07/17 01:13:35.107, 4982, 27
2026/07/17 01:13:35.207, 4982, 27
2026/07/17 01:13:35.307, 4982, 27
2026/07/17 01:13:35.407, 4982, 27
2026/07/17 01:13:35.508, 4982, 27
2026/07/17 01:13:35.608, 4982, 27
2026/07/17 01:13:35.708, 4982, 27
2026/07/17 01:13:35.808, 4982, 27
2026/07/17 01:13:35.908, 4984, 27
2026/07/17 01:13:36.008, 4984, 27
2026/07/17 01:13:36.108, 4984, 27
2026/07/17 01:13:36.208, 4984, 27
2026/07/17 01:13:36.308, 4984, 27
2026/07/17 01:13:36.408, 4984, 27
2026/07/17 01:13:36.509, 4984, 27
2026/07/17 01:13:36.609, 4984, 27
2026/07/17 01:13:36.709, 4984, 27
2026/07/17 01:13:36.809, 4984, 27
2026/07/17 01:13:36.909, 4984, 27
2026/07/17 01:13:37.009, 4984, 27
2026/07/17 01:13:37.109, 4984, 27
2026/07/17 01:13:37.209, 4984, 27
2026/07/17 01:13:37.309, 4984, 27
2026/07/17 01:13:37.410, 4984, 27
2026/07/17 01:13:37.510, 4984, 27
2026/07/17 01:13:37.610, 4984, 27
2026/07/17 01:13:37.710, 4984, 27
2026/07/17 01:13:37.810, 4984, 27
2026/07/17 01:13:37.910, 4986, 27
2026/07/17 01:13:38.010, 4986, 27
2026/07/17 01:13:38.110, 4986, 27
2026/07/17 01:13:38.210, 4986, 28
2026/07/17 01:13:38.311, 4986, 28
2026/07/17 01:13:38.411, 4986, 28
2026/07/17 01:13:38.511, 4986, 28
2026/07/17 01:13:38.611, 4986, 28
2026/07/17 01:13:38.711, 4986, 28
2026/07/17 01:13:38.811, 4986, 28
2026/07/17 01:13:38.911, 4986, 28
2026/07/17 01:13:39.011, 4986, 28
2026/07/17 01:13:39.111, 4986, 28
2026/07/17 01:13:39.212, 4986, 28
2026/07/17 01:13:39.312, 4986, 28
2026/07/17 01:13:39.412, 4986, 28
2026/07/17 01:13:39.512, 4986, 28
2026/07/17 01:13:39.612, 4988, 28
2026/07/17 01:13:39.712, 4988, 28
2026/07/17 01:13:39.812, 4988, 28
2026/07/17 01:13:39.912, 4988, 28
2026/07/17 01:13:40.012, 4988, 28
2026/07/17 01:13:40.113, 4988, 28
2026/07/17 01:13:40.213, 4988, 26
2026/07/17 01:13:40.313, 4988, 26
2026/07/17 01:13:40.413, 4988, 26
2026/07/17 01:13:40.513, 4988, 26
2026/07/17 01:13:40.613, 4988, 26
2026/07/17 01:13:40.713, 4988, 26
2026/07/17 01:13:40.813, 4988, 26
2026/07/17 01:13:40.913, 4988, 26
2026/07/17 01:13:41.014, 4988, 26
2026/07/17 01:13:41.114, 4988, 26
2026/07/17 01:13:41.214, 4988, 27
2026/07/17 01:13:41.314, 4990, 27
2026/07/17 01:13:41.414, 4990, 27
2026/07/17 01:13:41.514, 4990, 27
2026/07/17 01:13:41.614, 4990, 27
2026/07/17 01:13:41.714, 4990, 27
2026/07/17 01:13:41.814, 4990, 27
2026/07/17 01:13:41.914, 4990, 27
2026/07/17 01:13:42.015, 4990, 27
2026/07/17 01:13:42.115, 4990, 27
2026/07/17 01:13:42.215, 4990, 28
2026/07/17 01:13:42.315, 4990, 28
2026/07/17 01:13:42.415, 4990, 28
2026/07/17 01:13:42.515, 4990, 28
2026/07/17 01:13:42.615, 4990, 28
2026/07/17 01:13:42.715, 4990, 28
2026/07/17 01:13:42.815, 4990, 28
2026/07/17 01:13:42.915, 4990, 28
2026/07/17 01:13:43.016, 4990, 28
2026/07/17 01:13:43.116, 4992, 28
2026/07/17 01:13:43.216, 4992, 26
2026/07/17 01:13:43.316, 4992, 26
2026/07/17 01:13:43.416, 4992, 26
2026/07/17 01:13:43.516, 4992, 26
2026/07/17 01:13:43.616, 4992, 26
2026/07/17 01:13:43.716, 4992, 26
2026/07/17 01:13:43.817, 4992, 26
2026/07/17 01:13:43.917, 4992, 26
2026/07/17 01:13:44.017, 4992, 26
2026/07/17 01:13:44.117, 4992, 26
2026/07/17 01:13:44.217, 4992, 26
2026/07/17 01:13:44.317, 4992, 26
2026/07/17 01:13:44.417, 4992, 26
2026/07/17 01:13:44.517, 4992, 26
2026/07/17 01:13:44.617, 4992, 26
2026/07/17 01:13:44.717, 4992, 26
2026/07/17 01:13:44.818, 4992, 26
2026/07/17 01:13:44.918, 4994, 26
2026/07/17 01:13:45.018, 4994, 26
2026/07/17 01:13:45.118, 4994, 26
2026/07/17 01:13:45.218, 4994, 26
2026/07/17 01:13:45.318, 4994, 26
2026/07/17 01:13:45.418, 4994, 26
2026/07/17 01:13:45.518, 4994, 26
2026/07/17 01:13:45.618, 4994, 26
2026/07/17 01:13:45.719, 4994, 26
2026/07/17 01:13:45.819, 4994, 26
2026/07/17 01:13:45.919, 4994, 26
2026/07/17 01:13:46.019, 4994, 26
2026/07/17 01:13:46.119, 4994, 26
2026/07/17 01:13:46.219, 4994, 28
2026/07/17 01:13:46.319, 4994, 28
2026/07/17 01:13:46.419, 4994, 28
2026/07/17 01:13:46.519, 4994, 28
2026/07/17 01:13:46.620, 4994, 28
2026/07/17 01:13:46.720, 4996, 28
2026/07/17 01:13:46.820, 4996, 28
2026/07/17 01:13:46.920, 4996, 28
2026/07/17 01:13:47.020, 4996, 28
2026/07/17 01:13:47.120, 4996, 28
2026/07/17 01:13:47.220, 4996, 27
2026/07/17 01:13:47.320, 4996, 27
2026/07/17 01:13:47.420, 4996, 27
2026/07/17 01:13:47.521, 4996, 27
2026/07/17 01:13:47.621, 4996, 27
2026/07/17 01:13:47.721, 4996, 27
2026/07/17 01:13:47.821, 4996, 27
2026/07/17 01:13:47.921, 4996, 27
2026/07/17 01:13:48.021, 4996, 27
2026/07/17 01:13:48.121, 4996, 27
2026/07/17 01:13:48.221, 4996, 28
2026/07/17 01:13:48.321, 4996, 28
2026/07/17 01:13:48.421, 4996, 28
2026/07/17 01:13:48.521, 4996, 28
2026/07/17 01:13:48.622, 4998, 28
2026/07/17 01:13:48.722, 4998, 28
2026/07/17 01:13:48.822, 4998, 28
2026/07/17 01:13:48.922, 4998, 28
2026/07/17 01:13:49.022, 4998, 28
2026/07/17 01:13:49.122, 4998, 28
2026/07/17 01:13:49.222, 4998, 26
2026/07/17 01:13:49.322, 4998, 26
2026/07/17 01:13:49.422, 4998, 26
2026/07/17 01:13:49.523, 4998, 26
2026/07/17 01:13:49.623, 4998, 26
2026/07/17 01:13:49.723, 4998, 26
2026/07/17 01:13:49.823, 4998, 26
2026/07/17 01:13:49.923, 4998, 26
2026/07/17 01:13:50.023, 4998, 26
2026/07/17 01:13:50.123, 4998, 26
2026/07/17 01:13:50.223, 4998, 28
2026/07/17 01:13:50.323, 4998, 28
2026/07/17 01:13:50.423, 5000, 28
2026/07/17 01:13:50.524, 5000, 28
2026/07/17 01:13:50.624, 5000, 28
2026/07/17 01:13:50.724, 5000, 28
2026/07/17 01:13:50.824, 5000, 28
2026/07/17 01:13:50.924, 5000, 28
2026/07/17 01:13:51.024, 5000, 28
2026/07/17 01:13:51.124, 5000, 28
2026/07/17 01:13:51.224, 5000, 25
2026/07/17 01:13:51.324, 5000, 25
2026/07/17 01:13:51.425, 5000, 25
2026/07/17 01:13:51.525, 5000, 25
2026/07/17 01:13:51.625, 5000, 25
2026/07/17 01:13:51.725, 5000, 25
2026/07/17 01:13:51.825, 5000, 25
2026/07/17 01:13:51.925, 5000, 25
2026/07/17 01:13:52.025, 5000, 25
2026/07/17 01:13:52.125, 5000, 25
2026/07/17 01:13:52.225, 5002, 28
2026/07/17 01:13:52.325, 5002, 28
2026/07/17 01:13:52.426, 5002, 28
2026/07/17 01:13:52.526, 5002, 28
2026/07/17 01:13:52.626, 5002, 28
2026/07/17 01:13:52.726, 5002, 28
2026/07/17 01:13:52.826, 5002, 28
2026/07/17 01:13:52.926, 5002, 28
2026/07/17 01:13:53.026, 5002, 28
2026/07/17 01:13:53.126, 5002, 28
2026/07/17 01:13:53.226, 5002, 28
2026/07/17 01:13:53.327, 5002, 28
2026/07/17 01:13:53.427, 5002, 28
2026/07/17 01:13:53.527, 5002, 28
2026/07/17 01:13:53.627, 5002, 28
2026/07/17 01:13:53.727, 5002, 28
2026/07/17 01:13:53.827, 5002, 28
2026/07/17 01:13:53.927, 5002, 28
2026/07/17 01:13:54.027, 5004, 28
2026/07/17 01:13:54.127, 5004, 28
2026/07/17 01:13:54.227, 5004, 28
2026/07/17 01:13:54.328, 5004, 28
2026/07/17 01:13:54.428, 5004, 28
2026/07/17 01:13:54.528, 5004, 28
2026/07/17 01:13:54.628, 5004, 28
2026/07/17 01:13:54.728, 5004, 28
2026/07/17 01:13:54.828, 5004, 28
2026/07/17 01:13:54.928, 5004, 28
2026/07/17 01:13:55.028, 5004, 28
2026/07/17 01:13:55.128, 5004, 28
2026/07/17 01:13:55.228, 5004, 28
2026/07/17 01:13:55.329, 5004, 28
2026/07/17 01:13:55.429, 5004, 28
2026/07/17 01:13:55.529, 5004, 28
2026/07/17 01:13:55.629, 5004, 28
2026/07/17 01:13:55.729, 5004, 28
2026/07/17 01:13:55.829, 5006, 28
2026/07/17 01:13:55.929, 5006, 28
2026/07/17 01:13:56.029, 5006, 28
2026/07/17 01:13:56.130, 5006, 28
2026/07/17 01:13:56.230, 5006, 27
2026/07/17 01:13:56.330, 5006, 27
2026/07/17 01:13:56.430, 5006, 27
2026/07/17 01:13:56.530, 5006, 27
2026/07/17 01:13:56.630, 5006, 27
2026/07/17 01:13:56.730, 5006, 27
2026/07/17 01:13:56.830, 5006, 27
2026/07/17 01:13:56.930, 5006, 27
2026/07/17 01:13:57.030, 5006, 27
2026/07/17 01:13:57.131, 5006, 27
2026/07/17 01:13:57.231, 5006, 28
2026/07/17 01:13:57.331, 5006, 28
2026/07/17 01:13:57.431, 5006, 28
2026/07/17 01:13:57.531, 5006, 28
2026/07/17 01:13:57.631, 5008, 28
2026/07/17 01:13:57.731, 5008, 28
2026/07/17 01:13:57.831, 5008, 28
2026/07/17 01:13:57.931, 5008, 28
2026/07/17 01:13:58.032, 5008, 28
2026/07/17 01:13:58.132, 5008, 28
2026/07/17 01:13:58.232, 5008, 26
2026/07/17 01:13:58.332, 5008, 26
2026/07/17 01:13:58.432, 5008, 26
2026/07/17 01:13:58.532, 5008, 26
2026/07/17 01:13:58.632, 5008, 26
2026/07/17 01:13:58.732, 5008, 26
2026/07/17 01:13:58.832, 5008, 26
2026/07/17 01:13:58.932, 5008, 26
2026/07/17 01:13:59.033, 5008, 26
2026/07/17 01:13:59.133, 5008, 28
2026/07/17 01:13:59.233, 5008, 28
2026/07/17 01:13:59.333, 5008, 28
2026/07/17 01:13:59.433, 5010, 28
2026/07/17 01:13:59.533, 5010, 28
2026/07/17 01:13:59.633, 5010, 28
2026/07/17 01:13:59.733, 5010, 28
2026/07/17 01:13:59.833, 5010, 28
2026/07/17 01:13:59.933, 5010, 28
2026/07/17 01:14:00.034, 5010, 28
2026/07/17 01:14:00.134, 5010, 27
2026/07/17 01:14:00.234, 5010, 27
2026/07/17 01:14:00.334, 5010, 27
2026/07/17 01:14:00.434, 5010, 27
2026/07/17 01:14:00.534, 5010, 27
2026/07/17 01:14:00.634, 5010, 27
2026/07/17 01:14:00.734, 5010, 27
2026/07/17 01:14:00.834, 5010, 27
2026/07/17 01:14:00.934, 5010, 27
2026/07/17 01:14:01.035, 5010, 27
2026/07/17 01:14:01.135, 5010, 27
2026/07/17 01:14:01.235, 5012, 27
2026/07/17 01:14:01.335, 5012, 27
2026/07/17 01:14:01.435, 5012, 27
2026/07/17 01:14:01.535, 5012, 27
2026/07/17 01:14:01.635, 5012, 27
2026/07/17 01:14:01.735, 5012, 27
2026/07/17 01:14:01.835, 5012, 27
2026/07/17 01:14:01.936, 5012, 27
2026/07/17 01:14:02.036, 5012, 27
2026/07/17 01:14:02.136, 5012, 28
2026/07/17 01:14:02.236, 5012, 28
2026/07/17 01:14:02.336, 5012, 28
2026/07/17 01:14:02.436, 5012, 28
2026/07/17 01:14:02.536, 5012, 28
2026/07/17 01:14:02.636, 5012, 28
2026/07/17 01:14:02.736, 5012, 28
2026/07/17 01:14:02.837, 5012, 28
2026/07/17 01:14:02.937, 5012, 28
2026/07/17 01:14:03.037, 5014, 28
2026/07/17 01:14:03.137, 5014, 26
2026/07/17 01:14:03.237, 5014, 26
2026/07/17 01:14:03.337, 5014, 26
2026/07/17 01:14:03.437, 5014, 26
2026/07/17 01:14:03.537, 5014, 26
2026/07/17 01:14:03.637, 5014, 26
2026/07/17 01:14:03.738, 5014, 26
2026/07/17 01:14:03.838, 5014, 26
2026/07/17 01:14:03.938, 5014, 26
2026/07/17 01:14:04.038, 5014, 26
2026/07/17 01:14:04.138, 5014, 25
2026/07/17 01:14:04.238, 5014, 25
2026/07/17 01:14:04.338, 5014, 25
2026/07/17 01:14:04.438, 5014, 25
2026/07/17 01:14:04.538, 5014, 25
2026/07/17 01:14:04.638, 5014, 25
2026/07/17 01:14:04.739, 5014, 25
2026/07/17 01:14:04.839, 5016, 25
2026/07/17 01:14:04.939, 5016, 25
2026/07/17 01:14:05.039, 5016, 25
2026/07/17 01:14:05.139, 5016, 27
2026/07/17 01:14:05.239, 5016, 27
2026/07/17 01:14:05.339, 5016, 27
2026/07/17 01:14:05.439, 5016, 27
2026/07/17 01:14:05.539, 5016, 27
2026/07/17 01:14:05.640, 5016, 27
2026/07/17 01:14:05.740, 5016, 27
2026/07/17 01:14:05.840, 5016, 27
2026/07/17 01:14:05.940, 5016, 27
2026/07/17 01:14:06.040, 5016, 27
2026/07/17 01:14:06.140, 5016, 27
2026/07/17 01:14:06.240, 5016, 27
2026/07/17 01:14:06.340, 5016, 27
2026/07/17 01:14:06.440, 5016, 27
2026/07/17 01:14:06.540, 5016, 27
2026/07/17 01:14:06.641, 5018, 27
2026/07/17 01:14:06.741, 5018, 27
2026/07/17 01:14:06.841, 5018, 27
2026/07/17 01:14:06.941, 5018, 27
2026/07/17 01:14:07.041, 5018, 27
2026/07/17 01:14:07.141, 5018, 27
2026/07/17 01:14:07.241, 5018, 27
2026/07/17 01:14:07.341, 5018, 27
2026/07/17 01:14:07.441, 5018, 27
2026/07/17 01:14:07.541, 5018, 27
2026/07/17 01:14:07.642, 5018, 27
2026/07/17 01:14:07.742, 5018, 27
2026/07/17 01:14:07.842, 5018, 27
2026/07/17 01:14:07.942, 5018, 27
2026/07/17 01:14:08.042, 5018, 27
2026/07/17 01:14:08.142, 5018, 27
2026/07/17 01:14:08.242, 5018, 27
2026/07/17 01:14:08.342, 5018, 27
2026/07/17 01:14:08.442, 5018, 27
2026/07/17 01:14:08.543, 5020, 27
2026/07/17 01:14:08.643, 5020, 27
2026/07/17 01:14:08.743, 5020, 27
2026/07/17 01:14:08.843, 5020, 27
2026/07/17 01:14:08.943, 5020, 27
2026/07/17 01:14:09.043, 5020, 27
2026/07/17 01:14:09.143, 5020, 28
2026/07/17 01:14:09.243, 5020, 28
2026/07/17 01:14:09.343, 5020, 28
2026/07/17 01:14:09.443, 5020, 28
2026/07/17 01:14:09.544, 5020, 28
2026/07/17 01:14:09.644, 5020, 28
2026/07/17 01:14:09.744, 5020, 28
2026/07/17 01:14:09.844, 5020, 28
2026/07/17 01:14:09.944, 5020, 28
2026/07/17 01:14:10.044, 5020, 28
2026/07/17 01:14:10.144, 5020, 27
2026/07/17 01:14:10.244, 5022, 27
2026/07/17 01:14:10.344, 5022, 27
2026/07/17 01:14:10.445, 5022, 27
2026/07/17 01:14:10.545, 5022, 27
2026/07/17 01:14:10.645, 5022, 27
2026/07/17 01:14:10.745, 5022, 27
2026/07/17 01:14:10.845, 5022, 27
2026/07/17 01:14:10.945, 5022, 27
2026/07/17 01:14:11.045, 5022, 27
2026/07/17 01:14:11.145, 5022, 24
2026/07/17 01:14:11.246, 5022, 24
2026/07/17 01:14:11.346, 5022, 24
2026/07/17 01:14:11.446, 5022, 24
2026/07/17 01:14:11.546, 5022, 24
2026/07/17 01:14:11.646, 5022, 24
2026/07/17 01:14:11.746, 5022, 24
2026/07/17 01:14:11.846, 5022, 24
2026/07/17 01:14:11.946, 5022, 24
2026/07/17 01:14:12.046, 5024, 24
2026/07/17 01:14:12.147, 5024, 26
2026/07/17 01:14:12.247, 5024, 26
2026/07/17 01:14:12.347, 5024, 26
2026/07/17 01:14:12.447, 5024, 26
2026/07/17 01:14:12.547, 5024, 26
2026/07/17 01:14:12.647, 5024, 26
2026/07/17 01:14:12.747, 5024, 26
2026/07/17 01:14:12.847, 5024, 26
2026/07/17 01:14:12.947, 5024, 26
2026/07/17 01:14:13.047, 5024, 26
2026/07/17 01:14:13.148, 5024, 26
2026/07/17 01:14:13.248, 5024, 26
2026/07/17 01:14:13.348, 5024, 26
2026/07/17 01:14:13.448, 5024, 26
2026/07/17 01:14:13.548, 5024, 26
2026/07/17 01:14:13.648, 5024, 26
2026/07/17 01:14:13.748, 5024, 26
2026/07/17 01:14:13.848, 5024, 26
2026/07/17 01:14:13.949, 5024, 26
2026/07/17 01:14:14.049, 5024, 26
2026/07/17 01:14:14.149, 5026, 27
2026/07/17 01:14:14.249, 5026, 27
2026/07/17 01:14:14.349, 5026, 27
2026/07/17 01:14:14.449, 5026, 27
2026/07/17 01:14:14.549, 5026, 27
2026/07/17 01:14:14.649, 5026, 27
2026/07/17 01:14:14.749, 5026, 27
2026/07/17 01:14:14.849, 5026, 27
2026/07/17 01:14:14.949, 5026, 27
2026/07/17 01:14:15.050, 5026, 27
2026/07/17 01:14:15.150, 5026, 28
2026/07/17 01:14:15.250, 5026, 28
2026/07/17 01:14:15.350, 5026, 28
2026/07/17 01:14:15.450, 5026, 28
2026/07/17 01:14:15.550, 5026, 28
2026/07/17 01:14:15.650, 5026, 28
2026/07/17 01:14:15.750, 5026, 28
2026/07/17 01:14:15.850, 5026, 28
2026/07/17 01:14:15.950, 5026, 28
2026/07/17 01:14:16.051, 5028, 28
2026/07/17 01:14:16.151, 5028, 26
2026/07/17 01:14:16.251, 5028, 26
2026/07/17 01:14:16.351, 5028, 26
2026/07/17 01:14:16.451, 5028, 26
2026/07/17 01:14:16.551, 5028, 26
2026/07/17 01:14:16.651, 5028, 26
2026/07/17 01:14:16.751, 5028, 26
2026/07/17 01:14:16.851, 5028, 26
2026/07/17 01:14:16.952, 5028, 26
2026/07/17 01:14:17.052, 5028, 26
2026/07/17 01:14:17.152, 5028, 27
2026/07/17 01:14:17.252, 5028, 27
2026/07/17 01:14:17.352, 5028, 27
2026/07/17 01:14:17.452, 5028, 27
2026/07/17 01:14:17.552, 5028, 27
2026/07/17 01:14:17.652, 5028, 27
2026/07/17 01:14:17.752, 5028, 27
2026/07/17 01:14:17.853, 5030, 27
2026/07/17 01:14:17.953, 5030, 27
2026/07/17 01:14:18.053, 5030, 27
2026/07/17 01:14:18.153, 5030, 28
2026/07/17 01:14:18.253, 5030, 28
2026/07/17 01:14:18.353, 5030, 28
2026/07/17 01:14:18.453, 5030, 28
2026/07/17 01:14:18.553, 5030, 28
2026/07/17 01:14:18.654, 5030, 28
2026/07/17 01:14:18.754, 5030, 28
2026/07/17 01:14:18.854, 5030, 28
2026/07/17 01:14:18.954, 5030, 28
2026/07/17 01:14:19.054, 5030, 28
2026/07/17 01:14:19.154, 5030, 27
2026/07/17 01:14:19.254, 5030, 27
2026/07/17 01:14:19.354, 5030, 27
2026/07/17 01:14:19.455, 5030, 27
2026/07/17 01:14:19.555, 5030, 27
2026/07/17 01:14:19.655, 5030, 27
2026/07/17 01:14:19.755, 5032, 27
2026/07/17 01:14:19.855, 5032, 27
2026/07/17 01:14:19.955, 5032, 27
2026/07/17 01:14:20.055, 5032, 27
2026/07/17 01:14:20.155, 5032, 27
2026/07/17 01:14:20.255, 5032, 27
2026/07/17 01:14:20.356, 5032, 27
2026/07/17 01:14:20.456, 5032, 27
2026/07/17 01:14:20.556, 5032, 27
2026/07/17 01:14:20.656, 5032, 27
2026/07/17 01:14:20.756, 5032, 27
2026/07/17 01:14:20.856, 5032, 27
2026/07/17 01:14:20.956, 5032, 27
2026/07/17 01:14:21.056, 5032, 27
2026/07/17 01:14:21.156, 5032, 28
2026/07/17 01:14:21.256, 5032, 28
2026/07/17 01:14:21.357, 5032, 28
2026/07/17 01:14:21.457, 5032, 28
2026/07/17 01:14:21.557, 5034, 28
2026/07/17 01:14:21.657, 5034, 28
2026/07/17 01:14:21.757, 5034, 28
2026/07/17 01:14:21.857, 5034, 28
2026/07/17 01:14:21.957, 5034, 28
2026/07/17 01:14:22.057, 5034, 28
2026/07/17 01:14:22.157, 5034, 27
2026/07/17 01:14:22.257, 5034, 27
2026/07/17 01:14:22.357, 5034, 27
2026/07/17 01:14:22.458, 5034, 27
2026/07/17 01:14:22.558, 5034, 27
2026/07/17 01:14:22.658, 5034, 27
2026/07/17 01:14:22.758, 5034, 27
2026/07/17 01:14:22.858, 5034, 27
2026/07/17 01:14:22.958, 5034, 27
2026/07/17 01:14:23.058, 5034, 27
2026/07/17 01:14:23.158, 5034, 25
2026/07/17 01:14:23.258, 5034, 25
2026/07/17 01:14:23.358, 5034, 25
2026/07/17 01:14:23.459, 5036, 25
2026/07/17 01:14:23.559, 5036, 25
2026/07/17 01:14:23.659, 5036, 25
2026/07/17 01:14:23.759, 5036, 25
2026/07/17 01:14:23.859, 5036, 25
2026/07/17 01:14:23.959, 5036, 25
2026/07/17 01:14:24.059, 5036, 25
2026/07/17 01:14:24.159, 5036, 26
2026/07/17 01:14:24.259, 5036, 26
2026/07/17 01:14:24.359, 5036, 26
2026/07/17 01:14:24.460, 5036, 26
2026/07/17 01:14:24.560, 5036, 26
2026/07/17 01:14:24.660, 5036, 26
2026/07/17 01:14:24.760, 5036, 26
2026/07/17 01:14:24.860, 5036, 26
2026/07/17 01:14:24.960, 5036, 26
2026/07/17 01:14:25.060, 5036, 26
2026/07/17 01:14:25.160, 5038, 27
2026/07/17 01:14:25.260, 5038, 27
2026/07/17 01:14:25.360, 5038, 27
2026/07/17 01:14:25.460, 5038, 27
2026/07/17 01:14:25.560, 5038, 27
2026/07/17 01:14:25.661, 5038, 27
2026/07/17 01:14:25.761, 5038, 27
2026/07/17 01:14:25.861, 5038, 27
2026/07/17 01:14:25.961, 5038, 27
2026/07/17 01:14:26.061, 5038, 27
2026/07/17 01:14:26.161, 5038, 24
2026/07/17 01:14:26.261, 5038, 24
2026/07/17 01:14:26.361, 5038, 24
2026/07/17 01:14:26.461, 5038, 24
2026/07/17 01:14:26.562, 5038, 24
2026/07/17 01:14:26.662, 5038, 24
2026/07/17 01:14:26.762, 5038, 24
2026/07/17 01:14:26.862, 5038, 24
2026/07/17 01:14:26.962, 5040, 24
2026/07/17 01:14:27.062, 5040, 24
2026/07/17 01:14:27.162, 5040, 27
2026/07/17 01:14:27.262, 5040, 27
2026/07/17 01:14:27.362, 5040, 27
2026/07/17 01:14:27.462, 5040, 27
2026/07/17 01:14:27.563, 5040, 27
2026/07/17 01:14:27.663, 5040, 27
2026/07/17 01:14:27.763, 5040, 27
2026/07/17 01:14:27.863, 5040, 27
2026/07/17 01:14:27.963, 5040, 27
2026/07/17 01:14:28.063, 5040, 27
2026/07/17 01:14:28.163, 5040, 28
2026/07/17 01:14:28.263, 5040, 28
2026/07/17 01:14:28.363, 5040, 28
2026/07/17 01:14:28.464, 5040, 28
2026/07/17 01:14:28.564, 5040, 28
2026/07/17 01:14:28.664, 5040, 28
2026/07/17 01:14:28.764, 5040, 28
2026/07/17 01:14:28.864, 5040, 28
2026/07/17 01:14:28.964, 5042, 28
2026/07/17 01:14:29.064, 5042, 28
2026/07/17 01:14:29.164, 5042, 26
2026/07/17 01:14:29.264, 5042, 26
2026/07/17 01:14:29.365, 5042, 26
2026/07/17 01:14:29.465, 5042, 26
2026/07/17 01:14:29.565, 5042, 26
2026/07/17 01:14:29.665, 5042, 26
2026/07/17 01:14:29.765, 5042, 26
2026/07/17 01:14:29.865, 5042, 26
2026/07/17 01:14:29.965, 5042, 26
2026/07/17 01:14:30.065, 5042, 26
2026/07/17 01:14:30.165, 5042, 28
2026/07/17 01:14:30.266, 5042, 28
2026/07/17 01:14:30.366, 5042, 28
2026/07/17 01:14:30.466, 5042, 28
2026/07/17 01:14:30.566, 5042, 28
2026/07/17 01:14:30.666, 5042, 28
2026/07/17 01:14:30.766, 5044, 28
2026/07/17 01:14:30.866, 5044, 28
2026/07/17 01:14:30.966, 5044, 28
2026/07/17 01:14:31.066, 5044, 28
2026/07/17 01:14:31.167, 5044, 28
2026/07/17 01:14:31.267, 5044, 28
2026/07/17 01:14:31.367, 5044, 28
2026/07/17 01:14:31.467, 5044, 28
2026/07/17 01:14:31.567, 5044, 28
2026/07/17 01:14:31.667, 5044, 28
2026/07/17 01:14:31.767, 5044, 28
2026/07/17 01:14:31.867, 5044, 28
2026/07/17 01:14:31.967, 5044, 28
2026/07/17 01:14:32.068, 5044, 28
2026/07/17 01:14:32.168, 5044, 26
2026/07/17 01:14:32.268, 5044, 26
2026/07/17 01:14:32.368, 5044, 26
2026/07/17 01:14:32.468, 5046, 26
2026/07/17 01:14:32.568, 5046, 26
2026/07/17 01:14:32.668, 5046, 26
2026/07/17 01:14:32.768, 5046, 26
2026/07/17 01:14:32.869, 5046, 26
2026/07/17 01:14:32.969, 5046, 26
2026/07/17 01:14:33.069, 5046, 26
2026/07/17 01:14:33.169, 5046, 28
2026/07/17 01:14:33.269, 5046, 28
2026/07/17 01:14:33.369, 5046, 28
2026/07/17 01:14:33.469, 5046, 28
2026/07/17 01:14:33.569, 5046, 28
2026/07/17 01:14:33.669, 5046, 28
2026/07/17 01:14:33.770, 5046, 28
2026/07/17 01:14:33.870, 5046, 28
2026/07/17 01:14:33.970, 5046, 28
2026/07/17 01:14:34.070, 5046, 28
2026/07/17 01:14:34.170, 5046, 27
2026/07/17 01:14:34.270, 5046, 27
2026/07/17 01:14:34.370, 5048, 27
2026/07/17 01:14:34.470, 5048, 27
2026/07/17 01:14:34.570, 5048, 27
2026/07/17 01:14:34.671, 5048, 27
2026/07/17 01:14:34.771, 5048, 27
2026/07/17 01:14:34.871, 5048, 27
2026/07/17 01:14:34.971, 5048, 27
2026/07/17 01:14:35.071, 5048, 27
2026/07/17 01:14:35.171, 5048, 25
2026/07/17 01:14:35.271, 5048, 25
2026/07/17 01:14:35.371, 5048, 25
2026/07/17 01:14:35.471, 5048, 25
2026/07/17 01:14:35.572, 5048, 25
2026/07/17 01:14:35.672, 5048, 25
2026/07/17 01:14:35.772, 5048, 25
2026/07/17 01:14:35.872, 5048, 25
2026/07/17 01:14:35.972, 5048, 25
2026/07/17 01:14:36.072, 5048, 25
2026/07/17 01:14:36.172, 5050, 28
2026/07/17 01:14:36.272, 5050, 28
2026/07/17 01:14:36.372, 5050, 28
2026/07/17 01:14:36.473, 5050, 28
2026/07/17 01:14:36.573, 5050, 28
2026/07/17 01:14:36.673, 5050, 28
2026/07/17 01:14:36.773, 5050, 28
2026/07/17 01:14:36.873, 5050, 28
2026/07/17 01:14:36.973, 5050, 28
2026/07/17 01:14:37.073, 5050, 28
2026/07/17 01:14:37.173, 5050, 27
2026/07/17 01:14:37.273, 5050, 27
2026/07/17 01:14:37.374, 5050, 27
2026/07/17 01:14:37.474, 5050, 27
2026/07/17 01:14:37.574, 5050, 27
2026/07/17 01:14:37.674, 5050, 27
2026/07/17 01:14:37.774, 5050, 27
2026/07/17 01:14:37.874, 5050, 27
2026/07/17 01:14:37.974, 5052, 27
2026/07/17 01:14:38.074, 5052, 27
2026/07/17 01:14:38.174, 5052, 25
2026/07/17 01:14:38.274, 5052, 25
2026/07/17 01:14:38.375, 5052, 25
2026/07/17 01:14:38.475, 5052, 25
2026/07/17 01:14:38.575, 5052, 25
2026/07/17 01:14:38.675, 5052, 25
2026/07/17 01:14:38.775, 5052, 25
2026/07/17 01:14:38.875, 5052, 25
2026/07/17 01:14:38.975, 5052, 25
2026/07/17 01:14:39.075, 5052, 25
2026/07/17 01:14:39.175, 5052, 28
2026/07/17 01:14:39.276, 5052, 28
2026/07/17 01:14:39.376, 5052, 28
2026/07/17 01:14:39.476, 5052, 28
2026/07/17 01:14:39.576, 5052, 28
2026/07/17 01:14:39.676, 5052, 28
2026/07/17 01:14:39.776, 5052, 28
2026/07/17 01:14:39.876, 5054, 28
2026/07/17 01:14:39.976, 5054, 28
2026/07/17 01:14:40.076, 5054, 28
2026/07/17 01:14:40.176, 5054, 27
2026/07/17 01:14:40.277, 5054, 27
2026/07/17 01:14:40.377, 5054, 27
2026/07/17 01:14:40.477, 5054, 27
2026/07/17 01:14:40.577, 5054, 27
2026/07/17 01:14:40.677, 5054, 27
2026/07/17 01:14:40.777, 5054, 27
2026/07/17 01:14:40.877, 5054, 27
2026/07/17 01:14:40.977, 5054, 27
2026/07/17 01:14:41.078, 5054, 27
2026/07/17 01:14:41.178, 5054, 27
2026/07/17 01:14:41.278, 5054, 27
2026/07/17 01:14:41.378, 5054, 27
2026/07/17 01:14:41.478, 5054, 27
2026/07/17 01:14:41.578, 5056, 27
2026/07/17 01:14:41.678, 5056, 27
2026/07/17 01:14:41.778, 5056, 27
2026/07/17 01:14:41.878, 5056, 27
2026/07/17 01:14:41.978, 5056, 27
2026/07/17 01:14:42.079, 5056, 27
2026/07/17 01:14:42.179, 5056, 27
2026/07/17 01:14:42.279, 5056, 27
2026/07/17 01:14:42.379, 5056, 27
2026/07/17 01:14:42.479, 5056, 27
2026/07/17 01:14:42.579, 5056, 27
2026/07/17 01:14:42.679, 5056, 27
2026/07/17 01:14:42.779, 5056, 27
2026/07/17 01:14:42.880, 5056, 27
2026/07/17 01:14:42.980, 5056, 27
2026/07/17 01:14:43.080, 5056, 27
2026/07/17 01:14:43.180, 5056, 27
2026/07/17 01:14:43.280, 5056, 27
2026/07/17 01:14:43.380, 5056, 27
2026/07/17 01:14:43.480, 5058, 27
2026/07/17 01:14:43.580, 5058, 27
2026/07/17 01:14:43.680, 5058, 27
2026/07/17 01:14:43.780, 5058, 27
2026/07/17 01:14:43.881, 5058, 27
2026/07/17 01:14:43.981, 5058, 27
2026/07/17 01:14:44.081, 5058, 27
2026/07/17 01:14:44.181, 5058, 28
2026/07/17 01:14:44.281, 5058, 28
2026/07/17 01:14:44.381, 5058, 28
2026/07/17 01:14:44.481, 5058, 28
2026/07/17 01:14:44.581, 5058, 28
2026/07/17 01:14:44.682, 5058, 28
2026/07/17 01:14:44.782, 5058, 28
2026/07/17 01:14:44.882, 5058, 28
2026/07/17 01:14:44.982, 5058, 28
2026/07/17 01:14:45.082, 5058, 28
2026/07/17 01:14:45.182, 5058, 26
2026/07/17 01:14:45.282, 5060, 26
2026/07/17 01:14:45.382, 5060, 26
2026/07/17 01:14:45.483, 5060, 26
2026/07/17 01:14:45.583, 5060, 26
2026/07/17 01:14:45.683, 5060, 26
2026/07/17 01:14:45.783, 5060, 26
2026/07/17 01:14:45.883, 5060, 26
2026/07/17 01:14:45.983, 5060, 26
2026/07/17 01:14:46.083, 5060, 26
2026/07/17 01:14:46.183, 5060, 28
2026/07/17 01:14:46.283, 5060, 28
2026/07/17 01:14:46.383, 5060, 28
2026/07/17 01:14:46.484, 5060, 28
2026/07/17 01:14:46.584, 5060, 28
2026/07/17 01:14:46.684, 5060, 28
2026/07/17 01:14:46.784, 5060, 28
2026/07/17 01:14:46.884, 5060, 28
2026/07/17 01:14:46.984, 5062, 28
2026/07/17 01:14:47.084, 5062, 28
2026/07/17 01:14:47.184, 5062, 27
2026/07/17 01:14:47.285, 5062, 27
2026/07/17 01:14:47.385, 5062, 27
2026/07/17 01:14:47.485, 5062, 27
2026/07/17 01:14:47.585, 5062, 27
2026/07/17 01:14:47.685, 5062, 27
2026/07/17 01:14:47.785, 5062, 27
2026/07/17 01:14:47.885, 5062, 27
2026/07/17 01:14:47.985, 5062, 27
2026/07/17 01:14:48.085, 5062, 27
2026/07/17 01:14:48.186, 5062, 28
2026/07/17 01:14:48.286, 5062, 28
2026/07/17 01:14:48.386, 5062, 28
2026/07/17 01:14:48.486, 5062, 28
2026/07/17 01:14:48.586, 5062, 28
2026/07/17 01:14:48.686, 5062, 28
2026/07/17 01:14:48.786, 5062, 28
2026/07/17 01:14:48.886, 5064, 28
2026/07/17 01:14:48.986, 5064, 28
2026/07/17 01:14:49.086, 5064, 28
2026/07/17 01:14:49.187, 5064, 27
2026/07/17 01:14:49.287, 5064, 27
2026/07/17 01:14:49.387, 5064, 27
2026/07/17 01:14:49.487, 5064, 27
2026/07/17 01:14:49.587, 5064, 27
2026/07/17 01:14:49.687, 5064, 27
2026/07/17 01:14:49.787, 5064, 27
2026/07/17 01:14:49.887, 5064, 27
2026/07/17 01:14:49.988, 5064, 27
2026/07/17 01:14:50.088, 5064, 27
2026/07/17 01:14:50.188, 5064, 27
2026/07/17 01:14:50.288, 5064, 27
2026/07/17 01:14:50.388, 5064, 27
2026/07/17 01:14:50.488, 5064, 27
2026/07/17 01:14:50.588, 5064, 27
2026/07/17 01:14:50.688, 5064, 27
2026/07/17 01:14:50.788, 5064, 27
2026/07/17 01:14:50.889, 5066, 27
2026/07/17 01:14:50.989, 5066, 27
2026/07/17 01:14:51.089, 5066, 27
2026/07/17 01:14:51.189, 5066, 28
2026/07/17 01:14:51.289, 5066, 28
2026/07/17 01:14:51.389, 5066, 28
2026/07/17 01:14:51.489, 5066, 28
2026/07/17 01:14:51.589, 5066, 28
2026/07/17 01:14:51.689, 5066, 28
2026/07/17 01:14:51.790, 5066, 28
2026/07/17 01:14:51.890, 5066, 28
2026/07/17 01:14:51.990, 5066, 28
2026/07/17 01:14:52.090, 5066, 28
2026/07/17 01:14:52.190, 5066, 27
2026/07/17 01:14:52.290, 5066, 27
2026/07/17 01:14:52.390, 5066, 27
2026/07/17 01:14:52.490, 5066, 27
2026/07/17 01:14:52.590, 5066, 27
2026/07/17 01:14:52.691, 5068, 27
2026/07/17 01:14:52.791, 5068, 27
2026/07/17 01:14:52.891, 5068, 27
2026/07/17 01:14:52.991, 5068, 27
2026/07/17 01:14:53.091, 5068, 27
2026/07/17 01:14:53.191, 5068, 27
2026/07/17 01:14:53.291, 5068, 27
2026/07/17 01:14:53.391, 5068, 27
2026/07/17 01:14:53.492, 5068, 27
2026/07/17 01:14:53.592, 5068, 27
2026/07/17 01:14:53.692, 5068, 27
2026/07/17 01:14:53.792, 5068, 27
2026/07/17 01:14:53.892, 5068, 27
2026/07/17 01:14:53.992, 5068, 27
2026/07/17 01:14:54.092, 5068, 27
2026/07/17 01:14:54.193, 5068, 28
2026/07/17 01:14:54.293, 5068, 28
2026/07/17 01:14:54.393, 5068, 28
2026/07/17 01:14:54.493, 5070, 28
2026/07/17 01:14:54.593, 5070, 28
2026/07/17 01:14:54.693, 5070, 28
2026/07/17 01:14:54.793, 5070, 28
2026/07/17 01:14:54.893, 5070, 28
2026/07/17 01:14:54.994, 5070, 28
2026/07/17 01:14:55.094, 5070, 28
2026/07/17 01:14:55.194, 5070, 27
2026/07/17 01:14:55.294, 5070, 27
2026/07/17 01:14:55.394, 5070, 27
2026/07/17 01:14:55.494, 5070, 27
2026/07/17 01:14:55.595, 5070, 27
2026/07/17 01:14:55.695, 5070, 27
2026/07/17 01:14:55.795, 5070, 27
2026/07/17 01:14:55.895, 5070, 27
2026/07/17 01:14:55.995, 5070, 27
2026/07/17 01:14:56.095, 5070, 27
2026/07/17 01:14:56.195, 5070, 28
2026/07/17 01:14:56.295, 5072, 28
2026/07/17 01:14:56.396, 5072, 28
2026/07/17 01:14:56.496, 5072, 28
2026/07/17 01:14:56.596, 5072, 28
2026/07/17 01:14:56.696, 5072, 28
2026/07/17 01:14:56.796, 5072, 28
2026/07/17 01:14:56.896, 5072, 28
2026/07/17 01:14:56.996, 5072, 28
2026/07/17 01:14:57.096, 5072, 28
2026/07/17 01:14:57.196, 5072, 27
2026/07/17 01:14:57.297, 5072, 27
2026/07/17 01:14:57.397, 5072, 27
2026/07/17 01:14:57.497, 5072, 27
2026/07/17 01:14:57.597, 5072, 27
2026/07/17 01:14:57.697, 5072, 27
2026/07/17 01:14:57.797, 5072, 27
2026/07/17 01:14:57.897, 5072, 27
2026/07/17 01:14:57.997, 5072, 27
2026/07/17 01:14:58.097, 5072, 27
2026/07/17 01:14:58.197, 5074, 26
2026/07/17 01:14:58.298, 5074, 26
2026/07/17 01:14:58.398, 5074, 26
2026/07/17 01:14:58.498, 5074, 26
2026/07/17 01:14:58.598, 5074, 26
2026/07/17 01:14:58.698, 5074, 26
2026/07/17 01:14:58.798, 5074, 26
2026/07/17 01:14:58.898, 5074, 26
2026/07/17 01:14:58.998, 5074, 26
2026/07/17 01:14:59.098, 5074, 26
2026/07/17 01:14:59.199, 5074, 26
2026/07/17 01:14:59.299, 5074, 26
2026/07/17 01:14:59.399, 5074, 26
2026/07/17 01:14:59.499, 5074, 26
2026/07/17 01:14:59.599, 5074, 26
2026/07/17 01:14:59.699, 5074, 26
2026/07/17 01:14:59.799, 5074, 26
2026/07/17 01:14:59.899, 5074, 26
2026/07/17 01:14:59.999, 5074, 26
2026/07/17 01:15:00.099, 5076, 26
2026/07/17 01:15:00.200, 5076, 28
2026/07/17 01:15:00.300, 5076, 28
2026/07/17 01:15:00.400, 5076, 28
2026/07/17 01:15:00.500, 5076, 28
2026/07/17 01:15:00.600, 5076, 28
2026/07/17 01:15:00.700, 5076, 28
2026/07/17 01:15:00.800, 5076, 28
2026/07/17 01:15:00.900, 5076, 28
2026/07/17 01:15:01.000, 5076, 28
2026/07/17 01:15:01.100, 5076, 28
2026/07/17 01:15:01.201, 5076, 24
2026/07/17 01:15:01.301, 5076, 24
2026/07/17 01:15:01.401, 5076, 24
2026/07/17 01:15:01.501, 5076, 24
2026/07/17 01:15:01.601, 5076, 24
2026/07/17 01:15:01.701, 5076, 24
2026/07/17 01:15:01.801, 5076, 24
2026/07/17 01:15:01.901, 5078, 24
2026/07/17 01:15:02.001, 5078, 24
2026/07/17 01:15:02.102, 5078, 24
2026/07/17 01:15:02.202, 5078, 26
2026/07/17 01:15:02.302, 5078, 26
2026/07/17 01:15:02.402, 5078, 26
2026/07/17 01:15:02.502, 5078, 26
2026/07/17 01:15:02.602, 5078, 26
2026/07/17 01:15:02.702, 5078, 26
2026/07/17 01:15:02.802, 5078, 26
2026/07/17 01:15:02.902, 5078, 26
2026/07/17 01:15:03.003, 5078, 26
2026/07/17 01:15:03.103, 5078, 26
2026/07/17 01:15:03.203, 5078, 27
2026/07/17 01:15:03.303, 5078, 27
2026/07/17 01:15:03.403, 5078, 27
2026/07/17 01:15:03.503, 5078, 27
2026/07/17 01:15:03.603, 5078, 27
2026/07/17 01:15:03.703, 5078, 27
2026/07/17 01:15:03.803, 5080, 27
2026/07/17 01:15:03.903, 5080, 27
2026/07/17 01:15:04.004, 5080, 27
2026/07/17 01:15:04.104, 5080, 27
2026/07/17 01:15:04.204, 5080, 26
2026/07/17 01:15:04.304, 5080, 26
2026/07/17 01:15:04.404, 5080, 26
2026/07/17 01:15:04.504, 5080, 26
2026/07/17 01:15:04.604, 5080, 26
2026/07/17 01:15:04.704, 5080, 26
2026/07/17 01:15:04.804, 5080, 26
2026/07/17 01:15:04.904, 5080, 26
2026/07/17 01:15:05.005, 5080, 26
2026/07/17 01:15:05.105, 5080, 26
2026/07/17 01:15:05.205, 5080, 28
2026/07/17 01:15:05.305, 5080, 28
2026/07/17 01:15:05.405, 5080, 28
2026/07/17 01:15:05.505, 5082, 28
2026/07/17 01:15:05.605, 5082, 28
2026/07/17 01:15:05.705, 5082, 28
2026/07/17 01:15:05.805, 5082, 28
2026/07/17 01:15:05.906, 5082, 28
2026/07/17 01:15:06.006, 5082, 28
2026/07/17 01:15:06.106, 5082, 28
2026/07/17 01:15:06.206, 5082, 28
2026/07/17 01:15:06.306, 5082, 28
2026/07/17 01:15:06.406, 5082, 28
2026/07/17 01:15:06.506, 5082, 28
2026/07/17 01:15:06.606, 5082, 28
2026/07/17 01:15:06.706, 5082, 28
2026/07/17 01:15:06.806, 5082, 28
2026/07/17 01:15:06.907, 5082, 28
2026/07/17 01:15:07.007, 5082, 28
2026/07/17 01:15:07.107, 5082, 28
2026/07/17 01:15:07.207, 5082, 27
2026/07/17 01:15:07.307, 5084, 27
2026/07/17 01:15:07.407, 5084, 27
2026/07/17 01:15:07.507, 5084, 27
2026/07/17 01:15:07.607, 5084, 27
2026/07/17 01:15:07.707, 5084, 27
2026/07/17 01:15:07.808, 5084, 27
2026/07/17 01:15:07.908, 5084, 27
2026/07/17 01:15:08.008, 5084, 27
2026/07/17 01:15:08.108, 5084, 27
2026/07/17 01:15:08.208, 5084, 28
2026/07/17 01:15:08.308, 5084, 28
2026/07/17 01:15:08.408, 5084, 28
2026/07/17 01:15:08.508, 5084, 28
2026/07/17 01:15:08.609, 5084, 28
2026/07/17 01:15:08.709, 5084, 28
2026/07/17 01:15:08.809, 5084, 28
2026/07/17 01:15:08.909, 5084, 28
2026/07/17 01:15:09.009, 5084, 28
2026/07/17 01:15:09.109, 5086, 28
2026/07/17 01:15:09.209, 5086, 27
2026/07/17 01:15:09.309, 5086, 27
2026/07/17 01:15:09.409, 5086, 27
2026/07/17 01:15:09.509, 5086, 27
2026/07/17 01:15:09.610, 5086, 27
2026/07/17 01:15:09.710, 5086, 27
2026/07/17 01:15:09.810, 5086, 27
2026/07/17 01:15:09.910, 5086, 27
2026/07/17 01:15:10.010, 5086, 27
2026/07/17 01:15:10.110, 5086, 27
2026/07/17 01:15:10.210, 5086, 28
2026/07/17 01:15:10.310, 5086, 28
2026/07/17 01:15:10.410, 5086, 28
2026/07/17 01:15:10.510, 5086, 28
2026/07/17 01:15:10.610, 5086, 28
2026/07/17 01:15:10.711, 5086, 28
2026/07/17 01:15:10.811, 5086, 28
2026/07/17 01:15:10.911, 5088, 28
2026/07/17 01:15:11.011, 5088, 28
2026/07/17 01:15:11.111, 5088, 28
2026/07/17 01:15:11.211, 5088, 26
2026/07/17 01:15:11.311, 5088, 26
2026/07/17 01:15:11.411, 5088, 26
2026/07/17 01:15:11.512, 5088, 26
2026/07/17 01:15:11.612, 5088, 26
2026/07/17 01:15:11.712, 5088, 26
2026/07/17 01:15:11.812, 5088, 26
2026/07/17 01:15:11.912, 5088, 26
2026/07/17 01:15:12.012, 5088, 26
2026/07/17 01:15:12.112, 5088, 26
2026/07/17 01:15:12.212, 5088, 27
2026/07/17 01:15:12.313, 5088, 27
2026/07/17 01:15:12.413, 5088, 27
2026/07/17 01:15:12.513, 5088, 27
2026/07/17 01:15:12.613, 5088, 27
2026/07/17 01:15:12.713, 5088, 27
2026/07/17 01:15:12.813, 5090, 27
2026/07/17 01:15:12.913, 5090, 27
2026/07/17 01:15:13.013, 5090, 27
2026/07/17 01:15:13.113, 5090, 27
2026/07/17 01:15:13.213, 5090, 28
2026/07/17 01:15:13.314, 5090, 28
2026/07/17 01:15:13.414, 5090, 28
2026/07/17 01:15:13.514, 5090, 28
2026/07/17 01:15:13.614, 5090, 28
2026/07/17 01:15:13.714, 5090, 28
2026/07/17 01:15:13.814, 5090, 28
2026/07/17 01:15:13.914, 5090, 28
2026/07/17 01:15:14.014, 5090, 28
2026/07/17 01:15:14.114, 5090, 28
2026/07/17 01:15:14.215, 5090, 28
2026/07/17 01:15:14.315, 5090, 28
2026/07/17 01:15:14.415, 5090, 28
2026/07/17 01:15:14.515, 5090, 28
2026/07/17 01:15:14.615, 5090, 28
2026/07/17 01:15:14.715, 5092, 28
2026/07/17 01:15:14.815, 5092, 28
2026/07/17 01:15:14.915, 5092, 28
2026/07/17 01:15:15.015, 5092, 28
2026/07/17 01:15:15.116, 5092, 28
2026/07/17 01:15:15.216, 5092, 27
2026/07/17 01:15:15.316, 5092, 27
2026/07/17 01:15:15.416, 5092, 27
2026/07/17 01:15:15.516, 5092, 27
2026/07/17 01:15:15.616, 5092, 27
2026/07/17 01:15:15.716, 5092, 27
2026/07/17 01:15:15.816, 5092, 27
2026/07/17 01:15:15.917, 5092, 27
2026/07/17 01:15:16.017, 5092, 27
2026/07/17 01:15:16.117, 5092, 27
2026/07/17 01:15:16.217, 5092, 28
2026/07/17 01:15:16.317, 5092, 28
2026/07/17 01:15:16.417, 5094, 28
2026/07/17 01:15:16.517, 5094, 28
2026/07/17 01:15:16.617, 5094, 28
2026/07/17 01:15:16.717, 5094, 28
2026/07/17 01:15:16.817, 5094, 28
2026/07/17 01:15:16.918, 5094, 28
2026/07/17 01:15:17.018, 5094, 28
2026/07/17 01:15:17.118, 5094, 28
2026/07/17 01:15:17.218, 5094, 27
2026/07/17 01:15:17.318, 5094, 27
2026/07/17 01:15:17.418, 5094, 27
2026/07/17 01:15:17.518, 5094, 27
2026/07/17 01:15:17.618, 5094, 27
2026/07/17 01:15:17.718, 5094, 27
2026/07/17 01:15:17.819, 5094, 27
2026/07/17 01:15:17.919, 5094, 27
2026/07/17 01:15:18.019, 5094, 27
2026/07/17 01:15:18.119, 5094, 27
2026/07/17 01:15:18.219, 5096, 28
2026/07/17 01:15:18.319, 5096, 28
2026/07/17 01:15:18.419, 5096, 28
2026/07/17 01:15:18.519, 5096, 28
2026/07/17 01:15:18.619, 5096, 28
2026/07/17 01:15:18.719, 5096, 28
2026/07/17 01:15:18.820, 5096, 28
2026/07/17 01:15:18.920, 5096, 28
2026/07/17 01:15:19.020, 5096, 28
2026/07/17 01:15:19.120, 5096, 28
2026/07/17 01:15:19.220, 5096, 28
2026/07/17 01:15:19.320, 5096, 28
2026/07/17 01:15:19.420, 5096, 28
2026/07/17 01:15:19.520, 5096, 28
2026/07/17 01:15:19.620, 5096, 28
2026/07/17 01:15:19.720, 5096, 28
2026/07/17 01:15:19.821, 5096, 28
2026/07/17 01:15:19.921, 5096, 28
2026/07/17 01:15:20.021, 5096, 28
2026/07/17 01:15:20.121, 5098, 28
2026/07/17 01:15:20.221, 5098, 26
2026/07/17 01:15:20.321, 5098, 26
2026/07/17 01:15:20.421, 5098, 26
2026/07/17 01:15:20.521, 5098, 26
2026/07/17 01:15:20.621, 5098, 26
2026/07/17 01:15:20.721, 5098, 26
2026/07/17 01:15:20.822, 5098, 26
2026/07/17 01:15:20.922, 5098, 26
2026/07/17 01:15:21.022, 5098, 26
2026/07/17 01:15:21.122, 5098, 26
2026/07/17 01:15:21.222, 5098, 27
2026/07/17 01:15:21.322, 5098, 27
2026/07/17 01:15:21.422, 5098, 27
2026/07/17 01:15:21.522, 5098, 27
2026/07/17 01:15:21.622, 5098, 27
2026/07/17 01:15:21.722, 5098, 27
2026/07/17 01:15:21.823, 5098, 27
2026/07/17 01:15:21.923, 5100, 27
2026/07/17 01:15:22.023, 5100, 27
2026/07/17 01:15:22.123, 5100, 27
2026/07/17 01:15:22.223, 5100, 25
2026/07/17 01:15:22.323, 5100, 25
2026/07/17 01:15:22.423, 5100, 25
2026/07/17 01:15:22.523, 5100, 25
2026/07/17 01:15:22.624, 5100, 25
2026/07/17 01:15:22.724, 5100, 25
2026/07/17 01:15:22.824, 5100, 25
2026/07/17 01:15:22.924, 5100, 25
2026/07/17 01:15:23.024, 5100, 25
2026/07/17 01:15:23.124, 5100, 25
2026/07/17 01:15:23.224, 5100, 28
2026/07/17 01:15:23.324, 5100, 28
2026/07/17 01:15:23.424, 5100, 28
2026/07/17 01:15:23.524, 5100, 28
2026/07/17 01:15:23.625, 5100, 28
2026/07/17 01:15:23.725, 5102, 28
2026/07/17 01:15:23.825, 5102, 28
2026/07/17 01:15:23.925, 5102, 28
2026/07/17 01:15:24.025, 5102, 28
2026/07/17 01:15:24.125, 5102, 28
2026/07/17 01:15:24.225, 5102, 28
2026/07/17 01:15:24.325, 5102, 28
2026/07/17 01:15:24.425, 5102, 28
2026/07/17 01:15:24.526, 5102, 28
2026/07/17 01:15:24.626, 5102, 28
2026/07/17 01:15:24.726, 5102, 28
2026/07/17 01:15:24.826, 5102, 28
2026/07/17 01:15:24.926, 5102, 28
2026/07/17 01:15:25.026, 5102, 28
2026/07/17 01:15:25.126, 5102, 28
2026/07/17 01:15:25.226, 5102, 28
2026/07/17 01:15:25.326, 5102, 28
2026/07/17 01:15:25.426, 5102, 28
2026/07/17 01:15:25.526, 5104, 28
2026/07/17 01:15:25.627, 5104, 28
2026/07/17 01:15:25.727, 5104, 28
2026/07/17 01:15:25.827, 5104, 28
2026/07/17 01:15:25.927, 5104, 28
2026/07/17 01:15:26.027, 5104, 28
2026/07/17 01:15:26.127, 5104, 28
2026/07/17 01:15:26.227, 5104, 28
2026/07/17 01:15:26.327, 5104, 28
2026/07/17 01:15:26.427, 5104, 28
2026/07/17 01:15:26.528, 5104, 28
2026/07/17 01:15:26.628, 5104, 28
2026/07/17 01:15:26.728, 5104, 28
2026/07/17 01:15:26.828, 5104, 28
2026/07/17 01:15:26.928, 5104, 28
2026/07/17 01:15:27.028, 5104, 28
2026/07/17 01:15:27.128, 5104, 28
2026/07/17 01:15:27.228, 5104, 25
2026/07/17 01:15:27.328, 5106, 25
2026/07/17 01:15:27.429, 5106, 25
2026/07/17 01:15:27.529, 5106, 25
2026/07/17 01:15:27.629, 5106, 25
2026/07/17 01:15:27.729, 5106, 25
2026/07/17 01:15:27.829, 5106, 25
2026/07/17 01:15:27.929, 5106, 25
2026/07/17 01:15:28.029, 5106, 25
2026/07/17 01:15:28.129, 5106, 25
2026/07/17 01:15:28.229, 5106, 28
2026/07/17 01:15:28.329, 5106, 28
2026/07/17 01:15:28.430, 5106, 28
2026/07/17 01:15:28.530, 5106, 28
2026/07/17 01:15:28.630, 5106, 28
2026/07/17 01:15:28.730, 5106, 28
2026/07/17 01:15:28.830, 5106, 28
2026/07/17 01:15:28.930, 5106, 28
2026/07/17 01:15:29.030, 5106, 28
2026/07/17 01:15:29.130, 5108, 28
2026/07/17 01:15:29.230, 5108, 28
2026/07/17 01:15:29.330, 5108, 28
2026/07/17 01:15:29.430, 5108, 28
2026/07/17 01:15:29.531, 5108, 28
2026/07/17 01:15:29.631, 5108, 28
2026/07/17 01:15:29.731, 5108, 28
2026/07/17 01:15:29.831, 5108, 28
2026/07/17 01:15:29.931, 5108, 28
2026/07/17 01:15:30.031, 5108, 28
2026/07/17 01:15:30.131, 5108, 28
2026/07/17 01:15:30.231, 5108, 27
2026/07/17 01:15:30.331, 5108, 27
2026/07/17 01:15:30.432, 5108, 27
2026/07/17 01:15:30.532, 5108, 27
2026/07/17 01:15:30.632, 5108, 27
2026/07/17 01:15:30.732, 5108, 27
2026/07/17 01:15:30.832, 5108, 27
2026/07/17 01:15:30.932, 5110, 27
2026/07/17 01:15:31.032, 5110, 27
2026/07/17 01:15:31.132, 5110, 27
2026/07/17 01:15:31.232, 5110, 27
2026/07/17 01:15:31.332, 5110, 27
2026/07/17 01:15:31.433, 5110, 27
2026/07/17 01:15:31.533, 5110, 27
2026/07/17 01:15:31.633, 5110, 27
2026/07/17 01:15:31.733, 5110, 27
2026/07/17 01:15:31.833, 5110, 27
2026/07/17 01:15:31.933, 5110, 27
2026/07/17 01:15:32.033, 5110, 27
2026/07/17 01:15:32.133, 5110, 27
2026/07/17 01:15:32.233, 5110, 27
2026/07/17 01:15:32.333, 5110, 27
2026/07/17 01:15:32.434, 5110, 27
2026/07/17 01:15:32.534, 5110, 27
2026/07/17 01:15:32.634, 5112, 27
2026/07/17 01:15:32.734, 5112, 27
2026/07/17 01:15:32.834, 5112, 27
2026/07/17 01:15:32.934, 5112, 27
2026/07/17 01:15:33.034, 5112, 27
2026/07/17 01:15:33.134, 5112, 27
2026/07/17 01:15:33.234, 5112, 27
2026/07/17 01:15:33.335, 5112, 27
2026/07/17 01:15:33.435, 5112, 27
2026/07/17 01:15:33.535, 5112, 27
2026/07/17 01:15:33.635, 5112, 27
2026/07/17 01:15:33.735, 5112, 27
2026/07/17 01:15:33.835, 5112, 27
2026/07/17 01:15:33.935, 5112, 27
2026/07/17 01:15:34.035, 5112, 27
2026/07/17 01:15:34.135, 5112, 27
2026/07/17 01:15:34.236, 5112, 27
2026/07/17 01:15:34.336, 5112, 27
2026/07/17 01:15:34.436, 5114, 27
2026/07/17 01:15:34.536, 5114, 27
2026/07/17 01:15:34.636, 5114, 27
2026/07/17 01:15:34.736, 5114, 27
2026/07/17 01:15:34.836, 5114, 27
2026/07/17 01:15:34.936, 5114, 27
2026/07/17 01:15:35.036, 5114, 27
2026/07/17 01:15:35.136, 5114, 27
2026/07/17 01:15:35.236, 5114, 27
2026/07/17 01:15:35.337, 5114, 27
2026/07/17 01:15:35.437, 5114, 27
2026/07/17 01:15:35.537, 5114, 27
2026/07/17 01:15:35.637, 5114, 27
2026/07/17 01:15:35.737, 5114, 27
2026/07/17 01:15:35.837, 5114, 27
2026/07/17 01:15:35.937, 5114, 27
2026/07/17 01:15:36.037, 5114, 27
2026/07/17 01:15:36.137, 5114, 27
2026/07/17 01:15:36.237, 5116, 27
2026/07/17 01:15:36.338, 5116, 27
2026/07/17 01:15:36.438, 5116, 27
2026/07/17 01:15:36.538, 5116, 27
2026/07/17 01:15:36.638, 5116, 27
2026/07/17 01:15:36.738, 5116, 27
2026/07/17 01:15:36.838, 5116, 27
2026/07/17 01:15:36.938, 5116, 27
2026/07/17 01:15:37.038, 5116, 27
2026/07/17 01:15:37.138, 5116, 27
2026/07/17 01:15:37.238, 5116, 28
2026/07/17 01:15:37.338, 5116, 28
2026/07/17 01:15:37.439, 5116, 28
2026/07/17 01:15:37.539, 5116, 28
2026/07/17 01:15:37.639, 5116, 28
2026/07/17 01:15:37.739, 5116, 28
2026/07/17 01:15:37.839, 5116, 28
2026/07/17 01:15:37.939, 5116, 28
2026/07/17 01:15:38.039, 5118, 28
2026/07/17 01:15:38.139, 5118, 28
2026/07/17 01:15:38.239, 5118, 27
2026/07/17 01:15:38.339, 5118, 27
2026/07/17 01:15:38.440, 5118, 27
2026/07/17 01:15:38.540, 5118, 27
2026/07/17 01:15:38.640, 5118, 27
2026/07/17 01:15:38.740, 5118, 27
2026/07/17 01:15:38.840, 5118, 27
2026/07/17 01:15:38.940, 5118, 27
2026/07/17 01:15:39.040, 5118, 27
2026/07/17 01:15:39.140, 5118, 27
2026/07/17 01:15:39.240, 5118, 27
2026/07/17 01:15:39.340, 5118, 27
2026/07/17 01:15:39.440, 5118, 27
2026/07/17 01:15:39.540, 5118, 27
2026/07/17 01:15:39.641, 5118, 27
2026/07/17 01:15:39.741, 5118, 27
2026/07/17 01:15:39.841, 5120, 27
2026/07/17 01:15:39.941, 5120, 27
2026/07/17 01:15:40.041, 5120, 27
2026/07/17 01:15:40.141, 5120, 27
2026/07/17 01:15:40.241, 5120, 27
2026/07/17 01:15:40.341, 5120, 27
2026/07/17 01:15:40.441, 5120, 27
2026/07/17 01:15:40.541, 5120, 27
2026/07/17 01:15:40.642, 5120, 27
2026/07/17 01:15:40.742, 5120, 27
2026/07/17 01:15:40.842, 5120, 27
2026/07/17 01:15:40.942, 5120, 27
2026/07/17 01:15:41.042, 5120, 27
2026/07/17 01:15:41.142, 5120, 27
2026/07/17 01:15:41.242, 5120, 27
2026/07/17 01:15:41.342, 5120, 27
2026/07/17 01:15:41.442, 5120, 27
2026/07/17 01:15:41.542, 5120, 27
2026/07/17 01:15:41.642, 5122, 27
2026/07/17 01:15:41.743, 5122, 27
2026/07/17 01:15:41.843, 5122, 27
2026/07/17 01:15:41.943, 5122, 27
2026/07/17 01:15:42.043, 5122, 27
2026/07/17 01:15:42.143, 5122, 27
2026/07/17 01:15:42.243, 5122, 26
2026/07/17 01:15:42.343, 5122, 26
2026/07/17 01:15:42.443, 5122, 26
2026/07/17 01:15:42.543, 5122, 26
2026/07/17 01:15:42.644, 5122, 26
2026/07/17 01:15:42.744, 5122, 26
2026/07/17 01:15:42.844, 5122, 26
2026/07/17 01:15:42.944, 5122, 26
2026/07/17 01:15:43.044, 5122, 26
2026/07/17 01:15:43.144, 5122, 26
2026/07/17 01:15:43.244, 5122, 28
2026/07/17 01:15:43.344, 5122, 28
2026/07/17 01:15:43.444, 5124, 28
2026/07/17 01:15:43.544, 5124, 28
2026/07/17 01:15:43.645, 5124, 28
2026/07/17 01:15:43.745, 5124, 28
2026/07/17 01:15:43.845, 5124, 28
2026/07/17 01:15:43.945, 5124, 28
2026/07/17 01:15:44.045, 5124, 28
2026/07/17 01:15:44.145, 5124, 28
2026/07/17 01:15:44.245, 5124, 28
2026/07/17 01:15:44.345, 5124, 28
2026/07/17 01:15:44.445, 5124, 28
2026/07/17 01:15:44.545, 5124, 28
2026/07/17 01:15:44.646, 5124, 28
2026/07/17 01:15:44.746, 5124, 28
2026/07/17 01:15:44.846, 5124, 28
2026/07/17 01:15:44.946, 5124, 28
2026/07/17 01:15:45.046, 5124, 28
2026/07/17 01:15:45.146, 5124, 26
2026/07/17 01:15:45.246, 5126, 26
2026/07/17 01:15:45.346, 5126, 26
2026/07/17 01:15:45.446, 5126, 26
2026/07/17 01:15:45.547, 5126, 26
2026/07/17 01:15:45.647, 5126, 26
2026/07/17 01:15:45.747, 5126, 26
2026/07/17 01:15:45.847, 5126, 26
2026/07/17 01:15:45.947, 5126, 26
2026/07/17 01:15:46.047, 5126, 26
2026/07/17 01:15:46.147, 5126, 28
2026/07/17 01:15:46.247, 5126, 28
2026/07/17 01:15:46.347, 5126, 28
2026/07/17 01:15:46.448, 5126, 28
2026/07/17 01:15:46.548, 5126, 28
2026/07/17 01:15:46.648, 5126, 28
2026/07/17 01:15:46.748, 5126, 28
2026/07/17 01:15:46.848, 5126, 28
2026/07/17 01:15:46.948, 5126, 28
2026/07/17 01:15:47.048, 5128, 28
2026/07/17 01:15:47.148, 5128, 27
2026/07/17 01:15:47.248, 5128, 27
2026/07/17 01:15:47.348, 5128, 27
2026/07/17 01:15:47.449, 5128, 27
2026/07/17 01:15:47.549, 5128, 27
2026/07/17 01:15:47.649, 5128, 27
2026/07/17 01:15:47.749, 5128, 27
2026/07/17 01:15:47.849, 5128, 27
2026/07/17 01:15:47.949, 5128, 27
2026/07/17 01:15:48.049, 5128, 27
2026/07/17 01:15:48.149, 5128, 27
2026/07/17 01:15:48.249, 5128, 27
2026/07/17 01:15:48.350, 5128, 27
2026/07/17 01:15:48.450, 5128, 27
2026/07/17 01:15:48.550, 5128, 27
2026/07/17 01:15:48.650, 5128, 27
2026/07/17 01:15:48.750, 5130, 27
2026/07/17 01:15:48.850, 5130, 27
2026/07/17 01:15:48.950, 5130, 27
2026/07/17 01:15:49.050, 5130, 27
2026/07/17 01:15:49.150, 5130, 28
2026/07/17 01:15:49.251, 5130, 28
2026/07/17 01:15:49.351, 5130, 28
2026/07/17 01:15:49.451, 5130, 28
2026/07/17 01:15:49.551, 5130, 28
2026/07/17 01:15:49.651, 5130, 28
2026/07/17 01:15:49.751, 5130, 28
2026/07/17 01:15:49.851, 5130, 28
2026/07/17 01:15:49.951, 5130, 28
2026/07/17 01:15:50.051, 5130, 28
2026/07/17 01:15:50.151, 5130, 26
2026/07/17 01:15:50.252, 5130, 26
2026/07/17 01:15:50.352, 5130, 26
2026/07/17 01:15:50.452, 5130, 26
2026/07/17 01:15:50.552, 5130, 26
2026/07/17 01:15:50.652, 5132, 26
2026/07/17 01:15:50.752, 5132, 26
2026/07/17 01:15:50.852, 5132, 26
2026/07/17 01:15:50.952, 5132, 26
2026/07/17 01:15:51.052, 5132, 26
2026/07/17 01:15:51.152, 5132, 27
2026/07/17 01:15:51.253, 5132, 27
2026/07/17 01:15:51.353, 5132, 27
2026/07/17 01:15:51.453, 5132, 27
2026/07/17 01:15:51.553, 5132, 27
2026/07/17 01:15:51.653, 5132, 27
2026/07/17 01:15:51.753, 5132, 27
2026/07/17 01:15:51.853, 5132, 27
2026/07/17 01:15:51.953, 5132, 27
2026/07/17 01:15:52.053, 5132, 27
2026/07/17 01:15:52.154, 5132, 28
2026/07/17 01:15:52.254, 5132, 28
2026/07/17 01:15:52.354, 5134, 28
2026/07/17 01:15:52.454, 5134, 28
2026/07/17 01:15:52.554, 5134, 28
2026/07/17 01:15:52.654, 5134, 28
2026/07/17 01:15:52.754, 5134, 28
2026/07/17 01:15:52.854, 5134, 28
2026/07/17 01:15:52.954, 5134, 28
2026/07/17 01:15:53.055, 5134, 28
2026/07/17 01:15:53.155, 5134, 27
2026/07/17 01:15:53.255, 5134, 27
2026/07/17 01:15:53.355, 5134, 27
2026/07/17 01:15:53.455, 5134, 27
2026/07/17 01:15:53.555, 5134, 27
2026/07/17 01:15:53.655, 5134, 27
2026/07/17 01:15:53.755, 5134, 27
2026/07/17 01:15:53.855, 5134, 27
2026/07/17 01:15:53.955, 5134, 27
2026/07/17 01:15:54.056, 5134, 27
2026/07/17 01:15:54.156, 5136, 28
2026/07/17 01:15:54.256, 5136, 28
2026/07/17 01:15:54.356, 5136, 28
2026/07/17 01:15:54.456, 5136, 28
2026/07/17 01:15:54.556, 5136, 28
2026/07/17 01:15:54.656, 5136, 28
2026/07/17 01:15:54.756, 5136, 28
2026/07/17 01:15:54.857, 5136, 28
2026/07/17 01:15:54.957, 5136, 28
2026/07/17 01:15:55.057, 5136, 28
2026/07/17 01:15:55.157, 5136, 28
2026/07/17 01:15:55.257, 5136, 28
2026/07/17 01:15:55.357, 5136, 28
2026/07/17 01:15:55.457, 5136, 28
2026/07/17 01:15:55.557, 5136, 28
2026/07/17 01:15:55.657, 5136, 28
2026/07/17 01:15:55.757, 5136, 28
2026/07/17 01:15:55.858, 5136, 28
2026/07/17 01:15:55.958, 5138, 28
2026/07/17 01:15:56.058, 5138, 28
2026/07/17 01:15:56.158, 5138, 27
2026/07/17 01:15:56.258, 5138, 27
2026/07/17 01:15:56.358, 5138, 27
2026/07/17 01:15:56.458, 5138, 27
2026/07/17 01:15:56.558, 5138, 27
2026/07/17 01:15:56.658, 5138, 27
2026/07/17 01:15:56.759, 5138, 27
2026/07/17 01:15:56.859, 5138, 27
2026/07/17 01:15:56.959, 5138, 27
2026/07/17 01:15:57.059, 5138, 27
2026/07/17 01:15:57.159, 5138, 26
2026/07/17 01:15:57.259, 5138, 26
2026/07/17 01:15:57.359, 5138, 26
2026/07/17 01:15:57.460, 5138, 26
2026/07/17 01:15:57.560, 5138, 26
2026/07/17 01:15:57.660, 5138, 26
2026/07/17 01:15:57.760, 5138, 26
2026/07/17 01:15:57.860, 5140, 26
2026/07/17 01:15:57.960, 5140, 26
2026/07/17 01:15:58.060, 5140, 26
2026/07/17 01:15:58.160, 5140, 28
2026/07/17 01:15:58.261, 5140, 28
2026/07/17 01:15:58.361, 5140, 28
2026/07/17 01:15:58.461, 5140, 28
2026/07/17 01:15:58.561, 5140, 28
2026/07/17 01:15:58.661, 5140, 28
2026/07/17 01:15:58.761, 5140, 28
2026/07/17 01:15:58.861, 5140, 28
2026/07/17 01:15:58.961, 5140, 28
2026/07/17 01:15:59.062, 5140, 28
2026/07/17 01:15:59.162, 5140, 28
2026/07/17 01:15:59.262, 5140, 28
2026/07/17 01:15:59.362, 5140, 28
2026/07/17 01:15:59.462, 5140, 28
2026/07/17 01:15:59.562, 5140, 28
2026/07/17 01:15:59.662, 5142, 28
2026/07/17 01:15:59.762, 5142, 28
2026/07/17 01:15:59.862, 5142, 28
2026/07/17 01:15:59.962, 5142, 28
2026/07/17 01:16:00.063, 5142, 28
2026/07/17 01:16:00.163, 5142, 27
2026/07/17 01:16:00.263, 5142, 27
2026/07/17 01:16:00.363, 5142, 27
2026/07/17 01:16:00.463, 5142, 27
2026/07/17 01:16:00.563, 5142, 27
2026/07/17 01:16:00.663, 5142, 27
2026/07/17 01:16:00.763, 5142, 27
2026/07/17 01:16:00.863, 5142, 27
2026/07/17 01:16:00.964, 5142, 27
2026/07/17 01:16:01.064, 5142, 27
2026/07/17 01:16:01.164, 5142, 27
2026/07/17 01:16:01.264, 5142, 27
2026/07/17 01:16:01.364, 5144, 27
2026/07/17 01:16:01.464, 5144, 27
2026/07/17 01:16:01.564, 5144, 27
2026/07/17 01:16:01.664, 5144, 27
2026/07/17 01:16:01.764, 5144, 27
2026/07/17 01:16:01.864, 5144, 27
2026/07/17 01:16:01.965, 5144, 27
2026/07/17 01:16:02.065, 5144, 27
2026/07/17 01:16:02.165, 5144, 26
2026/07/17 01:16:02.265, 5144, 26
2026/07/17 01:16:02.365, 5144, 26
2026/07/17 01:16:02.465, 5144, 26
2026/07/17 01:16:02.565, 5144, 26
2026/07/17 01:16:02.665, 5144, 26
2026/07/17 01:16:02.765, 5144, 26
2026/07/17 01:16:02.866, 5144, 26
2026/07/17 01:16:02.966, 5144, 26
2026/07/17 01:16:03.066, 5144, 26
2026/07/17 01:16:03.166, 5146, 28
2026/07/17 01:16:03.266, 5146, 28
2026/07/17 01:16:03.366, 5146, 28
2026/07/17 01:16:03.466, 5146, 28
2026/07/17 01:16:03.566, 5146, 28
2026/07/17 01:16:03.666, 5146, 28
2026/07/17 01:16:03.767, 5146, 28
2026/07/17 01:16:03.867, 5146, 28
2026/07/17 01:16:03.967, 5146, 28
2026/07/17 01:16:04.067, 5146, 28
2026/07/17 01:16:04.167, 5146, 28
2026/07/17 01:16:04.267, 5146, 28
2026/07/17 01:16:04.367, 5146, 28
2026/07/17 01:16:04.467, 5146, 28
2026/07/17 01:16:04.567, 5146, 28
2026/07/17 01:16:04.668, 5146, 28
2026/07/17 01:16:04.768, 5146, 28
2026/07/17 01:16:04.868, 5146, 28
2026/07/17 01:16:04.968, 5146, 28
2026/07/17 01:16:05.068, 5148, 28
2026/07/17 01:16:05.168, 5148, 28
2026/07/17 01:16:05.268, 5148, 28
2026/07/17 01:16:05.368, 5148, 28
2026/07/17 01:16:05.468, 5148, 28
2026/07/17 01:16:05.569, 5148, 28
2026/07/17 01:16:05.669, 5148, 28
2026/07/17 01:16:05.769, 5148, 28
2026/07/17 01:16:05.869, 5148, 28
2026/07/17 01:16:05.969, 5148, 28
2026/07/17 01:16:06.069, 5148, 28
2026/07/17 01:16:06.169, 5148, 28
2026/07/17 01:16:06.269, 5148, 28
2026/07/17 01:16:06.369, 5148, 28
2026/07/17 01:16:06.470, 5148, 28
2026/07/17 01:16:06.570, 5148, 28
2026/07/17 01:16:06.670, 5148, 28
2026/07/17 01:16:06.770, 5150, 28
2026/07/17 01:16:06.870, 5150, 28
2026/07/17 01:16:06.970, 5150, 28
2026/07/17 01:16:07.070, 5150, 28
2026/07/17 01:16:07.170, 5150, 27
2026/07/17 01:16:07.270, 5150, 27
2026/07/17 01:16:07.370, 5150, 27
2026/07/17 01:16:07.471, 5150, 27
2026/07/17 01:16:07.571, 5150, 27
2026/07/17 01:16:07.671, 5150, 27
2026/07/17 01:16:07.771, 5150, 27
2026/07/17 01:16:07.871, 5150, 27
2026/07/17 01:16:07.971, 5150, 27
2026/07/17 01:16:08.071, 5150, 27
2026/07/17 01:16:08.171, 5150, 28
2026/07/17 01:16:08.271, 5150, 28
2026/07/17 01:16:08.371, 5150, 28
2026/07/17 01:16:08.472, 5150, 28
2026/07/17 01:16:08.572, 5152, 28
2026/07/17 01:16:08.672, 5152, 28
2026/07/17 01:16:08.772, 5152, 28
2026/07/17 01:16:08.872, 5152, 28
2026/07/17 01:16:08.972, 5152, 28
2026/07/17 01:16:09.072, 5152, 28
2026/07/17 01:16:09.172, 5152, 27
2026/07/17 01:16:09.272, 5152, 27
2026/07/17 01:16:09.373, 5152, 27
2026/07/17 01:16:09.473, 5152, 27
2026/07/17 01:16:09.573, 5152, 27
2026/07/17 01:16:09.673, 5152, 27
2026/07/17 01:16:09.773, 5152, 27
2026/07/17 01:16:09.873, 5152, 27
2026/07/17 01:16:09.973, 5152, 27
2026/07/17 01:16:10.073, 5152, 27
2026/07/17 01:16:10.173, 5152, 28
2026/07/17 01:16:10.273, 5152, 28
2026/07/17 01:16:10.374, 5152, 28
2026/07/17 01:16:10.474, 5154, 28
2026/07/17 01:16:10.574, 5154, 28
2026/07/17 01:16:10.674, 5154, 28
2026/07/17 01:16:10.774, 5154, 28
2026/07/17 01:16:10.874, 5154, 28
2026/07/17 01:16:10.974, 5154, 28
2026/07/17 01:16:11.074, 5154, 28
2026/07/17 01:16:11.175, 5154, 24
2026/07/17 01:16:11.275, 5154, 24
2026/07/17 01:16:11.375, 5154, 24
2026/07/17 01:16:11.475, 5154, 24
2026/07/17 01:16:11.575, 5154, 24
2026/07/17 01:16:11.675, 5154, 24
2026/07/17 01:16:11.775, 5154, 24
2026/07/17 01:16:11.875, 5154, 24
2026/07/17 01:16:11.975, 5154, 24
2026/07/17 01:16:12.076, 5154, 24
2026/07/17 01:16:12.176, 5154, 27
2026/07/17 01:16:12.276, 5154, 27
2026/07/17 01:16:12.376, 5156, 27
2026/07/17 01:16:12.476, 5156, 27
2026/07/17 01:16:12.576, 5156, 27
2026/07/17 01:16:12.676, 5156, 27
2026/07/17 01:16:12.776, 5156, 27
2026/07/17 01:16:12.876, 5156, 27
2026/07/17 01:16:12.977, 5156, 27
2026/07/17 01:16:13.077, 5156, 27
2026/07/17 01:16:13.177, 5156, 28
2026/07/17 01:16:13.277, 5156, 28
2026/07/17 01:16:13.377, 5156, 28
2026/07/17 01:16:13.477, 5156, 28
2026/07/17 01:16:13.577, 5156, 28
2026/07/17 01:16:13.677, 5156, 28
2026/07/17 01:16:13.777, 5156, 28
2026/07/17 01:16:13.878, 5156, 28
2026/07/17 01:16:13.978, 5156, 28
2026/07/17 01:16:14.078, 5156, 28
2026/07/17 01:16:14.178, 5158, 27
2026/07/17 01:16:14.278, 5158, 27
2026/07/17 01:16:14.378, 5158, 27
2026/07/17 01:16:14.478, 5158, 27
2026/07/17 01:16:14.578, 5158, 27
2026/07/17 01:16:14.678, 5158, 27
2026/07/17 01:16:14.778, 5158, 27
2026/07/17 01:16:14.878, 5158, 27
2026/07/17 01:16:14.979, 5158, 27
2026/07/17 01:16:15.079, 5158, 27
2026/07/17 01:16:15.179, 5158, 28
2026/07/17 01:16:15.279, 5158, 28
2026/07/17 01:16:15.379, 5158, 28
2026/07/17 01:16:15.479, 5158, 28
2026/07/17 01:16:15.579, 5158, 28
2026/07/17 01:16:15.679, 5158, 28
2026/07/17 01:16:15.779, 5158, 28
2026/07/17 01:16:15.880, 5158, 28
2026/07/17 01:16:15.980, 5160, 28
2026/07/17 01:16:16.080, 5160, 28
2026/07/17 01:16:16.180, 5160, 28
2026/07/17 01:16:16.280, 5160, 28
2026/07/17 01:16:16.380, 5160, 28
2026/07/17 01:16:16.480, 5160, 28
2026/07/17 01:16:16.580, 5160, 28
2026/07/17 01:16:16.680, 5160, 28
2026/07/17 01:16:16.780, 5160, 28
2026/07/17 01:16:16.881, 5160, 28
2026/07/17 01:16:16.981, 5160, 28
2026/07/17 01:16:17.081, 5160, 28
2026/07/17 01:16:17.181, 5160, 28
2026/07/17 01:16:17.281, 5160, 28
2026/07/17 01:16:17.381, 5160, 28
2026/07/17 01:16:17.481, 5160, 28
2026/07/17 01:16:17.581, 5160, 28
2026/07/17 01:16:17.681, 5160, 28
2026/07/17 01:16:17.781, 5160, 28
2026/07/17 01:16:17.882, 5162, 28
2026/07/17 01:16:17.982, 5162, 28
2026/07/17 01:16:18.082, 5162, 28
2026/07/17 01:16:18.182, 5162, 28
2026/07/17 01:16:18.282, 5162, 28
2026/07/17 01:16:18.382, 5162, 28
2026/07/17 01:16:18.482, 5162, 28
2026/07/17 01:16:18.582, 5162, 28
2026/07/17 01:16:18.682, 5162, 28
2026/07/17 01:16:18.783, 5162, 28
2026/07/17 01:16:18.883, 5162, 28
2026/07/17 01:16:18.983, 5162, 28
2026/07/17 01:16:19.083, 5162, 28
2026/07/17 01:16:19.183, 5162, 28
2026/07/17 01:16:19.283, 5162, 28
2026/07/17 01:16:19.383, 5162, 28
2026/07/17 01:16:19.483, 5162, 28
2026/07/17 01:16:19.583, 5162, 28
2026/07/17 01:16:19.684, 5164, 28
2026/07/17 01:16:19.784, 5164, 28
2026/07/17 01:16:19.884, 5164, 28
2026/07/17 01:16:19.984, 5164, 28
2026/07/17 01:16:20.084, 5164, 28
2026/07/17 01:16:20.184, 5164, 26
2026/07/17 01:16:20.284, 5164, 26
2026/07/17 01:16:20.384, 5164, 26
2026/07/17 01:16:20.484, 5164, 26
2026/07/17 01:16:20.584, 5164, 26
2026/07/17 01:16:20.684, 5164, 26
2026/07/17 01:16:20.785, 5164, 26
2026/07/17 01:16:20.885, 5164, 26
2026/07/17 01:16:20.985, 5164, 26
2026/07/17 01:16:21.085, 5164, 26
2026/07/17 01:16:21.185, 5164, 27
2026/07/17 01:16:21.285, 5164, 27
2026/07/17 01:16:21.385, 5164, 27
2026/07/17 01:16:21.485, 5166, 27
2026/07/17 01:16:21.585, 5166, 27
2026/07/17 01:16:21.685, 5166, 27
2026/07/17 01:16:21.786, 5166, 27
2026/07/17 01:16:21.886, 5166, 27
2026/07/17 01:16:21.986, 5166, 27
2026/07/17 01:16:22.086, 5166, 27
2026/07/17 01:16:22.186, 5166, 27
2026/07/17 01:16:22.286, 5166, 27
2026/07/17 01:16:22.386, 5166, 27
2026/07/17 01:16:22.486, 5166, 27
2026/07/17 01:16:22.586, 5166, 27
2026/07/17 01:16:22.687, 5166, 27
2026/07/17 01:16:22.787, 5166, 27
2026/07/17 01:16:22.887, 5166, 27
2026/07/17 01:16:22.987, 5166, 27
2026/07/17 01:16:23.087, 5166, 27
2026/07/17 01:16:23.187, 5166, 26
2026/07/17 01:16:23.287, 5168, 26
2026/07/17 01:16:23.387, 5168, 26
2026/07/17 01:16:23.487, 5168, 26
2026/07/17 01:16:23.587, 5168, 26
2026/07/17 01:16:23.688, 5168, 26
2026/07/17 01:16:23.788, 5168, 26
2026/07/17 01:16:23.888, 5168, 26
2026/07/17 01:16:23.988, 5168, 26
2026/07/17 01:16:24.088, 5168, 26
2026/07/17 01:16:24.188, 5168, 28
2026/07/17 01:16:24.288, 5168, 28
2026/07/17 01:16:24.388, 5168, 28
2026/07/17 01:16:24.488, 5168, 28
2026/07/17 01:16:24.588, 5168, 28
2026/07/17 01:16:24.689, 5168, 28
2026/07/17 01:16:24.789, 5168, 28
2026/07/17 01:16:24.889, 5168, 28
2026/07/17 01:16:24.989, 5168, 28
2026/07/17 01:16:25.089, 5170, 28
2026/07/17 01:16:25.189, 5170, 27
2026/07/17 01:16:25.289, 5170, 27
2026/07/17 01:16:25.389, 5170, 27
2026/07/17 01:16:25.489, 5170, 27
2026/07/17 01:16:25.590, 5170, 27
2026/07/17 01:16:25.690, 5170, 27
2026/07/17 01:16:25.790, 5170, 27
2026/07/17 01:16:25.890, 5170, 27
2026/07/17 01:16:25.990, 5170, 27
2026/07/17 01:16:26.090, 5170, 27
2026/07/17 01:16:26.190, 5170, 27
2026/07/17 01:16:26.290, 5170, 27
2026/07/17 01:16:26.390, 5170, 27
2026/07/17 01:16:26.491, 5170, 27
2026/07/17 01:16:26.591, 5170, 27
2026/07/17 01:16:26.691, 5170, 27
2026/07/17 01:16:26.791, 5170, 27
2026/07/17 01:16:26.891, 5170, 27
2026/07/17 01:16:26.991, 5172, 27
2026/07/17 01:16:27.091, 5172, 27
2026/07/17 01:16:27.191, 5172, 26
2026/07/17 01:16:27.291, 5172, 26
2026/07/17 01:16:27.392, 5172, 26
2026/07/17 01:16:27.492, 5172, 26
2026/07/17 01:16:27.592, 5172, 26
2026/07/17 01:16:27.692, 5172, 26
2026/07/17 01:16:27.792, 5172, 26
2026/07/17 01:16:27.892, 5172, 26
2026/07/17 01:16:27.992, 5172, 26
2026/07/17 01:16:28.092, 5172, 26
2026/07/17 01:16:28.193, 5172, 28
2026/07/17 01:16:28.293, 5172, 28
2026/07/17 01:16:28.393, 5172, 28
2026/07/17 01:16:28.493, 5172, 28
2026/07/17 01:16:28.593, 5172, 28
2026/07/17 01:16:28.693, 5172, 28
2026/07/17 01:16:28.793, 5174, 28
2026/07/17 01:16:28.893, 5174, 28
2026/07/17 01:16:28.993, 5174, 28
2026/07/17 01:16:29.093, 5174, 28
2026/07/17 01:16:29.193, 5174, 28
2026/07/17 01:16:29.294, 5174, 28
2026/07/17 01:16:29.394, 5174, 28
2026/07/17 01:16:29.494, 5174, 28
2026/07/17 01:16:29.594, 5174, 28
2026/07/17 01:16:29.694, 5174, 28
2026/07/17 01:16:29.794, 5174, 28
2026/07/17 01:16:29.894, 5174, 28
2026/07/17 01:16:29.994, 5174, 28
2026/07/17 01:16:30.094, 5174, 28
2026/07/17 01:16:30.195, 5174, 27
2026/07/17 01:16:30.295, 5174, 27
2026/07/17 01:16:30.395, 5176, 27
2026/07/17 01:16:30.495, 5176, 27
2026/07/17 01:16:30.595, 5176, 27
2026/07/17 01:16:30.695, 5176, 27
2026/07/17 01:16:30.795, 5176, 27
2026/07/17 01:16:30.895, 5176, 27
2026/07/17 01:16:30.996, 5176, 27
2026/07/17 01:16:31.096, 5176, 27
2026/07/17 01:16:31.196, 5176, 28
2026/07/17 01:16:31.296, 5176, 28
2026/07/17 01:16:31.396, 5176, 28
2026/07/17 01:16:31.496, 5176, 28
2026/07/17 01:16:31.596, 5176, 28
2026/07/17 01:16:31.696, 5176, 28
2026/07/17 01:16:31.796, 5176, 28
2026/07/17 01:16:31.897, 5176, 28
2026/07/17 01:16:31.997, 5176, 28
2026/07/17 01:16:32.097, 5176, 28
2026/07/17 01:16:32.197, 5176, 28
2026/07/17 01:16:32.297, 5178, 28
2026/07/17 01:16:32.397, 5178, 28
2026/07/17 01:16:32.497, 5178, 28
2026/07/17 01:16:32.597, 5178, 28
2026/07/17 01:16:32.697, 5178, 28
2026/07/17 01:16:32.798, 5178, 28
2026/07/17 01:16:32.898, 5178, 28
2026/07/17 01:16:32.998, 5178, 28
2026/07/17 01:16:33.098, 5178, 28
2026/07/17 01:16:33.198, 5178, 27
2026/07/17 01:16:33.298, 5178, 27
2026/07/17 01:16:33.398, 5178, 27
2026/07/17 01:16:33.498, 5178, 27
2026/07/17 01:16:33.598, 5178, 27
2026/07/17 01:16:33.698, 5178, 27
2026/07/17 01:16:33.799, 5178, 27
2026/07/17 01:16:33.899, 5178, 27
2026/07/17 01:16:33.999, 5178, 27
2026/07/17 01:16:34.099, 5178, 27
2026/07/17 01:16:34.199, 5180, 28
2026/07/17 01:16:34.299, 5180, 28
2026/07/17 01:16:34.399, 5180, 28
2026/07/17 01:16:34.499, 5180, 28
2026/07/17 01:16:34.599, 5180, 28
2026/07/17 01:16:34.700, 5180, 28
2026/07/17 01:16:34.800, 5180, 28
2026/07/17 01:16:34.900, 5180, 28
2026/07/17 01:16:35.000, 5180, 28
2026/07/17 01:16:35.100, 5180, 28
2026/07/17 01:16:35.200, 5180, 28
2026/07/17 01:16:35.300, 5180, 28
2026/07/17 01:16:35.400, 5180, 28
2026/07/17 01:16:35.500, 5180, 28
2026/07/17 01:16:35.600, 5180, 28
2026/07/17 01:16:35.700, 5180, 28
2026/07/17 01:16:35.801, 5180, 28
2026/07/17 01:16:35.901, 5182, 28
2026/07/17 01:16:36.001, 5182, 28
2026/07/17 01:16:36.101, 5182, 28
2026/07/17 01:16:36.201, 5182, 26
2026/07/17 01:16:36.301, 5182, 26
2026/07/17 01:16:36.401, 5182, 26
2026/07/17 01:16:36.501, 5182, 26
2026/07/17 01:16:36.601, 5182, 26
2026/07/17 01:16:36.702, 5182, 26
2026/07/17 01:16:36.802, 5182, 26
2026/07/17 01:16:36.902, 5182, 26
2026/07/17 01:16:37.002, 5182, 26
2026/07/17 01:16:37.102, 5182, 26
2026/07/17 01:16:37.202, 5182, 28
2026/07/17 01:16:37.302, 5182, 28
2026/07/17 01:16:37.402, 5182, 28
2026/07/17 01:16:37.502, 5182, 28
2026/07/17 01:16:37.603, 5182, 28
2026/07/17 01:16:37.703, 5182, 28
2026/07/17 01:16:37.803, 5184, 28
2026/07/17 01:16:37.903, 5184, 28
2026/07/17 01:16:38.003, 5184, 28
2026/07/17 01:16:38.103, 5184, 28
2026/07/17 01:16:38.203, 5184, 28
2026/07/17 01:16:38.303, 5184, 28
2026/07/17 01:16:38.403, 5184, 28
2026/07/17 01:16:38.503, 5184, 28
2026/07/17 01:16:38.604, 5184, 28
2026/07/17 01:16:38.704, 5184, 28
2026/07/17 01:16:38.804, 5184, 28
2026/07/17 01:16:38.904, 5184, 28
2026/07/17 01:16:39.004, 5184, 28
2026/07/17 01:16:39.104, 5184, 28
2026/07/17 01:16:39.204, 5184, 26
2026/07/17 01:16:39.304, 5184, 26
2026/07/17 01:16:39.404, 5184, 26
2026/07/17 01:16:39.504, 5186, 26
2026/07/17 01:16:39.605, 5186, 26
2026/07/17 01:16:39.705, 5186, 26
2026/07/17 01:16:39.805, 5186, 26
2026/07/17 01:16:39.905, 5186, 26
2026/07/17 01:16:40.005, 5186, 26
2026/07/17 01:16:40.105, 5186, 26
2026/07/17 01:16:40.205, 5186, 27
2026/07/17 01:16:40.305, 5186, 27
2026/07/17 01:16:40.405, 5186, 27
2026/07/17 01:16:40.506, 5186, 27
2026/07/17 01:16:40.606, 5186, 27
2026/07/17 01:16:40.706, 5186, 27
2026/07/17 01:16:40.806, 5186, 27
2026/07/17 01:16:40.906, 5186, 27
2026/07/17 01:16:41.006, 5186, 27
2026/07/17 01:16:41.106, 5186, 27
2026/07/17 01:16:41.206, 5186, 27
2026/07/17 01:16:41.306, 5186, 27
2026/07/17 01:16:41.407, 5188, 27
2026/07/17 01:16:41.507, 5188, 27
2026/07/17 01:16:41.607, 5188, 27
2026/07/17 01:16:41.707, 5188, 27
2026/07/17 01:16:41.807, 5188, 27
2026/07/17 01:16:41.907, 5188, 27
2026/07/17 01:16:42.007, 5188, 27
2026/07/17 01:16:42.107, 5188, 27
2026/07/17 01:16:42.207, 5188, 25
2026/07/17 01:16:42.308, 5188, 25
2026/07/17 01:16:42.408, 5188, 25
2026/07/17 01:16:42.508, 5188, 25
2026/07/17 01:16:42.608, 5188, 25
2026/07/17 01:16:42.708, 5188, 25
2026/07/17 01:16:42.808, 5188, 25
2026/07/17 01:16:42.908, 5188, 25
2026/07/17 01:16:43.008, 5188, 25
2026/07/17 01:16:43.108, 5188, 25
2026/07/17 01:16:43.209, 5190, 28
2026/07/17 01:16:43.309, 5190, 28
2026/07/17 01:16:43.409, 5190, 28
2026/07/17 01:16:43.509, 5190, 28
2026/07/17 01:16:43.609, 5190, 28
2026/07/17 01:16:43.709, 5190, 28
2026/07/17 01:16:43.809, 5190, 28
2026/07/17 01:16:43.909, 5190, 28
2026/07/17 01:16:44.009, 5190, 28
2026/07/17 01:16:44.110, 5190, 28
2026/07/17 01:16:44.210, 5190, 27
2026/07/17 01:16:44.310, 5190, 27
2026/07/17 01:16:44.410, 5190, 27
2026/07/17 01:16:44.510, 5190, 27
2026/07/17 01:16:44.610, 5190, 27
2026/07/17 01:16:44.710, 5190, 27
2026/07/17 01:16:44.810, 5190, 27
2026/07/17 01:16:44.910, 5190, 27
2026/07/17 01:16:45.011, 5192, 27
2026/07/17 01:16:45.111, 5192, 27
2026/07/17 01:16:45.211, 5192, 26
2026/07/17 01:16:45.311, 5192, 26
2026/07/17 01:16:45.411, 5192, 26
2026/07/17 01:16:45.511, 5192, 26
2026/07/17 01:16:45.611, 5192, 26
2026/07/17 01:16:45.711, 5192, 26
2026/07/17 01:16:45.811, 5192, 26
2026/07/17 01:16:45.912, 5192, 26
2026/07/17 01:16:46.012, 5192, 26
2026/07/17 01:16:46.112, 5192, 26
2026/07/17 01:16:46.212, 5192, 28
2026/07/17 01:16:46.312, 5192, 28
2026/07/17 01:16:46.412, 5192, 28
2026/07/17 01:16:46.512, 5192, 28
2026/07/17 01:16:46.612, 5192, 28
2026/07/17 01:16:46.713, 5192, 28
2026/07/17 01:16:46.813, 5192, 28
2026/07/17 01:16:46.913, 5194, 28
2026/07/17 01:16:47.013, 5194, 28
2026/07/17 01:16:47.113, 5194, 28
2026/07/17 01:16:47.213, 5194, 27
2026/07/17 01:16:47.313, 5194, 27
2026/07/17 01:16:47.413, 5194, 27
2026/07/17 01:16:47.513, 5194, 27
2026/07/17 01:16:47.614, 5194, 27
2026/07/17 01:16:47.714, 5194, 27
2026/07/17 01:16:47.814, 5194, 27
2026/07/17 01:16:47.914, 5194, 27
2026/07/17 01:16:48.014, 5194, 27
2026/07/17 01:16:48.114, 5194, 27
2026/07/17 01:16:48.214, 5194, 28
2026/07/17 01:16:48.314, 5194, 28
2026/07/17 01:16:48.414, 5194, 28
2026/07/17 01:16:48.514, 5194, 28
2026/07/17 01:16:48.615, 5214, 28
2026/07/17 01:16:48.715, 5216, 28
2026/07/17 01:16:48.815, 5216, 28
2026/07/17 01:16:48.915, 5216, 28
2026/07/17 01:16:49.015, 5216, 28
2026/07/17 01:16:49.115, 5216, 28
2026/07/17 01:16:49.215, 5216, 28
2026/07/17 01:16:49.315, 5216, 28
2026/07/17 01:16:49.416, 5216, 28
2026/07/17 01:16:49.516, 5216, 28
2026/07/17 01:16:49.616, 5216, 28
2026/07/17 01:16:49.716, 5216, 28
2026/07/17 01:16:49.816, 5216, 28
2026/07/17 01:16:49.916, 5216, 28
2026/07/17 01:16:50.016, 5216, 28
2026/07/17 01:16:50.116, 5216, 28
2026/07/17 01:16:50.216, 5216, 28
2026/07/17 01:16:50.317, 5216, 28
2026/07/17 01:16:50.417, 5216, 28
2026/07/17 01:16:50.517, 5218, 28
2026/07/17 01:16:50.617, 5218, 28
2026/07/17 01:16:50.717, 5218, 28
2026/07/17 01:16:50.817, 5218, 28
2026/07/17 01:16:50.917, 5218, 28
2026/07/17 01:16:51.017, 5218, 28
2026/07/17 01:16:51.117, 5218, 28
2026/07/17 01:16:51.218, 5218, 27
2026/07/17 01:16:51.318, 5218, 27
2026/07/17 01:16:51.418, 5218, 27
2026/07/17 01:16:51.518, 5218, 27
2026/07/17 01:16:51.618, 5218, 27
2026/07/17 01:16:51.718, 5218, 27
2026/07/17 01:16:51.818, 5218, 27
2026/07/17 01:16:51.918, 5218, 27
2026/07/17 01:16:52.018, 5218, 27
2026/07/17 01:16:52.118, 5218, 27
2026/07/17 01:16:52.219, 5218, 28
2026/07/17 01:16:52.319, 5220, 28
2026/07/17 01:16:52.419, 5220, 28
2026/07/17 01:16:52.519, 5220, 28
2026/07/17 01:16:52.619, 5220, 28
2026/07/17 01:16:52.719, 5220, 28
2026/07/17 01:16:52.819, 5220, 28
2026/07/17 01:16:52.919, 5220, 28
2026/07/17 01:16:53.019, 5220, 28
2026/07/17 01:16:53.120, 5220, 28
2026/07/17 01:16:53.220, 5220, 28
2026/07/17 01:16:53.320, 5220, 28
2026/07/17 01:16:53.420, 5220, 28
2026/07/17 01:16:53.520, 5220, 28
2026/07/17 01:16:53.620, 5220, 28
2026/07/17 01:16:53.720, 5220, 28
2026/07/17 01:16:53.820, 5220, 28
2026/07/17 01:16:53.920, 5220, 28
2026/07/17 01:16:54.020, 5220, 28
2026/07/17 01:16:54.121, 5220, 28
2026/07/17 01:16:54.221, 5220, 28
2026/07/17 01:16:54.321, 5222, 28
2026/07/17 01:16:54.421, 5222, 28
2026/07/17 01:16:54.521, 5222, 28
2026/07/17 01:16:54.621, 5222, 28
2026/07/17 01:16:54.721, 5222, 28
2026/07/17 01:16:54.821, 5222, 28
2026/07/17 01:16:54.921, 5222, 28
2026/07/17 01:16:55.022, 5222, 28
2026/07/17 01:16:55.122, 5222, 28
2026/07/17 01:16:55.222, 5222, 27
2026/07/17 01:16:55.322, 5222, 27
2026/07/17 01:16:55.422, 5222, 27
2026/07/17 01:16:55.522, 5222, 27
2026/07/17 01:16:55.622, 5222, 27
2026/07/17 01:16:55.722, 5222, 27
2026/07/17 01:16:55.822, 5222, 27
2026/07/17 01:16:55.922, 5224, 27
2026/07/17 01:16:56.022, 5224, 27
2026/07/17 01:16:56.123, 5224, 27
2026/07/17 01:16:56.223, 5224, 28
2026/07/17 01:16:56.323, 5224, 28
2026/07/17 01:16:56.423, 5224, 28
2026/07/17 01:16:56.523, 5224, 28
2026/07/17 01:16:56.623, 5224, 28
2026/07/17 01:16:56.723, 5224, 28
2026/07/17 01:16:56.823, 5224, 28
2026/07/17 01:16:56.923, 5224, 28
2026/07/17 01:16:57.023, 5224, 28
2026/07/17 01:16:57.124, 5224, 28
2026/07/17 01:16:57.224, 5224, 28
2026/07/17 01:16:57.324, 5224, 28
2026/07/17 01:16:57.424, 5224, 28
2026/07/17 01:16:57.524, 5224, 28
2026/07/17 01:16:57.624, 5224, 28
2026/07/17 01:16:57.724, 5226, 28
2026/07/17 01:16:57.824, 5226, 28
2026/07/17 01:16:57.924, 5226, 28
2026/07/17 01:16:58.024, 5226, 28
2026/07/17 01:16:58.125, 5226, 28
2026/07/17 01:16:58.225, 5226, 28
2026/07/17 01:16:58.325, 5226, 28
2026/07/17 01:16:58.425, 5226, 28
2026/07/17 01:16:58.525, 5226, 28
2026/07/17 01:16:58.625, 5226, 28
2026/07/17 01:16:58.725, 5226, 28
2026/07/17 01:16:58.825, 5226, 28
2026/07/17 01:16:58.925, 5226, 28
2026/07/17 01:16:59.025, 5226, 28
2026/07/17 01:16:59.126, 5226, 28
2026/07/17 01:16:59.226, 5226, 28
2026/07/17 01:16:59.326, 5226, 28
2026/07/17 01:16:59.426, 5226, 28
2026/07/17 01:16:59.526, 5226, 28
2026/07/17 01:16:59.626, 5226, 28
2026/07/17 01:16:59.726, 5228, 28
2026/07/17 01:16:59.826, 5228, 28
2026/07/17 01:16:59.926, 5228, 28
2026/07/17 01:17:00.026, 5228, 28
2026/07/17 01:17:00.126, 5228, 28
2026/07/17 01:17:00.227, 5228, 27
2026/07/17 01:17:00.327, 5228, 27
2026/07/17 01:17:00.427, 5228, 27
2026/07/17 01:17:00.527, 5228, 27
2026/07/17 01:17:00.627, 5228, 27
2026/07/17 01:17:00.727, 5228, 27
2026/07/17 01:17:00.827, 5228, 27
2026/07/17 01:17:00.927, 5228, 27
2026/07/17 01:17:01.027, 5228, 27
2026/07/17 01:17:01.127, 5228, 27
2026/07/17 01:17:01.228, 5228, 26
2026/07/17 01:17:01.328, 5228, 26
2026/07/17 01:17:01.428, 5230, 26
2026/07/17 01:17:01.528, 5230, 26
2026/07/17 01:17:01.628, 5230, 26
2026/07/17 01:17:01.728, 5230, 26
2026/07/17 01:17:01.828, 5230, 26
2026/07/17 01:17:01.928, 5230, 26
2026/07/17 01:17:02.028, 5230, 26
2026/07/17 01:17:02.128, 5230, 26
2026/07/17 01:17:02.229, 5230, 27
2026/07/17 01:17:02.329, 5230, 27
2026/07/17 01:17:02.429, 5230, 27
2026/07/17 01:17:02.529, 5230, 27
2026/07/17 01:17:02.629, 5230, 27
2026/07/17 01:17:02.729, 5230, 27
2026/07/17 01:17:02.829, 5230, 27
2026/07/17 01:17:02.929, 5230, 27
2026/07/17 01:17:03.029, 5230, 27
2026/07/17 01:17:03.129, 5230, 27
2026/07/17 01:17:03.230, 5232, 28
2026/07/17 01:17:03.330, 5232, 28
2026/07/17 01:17:03.430, 5232, 28
2026/07/17 01:17:03.530, 5232, 28
2026/07/17 01:17:03.630, 5232, 28
2026/07/17 01:17:03.730, 5232, 28
2026/07/17 01:17:03.830, 5232, 28
2026/07/17 01:17:03.930, 5232, 28
2026/07/17 01:17:04.030, 5232, 28
2026/07/17 01:17:04.130, 5232, 28
2026/07/17 01:17:04.231, 5232, 27
2026/07/17 01:17:04.331, 5232, 27
2026/07/17 01:17:04.431, 5232, 27
2026/07/17 01:17:04.531, 5232, 27
2026/07/17 01:17:04.631, 5232, 27
2026/07/17 01:17:04.731, 5232, 27
2026/07/17 01:17:04.831, 5232, 27
2026/07/17 01:17:04.931, 5232, 27
2026/07/17 01:17:05.031, 5232, 27
2026/07/17 01:17:05.132, 5232, 27
2026/07/17 01:17:05.232, 5234, 27
2026/07/17 01:17:05.332, 5234, 27
2026/07/17 01:17:05.432, 5234, 27
2026/07/17 01:17:05.532, 5234, 27
2026/07/17 01:17:05.632, 5234, 27
2026/07/17 01:17:05.732, 5234, 27
2026/07/17 01:17:05.832, 5234, 27
2026/07/17 01:17:05.932, 5234, 27
2026/07/17 01:17:06.032, 5234, 27
2026/07/17 01:17:06.132, 5234, 27
2026/07/17 01:17:06.233, 5234, 28
2026/07/17 01:17:06.333, 5234, 28
2026/07/17 01:17:06.433, 5234, 28
2026/07/17 01:17:06.533, 5234, 28
2026/07/17 01:17:06.633, 5234, 28
2026/07/17 01:17:06.733, 5234, 28
2026/07/17 01:17:06.833, 5234, 28
2026/07/17 01:17:06.933, 5236, 28
2026/07/17 01:17:07.033, 5236, 28
2026/07/17 01:17:07.134, 5236, 28
2026/07/17 01:17:07.234, 5236, 27
2026/07/17 01:17:07.334, 5236, 27
2026/07/17 01:17:07.434, 5236, 27
2026/07/17 01:17:07.534, 5236, 27
2026/07/17 01:17:07.634, 5236, 27
2026/07/17 01:17:07.734, 5236, 27
2026/07/17 01:17:07.834, 5236, 27
2026/07/17 01:17:07.935, 5236, 27
2026/07/17 01:17:08.035, 5236, 27
2026/07/17 01:17:08.135, 5236, 27
2026/07/17 01:17:08.235, 5236, 28
2026/07/17 01:17:08.335, 5236, 28
2026/07/17 01:17:08.435, 5236, 28
2026/07/17 01:17:08.535, 5236, 28
2026/07/17 01:17:08.635, 5236, 28
2026/07/17 01:17:08.735, 5238, 28
2026/07/17 01:17:08.836, 5238, 28
2026/07/17 01:17:08.936, 5238, 28
2026/07/17 01:17:09.036, 5238, 28
2026/07/17 01:17:09.136, 5238, 28
2026/07/17 01:17:09.236, 5238, 27
2026/07/17 01:17:09.336, 5238, 27
2026/07/17 01:17:09.436, 5238, 27
2026/07/17 01:17:09.536, 5238, 27
2026/07/17 01:17:09.636, 5238, 27
2026/07/17 01:17:09.736, 5238, 27
2026/07/17 01:17:09.837, 5238, 27
2026/07/17 01:17:09.937, 5238, 27
2026/07/17 01:17:10.037, 5238, 27
2026/07/17 01:17:10.137, 5238, 27
2026/07/17 01:17:10.237, 5238, 27
2026/07/17 01:17:10.337, 5238, 27
2026/07/17 01:17:10.437, 5238, 27
2026/07/17 01:17:10.537, 5238, 27
2026/07/17 01:17:10.637, 5240, 27
2026/07/17 01:17:10.738, 5240, 27
2026/07/17 01:17:10.838, 5240, 27
2026/07/17 01:17:10.938, 5240, 27
2026/07/17 01:17:11.038, 5240, 27
2026/07/17 01:17:11.138, 5240, 27
2026/07/17 01:17:11.238, 5240, 26
2026/07/17 01:17:11.338, 5240, 26
2026/07/17 01:17:11.438, 5240, 26
2026/07/17 01:17:11.539, 5240, 26
2026/07/17 01:17:11.639, 5240, 26
2026/07/17 01:17:11.739, 5240, 26
2026/07/17 01:17:11.839, 5240, 26
2026/07/17 01:17:11.939, 5240, 26
2026/07/17 01:17:12.039, 5240, 26
2026/07/17 01:17:12.139, 5240, 26
2026/07/17 01:17:12.239, 5240, 27
2026/07/17 01:17:12.339, 5240, 27
2026/07/17 01:17:12.439, 5240, 27
2026/07/17 01:17:12.540, 5242, 27
2026/07/17 01:17:12.640, 5242, 27
2026/07/17 01:17:12.740, 5242, 27
2026/07/17 01:17:12.840, 5242, 27
2026/07/17 01:17:12.940, 5242, 27
2026/07/17 01:17:13.040, 5242, 27
2026/07/17 01:17:13.140, 5242, 27
2026/07/17 01:17:13.240, 5242, 27
2026/07/17 01:17:13.341, 5242, 27
2026/07/17 01:17:13.441, 5242, 27
2026/07/17 01:17:13.541, 5242, 27
2026/07/17 01:17:13.641, 5242, 27
2026/07/17 01:17:13.741, 5242, 27
2026/07/17 01:17:13.841, 5242, 27
2026/07/17 01:17:13.941, 5242, 27
2026/07/17 01:17:14.041, 5242, 27
2026/07/17 01:17:14.141, 5242, 27
2026/07/17 01:17:14.242, 5242, 27
2026/07/17 01:17:14.342, 5244, 27
2026/07/17 01:17:14.442, 5244, 27
2026/07/17 01:17:14.542, 5244, 27
2026/07/17 01:17:14.642, 5244, 27
2026/07/17 01:17:14.742, 5244, 27
2026/07/17 01:17:14.842, 5244, 27
2026/07/17 01:17:14.942, 5244, 27
2026/07/17 01:17:15.042, 5244, 27
2026/07/17 01:17:15.143, 5244, 27
2026/07/17 01:17:15.243, 5244, 28
2026/07/17 01:17:15.343, 5264, 28
2026/07/17 01:17:15.443, 5264, 28
2026/07/17 01:17:15.543, 5264, 28
2026/07/17 01:17:15.643, 5264, 28
2026/07/17 01:17:15.743, 5264, 28
2026/07/17 01:17:15.843, 5264, 28
2026/07/17 01:17:15.943, 5264, 28
2026/07/17 01:17:16.043, 5264, 28
2026/07/17 01:17:16.144, 5264, 28
2026/07/17 01:17:16.244, 5266, 28
2026/07/17 01:17:16.344, 5266, 28
2026/07/17 01:17:16.444, 5266, 28
2026/07/17 01:17:16.544, 5266, 28
2026/07/17 01:17:16.644, 5266, 28
2026/07/17 01:17:16.744, 5266, 28
2026/07/17 01:17:16.844, 5266, 28
2026/07/17 01:17:16.944, 5266, 28
2026/07/17 01:17:17.044, 5266, 28
2026/07/17 01:17:17.145, 5266, 28
2026/07/17 01:17:17.245, 5266, 26
2026/07/17 01:17:17.345, 5266, 26
2026/07/17 01:17:17.445, 5266, 26
2026/07/17 01:17:17.545, 5266, 26
2026/07/17 01:17:17.645, 5266, 26
2026/07/17 01:17:17.745, 5266, 26
2026/07/17 01:17:17.845, 5266, 26
2026/07/17 01:17:17.945, 5266, 26
2026/07/17 01:17:18.046, 5268, 26
2026/07/17 01:17:18.146, 5268, 26
2026/07/17 01:17:18.246, 5268, 28
2026/07/17 01:17:18.346, 5268, 28
2026/07/17 01:17:18.446, 5268, 28
2026/07/17 01:17:18.546, 5268, 28
2026/07/17 01:17:18.646, 5268, 28
2026/07/17 01:17:18.746, 5268, 28
2026/07/17 01:17:18.846, 5268, 28
2026/07/17 01:17:18.947, 5268, 28
2026/07/17 01:17:19.047, 5268, 28
2026/07/17 01:17:19.147, 5268, 28
2026/07/17 01:17:19.247, 5268, 28
2026/07/17 01:17:19.347, 5268, 28
2026/07/17 01:17:19.447, 5268, 28
2026/07/17 01:17:19.547, 5268, 28
2026/07/17 01:17:19.647, 5268, 28
2026/07/17 01:17:19.748, 5268, 28
2026/07/17 01:17:19.848, 5270, 28
2026/07/17 01:17:19.948, 5270, 28
2026/07/17 01:17:20.048, 5270, 28
2026/07/17 01:17:20.148, 5270, 28
2026/07/17 01:17:20.248, 5270, 27
2026/07/17 01:17:20.348, 5270, 27
2026/07/17 01:17:20.448, 5270, 27
2026/07/17 01:17:20.548, 5270, 27
2026/07/17 01:17:20.648, 5270, 27
2026/07/17 01:17:20.749, 5270, 27
2026/07/17 01:17:20.849, 5270, 27
2026/07/17 01:17:20.949, 5270, 27
2026/07/17 01:17:21.049, 5270, 27
2026/07/17 01:17:21.149, 5270, 27
2026/07/17 01:17:21.249, 5270, 26
2026/07/17 01:17:21.349, 5270, 26
2026/07/17 01:17:21.449, 5270, 26
2026/07/17 01:17:21.549, 5270, 26
2026/07/17 01:17:21.650, 5272, 26
2026/07/17 01:17:21.750, 5272, 26
2026/07/17 01:17:21.850, 5272, 26
2026/07/17 01:17:21.950, 5272, 26
2026/07/17 01:17:22.050, 5272, 26
2026/07/17 01:17:22.150, 5272, 26
2026/07/17 01:17:22.250, 5272, 27
2026/07/17 01:17:22.350, 5272, 27
2026/07/17 01:17:22.450, 5272, 27
2026/07/17 01:17:22.551, 5272, 27
2026/07/17 01:17:22.651, 5272, 27
2026/07/17 01:17:22.751, 5272, 27
2026/07/17 01:17:22.851, 5272, 27
2026/07/17 01:17:22.951, 5272, 27
2026/07/17 01:17:23.051, 5272, 27
2026/07/17 01:17:23.151, 5272, 27
2026/07/17 01:17:23.251, 5272, 27
2026/07/17 01:17:23.352, 5272, 27
2026/07/17 01:17:23.452, 5274, 27
2026/07/17 01:17:23.552, 5274, 27
2026/07/17 01:17:23.652, 5274, 27
2026/07/17 01:17:23.752, 5274, 27
2026/07/17 01:17:23.852, 5274, 27
2026/07/17 01:17:23.952, 5274, 27
2026/07/17 01:17:24.052, 5274, 27
2026/07/17 01:17:24.152, 5274, 27
2026/07/17 01:17:24.252, 5274, 28
2026/07/17 01:17:24.352, 5274, 28
2026/07/17 01:17:24.453, 5274, 28
2026/07/17 01:17:24.553, 5274, 28
2026/07/17 01:17:24.653, 5274, 28
2026/07/17 01:17:24.753, 5274, 28
2026/07/17 01:17:24.853, 5274, 28
2026/07/17 01:17:24.953, 5274, 28
2026/07/17 01:17:25.053, 5274, 28
2026/07/17 01:17:25.153, 5294, 28
2026/07/17 01:17:25.253, 5294, 28
2026/07/17 01:17:25.353, 5296, 28
2026/07/17 01:17:25.454, 5296, 28
2026/07/17 01:17:25.554, 5296, 28
2026/07/17 01:17:25.654, 5296, 28
2026/07/17 01:17:25.754, 5296, 28
2026/07/17 01:17:25.854, 5296, 28
2026/07/17 01:17:25.954, 5296, 28
2026/07/17 01:17:26.054, 5296, 28
2026/07/17 01:17:26.154, 5296, 28
2026/07/17 01:17:26.254, 5296, 27
2026/07/17 01:17:26.354, 5296, 27
2026/07/17 01:17:26.455, 5296, 27
2026/07/17 01:17:26.555, 5296, 27
2026/07/17 01:17:26.655, 5296, 27
2026/07/17 01:17:26.755, 5296, 27
2026/07/17 01:17:26.855, 5296, 27
2026/07/17 01:17:26.955, 5296, 27
2026/07/17 01:17:27.055, 5296, 27
2026/07/17 01:17:27.155, 5296, 27
2026/07/17 01:17:27.255, 5298, 27
2026/07/17 01:17:27.356, 5298, 27
2026/07/17 01:17:27.456, 5298, 27
2026/07/17 01:17:27.556, 5298, 27
2026/07/17 01:17:27.656, 5298, 27
2026/07/17 01:17:27.756, 5298, 27
2026/07/17 01:17:27.856, 5298, 27
2026/07/17 01:17:27.956, 5298, 27
2026/07/17 01:17:28.056, 5298, 27
2026/07/17 01:17:28.156, 5298, 27
2026/07/17 01:17:28.257, 5298, 28
2026/07/17 01:17:28.357, 5298, 28
2026/07/17 01:17:28.457, 5298, 28
2026/07/17 01:17:28.557, 5298, 28
2026/07/17 01:17:28.657, 5298, 28
2026/07/17 01:17:28.757, 5298, 28
2026/07/17 01:17:28.857, 5300, 28
2026/07/17 01:17:28.957, 5300, 28
2026/07/17 01:17:29.057, 5300, 28
2026/07/17 01:17:29.158, 5300, 27
2026/07/17 01:17:29.258, 5300, 27
2026/07/17 01:17:29.358, 5300, 27
2026/07/17 01:17:29.458, 5300, 27
2026/07/17 01:17:29.558, 5300, 27
2026/07/17 01:17:29.658, 5300, 27
2026/07/17 01:17:29.758, 5300, 27
2026/07/17 01:17:29.858, 5300, 27
2026/07/17 01:17:29.958, 5300, 27
2026/07/17 01:17:30.059, 5300, 27
2026/07/17 01:17:30.159, 5300, 28
2026/07/17 01:17:30.259, 5300, 28
2026/07/17 01:17:30.359, 5300, 28
2026/07/17 01:17:30.459, 5300, 28
2026/07/17 01:17:30.559, 5300, 28
2026/07/17 01:17:30.659, 5300, 28
2026/07/17 01:17:30.759, 5302, 28
2026/07/17 01:17:30.859, 5302, 28
2026/07/17 01:17:30.960, 5302, 28
2026/07/17 01:17:31.060, 5302, 28
2026/07/17 01:17:31.160, 5302, 28
2026/07/17 01:17:31.260, 5302, 28
2026/07/17 01:17:31.360, 5302, 28
2026/07/17 01:17:31.460, 5302, 28
2026/07/17 01:17:31.560, 5302, 28
2026/07/17 01:17:31.660, 5302, 28
2026/07/17 01:17:31.760, 5302, 28
2026/07/17 01:17:31.860, 5302, 28
2026/07/17 01:17:31.960, 5302, 28
2026/07/17 01:17:32.061, 5302, 28
2026/07/17 01:17:32.161, 5302, 26
2026/07/17 01:17:32.261, 5302, 26
2026/07/17 01:17:32.361, 5302, 26
2026/07/17 01:17:32.461, 5302, 26
2026/07/17 01:17:32.561, 5304, 26
2026/07/17 01:17:32.661, 5304, 26
2026/07/17 01:17:32.761, 5304, 26
2026/07/17 01:17:32.862, 5304, 26
2026/07/17 01:17:32.962, 5304, 26
2026/07/17 01:17:33.062, 5304, 26
2026/07/17 01:17:33.162, 5304, 28
2026/07/17 01:17:33.262, 5304, 28
2026/07/17 01:17:33.362, 5304, 28
2026/07/17 01:17:33.462, 5304, 28
2026/07/17 01:17:33.562, 5304, 28
2026/07/17 01:17:33.662, 5304, 28
2026/07/17 01:17:33.762, 5304, 28
2026/07/17 01:17:33.863, 5304, 28
2026/07/17 01:17:33.963, 5304, 28
2026/07/17 01:17:34.063, 5304, 28
2026/07/17 01:17:34.163, 5304, 28
2026/07/17 01:17:34.263, 5304, 28
2026/07/17 01:17:34.363, 5304, 28
2026/07/17 01:17:34.463, 5306, 28
2026/07/17 01:17:34.563, 5306, 28
2026/07/17 01:17:34.663, 5306, 28
2026/07/17 01:17:34.763, 5306, 28
2026/07/17 01:17:34.864, 5306, 28
2026/07/17 01:17:34.964, 5306, 28
2026/07/17 01:17:35.064, 5306, 28
2026/07/17 01:17:35.164, 5306, 27
2026/07/17 01:17:35.264, 5306, 27
2026/07/17 01:17:35.364, 5306, 27
2026/07/17 01:17:35.464, 5306, 27
2026/07/17 01:17:35.564, 5306, 27
2026/07/17 01:17:35.664, 5306, 27
2026/07/17 01:17:35.765, 5306, 27
2026/07/17 01:17:35.865, 5306, 27
2026/07/17 01:17:35.965, 5306, 27
2026/07/17 01:17:36.065, 5306, 27
2026/07/17 01:17:36.165, 5306, 27
2026/07/17 01:17:36.265, 5306, 27
2026/07/17 01:17:36.365, 5308, 27
2026/07/17 01:17:36.465, 5308, 27
2026/07/17 01:17:36.565, 5308, 27
2026/07/17 01:17:36.665, 5308, 27
2026/07/17 01:17:36.766, 5308, 27
2026/07/17 01:17:36.866, 5308, 27
2026/07/17 01:17:36.966, 5308, 27
2026/07/17 01:17:37.066, 5308, 27
2026/07/17 01:17:37.166, 5308, 27
2026/07/17 01:17:37.266, 5308, 27
2026/07/17 01:17:37.366, 5308, 27
2026/07/17 01:17:37.466, 5308, 27
2026/07/17 01:17:37.566, 5308, 27
2026/07/17 01:17:37.667, 5308, 27
2026/07/17 01:17:37.767, 5308, 27
2026/07/17 01:17:37.867, 5308, 27
2026/07/17 01:17:37.967, 5310, 27
2026/07/17 01:17:38.067, 5310, 27
2026/07/17 01:17:38.167, 5310, 28
2026/07/17 01:17:38.267, 5310, 28
2026/07/17 01:17:38.367, 5310, 28
2026/07/17 01:17:38.467, 5310, 28
2026/07/17 01:17:38.568, 5310, 28
2026/07/17 01:17:38.668, 5310, 28
2026/07/17 01:17:38.768, 5310, 28
2026/07/17 01:17:38.868, 5310, 28
2026/07/17 01:17:38.968, 5310, 28
2026/07/17 01:17:39.068, 5330, 28
2026/07/17 01:17:39.168, 5330, 27
2026/07/17 01:17:39.268, 5330, 27
2026/07/17 01:17:39.368, 5330, 27
2026/07/17 01:17:39.468, 5330, 27
2026/07/17 01:17:39.569, 5330, 27
2026/07/17 01:17:39.669, 5330, 27
2026/07/17 01:17:39.769, 5330, 27
2026/07/17 01:17:39.869, 5330, 27
2026/07/17 01:17:39.969, 5332, 27
2026/07/17 01:17:40.069, 5332, 27
2026/07/17 01:17:40.169, 5332, 27
2026/07/17 01:17:40.269, 5332, 27
2026/07/17 01:17:40.369, 5332, 27
2026/07/17 01:17:40.469, 5332, 27
2026/07/17 01:17:40.570, 5332, 27
2026/07/17 01:17:40.670, 5332, 27
2026/07/17 01:17:40.770, 5332, 27
2026/07/17 01:17:40.870, 5332, 27
2026/07/17 01:17:40.970, 5332, 27
2026/07/17 01:17:41.070, 5332, 27
2026/07/17 01:17:41.170, 5332, 27
2026/07/17 01:17:41.270, 5332, 27
2026/07/17 01:17:41.370, 5332, 27
2026/07/17 01:17:41.470, 5332, 27
2026/07/17 01:17:41.571, 5332, 27
2026/07/17 01:17:41.671, 5332, 27
2026/07/17 01:17:41.771, 5334, 27
2026/07/17 01:17:41.871, 5334, 27
2026/07/17 01:17:41.971, 5334, 27
2026/07/17 01:17:42.071, 5334, 27
2026/07/17 01:17:42.171, 5334, 27
2026/07/17 01:17:42.271, 5334, 27
2026/07/17 01:17:42.371, 5334, 27
2026/07/17 01:17:42.472, 5334, 27
2026/07/17 01:17:42.572, 5334, 27
2026/07/17 01:17:42.672, 5334, 27
2026/07/17 01:17:42.772, 5334, 27
2026/07/17 01:17:42.872, 5334, 27
2026/07/17 01:17:42.972, 5334, 27
2026/07/17 01:17:43.072, 5334, 27
2026/07/17 01:17:43.172, 5334, 28
2026/07/17 01:17:43.272, 5334, 28
2026/07/17 01:17:43.372, 5334, 28
2026/07/17 01:17:43.473, 5334, 28
2026/07/17 01:17:43.573, 5336, 28
2026/07/17 01:17:43.673, 5336, 28
2026/07/17 01:17:43.773, 5336, 28
2026/07/17 01:17:43.873, 5336, 28
2026/07/17 01:17:43.973, 5336, 28
2026/07/17 01:17:44.073, 5336, 28
2026/07/17 01:17:44.173, 5336, 28
2026/07/17 01:17:44.273, 5336, 28
2026/07/17 01:17:44.374, 5336, 28
2026/07/17 01:17:44.474, 5336, 28
2026/07/17 01:17:44.574, 5336, 28
2026/07/17 01:17:44.674, 5336, 28
2026/07/17 01:17:44.774, 5336, 28
2026/07/17 01:17:44.874, 5336, 28
2026/07/17 01:17:44.974, 5336, 28
2026/07/17 01:17:45.074, 5336, 28
2026/07/17 01:17:45.175, 5336, 26
2026/07/17 01:17:45.275, 5336, 26
2026/07/17 01:17:45.375, 5336, 26
2026/07/17 01:17:45.475, 5338, 26
2026/07/17 01:17:45.575, 5338, 26
2026/07/17 01:17:45.675, 5338, 26
2026/07/17 01:17:45.775, 5338, 26
2026/07/17 01:17:45.875, 5338, 26
2026/07/17 01:17:45.975, 5338, 26
2026/07/17 01:17:46.076, 5338, 26
2026/07/17 01:17:46.176, 5338, 28
2026/07/17 01:17:46.276, 5338, 28
2026/07/17 01:17:46.376, 5338, 28
2026/07/17 01:17:46.476, 5338, 28
2026/07/17 01:17:46.576, 5338, 28
2026/07/17 01:17:46.676, 5338, 28
2026/07/17 01:17:46.776, 5338, 28
2026/07/17 01:17:46.876, 5338, 28
2026/07/17 01:17:46.977, 5338, 28
2026/07/17 01:17:47.077, 5338, 28
2026/07/17 01:17:47.177, 5338, 27
2026/07/17 01:17:47.277, 5340, 27
2026/07/17 01:17:47.377, 5340, 27
2026/07/17 01:17:47.477, 5340, 27
2026/07/17 01:17:47.577, 5340, 27
2026/07/17 01:17:47.677, 5340, 27
2026/07/17 01:17:47.777, 5340, 27
2026/07/17 01:17:47.878, 5340, 27
2026/07/17 01:17:47.978, 5340, 27
2026/07/17 01:17:48.078, 5340, 27
2026/07/17 01:17:48.178, 5340, 28
2026/07/17 01:17:48.278, 5340, 28
2026/07/17 01:17:48.378, 5340, 28
2026/07/17 01:17:48.478, 5340, 28
2026/07/17 01:17:48.579, 5340, 28
2026/07/17 01:17:48.679, 5340, 28
2026/07/17 01:17:48.779, 5340, 28
2026/07/17 01:17:48.879, 5340, 28
2026/07/17 01:17:48.979, 5340, 28
2026/07/17 01:17:49.079, 5342, 28
2026/07/17 01:17:49.179, 5342, 28
2026/07/17 01:17:49.279, 5342, 28
2026/07/17 01:17:49.379, 5342, 28
2026/07/17 01:17:49.480, 5342, 28
2026/07/17 01:17:49.580, 5342, 28
2026/07/17 01:17:49.680, 5342, 28
2026/07/17 01:17:49.780, 5342, 28
2026/07/17 01:17:49.880, 5342, 28
2026/07/17 01:17:49.980, 5342, 28
2026/07/17 01:17:50.080, 5342, 28
2026/07/17 01:17:50.180, 5342, 28
2026/07/17 01:17:50.280, 5342, 28
2026/07/17 01:17:50.380, 5342, 28
2026/07/17 01:17:50.481, 5342, 28
2026/07/17 01:17:50.581, 5342, 28
2026/07/17 01:17:50.681, 5342, 28
2026/07/17 01:17:50.781, 5342, 28
2026/07/17 01:17:50.881, 5342, 28
2026/07/17 01:17:50.981, 5344, 28
2026/07/17 01:17:51.081, 5344, 28
2026/07/17 01:17:51.181, 5344, 28
2026/07/17 01:17:51.281, 5344, 28
2026/07/17 01:17:51.382, 5344, 28
2026/07/17 01:17:51.482, 5344, 28
2026/07/17 01:17:51.582, 5344, 28
2026/07/17 01:17:51.682, 5344, 28
2026/07/17 01:17:51.782, 5344, 28
2026/07/17 01:17:51.882, 5344, 28
2026/07/17 01:17:51.982, 5344, 28
2026/07/17 01:17:52.082, 5344, 28
2026/07/17 01:17:52.182, 5344, 28
2026/07/17 01:17:52.283, 5344, 28
2026/07/17 01:17:52.383, 5344, 28
2026/07/17 01:17:52.483, 5344, 28
2026/07/17 01:17:52.583, 5344, 28
2026/07/17 01:17:52.683, 5344, 28
2026/07/17 01:17:52.783, 5346, 28
2026/07/17 01:17:52.883, 5346, 28
2026/07/17 01:17:52.983, 5346, 28
2026/07/17 01:17:53.083, 5346, 28
2026/07/17 01:17:53.184, 5346, 28
2026/07/17 01:17:53.284, 5346, 28
2026/07/17 01:17:53.384, 5346, 28
2026/07/17 01:17:53.484, 5346, 28
2026/07/17 01:17:53.584, 5346, 28
2026/07/17 01:17:53.684, 5346, 28
2026/07/17 01:17:53.784, 5346, 28
2026/07/17 01:17:53.884, 5346, 28
2026/07/17 01:17:53.984, 5346, 28
2026/07/17 01:17:54.085, 5346, 28
2026/07/17 01:17:54.185, 5346, 26
2026/07/17 01:17:54.285, 5346, 26
2026/07/17 01:17:54.385, 5346, 26
2026/07/17 01:17:54.485, 5346, 26
2026/07/17 01:17:54.585, 5346, 26
2026/07/17 01:17:54.685, 5348, 26
2026/07/17 01:17:54.785, 5348, 26
2026/07/17 01:17:54.885, 5348, 26
2026/07/17 01:17:54.986, 5348, 26
2026/07/17 01:17:55.086, 5348, 26
2026/07/17 01:17:55.186, 5348, 28
2026/07/17 01:17:55.286, 5348, 28
2026/07/17 01:17:55.386, 5348, 28
2026/07/17 01:17:55.486, 5348, 28
2026/07/17 01:17:55.586, 5348, 28
2026/07/17 01:17:55.686, 5348, 28
2026/07/17 01:17:55.786, 5348, 28
2026/07/17 01:17:55.886, 5348, 28
2026/07/17 01:17:55.987, 5348, 28
2026/07/17 01:17:56.087, 5348, 28
2026/07/17 01:17:56.187, 5348, 28
2026/07/17 01:17:56.287, 5348, 28
2026/07/17 01:17:56.387, 5348, 28
2026/07/17 01:17:56.487, 5350, 28
2026/07/17 01:17:56.587, 5350, 28
2026/07/17 01:17:56.687, 5350, 28
2026/07/17 01:17:56.788, 5350, 28
2026/07/17 01:17:56.888, 5350, 28
2026/07/17 01:17:56.988, 5350, 28
2026/07/17 01:17:57.088, 5350, 28
2026/07/17 01:17:57.188, 5350, 27
2026/07/17 01:17:57.288, 5350, 27
2026/07/17 01:17:57.388, 5350, 27
2026/07/17 01:17:57.488, 5350, 27
2026/07/17 01:17:57.588, 5350, 27
2026/07/17 01:17:57.689, 5350, 27
2026/07/17 01:17:57.789, 5350, 27
2026/07/17 01:17:57.889, 5350, 27
2026/07/17 01:17:57.989, 5350, 27
2026/07/17 01:17:58.089, 5350, 27
2026/07/17 01:17:58.189, 5350, 28
2026/07/17 01:17:58.289, 5350, 28
2026/07/17 01:17:58.389, 5352, 28
2026/07/17 01:17:58.489, 5352, 28
2026/07/17 01:17:58.589, 5352, 28
2026/07/17 01:17:58.690, 5352, 28
2026/07/17 01:17:58.790, 5352, 28
2026/07/17 01:17:58.890, 5352, 28
2026/07/17 01:17:58.990, 5352, 28
2026/07/17 01:17:59.090, 5352, 28
2026/07/17 01:17:59.190, 5352, 27
2026/07/17 01:17:59.290, 5352, 27
2026/07/17 01:17:59.390, 5352, 27
2026/07/17 01:17:59.490, 5352, 27
2026/07/17 01:17:59.590, 5352, 27
2026/07/17 01:17:59.691, 5352, 27
2026/07/17 01:17:59.791, 5352, 27
2026/07/17 01:17:59.891, 5352, 27
2026/07/17 01:17:59.991, 5352, 27
2026/07/17 01:18:00.091, 5354, 27
2026/07/17 01:18:00.191, 5354, 26
2026/07/17 01:18:00.291, 5354, 26
2026/07/17 01:18:00.391, 5354, 26
2026/07/17 01:18:00.492, 5354, 26
2026/07/17 01:18:00.592, 5354, 26
2026/07/17 01:18:00.692, 5354, 26
2026/07/17 01:18:00.792, 5354, 26
2026/07/17 01:18:00.892, 5354, 26
2026/07/17 01:18:00.992, 5354, 26
2026/07/17 01:18:01.092, 5354, 26
2026/07/17 01:18:01.192, 5354, 28
2026/07/17 01:18:01.292, 5354, 28
2026/07/17 01:18:01.392, 5354, 28
2026/07/17 01:18:01.492, 5354, 28
2026/07/17 01:18:01.593, 5354, 28
2026/07/17 01:18:01.693, 5354, 28
2026/07/17 01:18:01.793, 5354, 28
2026/07/17 01:18:01.893, 5354, 28
2026/07/17 01:18:01.993, 5356, 28
2026/07/17 01:18:02.093, 5356, 28
2026/07/17 01:18:02.193, 5356, 27
2026/07/17 01:18:02.293, 5356, 27
2026/07/17 01:18:02.393, 5356, 27
2026/07/17 01:18:02.494, 5356, 27
2026/07/17 01:18:02.594, 5356, 27
2026/07/17 01:18:02.694, 5356, 27
2026/07/17 01:18:02.794, 5356, 27
2026/07/17 01:18:02.894, 5356, 27
2026/07/17 01:18:02.994, 5356, 27
2026/07/17 01:18:03.094, 5356, 27
2026/07/17 01:18:03.194, 5356, 27
2026/07/17 01:18:03.294, 5356, 27
2026/07/17 01:18:03.395, 5356, 27
2026/07/17 01:18:03.495, 5356, 27
2026/07/17 01:18:03.595, 5356, 27
2026/07/17 01:18:03.695, 5356, 27
2026/07/17 01:18:03.795, 5356, 27
2026/07/17 01:18:03.895, 5356, 27
2026/07/17 01:18:03.995, 5358, 27
2026/07/17 01:18:04.095, 5358, 27
2026/07/17 01:18:04.196, 5358, 27
2026/07/17 01:18:04.296, 5358, 27
2026/07/17 01:18:04.396, 5358, 27
2026/07/17 01:18:04.496, 5378, 27
2026/07/17 01:18:04.596, 5378, 27
2026/07/17 01:18:04.696, 5378, 27
2026/07/17 01:18:04.796, 5378, 27
2026/07/17 01:18:04.896, 5378, 27
2026/07/17 01:18:04.996, 5378, 27
2026/07/17 01:18:05.097, 5378, 27
2026/07/17 01:18:05.197, 5378, 28
2026/07/17 01:18:05.297, 5378, 28
2026/07/17 01:18:05.397, 5378, 28
2026/07/17 01:18:05.497, 5378, 28
2026/07/17 01:18:05.597, 5378, 28
2026/07/17 01:18:05.697, 5380, 28
2026/07/17 01:18:05.797, 5380, 28
2026/07/17 01:18:05.897, 5380, 28
2026/07/17 01:18:05.998, 5380, 28
2026/07/17 01:18:06.098, 5380, 28
2026/07/17 01:18:06.198, 5380, 28
2026/07/17 01:18:06.298, 5380, 28
2026/07/17 01:18:06.398, 5380, 28
2026/07/17 01:18:06.498, 5380, 28
2026/07/17 01:18:06.598, 5380, 28
2026/07/17 01:18:06.698, 5380, 28
2026/07/17 01:18:06.798, 5380, 28
2026/07/17 01:18:06.899, 5380, 28
2026/07/17 01:18:06.999, 5380, 28
2026/07/17 01:18:07.099, 5380, 28
2026/07/17 01:18:07.199, 5380, 28
2026/07/17 01:18:07.299, 5380, 28
2026/07/17 01:18:07.399, 5380, 28
2026/07/17 01:18:07.499, 5380, 28
2026/07/17 01:18:07.599, 5382, 28
2026/07/17 01:18:07.699, 5382, 28
2026/07/17 01:18:07.800, 5382, 28
2026/07/17 01:18:07.900, 5382, 28
2026/07/17 01:18:08.000, 5382, 28
2026/07/17 01:18:08.100, 5382, 28
2026/07/17 01:18:08.200, 5382, 28
2026/07/17 01:18:08.300, 5382, 28
2026/07/17 01:18:08.400, 5382, 28
2026/07/17 01:18:08.500, 5382, 28
2026/07/17 01:18:08.600, 5382, 28
2026/07/17 01:18:08.701, 5382, 28
2026/07/17 01:18:08.801, 5382, 28
2026/07/17 01:18:08.901, 5382, 28
2026/07/17 01:18:09.001, 5382, 28
2026/07/17 01:18:09.101, 5382, 28
2026/07/17 01:18:09.201, 5382, 28
2026/07/17 01:18:09.301, 5382, 28
2026/07/17 01:18:09.401, 5384, 28
2026/07/17 01:18:09.501, 5384, 28
2026/07/17 01:18:09.602, 5384, 28
2026/07/17 01:18:09.702, 5384, 28
2026/07/17 01:18:09.802, 5384, 28
2026/07/17 01:18:09.902, 5384, 28
2026/07/17 01:18:10.002, 5404, 28
2026/07/17 01:18:10.102, 5404, 28
2026/07/17 01:18:10.202, 5404, 28
2026/07/17 01:18:10.302, 5404, 28
2026/07/17 01:18:10.402, 5404, 28
2026/07/17 01:18:10.502, 5404, 28
2026/07/17 01:18:10.603, 5404, 28
2026/07/17 01:18:10.703, 5404, 28
2026/07/17 01:18:10.803, 5404, 28
2026/07/17 01:18:10.903, 5404, 28
2026/07/17 01:18:11.003, 5404, 28
2026/07/17 01:18:11.103, 5404, 28
2026/07/17 01:18:11.203, 5404, 26
2026/07/17 01:18:11.304, 5406, 26
2026/07/17 01:18:11.404, 5406, 26
2026/07/17 01:18:11.504, 5406, 26
2026/07/17 01:18:11.604, 5406, 26
2026/07/17 01:18:11.704, 5406, 26
2026/07/17 01:18:11.804, 5406, 26
2026/07/17 01:18:11.904, 5406, 26
2026/07/17 01:18:12.004, 5406, 26
2026/07/17 01:18:12.104, 5406, 26
2026/07/17 01:18:12.204, 5406, 27
2026/07/17 01:18:12.305, 5406, 27
2026/07/17 01:18:12.405, 5406, 27
2026/07/17 01:18:12.505, 5406, 27
2026/07/17 01:18:12.605, 5406, 27
2026/07/17 01:18:12.705, 5406, 27
2026/07/17 01:18:12.805, 5406, 27
2026/07/17 01:18:12.905, 5406, 27
2026/07/17 01:18:13.005, 5406, 27
2026/07/17 01:18:13.106, 5408, 27
2026/07/17 01:18:13.206, 5408, 28
2026/07/17 01:18:13.306, 5408, 28
2026/07/17 01:18:13.406, 5408, 28
2026/07/17 01:18:13.506, 5408, 28
2026/07/17 01:18:13.606, 5408, 28
2026/07/17 01:18:13.706, 5408, 28
2026/07/17 01:18:13.806, 5408, 28
2026/07/17 01:18:13.906, 5408, 28
2026/07/17 01:18:14.006, 5408, 28
2026/07/17 01:18:14.106, 5408, 28
2026/07/17 01:18:14.207, 5408, 27
2026/07/17 01:18:14.307, 5408, 27
2026/07/17 01:18:14.407, 5408, 27
2026/07/17 01:18:14.507, 5408, 27
2026/07/17 01:18:14.607, 5408, 27
2026/07/17 01:18:14.707, 5408, 27
2026/07/17 01:18:14.807, 5408, 27
2026/07/17 01:18:14.907, 5410, 27
2026/07/17 01:18:15.007, 5410, 27
2026/07/17 01:18:15.107, 5410, 27
2026/07/17 01:18:15.208, 5410, 27
2026/07/17 01:18:15.308, 5410, 27
2026/07/17 01:18:15.408, 5410, 27
2026/07/17 01:18:15.508, 5410, 27
2026/07/17 01:18:15.608, 5410, 27
2026/07/17 01:18:15.708, 5410, 27
2026/07/17 01:18:15.808, 5410, 27
2026/07/17 01:18:15.908, 5410, 27
2026/07/17 01:18:16.008, 5410, 27
2026/07/17 01:18:16.108, 5410, 27
2026/07/17 01:18:16.209, 5410, 28
2026/07/17 01:18:16.309, 5410, 28
2026/07/17 01:18:16.409, 5410, 28
2026/07/17 01:18:16.509, 5410, 28
2026/07/17 01:18:16.609, 5410, 28
2026/07/17 01:18:16.709, 5410, 28
2026/07/17 01:18:16.809, 5410, 28
2026/07/17 01:18:16.909, 5412, 28
2026/07/17 01:18:17.009, 5412, 28
2026/07/17 01:18:17.109, 5412, 28
2026/07/17 01:18:17.210, 5412, 28
2026/07/17 01:18:17.310, 5412, 28
2026/07/17 01:18:17.410, 5412, 28
2026/07/17 01:18:17.510, 5412, 28
2026/07/17 01:18:17.610, 5412, 28
2026/07/17 01:18:17.710, 5412, 28
2026/07/17 01:18:17.810, 5412, 28
2026/07/17 01:18:17.910, 5412, 28
2026/07/17 01:18:18.010, 5412, 28
2026/07/17 01:18:18.110, 5412, 28
2026/07/17 01:18:18.211, 5412, 28
2026/07/17 01:18:18.311, 5412, 28
2026/07/17 01:18:18.411, 5412, 28
2026/07/17 01:18:18.511, 5412, 28
2026/07/17 01:18:18.611, 5412, 28
2026/07/17 01:18:18.711, 5412, 28
2026/07/17 01:18:18.811, 5414, 28
2026/07/17 01:18:18.911, 5414, 28
2026/07/17 01:18:19.011, 5414, 28
2026/07/17 01:18:19.112, 5414, 28
2026/07/17 01:18:19.212, 5414, 27
2026/07/17 01:18:19.312, 5414, 27
2026/07/17 01:18:19.412, 5414, 27
2026/07/17 01:18:19.512, 5414, 27
2026/07/17 01:18:19.612, 5414, 27
2026/07/17 01:18:19.712, 5414, 27
2026/07/17 01:18:19.812, 5414, 27
2026/07/17 01:18:19.912, 5414, 27
2026/07/17 01:18:20.012, 5414, 27
2026/07/17 01:18:20.112, 5414, 27
2026/07/17 01:18:20.213, 5414, 26
2026/07/17 01:18:20.313, 5414, 26
2026/07/17 01:18:20.413, 5414, 26
2026/07/17 01:18:20.513, 5416, 26
2026/07/17 01:18:20.613, 5416, 26
2026/07/17 01:18:20.713, 5416, 26
2026/07/17 01:18:20.813, 5416, 26
2026/07/17 01:18:20.913, 5416, 26
2026/07/17 01:18:21.013, 5416, 26
2026/07/17 01:18:21.113, 5416, 26
2026/07/17 01:18:21.213, 5416, 28
2026/07/17 01:18:21.314, 5416, 28
2026/07/17 01:18:21.414, 5416, 28
2026/07/17 01:18:21.514, 5416, 28
2026/07/17 01:18:21.614, 5416, 28
2026/07/17 01:18:21.714, 5416, 28
2026/07/17 01:18:21.814, 5416, 28
2026/07/17 01:18:21.914, 5416, 28
2026/07/17 01:18:22.014, 5416, 28
2026/07/17 01:18:22.114, 5416, 28
2026/07/17 01:18:22.214, 5416, 28
2026/07/17 01:18:22.315, 5416, 28
2026/07/17 01:18:22.415, 5416, 28
2026/07/17 01:18:22.515, 5418, 28
2026/07/17 01:18:22.615, 5418, 28
2026/07/17 01:18:22.715, 5418, 28
2026/07/17 01:18:22.815, 5418, 28
2026/07/17 01:18:22.915, 5418, 28
2026/07/17 01:18:23.015, 5418, 28
2026/07/17 01:18:23.115, 5418, 28
2026/07/17 01:18:23.216, 5418, 28
2026/07/17 01:18:23.316, 5418, 28
2026/07/17 01:18:23.416, 5418, 28
2026/07/17 01:18:23.516, 5418, 28
2026/07/17 01:18:23.616, 5418, 28
2026/07/17 01:18:23.716, 5418, 28
2026/07/17 01:18:23.816, 5418, 28
2026/07/17 01:18:23.916, 5418, 28
2026/07/17 01:18:24.016, 5418, 28
2026/07/17 01:18:24.117, 5418, 28
2026/07/17 01:18:24.217, 5418, 28
2026/07/17 01:18:24.317, 5420, 28
2026/07/17 01:18:24.417, 5420, 28
2026/07/17 01:18:24.517, 5420, 28
2026/07/17 01:18:24.617, 5420, 28
2026/07/17 01:18:24.717, 5420, 28
2026/07/17 01:18:24.817, 5420, 28
2026/07/17 01:18:24.917, 5420, 28
2026/07/17 01:18:25.018, 5420, 28
2026/07/17 01:18:25.118, 5420, 28
2026/07/17 01:18:25.218, 5420, 28
2026/07/17 01:18:25.318, 5420, 28
2026/07/17 01:18:25.418, 5420, 28
2026/07/17 01:18:25.518, 5420, 28
2026/07/17 01:18:25.618, 5420, 28
2026/07/17 01:18:25.718, 5420, 28
2026/07/17 01:18:25.818, 5420, 28
2026/07/17 01:18:25.918, 5420, 28
2026/07/17 01:18:26.018, 5420, 28
2026/07/17 01:18:26.119, 5422, 28
2026/07/17 01:18:26.219, 5422, 27
2026/07/17 01:18:26.319, 5422, 27
2026/07/17 01:18:26.419, 5422, 27
2026/07/17 01:18:26.519, 5422, 27
2026/07/17 01:18:26.619, 5422, 27
2026/07/17 01:18:26.719, 5422, 27
2026/07/17 01:18:26.819, 5422, 27
2026/07/17 01:18:26.920, 5422, 27
2026/07/17 01:18:27.020, 5422, 27
2026/07/17 01:18:27.120, 5422, 27
2026/07/17 01:18:27.220, 5422, 27
2026/07/17 01:18:27.320, 5422, 27
2026/07/17 01:18:27.420, 5422, 27
2026/07/17 01:18:27.520, 5422, 27
2026/07/17 01:18:27.620, 5422, 27
2026/07/17 01:18:27.720, 5422, 27
2026/07/17 01:18:27.821, 5422, 27
2026/07/17 01:18:27.921, 5422, 27
2026/07/17 01:18:28.021, 5424, 27
2026/07/17 01:18:28.121, 5424, 27
2026/07/17 01:18:28.221, 5424, 28
2026/07/17 01:18:28.321, 5424, 28
2026/07/17 01:18:28.421, 5424, 28
2026/07/17 01:18:28.521, 5424, 28
2026/07/17 01:18:28.621, 5424, 28
2026/07/17 01:18:28.721, 5424, 28
2026/07/17 01:18:28.822, 5424, 28
2026/07/17 01:18:28.922, 5424, 28
2026/07/17 01:18:29.022, 5424, 28
2026/07/17 01:18:29.122, 5424, 28
2026/07/17 01:18:29.222, 5424, 28
2026/07/17 01:18:29.322, 5424, 28
2026/07/17 01:18:29.422, 5424, 28
2026/07/17 01:18:29.522, 5424, 28
2026/07/17 01:18:29.623, 5424, 28
2026/07/17 01:18:29.723, 5426, 28
2026/07/17 01:18:29.823, 5426, 28
2026/07/17 01:18:29.923, 5426, 28
2026/07/17 01:18:30.023, 5426, 28
2026/07/17 01:18:30.123, 5426, 28
2026/07/17 01:18:30.223, 5426, 28
2026/07/17 01:18:30.323, 5426, 28
2026/07/17 01:18:30.423, 5426, 28
2026/07/17 01:18:30.523, 5426, 28
2026/07/17 01:18:30.624, 5426, 28
2026/07/17 01:18:30.724, 5426, 28
2026/07/17 01:18:30.824, 5426, 28
2026/07/17 01:18:30.924, 5426, 28
2026/07/17 01:18:31.024, 5426, 28
2026/07/17 01:18:31.124, 5426, 28
2026/07/17 01:18:31.224, 5426, 27
2026/07/17 01:18:31.325, 5426, 27
2026/07/17 01:18:31.425, 5426, 27
2026/07/17 01:18:31.525, 5426, 27
2026/07/17 01:18:31.625, 5428, 27
2026/07/17 01:18:31.725, 5428, 27
2026/07/17 01:18:31.825, 5428, 27
2026/07/17 01:18:31.925, 5428, 27
2026/07/17 01:18:32.025, 5428, 27
2026/07/17 01:18:32.125, 5428, 27
2026/07/17 01:18:32.226, 5428, 28
2026/07/17 01:18:32.326, 5428, 28
2026/07/17 01:18:32.426, 5428, 28
2026/07/17 01:18:32.526, 5428, 28
2026/07/17 01:18:32.626, 5428, 28
2026/07/17 01:18:32.726, 5428, 28
2026/07/17 01:18:32.826, 5428, 28
2026/07/17 01:18:32.926, 5428, 28
2026/07/17 01:18:33.027, 5428, 28
2026/07/17 01:18:33.127, 5428, 28
2026/07/17 01:18:33.227, 5428, 28
2026/07/17 01:18:33.327, 5428, 28
2026/07/17 01:18:33.427, 5428, 28
2026/07/17 01:18:33.527, 5430, 28
2026/07/17 01:18:33.627, 5430, 28
2026/07/17 01:18:33.728, 5430, 28
2026/07/17 01:18:33.828, 5430, 28
2026/07/17 01:18:33.928, 5430, 28
2026/07/17 01:18:34.028, 5430, 28
2026/07/17 01:18:34.128, 5430, 28
2026/07/17 01:18:34.228, 5430, 28
2026/07/17 01:18:34.328, 5430, 28
2026/07/17 01:18:34.428, 5430, 28
2026/07/17 01:18:34.528, 5430, 28
2026/07/17 01:18:34.629, 5430, 28
2026/07/17 01:18:34.729, 5430, 28
2026/07/17 01:18:34.829, 5430, 28
2026/07/17 01:18:34.929, 5430, 28
2026/07/17 01:18:35.029, 5430, 28
2026/07/17 01:18:35.129, 5430, 28
2026/07/17 01:18:35.229, 5430, 28
2026/07/17 01:18:35.330, 5432, 28
2026/07/17 01:18:35.430, 5432, 28
2026/07/17 01:18:35.530, 5432, 28
2026/07/17 01:18:35.630, 5432, 28
2026/07/17 01:18:35.730, 5432, 28
2026/07/17 01:18:35.830, 5432, 28
2026/07/17 01:18:35.930, 5432, 28
2026/07/17 01:18:36.030, 5432, 28
2026/07/17 01:18:36.131, 5432, 28
2026/07/17 01:18:36.231, 5432, 28
2026/07/17 01:18:36.331, 5432, 28
2026/07/17 01:18:36.431, 5432, 28
2026/07/17 01:18:36.531, 5432, 28
2026/07/17 01:18:36.631, 5432, 28
2026/07/17 01:18:36.731, 5432, 28
2026/07/17 01:18:36.831, 5432, 28
2026/07/17 01:18:36.932, 5432, 28
2026/07/17 01:18:37.032, 5432, 28
2026/07/17 01:18:37.132, 5432, 28
2026/07/17 01:18:37.232, 5434, 28
2026/07/17 01:18:37.332, 5434, 28
2026/07/17 01:18:37.432, 5434, 28
2026/07/17 01:18:37.532, 5434, 28
2026/07/17 01:18:37.632, 5434, 28
2026/07/17 01:18:37.733, 5454, 28
2026/07/17 01:18:37.833, 5454, 28
2026/07/17 01:18:37.933, 5454, 28
2026/07/17 01:18:38.033, 5454, 28
2026/07/17 01:18:38.133, 5454, 28
2026/07/17 01:18:38.233, 5454, 28
2026/07/17 01:18:38.333, 5454, 28
2026/07/17 01:18:38.434, 5454, 28
2026/07/17 01:18:38.534, 5454, 28
2026/07/17 01:18:38.634, 5454, 28
2026/07/17 01:18:38.734, 5454, 28
2026/07/17 01:18:38.834, 5454, 28
2026/07/17 01:18:38.934, 5454, 28
2026/07/17 01:18:39.034, 5454, 28
2026/07/17 01:18:39.134, 5456, 28
2026/07/17 01:18:39.234, 5456, 26
2026/07/17 01:18:39.335, 5456, 26
2026/07/17 01:18:39.435, 5456, 26
2026/07/17 01:18:39.535, 5456, 26
2026/07/17 01:18:39.635, 5456, 26
2026/07/17 01:18:39.735, 5456, 26
2026/07/17 01:18:39.835, 5456, 26
2026/07/17 01:18:39.935, 5456, 26
2026/07/17 01:18:40.035, 5456, 26
2026/07/17 01:18:40.136, 5456, 26
2026/07/17 01:18:40.236, 5456, 28
2026/07/17 01:18:40.336, 5456, 28
2026/07/17 01:18:40.436, 5456, 28
2026/07/17 01:18:40.536, 5456, 28
2026/07/17 01:18:40.636, 5456, 28
2026/07/17 01:18:40.736, 5456, 28
2026/07/17 01:18:40.836, 5458, 28
2026/07/17 01:18:40.936, 5458, 28
2026/07/17 01:18:41.037, 5458, 28
2026/07/17 01:18:41.137, 5458, 28
2026/07/17 01:18:41.237, 5458, 28
2026/07/17 01:18:41.337, 5458, 28
2026/07/17 01:18:41.437, 5458, 28
2026/07/17 01:18:41.537, 5458, 28
2026/07/17 01:18:41.637, 5458, 28
2026/07/17 01:18:41.737, 5458, 28
2026/07/17 01:18:41.837, 5458, 28
2026/07/17 01:18:41.938, 5458, 28
2026/07/17 01:18:42.038, 5458, 28
2026/07/17 01:18:42.138, 5458, 28
2026/07/17 01:18:42.238, 5458, 26
2026/07/17 01:18:42.338, 5458, 26
2026/07/17 01:18:42.438, 5458, 26
2026/07/17 01:18:42.538, 5458, 26
2026/07/17 01:18:42.638, 5458, 26
2026/07/17 01:18:42.739, 5460, 26
2026/07/17 01:18:42.839, 5460, 26
2026/07/17 01:18:42.939, 5460, 26
2026/07/17 01:18:43.039, 5460, 26
2026/07/17 01:18:43.139, 5460, 26
2026/07/17 01:18:43.239, 5460, 28
2026/07/17 01:18:43.339, 5460, 28
2026/07/17 01:18:43.439, 5460, 28
2026/07/17 01:18:43.540, 5460, 28
2026/07/17 01:18:43.640, 5460, 28
2026/07/17 01:18:43.740, 5460, 28
2026/07/17 01:18:43.840, 5460, 28
2026/07/17 01:18:43.940, 5460, 28
2026/07/17 01:18:44.040, 5460, 28
2026/07/17 01:18:44.140, 5460, 28
2026/07/17 01:18:44.240, 5460, 28
2026/07/17 01:18:44.340, 5460, 28
2026/07/17 01:18:44.440, 5460, 28
2026/07/17 01:18:44.541, 5460, 28
2026/07/17 01:18:44.641, 5462, 28
2026/07/17 01:18:44.741, 5462, 28
2026/07/17 01:18:44.841, 5462, 28
2026/07/17 01:18:44.941, 5462, 28
2026/07/17 01:18:45.041, 5462, 28
2026/07/17 01:18:45.141, 5462, 28
2026/07/17 01:18:45.242, 5462, 25
2026/07/17 01:18:45.342, 5462, 25
2026/07/17 01:18:45.442, 5462, 25
2026/07/17 01:18:45.542, 5462, 25
2026/07/17 01:18:45.642, 5462, 25
2026/07/17 01:18:45.742, 5462, 25
2026/07/17 01:18:45.842, 5462, 25
2026/07/17 01:18:45.942, 5462, 25
2026/07/17 01:18:46.042, 5462, 25
2026/07/17 01:18:46.143, 5462, 25
2026/07/17 01:18:46.243, 5462, 28
2026/07/17 01:18:46.343, 5462, 28
2026/07/17 01:18:46.443, 5462, 28
2026/07/17 01:18:46.543, 5464, 28
2026/07/17 01:18:46.643, 5464, 28
2026/07/17 01:18:46.743, 5464, 28
2026/07/17 01:18:46.843, 5464, 28
2026/07/17 01:18:46.944, 5464, 28
2026/07/17 01:18:47.044, 5464, 28
2026/07/17 01:18:47.144, 5464, 28
2026/07/17 01:18:47.244, 5464, 28
2026/07/17 01:18:47.344, 5464, 28
2026/07/17 01:18:47.444, 5464, 28
2026/07/17 01:18:47.544, 5464, 28
2026/07/17 01:18:47.644, 5464, 28
2026/07/17 01:18:47.745, 5464, 28
2026/07/17 01:18:47.845, 5464, 28
2026/07/17 01:18:47.945, 5464, 28
2026/07/17 01:18:48.045, 5464, 28
2026/07/17 01:18:48.145, 5464, 28
2026/07/17 01:18:48.245, 5464, 28
2026/07/17 01:18:48.345, 5464, 28
2026/07/17 01:18:48.445, 5466, 28
2026/07/17 01:18:48.545, 5466, 28
2026/07/17 01:18:48.645, 5466, 28
2026/07/17 01:18:48.746, 5466, 28
2026/07/17 01:18:48.846, 5466, 28
2026/07/17 01:18:48.946, 5466, 28
2026/07/17 01:18:49.046, 5466, 28
2026/07/17 01:18:49.146, 5466, 28
2026/07/17 01:18:49.246, 5466, 26
2026/07/17 01:18:49.346, 5466, 26
2026/07/17 01:18:49.446, 5466, 26
2026/07/17 01:18:49.546, 5466, 26
2026/07/17 01:18:49.647, 5466, 26
2026/07/17 01:18:49.747, 5466, 26
2026/07/17 01:18:49.847, 5466, 26
2026/07/17 01:18:49.947, 5466, 26
2026/07/17 01:18:50.047, 5466, 26
2026/07/17 01:18:50.147, 5466, 26
2026/07/17 01:18:50.247, 5466, 28
2026/07/17 01:18:50.347, 5468, 28
2026/07/17 01:18:50.447, 5468, 28
2026/07/17 01:18:50.548, 5468, 28
2026/07/17 01:18:50.648, 5468, 28
2026/07/17 01:18:50.748, 5468, 28
2026/07/17 01:18:50.848, 5468, 28
2026/07/17 01:18:50.948, 5468, 28
2026/07/17 01:18:51.048, 5468, 28
2026/07/17 01:18:51.148, 5468, 28
2026/07/17 01:18:51.248, 5468, 28
2026/07/17 01:18:51.348, 5468, 28
2026/07/17 01:18:51.449, 5468, 28
2026/07/17 01:18:51.549, 5468, 28
2026/07/17 01:18:51.649, 5468, 28
2026/07/17 01:18:51.749, 5468, 28
2026/07/17 01:18:51.849, 5468, 28
2026/07/17 01:18:51.949, 5468, 28
2026/07/17 01:18:52.049, 5470, 28
2026/07/17 01:18:52.149, 5470, 28
2026/07/17 01:18:52.250, 5470, 28
2026/07/17 01:18:52.350, 5470, 28
2026/07/17 01:18:52.450, 5470, 28
2026/07/17 01:18:52.550, 5470, 28
2026/07/17 01:18:52.650, 5470, 28
2026/07/17 01:18:52.750, 5470, 28
2026/07/17 01:18:52.850, 5470, 28
2026/07/17 01:18:52.950, 5470, 28
2026/07/17 01:18:53.051, 5470, 28
2026/07/17 01:18:53.151, 5470, 28
2026/07/17 01:18:53.251, 5470, 27
2026/07/17 01:18:53.351, 5470, 27
2026/07/17 01:18:53.451, 5470, 27
2026/07/17 01:18:53.551, 5470, 27
2026/07/17 01:18:53.651, 5470, 27
2026/07/17 01:18:53.751, 5470, 27
2026/07/17 01:18:53.851, 5472, 27
2026/07/17 01:18:53.951, 5472, 27
2026/07/17 01:18:54.052, 5472, 27
2026/07/17 01:18:54.152, 5472, 27
2026/07/17 01:18:54.252, 5472, 27
2026/07/17 01:18:54.352, 5472, 27
2026/07/17 01:18:54.452, 5472, 27
2026/07/17 01:18:54.552, 5472, 27
2026/07/17 01:18:54.652, 5472, 27
2026/07/17 01:18:54.752, 5472, 27
2026/07/17 01:18:54.852, 5472, 27
2026/07/17 01:18:54.952, 5472, 27
2026/07/17 01:18:55.053, 5472, 27
2026/07/17 01:18:55.153, 5472, 27
2026/07/17 01:18:55.253, 5472, 28
2026/07/17 01:18:55.353, 5472, 28
2026/07/17 01:18:55.453, 5472, 28
2026/07/17 01:18:55.553, 5472, 28
2026/07/17 01:18:55.653, 5474, 28
2026/07/17 01:18:55.753, 5474, 28
2026/07/17 01:18:55.853, 5474, 28
2026/07/17 01:18:55.954, 5474, 28
2026/07/17 01:18:56.054, 5474, 28
2026/07/17 01:18:56.154, 5474, 28
2026/07/17 01:18:56.254, 5474, 28
2026/07/17 01:18:56.354, 5474, 28
2026/07/17 01:18:56.454, 5474, 28
2026/07/17 01:18:56.554, 5474, 28
2026/07/17 01:18:56.654, 5474, 28
2026/07/17 01:18:56.754, 5474, 28
2026/07/17 01:18:56.854, 5474, 28
2026/07/17 01:18:56.955, 5474, 28
2026/07/17 01:18:57.055, 5474, 28
2026/07/17 01:18:57.155, 5474, 28
2026/07/17 01:18:57.255, 5474, 27
2026/07/17 01:18:57.355, 5474, 27
2026/07/17 01:18:57.455, 5474, 27
2026/07/17 01:18:57.555, 5474, 27
2026/07/17 01:18:57.655, 5474, 27
2026/07/17 01:18:57.755, 5476, 27
2026/07/17 01:18:57.856, 5476, 27
2026/07/17 01:18:57.956, 5476, 27
2026/07/17 01:18:58.056, 5476, 27
2026/07/17 01:18:58.156, 5476, 27
2026/07/17 01:18:58.256, 5476, 26
2026/07/17 01:18:58.356, 5476, 26
2026/07/17 01:18:58.456, 5476, 26
2026/07/17 01:18:58.556, 5476, 26
2026/07/17 01:18:58.656, 5476, 26
2026/07/17 01:18:58.757, 5476, 26
2026/07/17 01:18:58.857, 5476, 26
2026/07/17 01:18:58.957, 5476, 26
2026/07/17 01:18:59.057, 5476, 26
2026/07/17 01:18:59.157, 5476, 26
2026/07/17 01:18:59.257, 5476, 27
2026/07/17 01:18:59.357, 5476, 27
2026/07/17 01:18:59.457, 5478, 27
2026/07/17 01:18:59.557, 5478, 27
2026/07/17 01:18:59.657, 5478, 27
2026/07/17 01:18:59.758, 5478, 27
2026/07/17 01:18:59.858, 5478, 27
2026/07/17 01:18:59.958, 5478, 27
2026/07/17 01:19:00.058, 5478, 27
2026/07/17 01:19:00.158, 5478, 27
2026/07/17 01:19:00.258, 5478, 28
2026/07/17 01:19:00.358, 5478, 28
2026/07/17 01:19:00.459, 5478, 28
2026/07/17 01:19:00.559, 5478, 28
2026/07/17 01:19:00.659, 5478, 28
2026/07/17 01:19:00.759, 5478, 28
2026/07/17 01:19:00.859, 5478, 28
2026/07/17 01:19:00.959, 5478, 28
2026/07/17 01:19:01.059, 5478, 28
2026/07/17 01:19:01.159, 5478, 28
2026/07/17 01:19:01.260, 5478, 28
2026/07/17 01:19:01.360, 5480, 28
2026/07/17 01:19:01.460, 5480, 28
2026/07/17 01:19:01.560, 5480, 28
2026/07/17 01:19:01.660, 5480, 28
2026/07/17 01:19:01.760, 5480, 28
2026/07/17 01:19:01.860, 5480, 28
2026/07/17 01:19:01.960, 5480, 28
2026/07/17 01:19:02.061, 5480, 28
2026/07/17 01:19:02.161, 5480, 28
2026/07/17 01:19:02.261, 5480, 27
2026/07/17 01:19:02.361, 5480, 27
2026/07/17 01:19:02.461, 5480, 27
2026/07/17 01:19:02.561, 5480, 27
2026/07/17 01:19:02.661, 5480, 27
2026/07/17 01:19:02.761, 5480, 27
2026/07/17 01:19:02.861, 5480, 27
2026/07/17 01:19:02.962, 5480, 27
2026/07/17 01:19:03.062, 5480, 27
2026/07/17 01:19:03.162, 5480, 27
2026/07/17 01:19:03.262, 5482, 27
2026/07/17 01:19:03.362, 5482, 27
2026/07/17 01:19:03.462, 5482, 27
2026/07/17 01:19:03.562, 5482, 27
2026/07/17 01:19:03.663, 5482, 27
2026/07/17 01:19:03.763, 5482, 27
2026/07/17 01:19:03.863, 5482, 27
2026/07/17 01:19:03.963, 5482, 27
2026/07/17 01:19:04.063, 5482, 27
2026/07/17 01:19:04.163, 5482, 27
2026/07/17 01:19:04.263, 5482, 27
2026/07/17 01:19:04.363, 5482, 27
2026/07/17 01:19:04.464, 5482, 27
2026/07/17 01:19:04.564, 5482, 27
2026/07/17 01:19:04.664, 5482, 27
2026/07/17 01:19:04.764, 5482, 27
2026/07/17 01:19:04.864, 5482, 27
2026/07/17 01:19:04.964, 5482, 27
2026/07/17 01:19:05.064, 5482, 27
2026/07/17 01:19:05.164, 5482, 27
2026/07/17 01:19:05.264, 5484, 28
2026/07/17 01:19:05.365, 5484, 28
2026/07/17 01:19:05.465, 5484, 28
2026/07/17 01:19:05.565, 5484, 28
2026/07/17 01:19:05.665, 5484, 28
2026/07/17 01:19:05.765, 5484, 28
2026/07/17 01:19:05.865, 5484, 28
2026/07/17 01:19:05.965, 5484, 28
2026/07/17 01:19:06.065, 5504, 28
2026/07/17 01:19:06.166, 5504, 28
2026/07/17 01:19:06.266, 5504, 27
2026/07/17 01:19:06.366, 5504, 27
2026/07/17 01:19:06.466, 5504, 27
2026/07/17 01:19:06.566, 5504, 27
2026/07/17 01:19:06.666, 5504, 27
2026/07/17 01:19:06.766, 5504, 27
2026/07/17 01:19:06.866, 5504, 27
2026/07/17 01:19:06.967, 5504, 27
2026/07/17 01:19:07.067, 5506, 27
2026/07/17 01:19:07.167, 5506, 27
2026/07/17 01:19:07.267, 5506, 28
2026/07/17 01:19:07.367, 5506, 28
2026/07/17 01:19:07.467, 5506, 28
2026/07/17 01:19:07.567, 5506, 28
2026/07/17 01:19:07.667, 5506, 28
2026/07/17 01:19:07.767, 5506, 28
2026/07/17 01:19:07.868, 5506, 28
2026/07/17 01:19:07.968, 5506, 28
2026/07/17 01:19:08.068, 5506, 28
2026/07/17 01:19:08.168, 5506, 28
2026/07/17 01:19:08.268, 5506, 28
2026/07/17 01:19:08.368, 5506, 28
2026/07/17 01:19:08.468, 5506, 28
2026/07/17 01:19:08.568, 5506, 28
2026/07/17 01:19:08.669, 5508, 28
2026/07/17 01:19:08.769, 5508, 28
2026/07/17 01:19:08.869, 5508, 28
2026/07/17 01:19:08.969, 5508, 28
2026/07/17 01:19:09.069, 5508, 28
2026/07/17 01:19:09.169, 5508, 28
2026/07/17 01:19:09.269, 5508, 28
2026/07/17 01:19:09.369, 5508, 28
2026/07/17 01:19:09.469, 5508, 28
2026/07/17 01:19:09.570, 5508, 28
2026/07/17 01:19:09.670, 5508, 28
2026/07/17 01:19:09.770, 5508, 28
2026/07/17 01:19:09.870, 5508, 28
2026/07/17 01:19:09.970, 5508, 28
2026/07/17 01:19:10.070, 5508, 28
2026/07/17 01:19:10.170, 5508, 28
2026/07/17 01:19:10.270, 5508, 28
2026/07/17 01:19:10.370, 5508, 28
2026/07/17 01:19:10.470, 5508, 28
2026/07/17 01:19:10.571, 5508, 28
2026/07/17 01:19:10.671, 5510, 28
2026/07/17 01:19:10.771, 5510, 28
2026/07/17 01:19:10.871, 5510, 28
2026/07/17 01:19:10.971, 5510, 28
2026/07/17 01:19:11.071, 5510, 28
2026/07/17 01:19:11.171, 5510, 27
2026/07/17 01:19:11.272, 5510, 27
2026/07/17 01:19:11.372, 5510, 27
2026/07/17 01:19:11.472, 5510, 27
2026/07/17 01:19:11.572, 5510, 27
2026/07/17 01:19:11.672, 5510, 27
2026/07/17 01:19:11.772, 5510, 27
2026/07/17 01:19:11.872, 5510, 27
2026/07/17 01:19:11.972, 5510, 27
2026/07/17 01:19:12.072, 5510, 27
2026/07/17 01:19:12.173, 5510, 27
2026/07/17 01:19:12.273, 5510, 27
2026/07/17 01:19:12.373, 5510, 27
2026/07/17 01:19:12.473, 5512, 27
2026/07/17 01:19:12.573, 5512, 27
2026/07/17 01:19:12.673, 5512, 27
2026/07/17 01:19:12.773, 5512, 27
2026/07/17 01:19:12.873, 5512, 27
2026/07/17 01:19:12.973, 5512, 27
2026/07/17 01:19:13.073, 5512, 27
2026/07/17 01:19:13.174, 5512, 28
2026/07/17 01:19:13.274, 5512, 28
2026/07/17 01:19:13.374, 5512, 28
2026/07/17 01:19:13.474, 5512, 28
2026/07/17 01:19:13.574, 5512, 28
2026/07/17 01:19:13.674, 5512, 28
2026/07/17 01:19:13.774, 5512, 28
2026/07/17 01:19:13.874, 5512, 28
2026/07/17 01:19:13.974, 5512, 28
2026/07/17 01:19:14.075, 5512, 28
2026/07/17 01:19:14.175, 5512, 28
2026/07/17 01:19:14.275, 5512, 28
2026/07/17 01:19:14.375, 5514, 28
2026/07/17 01:19:14.475, 5514, 28
2026/07/17 01:19:14.575, 5514, 28
2026/07/17 01:19:14.675, 5514, 28
2026/07/17 01:19:14.775, 5514, 28
2026/07/17 01:19:14.875, 5514, 28
2026/07/17 01:19:14.976, 5514, 28
2026/07/17 01:19:15.076, 5514, 28
2026/07/17 01:19:15.176, 5514, 28
2026/07/17 01:19:15.276, 5514, 28
2026/07/17 01:19:15.376, 5514, 28
2026/07/17 01:19:15.476, 5534, 28
2026/07/17 01:19:15.576, 5534, 28
2026/07/17 01:19:15.676, 5534, 28
2026/07/17 01:19:15.776, 5534, 28
2026/07/17 01:19:15.876, 5534, 28
2026/07/17 01:19:15.977, 5534, 28
2026/07/17 01:19:16.077, 5534, 28
2026/07/17 01:19:16.177, 5534, 28
2026/07/17 01:19:16.277, 5536, 28
2026/07/17 01:19:16.377, 5536, 28
2026/07/17 01:19:16.477, 5536, 28
2026/07/17 01:19:16.577, 5536, 28
2026/07/17 01:19:16.677, 5536, 28
2026/07/17 01:19:16.777, 5536, 28
2026/07/17 01:19:16.878, 5536, 28
2026/07/17 01:19:16.978, 5536, 28
2026/07/17 01:19:17.078, 5536, 28
2026/07/17 01:19:17.178, 5536, 28
2026/07/17 01:19:17.278, 5536, 28
2026/07/17 01:19:17.378, 5536, 28
2026/07/17 01:19:17.478, 5536, 28
2026/07/17 01:19:17.578, 5536, 28
2026/07/17 01:19:17.678, 5536, 28
2026/07/17 01:19:17.778, 5536, 28
2026/07/17 01:19:17.878, 5538, 28
2026/07/17 01:19:17.979, 5538, 28
2026/07/17 01:19:18.079, 5538, 28
2026/07/17 01:19:18.179, 5538, 28
2026/07/17 01:19:18.279, 5538, 28
2026/07/17 01:19:18.379, 5538, 28
2026/07/17 01:19:18.479, 5538, 28
2026/07/17 01:19:18.579, 5538, 28
2026/07/17 01:19:18.679, 5538, 28
2026/07/17 01:19:18.780, 5538, 28
2026/07/17 01:19:18.880, 5538, 28
2026/07/17 01:19:18.980, 5538, 28
2026/07/17 01:19:19.080, 5538, 28
2026/07/17 01:19:19.180, 5538, 28
2026/07/17 01:19:19.280, 5538, 28
2026/07/17 01:19:19.380, 5538, 28
2026/07/17 01:19:19.480, 5538, 28
2026/07/17 01:19:19.580, 5538, 28
2026/07/17 01:19:19.681, 5538, 28
2026/07/17 01:19:19.781, 5540, 28
2026/07/17 01:19:19.881, 5540, 28
2026/07/17 01:19:19.981, 5540, 28
2026/07/17 01:19:20.081, 5540, 28
2026/07/17 01:19:20.181, 5540, 28
2026/07/17 01:19:20.281, 5540, 28
2026/07/17 01:19:20.381, 5540, 28
2026/07/17 01:19:20.482, 5540, 28
2026/07/17 01:19:20.582, 5540, 28
2026/07/17 01:19:20.682, 5540, 28
2026/07/17 01:19:20.782, 5540, 28
2026/07/17 01:19:20.882, 5540, 28
2026/07/17 01:19:20.982, 5540, 28
2026/07/17 01:19:21.082, 5540, 28
2026/07/17 01:19:21.182, 5540, 28
2026/07/17 01:19:21.282, 5540, 28
2026/07/17 01:19:21.383, 5540, 28
2026/07/17 01:19:21.483, 5540, 28
2026/07/17 01:19:21.583, 5540, 28
2026/07/17 01:19:21.683, 5542, 28
2026/07/17 01:19:21.783, 5542, 28
2026/07/17 01:19:21.883, 5542, 28
2026/07/17 01:19:21.983, 5542, 28
2026/07/17 01:19:22.083, 5542, 28
2026/07/17 01:19:22.183, 5542, 29
2026/07/17 01:19:22.283, 5542, 29
2026/07/17 01:19:22.384, 5542, 29
2026/07/17 01:19:22.484, 5542, 29
2026/07/17 01:19:22.584, 5542, 29
2026/07/17 01:19:22.684, 5542, 29
2026/07/17 01:19:22.784, 5542, 29
2026/07/17 01:19:22.884, 5542, 29
2026/07/17 01:19:22.984, 5542, 29
2026/07/17 01:19:23.084, 5542, 29
2026/07/17 01:19:23.184, 5542, 28
2026/07/17 01:19:23.285, 5542, 28
2026/07/17 01:19:23.385, 5542, 28
2026/07/17 01:19:23.485, 5542, 28
2026/07/17 01:19:23.585, 5544, 28
2026/07/17 01:19:23.685, 5544, 28
2026/07/17 01:19:23.785, 5544, 28
2026/07/17 01:19:23.885, 5544, 28
2026/07/17 01:19:23.985, 5544, 28
2026/07/17 01:19:24.085, 5544, 28
2026/07/17 01:19:24.186, 5544, 28
2026/07/17 01:19:24.286, 5544, 28
2026/07/17 01:19:24.386, 5544, 28
2026/07/17 01:19:24.486, 5544, 28
2026/07/17 01:19:24.586, 5544, 28
2026/07/17 01:19:24.686, 5544, 28
2026/07/17 01:19:24.786, 5544, 28
2026/07/17 01:19:24.886, 5544, 28
2026/07/17 01:19:24.986, 5544, 28
2026/07/17 01:19:25.087, 5544, 28
2026/07/17 01:19:25.187, 5544, 28
2026/07/17 01:19:25.287, 5546, 28
2026/07/17 01:19:25.387, 5546, 28
2026/07/17 01:19:25.487, 5546, 28
2026/07/17 01:19:25.587, 5546, 28
2026/07/17 01:19:25.687, 5546, 28
2026/07/17 01:19:25.787, 5546, 28
2026/07/17 01:19:25.887, 5546, 28
2026/07/17 01:19:25.987, 5546, 28
2026/07/17 01:19:26.087, 5546, 28
2026/07/17 01:19:26.188, 5546, 28
2026/07/17 01:19:26.288, 5546, 28
2026/07/17 01:19:26.388, 5546, 28
2026/07/17 01:19:26.488, 5546, 28
2026/07/17 01:19:26.588, 5546, 28
2026/07/17 01:19:26.688, 5546, 28
2026/07/17 01:19:26.788, 5546, 28
2026/07/17 01:19:26.888, 5546, 28
2026/07/17 01:19:26.989, 5546, 28
2026/07/17 01:19:27.089, 5546, 28
2026/07/17 01:19:27.189, 5546, 25
2026/07/17 01:19:27.289, 5548, 25
2026/07/17 01:19:27.389, 5548, 25
2026/07/17 01:19:27.489, 5548, 25
2026/07/17 01:19:27.589, 5548, 25
2026/07/17 01:19:27.690, 5548, 25
2026/07/17 01:19:27.790, 5548, 25
2026/07/17 01:19:27.890, 5548, 25
2026/07/17 01:19:27.990, 5548, 25
2026/07/17 01:19:28.090, 5548, 25
2026/07/17 01:19:28.190, 5548, 28
2026/07/17 01:19:28.290, 5548, 28
2026/07/17 01:19:28.390, 5548, 28
2026/07/17 01:19:28.491, 5548, 28
2026/07/17 01:19:28.591, 5548, 28
2026/07/17 01:19:28.691, 5548, 28
2026/07/17 01:19:28.791, 5548, 28
2026/07/17 01:19:28.891, 5548, 28
2026/07/17 01:19:28.991, 5548, 28
2026/07/17 01:19:29.091, 5550, 28
2026/07/17 01:19:29.191, 5550, 28
2026/07/17 01:19:29.292, 5550, 28
2026/07/17 01:19:29.392, 5550, 28
2026/07/17 01:19:29.492, 5550, 28
2026/07/17 01:19:29.592, 5550, 28
2026/07/17 01:19:29.692, 5550, 28
2026/07/17 01:19:29.792, 5550, 28
2026/07/17 01:19:29.892, 5550, 28
2026/07/17 01:19:29.992, 5550, 28
2026/07/17 01:19:30.092, 5550, 28
2026/07/17 01:19:30.193, 5550, 28
2026/07/17 01:19:30.293, 5550, 28
2026/07/17 01:19:30.393, 5550, 28
2026/07/17 01:19:30.493, 5550, 28
2026/07/17 01:19:30.593, 5550, 28
2026/07/17 01:19:30.693, 5550, 28
2026/07/17 01:19:30.793, 5552, 28
2026/07/17 01:19:30.893, 5552, 28
2026/07/17 01:19:30.994, 5552, 28
2026/07/17 01:19:31.094, 5552, 28
2026/07/17 01:19:31.194, 5552, 28
2026/07/17 01:19:31.294, 5552, 28
2026/07/17 01:19:31.394, 5552, 28
2026/07/17 01:19:31.494, 5552, 28
2026/07/17 01:19:31.594, 5552, 28
2026/07/17 01:19:31.694, 5552, 28
2026/07/17 01:19:31.794, 5552, 28
2026/07/17 01:19:31.894, 5552, 28
2026/07/17 01:19:31.995, 5552, 28
2026/07/17 01:19:32.095, 5552, 28
2026/07/17 01:19:32.195, 5552, 28
2026/07/17 01:19:32.295, 5552, 28
2026/07/17 01:19:32.395, 5552, 28
2026/07/17 01:19:32.495, 5552, 28
2026/07/17 01:19:32.595, 5554, 28
2026/07/17 01:19:32.695, 5554, 28
2026/07/17 01:19:32.795, 5554, 28
2026/07/17 01:19:32.895, 5554, 28
2026/07/17 01:19:32.996, 5554, 28
2026/07/17 01:19:33.096, 5554, 28
2026/07/17 01:19:33.196, 5554, 28
2026/07/17 01:19:33.296, 5554, 28
2026/07/17 01:19:33.396, 5554, 28
2026/07/17 01:19:33.496, 5554, 28
2026/07/17 01:19:33.596, 5554, 28
2026/07/17 01:19:33.696, 5554, 28
2026/07/17 01:19:33.796, 5554, 28
2026/07/17 01:19:33.896, 5554, 28
2026/07/17 01:19:33.997, 5554, 28
2026/07/17 01:19:34.097, 5554, 28
2026/07/17 01:19:34.197, 5554, 28
2026/07/17 01:19:34.297, 5554, 28
2026/07/17 01:19:34.397, 5554, 28
2026/07/17 01:19:34.497, 5554, 28
2026/07/17 01:19:34.597, 5556, 28
2026/07/17 01:19:34.697, 5556, 28
2026/07/17 01:19:34.797, 5556, 28
2026/07/17 01:19:34.898, 5556, 28
2026/07/17 01:19:34.998, 5556, 28
2026/07/17 01:19:35.098, 5556, 28
2026/07/17 01:19:35.198, 5556, 28
2026/07/17 01:19:35.298, 5556, 28
2026/07/17 01:19:35.398, 5556, 28
2026/07/17 01:19:35.498, 5556, 28
2026/07/17 01:19:35.598, 5556, 28
2026/07/17 01:19:35.698, 5556, 28
2026/07/17 01:19:35.798, 5556, 28
2026/07/17 01:19:35.899, 5556, 28
2026/07/17 01:19:35.999, 5556, 28
2026/07/17 01:19:36.099, 5556, 28
2026/07/17 01:19:36.199, 5556, 28
2026/07/17 01:19:36.299, 5556, 28
2026/07/17 01:19:36.399, 5558, 28
2026/07/17 01:19:36.499, 5558, 28
2026/07/17 01:19:36.599, 5558, 28
2026/07/17 01:19:36.699, 5558, 28
2026/07/17 01:19:36.799, 5558, 28
2026/07/17 01:19:36.900, 5558, 28
2026/07/17 01:19:37.000, 5558, 28
2026/07/17 01:19:37.100, 5558, 28
2026/07/17 01:19:37.200, 5558, 26
2026/07/17 01:19:37.300, 5558, 26
2026/07/17 01:19:37.400, 5558, 26
2026/07/17 01:19:37.500, 5558, 26
2026/07/17 01:19:37.600, 5558, 26
2026/07/17 01:19:37.700, 5558, 26
2026/07/17 01:19:37.800, 5558, 26
2026/07/17 01:19:37.900, 5558, 26
2026/07/17 01:19:38.000, 5558, 26
2026/07/17 01:19:38.101, 5558, 26
2026/07/17 01:19:38.201, 5560, 27
2026/07/17 01:19:38.301, 5560, 27
2026/07/17 01:19:38.401, 5560, 27
2026/07/17 01:19:38.501, 5560, 27
2026/07/17 01:19:38.601, 5560, 27
2026/07/17 01:19:38.701, 5560, 27
2026/07/17 01:19:38.801, 5560, 27
2026/07/17 01:19:38.902, 5560, 27
2026/07/17 01:19:39.002, 5560, 27
2026/07/17 01:19:39.102, 5560, 27
2026/07/17 01:19:39.202, 5560, 28
2026/07/17 01:19:39.302, 5560, 28
2026/07/17 01:19:39.402, 5560, 28
2026/07/17 01:19:39.502, 5560, 28
2026/07/17 01:19:39.602, 5560, 28
2026/07/17 01:19:39.703, 5560, 28
2026/07/17 01:19:39.803, 5560, 28
2026/07/17 01:19:39.903, 5560, 28
2026/07/17 01:19:40.003, 5560, 28
2026/07/17 01:19:40.103, 5562, 28
2026/07/17 01:19:40.203, 5562, 28
2026/07/17 01:19:40.303, 5562, 28
2026/07/17 01:19:40.403, 5562, 28
2026/07/17 01:19:40.503, 5562, 28
2026/07/17 01:19:40.604, 5562, 28
2026/07/17 01:19:40.704, 5562, 28
2026/07/17 01:19:40.804, 5562, 28
2026/07/17 01:19:40.904, 5562, 28
2026/07/17 01:19:41.004, 5562, 28
2026/07/17 01:19:41.104, 5562, 28
2026/07/17 01:19:41.204, 5562, 27
2026/07/17 01:19:41.304, 5562, 27
2026/07/17 01:19:41.404, 5562, 27
2026/07/17 01:19:41.505, 5562, 27
2026/07/17 01:19:41.605, 5562, 27
2026/07/17 01:19:41.705, 5562, 27
2026/07/17 01:19:41.805, 5562, 27
2026/07/17 01:19:41.905, 5562, 27
2026/07/17 01:19:42.005, 5564, 27
2026/07/17 01:19:42.105, 5564, 27
2026/07/17 01:19:42.205, 5564, 27
2026/07/17 01:19:42.305, 5564, 27
2026/07/17 01:19:42.405, 5564, 27
2026/07/17 01:19:42.506, 5564, 27
2026/07/17 01:19:42.606, 5564, 27
2026/07/17 01:19:42.706, 5564, 27
2026/07/17 01:19:42.806, 5564, 27
2026/07/17 01:19:42.906, 5564, 27
2026/07/17 01:19:43.006, 5564, 27
2026/07/17 01:19:43.106, 5564, 27
2026/07/17 01:19:43.206, 5564, 29
2026/07/17 01:19:43.306, 5564, 29
2026/07/17 01:19:43.406, 5564, 29
2026/07/17 01:19:43.507, 5564, 29
2026/07/17 01:19:43.607, 5564, 29
2026/07/17 01:19:43.707, 5566, 29
2026/07/17 01:19:43.807, 5566, 29
2026/07/17 01:19:43.907, 5566, 29
2026/07/17 01:19:44.007, 5566, 29
2026/07/17 01:19:44.107, 5566, 29
2026/07/17 01:19:44.207, 5566, 28
2026/07/17 01:19:44.308, 5566, 28
2026/07/17 01:19:44.408, 5566, 28
2026/07/17 01:19:44.508, 5566, 28
2026/07/17 01:19:44.608, 5566, 28
2026/07/17 01:19:44.708, 5566, 28
2026/07/17 01:19:44.808, 5566, 28
2026/07/17 01:19:44.908, 5566, 28
2026/07/17 01:19:45.008, 5566, 28
2026/07/17 01:19:45.108, 5566, 28
2026/07/17 01:19:45.209, 5566, 26
2026/07/17 01:19:45.309, 5566, 26
2026/07/17 01:19:45.409, 5568, 26
2026/07/17 01:19:45.509, 5568, 26
2026/07/17 01:19:45.609, 5568, 26
2026/07/17 01:19:45.709, 5568, 26
2026/07/17 01:19:45.809, 5568, 26
2026/07/17 01:19:45.909, 5568, 26
2026/07/17 01:19:46.009, 5568, 26
2026/07/17 01:19:46.110, 5568, 26
2026/07/17 01:19:46.210, 5568, 28
2026/07/17 01:19:46.310, 5568, 28
2026/07/17 01:19:46.410, 5568, 28
2026/07/17 01:19:46.510, 5568, 28
2026/07/17 01:19:46.610, 5568, 28
2026/07/17 01:19:46.710, 5568, 28
2026/07/17 01:19:46.810, 5588, 28
2026/07/17 01:19:46.910, 5588, 28
2026/07/17 01:19:47.010, 5588, 28
2026/07/17 01:19:47.111, 5588, 28
2026/07/17 01:19:47.211, 5588, 28
2026/07/17 01:19:47.311, 5590, 28
2026/07/17 01:19:47.411, 5590, 28
2026/07/17 01:19:47.511, 5590, 28
2026/07/17 01:19:47.611, 5590, 28
2026/07/17 01:19:47.711, 5590, 28
2026/07/17 01:19:47.811, 5590, 28
2026/07/17 01:19:47.911, 5590, 28
2026/07/17 01:19:48.012, 5590, 28
2026/07/17 01:19:48.112, 5590, 28
2026/07/17 01:19:48.212, 5590, 28
2026/07/17 01:19:48.312, 5590, 28
2026/07/17 01:19:48.412, 5590, 28
2026/07/17 01:19:48.512, 5590, 28
2026/07/17 01:19:48.612, 5590, 28
2026/07/17 01:19:48.712, 5590, 28
2026/07/17 01:19:48.812, 5590, 28
2026/07/17 01:19:48.913, 5590, 28
2026/07/17 01:19:49.013, 5590, 28
2026/07/17 01:19:49.113, 5592, 28
2026/07/17 01:19:49.213, 5592, 28
2026/07/17 01:19:49.313, 5592, 28
2026/07/17 01:19:49.413, 5592, 28
2026/07/17 01:19:49.513, 5592, 28
2026/07/17 01:19:49.613, 5592, 28
2026/07/17 01:19:49.713, 5592, 28
2026/07/17 01:19:49.814, 5592, 28
2026/07/17 01:19:49.914, 5592, 28
2026/07/17 01:19:50.014, 5592, 28
2026/07/17 01:19:50.114, 5592, 28
2026/07/17 01:19:50.214, 5592, 28
2026/07/17 01:19:50.314, 5592, 28
2026/07/17 01:19:50.414, 5592, 28
2026/07/17 01:19:50.514, 5592, 28
2026/07/17 01:19:50.614, 5592, 28
2026/07/17 01:19:50.715, 5592, 28
2026/07/17 01:19:50.815, 5592, 28
2026/07/17 01:19:50.915, 5592, 28
2026/07/17 01:19:51.015, 5592, 28
2026/07/17 01:19:51.115, 5594, 28
2026/07/17 01:19:51.215, 5594, 28
2026/07/17 01:19:51.315, 5594, 28
2026/07/17 01:19:51.415, 5594, 28
2026/07/17 01:19:51.515, 5594, 28
2026/07/17 01:19:51.615, 5594, 28
2026/07/17 01:19:51.716, 5594, 28
2026/07/17 01:19:51.816, 5594, 28
2026/07/17 01:19:51.916, 5594, 28
2026/07/17 01:19:52.016, 5594, 28
2026/07/17 01:19:52.116, 5594, 28
2026/07/17 01:19:52.216, 5594, 29
2026/07/17 01:19:52.316, 5594, 29
2026/07/17 01:19:52.416, 5594, 29
2026/07/17 01:19:52.516, 5594, 29
2026/07/17 01:19:52.617, 5594, 29
2026/07/17 01:19:52.717, 5594, 29
2026/07/17 01:19:52.817, 5594, 29
2026/07/17 01:19:52.917, 5596, 29
2026/07/17 01:19:53.017, 5596, 29
2026/07/17 01:19:53.117, 5596, 29
2026/07/17 01:19:53.217, 5596, 28
2026/07/17 01:19:53.317, 5596, 28
2026/07/17 01:19:53.417, 5596, 28
2026/07/17 01:19:53.518, 5596, 28
2026/07/17 01:19:53.618, 5596, 28
2026/07/17 01:19:53.718, 5596, 28
2026/07/17 01:19:53.818, 5596, 28
2026/07/17 01:19:53.918, 5596, 28
2026/07/17 01:19:54.018, 5596, 28
2026/07/17 01:19:54.118, 5596, 28
2026/07/17 01:19:54.218, 5596, 28
2026/07/17 01:19:54.318, 5596, 28
2026/07/17 01:19:54.419, 5596, 28
2026/07/17 01:19:54.519, 5596, 28
2026/07/17 01:19:54.619, 5596, 28
2026/07/17 01:19:54.719, 5598, 28
2026/07/17 01:19:54.819, 5598, 28
2026/07/17 01:19:54.919, 5598, 28
2026/07/17 01:19:55.019, 5598, 28
2026/07/17 01:19:55.119, 5598, 28
2026/07/17 01:19:55.219, 5598, 28
2026/07/17 01:19:55.319, 5706, 28
2026/07/17 01:19:55.420, 5706, 28
2026/07/17 01:19:55.520, 5706, 28
2026/07/17 01:19:55.620, 5706, 28
2026/07/17 01:19:55.720, 5706, 28
2026/07/17 01:19:55.820, 5706, 28
2026/07/17 01:19:55.920, 5706, 28
2026/07/17 01:19:56.020, 5706, 28
2026/07/17 01:19:56.120, 5706, 28
2026/07/17 01:19:56.221, 5706, 28
2026/07/17 01:19:56.321, 5708, 28
2026/07/17 01:19:56.421, 5708, 28
2026/07/17 01:19:56.521, 5708, 28
2026/07/17 01:19:56.621, 5708, 28
2026/07/17 01:19:56.721, 5708, 28
2026/07/17 01:19:56.821, 5708, 28
2026/07/17 01:19:56.921, 5708, 28
2026/07/17 01:19:57.021, 5708, 28
2026/07/17 01:19:57.121, 5708, 28
2026/07/17 01:19:57.222, 5708, 28
2026/07/17 01:19:57.322, 5708, 28
2026/07/17 01:19:57.422, 5708, 28
2026/07/17 01:19:57.522, 5708, 28
2026/07/17 01:19:57.622, 5708, 28
2026/07/17 01:19:57.722, 5708, 28
2026/07/17 01:19:57.822, 5708, 28
2026/07/17 01:19:57.923, 5708, 28
2026/07/17 01:19:58.023, 5708, 28
2026/07/17 01:19:58.123, 5720, 28
2026/07/17 01:19:58.223, 5722, 29
2026/07/17 01:19:58.323, 5722, 29
2026/07/17 01:19:58.423, 5722, 29
2026/07/17 01:19:58.523, 5722, 29
2026/07/17 01:19:58.623, 5722, 29
2026/07/17 01:19:58.723, 5722, 29
2026/07/17 01:19:58.824, 5722, 29
2026/07/17 01:19:58.924, 5722, 29
2026/07/17 01:19:59.024, 5722, 29
2026/07/17 01:19:59.124, 5722, 29
2026/07/17 01:19:59.224, 5722, 29
2026/07/17 01:19:59.324, 5722, 29
2026/07/17 01:19:59.424, 5722, 29
2026/07/17 01:19:59.524, 5722, 29
2026/07/17 01:19:59.624, 5722, 29
2026/07/17 01:19:59.725, 5722, 29
2026/07/17 01:19:59.825, 5722, 29
2026/07/17 01:19:59.925, 5724, 29
2026/07/17 01:20:00.025, 5724, 29
2026/07/17 01:20:00.125, 5724, 29
2026/07/17 01:20:00.225, 5724, 28
2026/07/17 01:20:00.325, 5724, 28
2026/07/17 01:20:00.425, 5724, 28
2026/07/17 01:20:00.525, 5724, 28
2026/07/17 01:20:00.626, 5724, 28
2026/07/17 01:20:00.726, 5724, 28
2026/07/17 01:20:00.826, 5724, 28
2026/07/17 01:20:00.926, 5724, 28
2026/07/17 01:20:01.026, 5724, 28
2026/07/17 01:20:01.126, 5724, 28
2026/07/17 01:20:01.226, 5724, 28
2026/07/17 01:20:01.326, 5724, 28
2026/07/17 01:20:01.426, 5724, 28
2026/07/17 01:20:01.526, 5724, 28
2026/07/17 01:20:01.627, 5724, 28
2026/07/17 01:20:01.727, 5724, 28
2026/07/17 01:20:01.827, 5724, 28
2026/07/17 01:20:01.927, 5726, 28
2026/07/17 01:20:02.027, 5726, 28
2026/07/17 01:20:02.127, 5726, 28
2026/07/17 01:20:02.227, 5726, 29
2026/07/17 01:20:02.327, 5726, 29
2026/07/17 01:20:02.427, 5726, 29
2026/07/17 01:20:02.528, 5726, 29
2026/07/17 01:20:02.628, 5726, 29
2026/07/17 01:20:02.728, 5726, 29
2026/07/17 01:20:02.828, 5726, 29
2026/07/17 01:20:02.928, 5726, 29
2026/07/17 01:20:03.028, 5726, 29
2026/07/17 01:20:03.128, 5726, 29
2026/07/17 01:20:03.228, 5726, 27
2026/07/17 01:20:03.328, 5726, 27
2026/07/17 01:20:03.429, 5726, 27
2026/07/17 01:20:03.529, 5726, 27
2026/07/17 01:20:03.629, 5726, 27
2026/07/17 01:20:03.729, 5728, 27
2026/07/17 01:20:03.829, 5728, 27
2026/07/17 01:20:03.929, 5728, 27
2026/07/17 01:20:04.029, 5728, 27
2026/07/17 01:20:04.129, 5728, 27
2026/07/17 01:20:04.229, 5728, 29
2026/07/17 01:20:04.330, 5728, 29
2026/07/17 01:20:04.430, 5728, 29
2026/07/17 01:20:04.530, 5728, 29
2026/07/17 01:20:04.630, 5728, 29
2026/07/17 01:20:04.730, 5728, 29
2026/07/17 01:20:04.830, 5728, 29
2026/07/17 01:20:04.930, 5728, 29
2026/07/17 01:20:05.030, 5728, 29
2026/07/17 01:20:05.130, 5728, 29
2026/07/17 01:20:05.231, 5728, 29
2026/07/17 01:20:05.331, 5728, 29
2026/07/17 01:20:05.431, 5728, 29
2026/07/17 01:20:05.531, 5728, 29
2026/07/17 01:20:05.631, 5728, 29
2026/07/17 01:20:05.731, 5730, 29
2026/07/17 01:20:05.831, 5730, 29
2026/07/17 01:20:05.931, 5730, 29
2026/07/17 01:20:06.031, 5730, 29
2026/07/17 01:20:06.132, 5730, 29
2026/07/17 01:20:06.232, 5730, 28
2026/07/17 01:20:06.332, 5730, 28
2026/07/17 01:20:06.432, 5730, 28
2026/07/17 01:20:06.532, 5730, 28
2026/07/17 01:20:06.632, 5730, 28
2026/07/17 01:20:06.732, 5730, 28
2026/07/17 01:20:06.832, 5730, 28
2026/07/17 01:20:06.932, 5730, 28
2026/07/17 01:20:07.032, 5730, 28
2026/07/17 01:20:07.133, 5730, 28
2026/07/17 01:20:07.233, 5730, 28
2026/07/17 01:20:07.333, 5730, 28
2026/07/17 01:20:07.433, 5732, 28
2026/07/17 01:20:07.533, 5732, 28
2026/07/17 01:20:07.633, 5732, 28
2026/07/17 01:20:07.733, 5732, 28
2026/07/17 01:20:07.833, 5732, 28
2026/07/17 01:20:07.934, 5732, 28
2026/07/17 01:20:08.034, 5732, 28
2026/07/17 01:20:08.134, 5732, 28
2026/07/17 01:20:08.234, 5732, 29
2026/07/17 01:20:08.334, 5732, 29
2026/07/17 01:20:08.434, 5732, 29
2026/07/17 01:20:08.534, 5732, 29
2026/07/17 01:20:08.634, 5732, 29
2026/07/17 01:20:08.735, 5732, 29
2026/07/17 01:20:08.835, 5732, 29
2026/07/17 01:20:08.935, 5732, 29
2026/07/17 01:20:09.035, 5732, 29
2026/07/17 01:20:09.135, 5732, 29
2026/07/17 01:20:09.235, 5732, 29
2026/07/17 01:20:09.335, 5732, 29
2026/07/17 01:20:09.435, 5732, 29
2026/07/17 01:20:09.536, 5734, 29
2026/07/17 01:20:09.636, 5734, 29
2026/07/17 01:20:09.736, 5734, 29
2026/07/17 01:20:09.836, 5734, 29
2026/07/17 01:20:09.936, 5734, 29
2026/07/17 01:20:10.036, 5734, 29
2026/07/17 01:20:10.136, 5734, 29
2026/07/17 01:20:10.236, 5734, 28
2026/07/17 01:20:10.336, 5734, 28
2026/07/17 01:20:10.437, 5734, 28
2026/07/17 01:20:10.537, 5734, 28
2026/07/17 01:20:10.637, 5734, 28
2026/07/17 01:20:10.737, 5734, 28
2026/07/17 01:20:10.837, 5734, 28
2026/07/17 01:20:10.937, 5734, 28
2026/07/17 01:20:11.037, 5734, 28
2026/07/17 01:20:11.137, 5734, 28
2026/07/17 01:20:11.237, 5734, 26
2026/07/17 01:20:11.338, 5736, 26
2026/07/17 01:20:11.438, 5736, 26
2026/07/17 01:20:11.538, 5736, 26
2026/07/17 01:20:11.638, 5736, 26
2026/07/17 01:20:11.738, 5736, 26
2026/07/17 01:20:11.838, 5736, 26
2026/07/17 01:20:11.938, 5736, 26
2026/07/17 01:20:12.038, 5736, 26
2026/07/17 01:20:12.138, 5736, 26
2026/07/17 01:20:12.239, 5736, 27
2026/07/17 01:20:12.339, 5736, 27
2026/07/17 01:20:12.439, 5736, 27
2026/07/17 01:20:12.539, 5736, 27
2026/07/17 01:20:12.639, 5736, 27
2026/07/17 01:20:12.739, 5736, 27
2026/07/17 01:20:12.839, 5736, 27
2026/07/17 01:20:12.939, 5736, 27
2026/07/17 01:20:13.039, 5736, 27
2026/07/17 01:20:13.140, 5736, 27
2026/07/17 01:20:13.240, 5738, 28
2026/07/17 01:20:13.340, 5738, 28
2026/07/17 01:20:13.440, 5738, 28
2026/07/17 01:20:13.540, 5738, 28
2026/07/17 01:20:13.640, 5738, 28
2026/07/17 01:20:13.740, 5738, 28
2026/07/17 01:20:13.840, 5738, 28
2026/07/17 01:20:13.940, 5738, 28
2026/07/17 01:20:14.041, 5738, 28
2026/07/17 01:20:14.141, 5738, 28
2026/07/17 01:20:14.241, 5738, 28
2026/07/17 01:20:14.341, 5738, 28
2026/07/17 01:20:14.441, 5738, 28
2026/07/17 01:20:14.541, 5738, 28
2026/07/17 01:20:14.641, 5738, 28
2026/07/17 01:20:14.741, 5738, 28
2026/07/17 01:20:14.841, 5738, 28
2026/07/17 01:20:14.942, 5740, 28
2026/07/17 01:20:15.042, 5740, 28
2026/07/17 01:20:15.142, 5740, 28
2026/07/17 01:20:15.242, 5740, 28
2026/07/17 01:20:15.342, 5740, 28
2026/07/17 01:20:15.442, 5740, 28
2026/07/17 01:20:15.542, 5740, 28
2026/07/17 01:20:15.642, 5740, 28
2026/07/17 01:20:15.742, 5740, 28
2026/07/17 01:20:15.842, 5740, 28
2026/07/17 01:20:15.943, 5740, 28
2026/07/17 01:20:16.043, 5740, 28
2026/07/17 01:20:16.143, 5740, 28
2026/07/17 01:20:16.243, 5740, 27
2026/07/17 01:20:16.343, 5740, 27
2026/07/17 01:20:16.443, 5740, 27
2026/07/17 01:20:16.543, 5740, 27
2026/07/17 01:20:16.643, 5740, 27
2026/07/17 01:20:16.743, 5740, 27
2026/07/17 01:20:16.844, 5740, 27
2026/07/17 01:20:16.944, 5742, 27
2026/07/17 01:20:17.044, 5742, 27
2026/07/17 01:20:17.144, 5742, 27
2026/07/17 01:20:17.244, 5742, 27
2026/07/17 01:20:17.344, 5742, 27
2026/07/17 01:20:17.444, 5742, 27
2026/07/17 01:20:17.544, 5742, 27
2026/07/17 01:20:17.644, 5742, 27
2026/07/17 01:20:17.744, 5742, 27
2026/07/17 01:20:17.845, 5742, 27
2026/07/17 01:20:17.945, 5742, 27
2026/07/17 01:20:18.045, 5742, 27
2026/07/17 01:20:18.145, 5742, 27
2026/07/17 01:20:18.245, 5754, 29
2026/07/17 01:20:18.345, 5754, 29
2026/07/17 01:20:18.445, 5754, 29
2026/07/17 01:20:18.545, 5754, 29
2026/07/17 01:20:18.645, 5754, 29
2026/07/17 01:20:18.746, 5756, 29
2026/07/17 01:20:18.846, 5756, 29
2026/07/17 01:20:18.946, 5756, 29
2026/07/17 01:20:19.046, 5756, 29
2026/07/17 01:20:19.146, 5756, 29
2026/07/17 01:20:19.246, 5756, 29
2026/07/17 01:20:19.346, 5756, 29
2026/07/17 01:20:19.446, 5756, 29
2026/07/17 01:20:19.546, 5756, 29
2026/07/17 01:20:19.647, 5756, 29
2026/07/17 01:20:19.747, 5756, 29
2026/07/17 01:20:19.847, 5756, 29
2026/07/17 01:20:19.947, 5756, 29
2026/07/17 01:20:20.047, 5756, 29
2026/07/17 01:20:20.147, 5756, 29
2026/07/17 01:20:20.247, 5756, 28
2026/07/17 01:20:20.347, 5756, 28
2026/07/17 01:20:20.447, 5758, 28
2026/07/17 01:20:20.547, 5758, 28
2026/07/17 01:20:20.648, 5758, 28
2026/07/17 01:20:20.748, 5758, 28
2026/07/17 01:20:20.848, 5758, 28
2026/07/17 01:20:20.948, 5758, 28
2026/07/17 01:20:21.048, 5758, 28
2026/07/17 01:20:21.148, 5758, 28
2026/07/17 01:20:21.248, 5758, 27
2026/07/17 01:20:21.348, 5758, 27
2026/07/17 01:20:21.448, 5758, 27
2026/07/17 01:20:21.548, 5758, 27
2026/07/17 01:20:21.649, 5758, 27
2026/07/17 01:20:21.749, 5758, 27
2026/07/17 01:20:21.849, 5758, 27
2026/07/17 01:20:21.949, 5758, 27
2026/07/17 01:20:22.049, 5758, 27
2026/07/17 01:20:22.149, 5758, 27
2026/07/17 01:20:22.249, 5758, 29
2026/07/17 01:20:22.349, 5758, 29
2026/07/17 01:20:22.449, 5760, 29
2026/07/17 01:20:22.549, 5760, 29
2026/07/17 01:20:22.650, 5760, 29
2026/07/17 01:20:22.750, 5760, 29
2026/07/17 01:20:22.850, 5760, 29
2026/07/17 01:20:22.950, 5760, 29
2026/07/17 01:20:23.050, 5760, 29
2026/07/17 01:20:23.150, 5760, 29
2026/07/17 01:20:23.250, 5760, 29
2026/07/17 01:20:23.350, 5760, 29
2026/07/17 01:20:23.450, 5760, 29
2026/07/17 01:20:23.550, 5760, 29
2026/07/17 01:20:23.651, 5760, 29
2026/07/17 01:20:23.751, 5760, 29
2026/07/17 01:20:23.851, 5760, 29
2026/07/17 01:20:23.951, 5760, 29
2026/07/17 01:20:24.051, 5760, 29
2026/07/17 01:20:24.151, 5762, 29
2026/07/17 01:20:24.251, 5762, 28
2026/07/17 01:20:24.351, 5762, 28
2026/07/17 01:20:24.451, 5762, 28
2026/07/17 01:20:24.552, 5762, 28
2026/07/17 01:20:24.652, 5762, 28
2026/07/17 01:20:24.752, 5762, 28
2026/07/17 01:20:24.852, 5762, 28
2026/07/17 01:20:24.952, 5762, 28
2026/07/17 01:20:25.052, 5762, 28
2026/07/17 01:20:25.152, 5762, 28
2026/07/17 01:20:25.252, 5762, 28
2026/07/17 01:20:25.352, 5762, 28
2026/07/17 01:20:25.452, 5762, 28
2026/07/17 01:20:25.553, 5762, 28
2026/07/17 01:20:25.653, 5762, 28
2026/07/17 01:20:25.753, 5762, 28
2026/07/17 01:20:25.853, 5762, 28
2026/07/17 01:20:25.953, 5764, 28
2026/07/17 01:20:26.053, 5764, 28
2026/07/17 01:20:26.153, 5764, 28
2026/07/17 01:20:26.253, 5764, 29
2026/07/17 01:20:26.353, 5764, 29
2026/07/17 01:20:26.454, 5764, 29
2026/07/17 01:20:26.554, 5764, 29
2026/07/17 01:20:26.654, 5764, 29
2026/07/17 01:20:26.754, 5764, 29
2026/07/17 01:20:26.854, 5764, 29
2026/07/17 01:20:26.954, 5764, 29
2026/07/17 01:20:27.054, 5764, 29
2026/07/17 01:20:27.154, 5764, 29
2026/07/17 01:20:27.255, 5764, 27
2026/07/17 01:20:27.355, 5764, 27
2026/07/17 01:20:27.455, 5764, 27
2026/07/17 01:20:27.555, 5764, 27
2026/07/17 01:20:27.655, 5764, 27
2026/07/17 01:20:27.755, 5764, 27
2026/07/17 01:20:27.855, 5766, 27
2026/07/17 01:20:27.955, 5766, 27
2026/07/17 01:20:28.056, 5766, 27
2026/07/17 01:20:28.156, 5766, 27
2026/07/17 01:20:28.256, 5766, 29
2026/07/17 01:20:28.356, 5766, 29
2026/07/17 01:20:28.456, 5766, 29
2026/07/17 01:20:28.556, 5766, 29
2026/07/17 01:20:28.656, 5766, 29
2026/07/17 01:20:28.756, 5766, 29
2026/07/17 01:20:28.856, 5766, 29
2026/07/17 01:20:28.956, 5766, 29
2026/07/17 01:20:29.057, 5766, 29
2026/07/17 01:20:29.157, 5766, 29
2026/07/17 01:20:29.257, 5766, 28
2026/07/17 01:20:29.357, 5766, 28
2026/07/17 01:20:29.457, 5766, 28
2026/07/17 01:20:29.557, 5766, 28
2026/07/17 01:20:29.657, 5768, 28
2026/07/17 01:20:29.757, 5768, 28
2026/07/17 01:20:29.857, 5768, 28
2026/07/17 01:20:29.957, 5768, 28
2026/07/17 01:20:30.058, 5768, 28
2026/07/17 01:20:30.158, 5768, 28
2026/07/17 01:20:30.258, 5768, 29
2026/07/17 01:20:30.358, 5768, 29
2026/07/17 01:20:30.458, 5768, 29
2026/07/17 01:20:30.558, 5768, 29
2026/07/17 01:20:30.658, 5768, 29
2026/07/17 01:20:30.758, 5768, 29
2026/07/17 01:20:30.859, 5768, 29
2026/07/17 01:20:30.959, 5768, 29
2026/07/17 01:20:31.059, 5768, 29
2026/07/17 01:20:31.159, 5768, 29
2026/07/17 01:20:31.259, 5768, 29
2026/07/17 01:20:31.359, 5768, 29
2026/07/17 01:20:31.459, 5768, 29
2026/07/17 01:20:31.559, 5770, 29
2026/07/17 01:20:31.659, 5770, 29
2026/07/17 01:20:31.759, 5770, 29
2026/07/17 01:20:31.860, 5770, 29
2026/07/17 01:20:31.960, 5770, 29
2026/07/17 01:20:32.060, 5770, 29
2026/07/17 01:20:32.160, 5770, 29
2026/07/17 01:20:32.260, 5782, 28
2026/07/17 01:20:32.360, 5782, 28
2026/07/17 01:20:32.460, 5782, 28
2026/07/17 01:20:32.560, 5782, 28
2026/07/17 01:20:32.660, 5782, 28
2026/07/17 01:20:32.761, 5782, 28
2026/07/17 01:20:32.861, 5782, 28
2026/07/17 01:20:32.961, 5782, 28
2026/07/17 01:20:33.061, 5782, 28
2026/07/17 01:20:33.161, 5782, 28
2026/07/17 01:20:33.261, 5782, 28
2026/07/17 01:20:33.361, 5782, 28
2026/07/17 01:20:33.461, 5784, 28
2026/07/17 01:20:33.561, 5784, 28
2026/07/17 01:20:33.662, 5784, 28
2026/07/17 01:20:33.762, 5784, 28
2026/07/17 01:20:33.862, 5784, 28
2026/07/17 01:20:33.962, 5784, 28
2026/07/17 01:20:34.062, 5784, 28
2026/07/17 01:20:34.162, 5784, 28
2026/07/17 01:20:34.262, 5784, 28
2026/07/17 01:20:34.362, 5784, 28
2026/07/17 01:20:34.462, 5784, 28
2026/07/17 01:20:34.563, 5784, 28
2026/07/17 01:20:34.663, 5784, 28
2026/07/17 01:20:34.763, 5784, 28
2026/07/17 01:20:34.863, 5784, 28
2026/07/17 01:20:34.963, 5784, 28
2026/07/17 01:20:35.063, 5784, 28
2026/07/17 01:20:35.163, 5784, 28
2026/07/17 01:20:35.263, 5786, 26
2026/07/17 01:20:35.364, 5786, 26
2026/07/17 01:20:35.464, 5786, 26
2026/07/17 01:20:35.564, 5786, 26
2026/07/17 01:20:35.664, 5786, 26
2026/07/17 01:20:35.764, 5786, 26
2026/07/17 01:20:35.864, 5786, 26
2026/07/17 01:20:35.964, 5786, 26
2026/07/17 01:20:36.064, 5786, 26
2026/07/17 01:20:36.164, 5786, 26
2026/07/17 01:20:36.265, 5786, 28
2026/07/17 01:20:36.365, 5786, 28
2026/07/17 01:20:36.465, 5786, 28
2026/07/17 01:20:36.565, 5786, 28
2026/07/17 01:20:36.665, 5786, 28
2026/07/17 01:20:36.765, 5786, 28
2026/07/17 01:20:36.865, 5786, 28
2026/07/17 01:20:36.965, 5786, 28
2026/07/17 01:20:37.066, 5800, 28
2026/07/17 01:20:37.166, 5800, 28
2026/07/17 01:20:37.266, 5800, 28
2026/07/17 01:20:37.366, 5800, 28
2026/07/17 01:20:37.466, 5800, 28
2026/07/17 01:20:37.566, 5800, 28
2026/07/17 01:20:37.666, 5800, 28
2026/07/17 01:20:37.767, 5800, 28
2026/07/17 01:20:37.867, 5800, 28
2026/07/17 01:20:37.967, 5800, 28
2026/07/17 01:20:38.067, 5800, 28
2026/07/17 01:20:38.167, 5800, 28
2026/07/17 01:20:38.267, 5800, 28
2026/07/17 01:20:38.367, 5800, 28
2026/07/17 01:20:38.467, 5800, 28
2026/07/17 01:20:38.568, 5800, 28
2026/07/17 01:20:38.668, 5800, 28
2026/07/17 01:20:38.768, 5800, 28
2026/07/17 01:20:38.868, 5800, 28
2026/07/17 01:20:38.968, 5802, 28
2026/07/17 01:20:39.068, 5802, 28
2026/07/17 01:20:39.168, 5802, 28
2026/07/17 01:20:39.268, 5802, 29
2026/07/17 01:20:39.368, 5802, 29
2026/07/17 01:20:39.469, 5802, 29
2026/07/17 01:20:39.569, 5802, 29
2026/07/17 01:20:39.669, 5802, 29
2026/07/17 01:20:39.769, 5802, 29
2026/07/17 01:20:39.869, 5802, 29
2026/07/17 01:20:39.969, 5802, 29
2026/07/17 01:20:40.069, 5802, 29
2026/07/17 01:20:40.169, 5802, 29
2026/07/17 01:20:40.269, 5802, 28
2026/07/17 01:20:40.370, 5802, 28
2026/07/17 01:20:40.470, 5802, 28
2026/07/17 01:20:40.570, 5802, 28
2026/07/17 01:20:40.670, 5802, 28
2026/07/17 01:20:40.770, 5804, 28
2026/07/17 01:20:40.870, 5804, 28
2026/07/17 01:20:40.970, 5804, 28
2026/07/17 01:20:41.070, 5804, 28
2026/07/17 01:20:41.170, 5804, 28
2026/07/17 01:20:41.271, 5804, 29
2026/07/17 01:20:41.371, 5804, 29
2026/07/17 01:20:41.471, 5804, 29
2026/07/17 01:20:41.571, 5804, 29
2026/07/17 01:20:41.671, 5804, 29
2026/07/17 01:20:41.771, 5804, 29
2026/07/17 01:20:41.871, 5804, 29
2026/07/17 01:20:41.971, 5804, 29
2026/07/17 01:20:42.071, 5804, 29
2026/07/17 01:20:42.172, 5804, 29
2026/07/17 01:20:42.272, 5804, 28
2026/07/17 01:20:42.372, 5804, 28
2026/07/17 01:20:42.472, 5804, 28
2026/07/17 01:20:42.572, 5804, 28
2026/07/17 01:20:42.672, 5806, 28
2026/07/17 01:20:42.772, 5806, 28
2026/07/17 01:20:42.872, 5806, 28
2026/07/17 01:20:42.972, 5806, 28
2026/07/17 01:20:43.073, 5806, 28
2026/07/17 01:20:43.173, 5806, 28
2026/07/17 01:20:43.273, 5806, 29
2026/07/17 01:20:43.373, 5806, 29
2026/07/17 01:20:43.473, 5806, 29
2026/07/17 01:20:43.573, 5806, 29
2026/07/17 01:20:43.673, 5806, 29
2026/07/17 01:20:43.773, 5806, 29
2026/07/17 01:20:43.874, 5806, 29
2026/07/17 01:20:43.974, 5806, 29
2026/07/17 01:20:44.074, 5806, 29
2026/07/17 01:20:44.174, 5806, 29
2026/07/17 01:20:44.274, 5806, 29
2026/07/17 01:20:44.374, 5806, 29
2026/07/17 01:20:44.474, 5808, 29
2026/07/17 01:20:44.574, 5808, 29
2026/07/17 01:20:44.675, 5808, 29
2026/07/17 01:20:44.775, 5808, 29
2026/07/17 01:20:44.875, 5808, 29
2026/07/17 01:20:44.975, 5808, 29
2026/07/17 01:20:45.075, 5808, 29
2026/07/17 01:20:45.175, 5808, 29
2026/07/17 01:20:45.275, 5808, 27
2026/07/17 01:20:45.375, 5808, 27
2026/07/17 01:20:45.475, 5808, 27
2026/07/17 01:20:45.576, 5808, 27
2026/07/17 01:20:45.676, 5808, 27
2026/07/17 01:20:45.776, 5808, 27
2026/07/17 01:20:45.876, 5808, 27
2026/07/17 01:20:45.976, 5808, 27
2026/07/17 01:20:46.076, 5808, 27
2026/07/17 01:20:46.176, 5808, 27
2026/07/17 01:20:46.276, 5808, 29
2026/07/17 01:20:46.376, 5810, 29
2026/07/17 01:20:46.477, 5810, 29
2026/07/17 01:20:46.577, 5810, 29
2026/07/17 01:20:46.677, 5810, 29
2026/07/17 01:20:46.777, 5810, 29
2026/07/17 01:20:46.877, 5810, 29
2026/07/17 01:20:46.977, 5810, 29
2026/07/17 01:20:47.077, 5810, 29
2026/07/17 01:20:47.177, 5810, 29
2026/07/17 01:20:47.277, 5810, 27
2026/07/17 01:20:47.377, 5810, 27
2026/07/17 01:20:47.477, 5810, 27
2026/07/17 01:20:47.578, 5810, 27
2026/07/17 01:20:47.678, 5810, 27
2026/07/17 01:20:47.778, 5810, 27
2026/07/17 01:20:47.878, 5810, 27
2026/07/17 01:20:47.978, 5810, 27
2026/07/17 01:20:48.078, 5810, 27
2026/07/17 01:20:48.178, 5810, 27
2026/07/17 01:20:48.278, 5812, 29
2026/07/17 01:20:48.378, 5812, 29
2026/07/17 01:20:48.478, 5812, 29
2026/07/17 01:20:48.579, 5812, 29
2026/07/17 01:20:48.679, 5812, 29
2026/07/17 01:20:48.779, 5812, 29
2026/07/17 01:20:48.879, 5812, 29
2026/07/17 01:20:48.979, 5824, 29
2026/07/17 01:20:49.079, 5824, 29
2026/07/17 01:20:49.179, 5824, 29
2026/07/17 01:20:49.279, 5824, 28
2026/07/17 01:20:49.379, 5824, 28
2026/07/17 01:20:49.480, 5824, 28
2026/07/17 01:20:49.580, 5824, 28
2026/07/17 01:20:49.680, 5824, 28
2026/07/17 01:20:49.780, 5824, 28
2026/07/17 01:20:49.880, 5824, 28
2026/07/17 01:20:49.980, 5824, 28
2026/07/17 01:20:50.080, 5824, 28
2026/07/17 01:20:50.180, 5826, 29
2026/07/17 01:20:50.281, 5826, 29
2026/07/17 01:20:50.381, 5826, 29
2026/07/17 01:20:50.481, 5826, 29
2026/07/17 01:20:50.581, 5826, 29
2026/07/17 01:20:50.681, 5826, 29
2026/07/17 01:20:50.781, 5826, 29
2026/07/17 01:20:50.881, 5826, 29
2026/07/17 01:20:50.981, 5826, 29
2026/07/17 01:20:51.081, 5826, 29
2026/07/17 01:20:51.181, 5826, 28
2026/07/17 01:20:51.282, 5826, 28
2026/07/17 01:20:51.382, 5826, 28
2026/07/17 01:20:51.482, 5826, 28
2026/07/17 01:20:51.582, 5826, 28
2026/07/17 01:20:51.682, 5826, 28
2026/07/17 01:20:51.782, 5826, 28
2026/07/17 01:20:51.882, 5828, 28
2026/07/17 01:20:51.982, 5828, 28
2026/07/17 01:20:52.082, 5828, 28
2026/07/17 01:20:52.183, 5828, 25
2026/07/17 01:20:52.283, 5828, 25
2026/07/17 01:20:52.383, 5828, 25
2026/07/17 01:20:52.483, 5828, 25
2026/07/17 01:20:52.583, 5828, 25
2026/07/17 01:20:52.683, 5828, 25
2026/07/17 01:20:52.783, 5828, 25
2026/07/17 01:20:52.883, 5828, 25
2026/07/17 01:20:52.983, 5828, 25
2026/07/17 01:20:53.083, 5828, 25
2026/07/17 01:20:53.184, 5828, 28
2026/07/17 01:20:53.284, 5828, 28
2026/07/17 01:20:53.384, 5828, 28
2026/07/17 01:20:53.484, 5828, 28
2026/07/17 01:20:53.584, 5830, 28
2026/07/17 01:20:53.684, 5830, 28
2026/07/17 01:20:53.784, 5830, 28
2026/07/17 01:20:53.884, 5830, 28
2026/07/17 01:20:53.984, 5830, 28
2026/07/17 01:20:54.084, 5830, 28
2026/07/17 01:20:54.185, 5830, 29
2026/07/17 01:20:54.285, 5830, 29
2026/07/17 01:20:54.385, 5830, 29
2026/07/17 01:20:54.485, 5830, 29
2026/07/17 01:20:54.585, 5830, 29
2026/07/17 01:20:54.685, 5830, 29
2026/07/17 01:20:54.785, 5830, 29
2026/07/17 01:20:54.885, 5830, 29
2026/07/17 01:20:54.985, 5830, 29
2026/07/17 01:20:55.086, 5830, 29
2026/07/17 01:20:55.186, 5830, 27
2026/07/17 01:20:55.286, 5830, 27
2026/07/17 01:20:55.386, 5830, 27
2026/07/17 01:20:55.486, 5830, 27
2026/07/17 01:20:55.586, 5832, 27
2026/07/17 01:20:55.686, 5832, 27
2026/07/17 01:20:55.786, 5832, 27
2026/07/17 01:20:55.886, 5832, 27
2026/07/17 01:20:55.986, 5832, 27
2026/07/17 01:20:56.087, 5832, 27
2026/07/17 01:20:56.187, 5832, 28
2026/07/17 01:20:56.287, 5832, 28
2026/07/17 01:20:56.387, 5832, 28
2026/07/17 01:20:56.487, 5832, 28
2026/07/17 01:20:56.587, 5832, 28
2026/07/17 01:20:56.687, 5832, 28
2026/07/17 01:20:56.787, 5832, 28
2026/07/17 01:20:56.887, 5832, 28
2026/07/17 01:20:56.987, 5832, 28
2026/07/17 01:20:57.088, 5832, 28
2026/07/17 01:20:57.188, 5832, 24
2026/07/17 01:20:57.288, 5832, 24
2026/07/17 01:20:57.388, 5832, 24
2026/07/17 01:20:57.488, 5834, 24
2026/07/17 01:20:57.588, 5834, 24
2026/07/17 01:20:57.688, 5834, 24
2026/07/17 01:20:57.788, 5834, 24
2026/07/17 01:20:57.888, 5834, 24
2026/07/17 01:20:57.989, 5834, 24
2026/07/17 01:20:58.089, 5834, 24
2026/07/17 01:20:58.189, 5834, 28
2026/07/17 01:20:58.289, 5834, 28
2026/07/17 01:20:58.389, 5834, 28
2026/07/17 01:20:58.489, 5834, 28
2026/07/17 01:20:58.589, 5834, 28
2026/07/17 01:20:58.689, 5834, 28
2026/07/17 01:20:58.789, 5834, 28
2026/07/17 01:20:58.889, 5834, 28
2026/07/17 01:20:58.990, 5834, 28
2026/07/17 01:20:59.090, 5834, 28
2026/07/17 01:20:59.190, 5834, 29
2026/07/17 01:20:59.290, 5834, 29
2026/07/17 01:20:59.390, 5836, 29
2026/07/17 01:20:59.490, 5836, 29
2026/07/17 01:20:59.590, 5836, 29
2026/07/17 01:20:59.690, 5836, 29
2026/07/17 01:20:59.790, 5836, 29
2026/07/17 01:20:59.890, 5836, 29
2026/07/17 01:20:59.991, 5836, 29
2026/07/17 01:21:00.091, 5836, 29
2026/07/17 01:21:00.191, 5836, 29
2026/07/17 01:21:00.291, 5836, 29
2026/07/17 01:21:00.391, 5836, 29
2026/07/17 01:21:00.491, 5836, 29
2026/07/17 01:21:00.591, 5836, 29
2026/07/17 01:21:00.691, 5836, 29
2026/07/17 01:21:00.791, 5836, 29
2026/07/17 01:21:00.892, 5836, 29
2026/07/17 01:21:00.992, 5836, 29
2026/07/17 01:21:01.092, 5838, 29
2026/07/17 01:21:01.192, 5838, 29
2026/07/17 01:21:01.292, 5838, 29
2026/07/17 01:21:01.392, 5838, 29
2026/07/17 01:21:01.492, 5838, 29
2026/07/17 01:21:01.592, 5838, 29
2026/07/17 01:21:01.692, 5838, 29
2026/07/17 01:21:01.792, 5838, 29
2026/07/17 01:21:01.892, 5838, 29
2026/07/17 01:21:01.993, 5838, 29
2026/07/17 01:21:02.093, 5838, 29
2026/07/17 01:21:02.193, 5838, 28
2026/07/17 01:21:02.293, 5838, 28
2026/07/17 01:21:02.393, 5838, 28
2026/07/17 01:21:02.493, 5838, 28
2026/07/17 01:21:02.593, 5838, 28
2026/07/17 01:21:02.693, 5838, 28
2026/07/17 01:21:02.793, 5838, 28
2026/07/17 01:21:02.894, 5838, 28
2026/07/17 01:21:02.994, 5838, 28
2026/07/17 01:21:03.094, 5840, 28
2026/07/17 01:21:03.194, 5840, 27
2026/07/17 01:21:03.294, 5840, 27
2026/07/17 01:21:03.394, 5840, 27
2026/07/17 01:21:03.494, 5840, 27
2026/07/17 01:21:03.594, 5840, 27
2026/07/17 01:21:03.694, 5840, 27
2026/07/17 01:21:03.795, 5840, 27
2026/07/17 01:21:03.895, 5840, 27
2026/07/17 01:21:03.995, 5840, 27
2026/07/17 01:21:04.095, 5840, 27
2026/07/17 01:21:04.195, 5840, 29
2026/07/17 01:21:04.295, 5840, 29
2026/07/17 01:21:04.395, 5840, 29
2026/07/17 01:21:04.495, 5840, 29
2026/07/17 01:21:04.595, 5840, 29
2026/07/17 01:21:04.696, 5840, 29
2026/07/17 01:21:04.796, 5840, 29
2026/07/17 01:21:04.896, 5840, 29
2026/07/17 01:21:04.996, 5842, 29
2026/07/17 01:21:05.096, 5842, 29
2026/07/17 01:21:05.196, 5842, 28
2026/07/17 01:21:05.296, 5842, 28
2026/07/17 01:21:05.396, 5842, 28
2026/07/17 01:21:05.496, 5842, 28
2026/07/17 01:21:05.597, 5842, 28
2026/07/17 01:21:05.697, 5842, 28
2026/07/17 01:21:05.797, 5842, 28
2026/07/17 01:21:05.897, 5842, 28
2026/07/17 01:21:05.997, 5842, 28
2026/07/17 01:21:06.097, 5842, 28
2026/07/17 01:21:06.197, 5842, 29
2026/07/17 01:21:06.297, 5842, 29
2026/07/17 01:21:06.398, 5842, 29
2026/07/17 01:21:06.498, 5842, 29
2026/07/17 01:21:06.598, 5842, 29
2026/07/17 01:21:06.698, 5844, 29
2026/07/17 01:21:06.798, 5844, 29
2026/07/17 01:21:06.898, 5844, 29
2026/07/17 01:21:06.998, 5844, 29
2026/07/17 01:21:07.098, 5844, 29
2026/07/17 01:21:07.198, 5844, 29
2026/07/17 01:21:07.299, 5844, 29
2026/07/17 01:21:07.399, 5844, 29
2026/07/17 01:21:07.499, 5844, 29
2026/07/17 01:21:07.599, 5844, 29
2026/07/17 01:21:07.699, 5844, 29
2026/07/17 01:21:07.799, 5844, 29
2026/07/17 01:21:07.899, 5844, 29
2026/07/17 01:21:07.999, 5844, 29
2026/07/17 01:21:08.100, 5844, 29
2026/07/17 01:21:08.200, 5844, 27
2026/07/17 01:21:08.300, 5844, 27
2026/07/17 01:21:08.400, 5844, 27
2026/07/17 01:21:08.500, 5846, 27
2026/07/17 01:21:08.600, 5846, 27
2026/07/17 01:21:08.700, 5846, 27
2026/07/17 01:21:08.800, 5846, 27
2026/07/17 01:21:08.900, 5846, 27
2026/07/17 01:21:09.001, 5846, 27
2026/07/17 01:21:09.101, 5846, 27
2026/07/17 01:21:09.201, 5846, 28
2026/07/17 01:21:09.301, 5846, 28
2026/07/17 01:21:09.401, 5846, 28
2026/07/17 01:21:09.501, 5846, 28
2026/07/17 01:21:09.601, 5846, 28
2026/07/17 01:21:09.701, 5846, 28
2026/07/17 01:21:09.801, 5846, 28
2026/07/17 01:21:09.901, 5846, 28
2026/07/17 01:21:10.002, 5846, 28
2026/07/17 01:21:10.102, 5846, 28
2026/07/17 01:21:10.202, 5846, 29
2026/07/17 01:21:10.302, 5846, 29
2026/07/17 01:21:10.402, 5846, 29
2026/07/17 01:21:10.502, 5848, 29
2026/07/17 01:21:10.602, 5848, 29
2026/07/17 01:21:10.702, 5848, 29
2026/07/17 01:21:10.802, 5848, 29
2026/07/17 01:21:10.903, 5848, 29
2026/07/17 01:21:11.003, 5848, 29
2026/07/17 01:21:11.103, 5848, 29
2026/07/17 01:21:11.203, 5848, 27
2026/07/17 01:21:11.303, 5848, 27
2026/07/17 01:21:11.403, 5848, 27
2026/07/17 01:21:11.503, 5848, 27
2026/07/17 01:21:11.603, 5848, 27
2026/07/17 01:21:11.704, 5848, 27
2026/07/17 01:21:11.804, 5848, 27
2026/07/17 01:21:11.904, 5848, 27
2026/07/17 01:21:12.004, 5848, 27
2026/07/17 01:21:12.104, 5848, 27
2026/07/17 01:21:12.204, 5848, 27
2026/07/17 01:21:12.304, 5850, 27
2026/07/17 01:21:12.404, 5850, 27
2026/07/17 01:21:12.504, 5850, 27
2026/07/17 01:21:12.605, 5850, 27
2026/07/17 01:21:12.705, 5850, 27
2026/07/17 01:21:12.805, 5850, 27
2026/07/17 01:21:12.905, 5850, 27
2026/07/17 01:21:13.005, 5850, 27
2026/07/17 01:21:13.105, 5850, 27
2026/07/17 01:21:13.205, 5850, 29
2026/07/17 01:21:13.305, 5850, 29
2026/07/17 01:21:13.406, 5850, 29
2026/07/17 01:21:13.506, 5850, 29
2026/07/17 01:21:13.606, 5850, 29
2026/07/17 01:21:13.706, 5850, 29
2026/07/17 01:21:13.806, 5850, 29
2026/07/17 01:21:13.906, 5850, 29
2026/07/17 01:21:14.006, 5850, 29
2026/07/17 01:21:14.107, 5850, 29
2026/07/17 01:21:14.207, 5850, 28
2026/07/17 01:21:14.307, 5852, 28
2026/07/17 01:21:14.407, 5852, 28
2026/07/17 01:21:14.507, 5852, 28
2026/07/17 01:21:14.607, 5852, 28
2026/07/17 01:21:14.707, 5852, 28
2026/07/17 01:21:14.807, 5852, 28
2026/07/17 01:21:14.907, 5852, 28
2026/07/17 01:21:15.007, 5852, 28
2026/07/17 01:21:15.108, 5852, 28
2026/07/17 01:21:15.208, 5852, 28
2026/07/17 01:21:15.308, 5852, 28
2026/07/17 01:21:15.408, 5852, 28
2026/07/17 01:21:15.508, 5852, 28
2026/07/17 01:21:15.608, 5852, 28
2026/07/17 01:21:15.708, 5852, 28
2026/07/17 01:21:15.808, 5852, 28
2026/07/17 01:21:15.908, 5852, 28
2026/07/17 01:21:16.009, 5854, 28
2026/07/17 01:21:16.109, 5854, 28
2026/07/17 01:21:16.209, 5854, 25
2026/07/17 01:21:16.309, 5854, 25
2026/07/17 01:21:16.409, 5854, 25
2026/07/17 01:21:16.509, 5854, 25
2026/07/17 01:21:16.609, 5854, 25
2026/07/17 01:21:16.709, 5854, 25
2026/07/17 01:21:16.809, 5854, 25
2026/07/17 01:21:16.909, 5854, 25
2026/07/17 01:21:17.010, 5854, 25
2026/07/17 01:21:17.110, 5854, 25
2026/07/17 01:21:17.210, 5854, 29
2026/07/17 01:21:17.310, 5854, 29
2026/07/17 01:21:17.410, 5854, 29
2026/07/17 01:21:17.510, 5854, 29
2026/07/17 01:21:17.610, 5854, 29
2026/07/17 01:21:17.710, 5856, 29
2026/07/17 01:21:17.810, 5856, 29
2026/07/17 01:21:17.910, 5856, 29
2026/07/17 01:21:18.011, 5856, 29
2026/07/17 01:21:18.111, 5856, 29
2026/07/17 01:21:18.211, 5856, 29
2026/07/17 01:21:18.311, 5856, 29
2026/07/17 01:21:18.411, 5856, 29
2026/07/17 01:21:18.511, 5856, 29
2026/07/17 01:21:18.611, 5856, 29
2026/07/17 01:21:18.711, 5856, 29
2026/07/17 01:21:18.812, 5856, 29
2026/07/17 01:21:18.912, 5856, 29
2026/07/17 01:21:19.012, 5856, 29
2026/07/17 01:21:19.112, 5856, 29
2026/07/17 01:21:19.212, 5856, 29
2026/07/17 01:21:19.312, 5856, 29
2026/07/17 01:21:19.412, 5856, 29
2026/07/17 01:21:19.512, 5856, 29
2026/07/17 01:21:19.613, 5858, 29
2026/07/17 01:21:19.713, 5858, 29
2026/07/17 01:21:19.813, 5858, 29
2026/07/17 01:21:19.913, 5858, 29
2026/07/17 01:21:20.013, 5858, 29
2026/07/17 01:21:20.113, 5858, 29
2026/07/17 01:21:20.213, 5858, 29
2026/07/17 01:21:20.313, 5858, 29
2026/07/17 01:21:20.414, 5858, 29
2026/07/17 01:21:20.514, 5858, 29
2026/07/17 01:21:20.614, 5858, 29
2026/07/17 01:21:20.714, 5858, 29
2026/07/17 01:21:20.814, 5858, 29
2026/07/17 01:21:20.914, 5858, 29
2026/07/17 01:21:21.014, 5858, 29
2026/07/17 01:21:21.114, 5858, 29
2026/07/17 01:21:21.214, 5858, 27
2026/07/17 01:21:21.315, 5858, 27
2026/07/17 01:21:21.415, 5858, 27
2026/07/17 01:21:21.515, 5860, 27
2026/07/17 01:21:21.615, 5860, 27
2026/07/17 01:21:21.715, 5860, 27
2026/07/17 01:21:21.815, 5860, 27
2026/07/17 01:21:21.915, 5860, 27
2026/07/17 01:21:22.015, 5860, 27
2026/07/17 01:21:22.115, 5860, 27
2026/07/17 01:21:22.215, 5860, 29
2026/07/17 01:21:22.316, 5860, 29
2026/07/17 01:21:22.416, 5860, 29
2026/07/17 01:21:22.516, 5860, 29
2026/07/17 01:21:22.616, 5860, 29
2026/07/17 01:21:22.716, 5860, 29
2026/07/17 01:21:22.816, 5860, 29
2026/07/17 01:21:22.916, 5860, 29
2026/07/17 01:21:23.016, 5860, 29
2026/07/17 01:21:23.116, 5860, 29
2026/07/17 01:21:23.217, 5862, 29
2026/07/17 01:21:23.317, 5862, 29
2026/07/17 01:21:23.417, 5862, 29
2026/07/17 01:21:23.517, 5862, 29
2026/07/17 01:21:23.617, 5862, 29
2026/07/17 01:21:23.717, 5862, 29
2026/07/17 01:21:23.817, 5862, 29
2026/07/17 01:21:23.917, 5862, 29
2026/07/17 01:21:24.017, 5862, 29
2026/07/17 01:21:24.118, 5862, 29
2026/07/17 01:21:24.218, 5862, 29
2026/07/17 01:21:24.318, 5862, 29
2026/07/17 01:21:24.418, 5862, 29
2026/07/17 01:21:24.518, 5862, 29
2026/07/17 01:21:24.618, 5862, 29
2026/07/17 01:21:24.718, 5862, 29
2026/07/17 01:21:24.818, 5862, 29
2026/07/17 01:21:24.918, 5862, 29
2026/07/17 01:21:25.018, 5862, 29
2026/07/17 01:21:25.119, 5864, 29
2026/07/17 01:21:25.219, 5864, 29
2026/07/17 01:21:25.319, 5864, 29
2026/07/17 01:21:25.419, 5864, 29
2026/07/17 01:21:25.519, 5864, 29
2026/07/17 01:21:25.619, 5864, 29
2026/07/17 01:21:25.719, 5864, 29
2026/07/17 01:21:25.819, 5864, 29
2026/07/17 01:21:25.920, 5864, 29
2026/07/17 01:21:26.020, 5864, 29
2026/07/17 01:21:26.120, 5864, 29
2026/07/17 01:21:26.220, 5864, 29
2026/07/17 01:21:26.320, 5876, 29
2026/07/17 01:21:26.420, 5876, 29
2026/07/17 01:21:26.520, 5876, 29
2026/07/17 01:21:26.620, 5876, 29
2026/07/17 01:21:26.721, 5876, 29
2026/07/17 01:21:26.821, 5876, 29
2026/07/17 01:21:26.921, 5876, 29
2026/07/17 01:21:27.021, 5878, 29
2026/07/17 01:21:27.121, 5878, 29
2026/07/17 01:21:27.221, 5878, 28
2026/07/17 01:21:27.321, 5878, 28
2026/07/17 01:21:27.421, 5878, 28
2026/07/17 01:21:27.521, 5878, 28
2026/07/17 01:21:27.622, 5878, 28
2026/07/17 01:21:27.722, 5878, 28
2026/07/17 01:21:27.822, 5878, 28
2026/07/17 01:21:27.922, 5878, 28
2026/07/17 01:21:28.022, 5878, 28
2026/07/17 01:21:28.122, 5878, 28
2026/07/17 01:21:28.222, 5878, 27
2026/07/17 01:21:28.322, 5878, 27
2026/07/17 01:21:28.423, 5878, 27
2026/07/17 01:21:28.523, 5878, 27
2026/07/17 01:21:28.623, 5878, 27
2026/07/17 01:21:28.723, 5878, 27
2026/07/17 01:21:28.823, 5878, 27
2026/07/17 01:21:28.923, 5880, 27
2026/07/17 01:21:29.023, 5880, 27
2026/07/17 01:21:29.123, 5880, 27
2026/07/17 01:21:29.224, 5880, 26
2026/07/17 01:21:29.324, 5880, 26
2026/07/17 01:21:29.424, 5880, 26
2026/07/17 01:21:29.524, 5880, 26
2026/07/17 01:21:29.624, 5880, 26
2026/07/17 01:21:29.724, 5880, 26
2026/07/17 01:21:29.824, 5880, 26
2026/07/17 01:21:29.924, 5880, 26
2026/07/17 01:21:30.024, 5880, 26
2026/07/17 01:21:30.124, 5880, 26
2026/07/17 01:21:30.225, 5880, 29
2026/07/17 01:21:30.325, 5880, 29
2026/07/17 01:21:30.425, 5880, 29
2026/07/17 01:21:30.525, 5880, 29
2026/07/17 01:21:30.625, 5880, 29
2026/07/17 01:21:30.725, 5882, 29
2026/07/17 01:21:30.825, 5882, 29
2026/07/17 01:21:30.925, 5882, 29
2026/07/17 01:21:31.025, 5882, 29
2026/07/17 01:21:31.125, 5882, 29
2026/07/17 01:21:31.226, 5882, 29
2026/07/17 01:21:31.326, 5882, 29
2026/07/17 01:21:31.426, 5882, 29
2026/07/17 01:21:31.526, 5882, 29
2026/07/17 01:21:31.626, 5882, 29
2026/07/17 01:21:31.726, 5882, 29
2026/07/17 01:21:31.826, 5882, 29
2026/07/17 01:21:31.926, 5882, 29
2026/07/17 01:21:32.026, 5882, 29
2026/07/17 01:21:32.127, 5882, 29
2026/07/17 01:21:32.227, 5882, 29
2026/07/17 01:21:32.327, 5882, 29
2026/07/17 01:21:32.427, 5882, 29
2026/07/17 01:21:32.527, 5882, 29
2026/07/17 01:21:32.627, 5884, 29
2026/07/17 01:21:32.727, 5884, 29
2026/07/17 01:21:32.827, 5884, 29
2026/07/17 01:21:32.927, 5884, 29
2026/07/17 01:21:33.027, 5884, 29
2026/07/17 01:21:33.128, 5884, 29
2026/07/17 01:21:33.228, 5884, 26
2026/07/17 01:21:33.328, 5884, 26
2026/07/17 01:21:33.428, 5884, 26
2026/07/17 01:21:33.528, 5884, 26
2026/07/17 01:21:33.628, 5884, 26
2026/07/17 01:21:33.728, 5884, 26
2026/07/17 01:21:33.828, 5884, 26
2026/07/17 01:21:33.928, 5884, 26
2026/07/17 01:21:34.029, 5884, 26
2026/07/17 01:21:34.129, 5884, 26
2026/07/17 01:21:34.229, 5884, 28
2026/07/17 01:21:34.329, 5884, 28
2026/07/17 01:21:34.429, 5886, 28
2026/07/17 01:21:34.529, 5886, 28
2026/07/17 01:21:34.629, 5886, 28
2026/07/17 01:21:34.729, 5886, 28
2026/07/17 01:21:34.829, 5886, 28
2026/07/17 01:21:34.929, 5886, 28
2026/07/17 01:21:35.030, 5886, 28
2026/07/17 01:21:35.130, 5886, 28
2026/07/17 01:21:35.230, 5886, 28
2026/07/17 01:21:35.330, 5886, 28
2026/07/17 01:21:35.430, 5886, 28
2026/07/17 01:21:35.530, 5886, 28
2026/07/17 01:21:35.630, 5886, 28
2026/07/17 01:21:35.730, 5886, 28
2026/07/17 01:21:35.830, 5886, 28
2026/07/17 01:21:35.930, 5886, 28
2026/07/17 01:21:36.031, 5886, 28
2026/07/17 01:21:36.131, 5888, 28
2026/07/17 01:21:36.231, 5888, 29
2026/07/17 01:21:36.331, 5888, 29
2026/07/17 01:21:36.431, 5888, 29
2026/07/17 01:21:36.531, 5888, 29
2026/07/17 01:21:36.631, 5888, 29
2026/07/17 01:21:36.731, 5888, 29
2026/07/17 01:21:36.831, 5888, 29
2026/07/17 01:21:36.931, 5888, 29
2026/07/17 01:21:37.032, 5888, 29
2026/07/17 01:21:37.132, 5888, 29
2026/07/17 01:21:37.232, 5888, 29
2026/07/17 01:21:37.332, 5888, 29
2026/07/17 01:21:37.432, 5888, 29
2026/07/17 01:21:37.532, 5888, 29
2026/07/17 01:21:37.632, 5888, 29
2026/07/17 01:21:37.732, 5888, 29
2026/07/17 01:21:37.832, 5888, 29
2026/07/17 01:21:37.933, 5890, 29
2026/07/17 01:21:38.033, 5890, 29
2026/07/17 01:21:38.133, 5890, 29
2026/07/17 01:21:38.233, 5890, 27
2026/07/17 01:21:38.333, 5890, 27
2026/07/17 01:21:38.433, 5890, 27
2026/07/17 01:21:38.533, 5890, 27
2026/07/17 01:21:38.633, 5890, 27
2026/07/17 01:21:38.733, 5890, 27
2026/07/17 01:21:38.833, 5890, 27
2026/07/17 01:21:38.934, 5890, 27
2026/07/17 01:21:39.034, 5890, 27
2026/07/17 01:21:39.134, 5890, 27
2026/07/17 01:21:39.234, 5890, 28
2026/07/17 01:21:39.334, 5890, 28
2026/07/17 01:21:39.434, 5890, 28
2026/07/17 01:21:39.534, 5890, 28
2026/07/17 01:21:39.634, 5890, 28
2026/07/17 01:21:39.734, 5890, 28
2026/07/17 01:21:39.835, 5890, 28
2026/07/17 01:21:39.935, 5892, 28
2026/07/17 01:21:40.035, 5892, 28
2026/07/17 01:21:40.135, 5892, 28
2026/07/17 01:21:40.235, 5892, 29
2026/07/17 01:21:40.335, 5892, 29
2026/07/17 01:21:40.435, 5892, 29
2026/07/17 01:21:40.535, 5892, 29
2026/07/17 01:21:40.636, 5892, 29
2026/07/17 01:21:40.736, 5892, 29
2026/07/17 01:21:40.836, 5892, 29
2026/07/17 01:21:40.936, 5892, 29
2026/07/17 01:21:41.036, 5892, 29
2026/07/17 01:21:41.136, 5892, 29
2026/07/17 01:21:41.236, 5892, 29
2026/07/17 01:21:41.336, 5892, 29
2026/07/17 01:21:41.436, 5892, 29
2026/07/17 01:21:41.537, 5892, 29
2026/07/17 01:21:41.637, 5892, 29
2026/07/17 01:21:41.737, 5894, 29
2026/07/17 01:21:41.837, 5894, 29
2026/07/17 01:21:41.937, 5894, 29
2026/07/17 01:21:42.037, 5894, 29
2026/07/17 01:21:42.137, 5894, 29
2026/07/17 01:21:42.237, 5894, 26
2026/07/17 01:21:42.337, 5894, 26
2026/07/17 01:21:42.438, 5894, 26
2026/07/17 01:21:42.538, 5894, 26
2026/07/17 01:21:42.638, 5894, 26
2026/07/17 01:21:42.738, 5894, 26
2026/07/17 01:21:42.838, 5894, 26
2026/07/17 01:21:42.938, 5894, 26
2026/07/17 01:21:43.038, 5894, 26
2026/07/17 01:21:43.138, 5894, 26
2026/07/17 01:21:43.238, 5894, 28
2026/07/17 01:21:43.339, 5894, 28
2026/07/17 01:21:43.439, 5894, 28
2026/07/17 01:21:43.539, 5894, 28
2026/07/17 01:21:43.639, 5896, 28
2026/07/17 01:21:43.739, 5896, 28
2026/07/17 01:21:43.839, 5896, 28
2026/07/17 01:21:43.939, 5896, 28
2026/07/17 01:21:44.039, 5896, 28
2026/07/17 01:21:44.140, 5896, 28
2026/07/17 01:21:44.240, 5896, 29
2026/07/17 01:21:44.340, 5896, 29
2026/07/17 01:21:44.440, 5896, 29
2026/07/17 01:21:44.540, 5896, 29
2026/07/17 01:21:44.640, 5896, 29
2026/07/17 01:21:44.740, 5896, 29
2026/07/17 01:21:44.840, 5896, 29
2026/07/17 01:21:44.941, 5896, 29
2026/07/17 01:21:45.041, 5896, 29
2026/07/17 01:21:45.141, 5896, 29
2026/07/17 01:21:45.241, 5896, 24
2026/07/17 01:21:45.341, 5896, 24
2026/07/17 01:21:45.441, 5896, 24
2026/07/17 01:21:45.541, 5898, 24
2026/07/17 01:21:45.641, 5898, 24
2026/07/17 01:21:45.741, 5898, 24
2026/07/17 01:21:45.842, 5898, 24
2026/07/17 01:21:45.942, 5898, 24
2026/07/17 01:21:46.042, 5898, 24
2026/07/17 01:21:46.142, 5898, 24
2026/07/17 01:21:46.242, 5898, 29
2026/07/17 01:21:46.342, 5898, 29
2026/07/17 01:21:46.442, 5898, 29
2026/07/17 01:21:46.542, 5898, 29
2026/07/17 01:21:46.642, 6094, 29
2026/07/17 01:21:46.742, 6108, 29
2026/07/17 01:21:46.843, 6108, 29
2026/07/17 01:21:46.943, 6108, 29
2026/07/17 01:21:47.043, 6108, 29
2026/07/17 01:21:47.143, 6108, 29
2026/07/17 01:21:47.243, 6108, 29
2026/07/17 01:21:47.343, 6110, 29
2026/07/17 01:21:47.443, 6110, 29
2026/07/17 01:21:47.543, 6110, 29
2026/07/17 01:21:47.643, 6110, 29
2026/07/17 01:21:47.744, 6110, 29
2026/07/17 01:21:47.844, 6110, 29
2026/07/17 01:21:47.944, 6110, 29
2026/07/17 01:21:48.044, 6110, 29
2026/07/17 01:21:48.144, 6110, 29
2026/07/17 01:21:48.244, 6110, 29
2026/07/17 01:21:48.344, 6110, 29
2026/07/17 01:21:48.444, 6110, 29
2026/07/17 01:21:48.544, 6110, 29
2026/07/17 01:21:48.644, 6110, 29
2026/07/17 01:21:48.745, 6110, 29
2026/07/17 01:21:48.845, 6110, 29
2026/07/17 01:21:48.945, 6110, 29
2026/07/17 01:21:49.045, 6110, 29
2026/07/17 01:21:49.145, 6110, 29
2026/07/17 01:21:49.245, 6112, 29
2026/07/17 01:21:49.345, 6112, 29
2026/07/17 01:21:49.445, 6112, 29
2026/07/17 01:21:49.545, 6112, 29
2026/07/17 01:21:49.646, 6112, 29
2026/07/17 01:21:49.746, 6112, 29
2026/07/17 01:21:49.846, 6112, 29
2026/07/17 01:21:49.946, 6112, 29
2026/07/17 01:21:50.046, 6112, 29
2026/07/17 01:21:50.146, 6126, 29
2026/07/17 01:21:50.246, 6126, 28
2026/07/17 01:21:50.346, 6126, 28
2026/07/17 01:21:50.447, 6126, 28
2026/07/17 01:21:50.547, 6126, 28
2026/07/17 01:21:50.647, 6126, 28
2026/07/17 01:21:50.747, 6126, 28
2026/07/17 01:21:50.847, 6126, 28
2026/07/17 01:21:50.947, 6128, 28
2026/07/17 01:21:51.047, 6128, 28
2026/07/17 01:21:51.147, 6128, 28
2026/07/17 01:21:51.248, 6128, 25
2026/07/17 01:21:51.348, 6128, 25
2026/07/17 01:21:51.448, 6128, 25
2026/07/17 01:21:51.548, 6128, 25
2026/07/17 01:21:51.648, 6128, 25
2026/07/17 01:21:51.748, 6128, 25
2026/07/17 01:21:51.848, 6128, 25
2026/07/17 01:21:51.948, 6128, 25
2026/07/17 01:21:52.048, 6128, 25
2026/07/17 01:21:52.148, 6128, 25
2026/07/17 01:21:52.249, 6128, 29
2026/07/17 01:21:52.349, 6128, 29
2026/07/17 01:21:52.449, 6128, 29
2026/07/17 01:21:52.549, 6128, 29
2026/07/17 01:21:52.649, 6128, 29
2026/07/17 01:21:52.749, 6128, 29
2026/07/17 01:21:52.849, 6128, 29
2026/07/17 01:21:52.949, 6130, 29
2026/07/17 01:21:53.049, 6130, 29
2026/07/17 01:21:53.149, 6130, 29
2026/07/17 01:21:53.250, 6130, 29
2026/07/17 01:21:53.350, 6130, 29
2026/07/17 01:21:53.450, 6130, 29
2026/07/17 01:21:53.550, 6130, 29
2026/07/17 01:21:53.650, 6130, 29
2026/07/17 01:21:53.750, 6130, 29
2026/07/17 01:21:53.850, 6130, 29
2026/07/17 01:21:53.950, 6130, 29
2026/07/17 01:21:54.050, 6130, 29
2026/07/17 01:21:54.150, 6130, 29
2026/07/17 01:21:54.251, 6130, 28
2026/07/17 01:21:54.351, 6130, 28
2026/07/17 01:21:54.451, 6130, 28
2026/07/17 01:21:54.551, 6130, 28
2026/07/17 01:21:54.651, 6130, 28
2026/07/17 01:21:54.751, 6132, 28
2026/07/17 01:21:54.851, 6132, 28
2026/07/17 01:21:54.951, 6146, 28
2026/07/17 01:21:55.052, 6146, 28
2026/07/17 01:21:55.152, 6146, 28
2026/07/17 01:21:55.252, 6146, 0
2026/07/17 01:21:55.352, 6146, 0
2026/07/17 01:21:55.452, 6146, 0
2026/07/17 01:21:55.552, 6146, 0
2026/07/17 01:21:55.652, 6146, 0
2026/07/17 01:21:55.752, 6146, 0
2026/07/17 01:21:55.852, 6146, 0
2026/07/17 01:21:55.952, 6146, 0
2026/07/17 01:21:56.053, 6146, 0
2026/07/17 01:21:56.153, 6146, 0
2026/07/17 01:21:56.253, 6146, 29
2026/07/17 01:21:56.353, 6146, 29
2026/07/17 01:21:56.453, 6146, 29
2026/07/17 01:21:56.553, 6146, 29
2026/07/17 01:21:56.653, 6146, 29
2026/07/17 01:21:56.753, 6146, 29
2026/07/17 01:21:56.853, 6146, 29
2026/07/17 01:21:56.953, 6148, 29
2026/07/17 01:21:57.054, 6148, 29
2026/07/17 01:21:57.154, 6148, 29
2026/07/17 01:21:57.254, 6148, 28
2026/07/17 01:21:57.354, 6148, 28
2026/07/17 01:21:57.454, 6148, 28
2026/07/17 01:21:57.554, 6148, 28
2026/07/17 01:21:57.654, 6148, 28
2026/07/17 01:21:57.754, 6148, 28
2026/07/17 01:21:57.854, 6148, 28
2026/07/17 01:21:57.955, 6148, 28
2026/07/17 01:21:58.055, 6148, 28
2026/07/17 01:21:58.155, 6148, 28
2026/07/17 01:21:58.255, 6148, 29
2026/07/17 01:21:58.355, 6148, 29
2026/07/17 01:21:58.455, 6148, 29
2026/07/17 01:21:58.555, 6148, 29
2026/07/17 01:21:58.655, 6148, 29
2026/07/17 01:21:58.755, 6150, 29
2026/07/17 01:21:58.855, 6150, 29
2026/07/17 01:21:58.955, 6150, 29
2026/07/17 01:21:59.056, 6150, 29
2026/07/17 01:21:59.156, 6150, 29
2026/07/17 01:21:59.256, 6150, 27
2026/07/17 01:21:59.356, 6150, 27
2026/07/17 01:21:59.456, 6150, 27
2026/07/17 01:21:59.556, 6150, 27
2026/07/17 01:21:59.656, 6150, 27
2026/07/17 01:21:59.756, 6150, 27
2026/07/17 01:21:59.856, 6150, 27
2026/07/17 01:21:59.957, 6150, 27
2026/07/17 01:22:00.057, 6150, 27
2026/07/17 01:22:00.157, 6150, 27
2026/07/17 01:22:00.257, 6150, 29
2026/07/17 01:22:00.357, 6150, 29
2026/07/17 01:22:00.457, 6152, 29
2026/07/17 01:22:00.557, 6152, 29
2026/07/17 01:22:00.657, 6152, 29
2026/07/17 01:22:00.757, 6152, 29
2026/07/17 01:22:00.857, 6152, 29
2026/07/17 01:22:00.957, 6152, 29
2026/07/17 01:22:01.058, 6152, 29
2026/07/17 01:22:01.158, 6152, 29
2026/07/17 01:22:01.258, 6152, 29
2026/07/17 01:22:01.358, 6152, 29
2026/07/17 01:22:01.458, 6152, 29
2026/07/17 01:22:01.558, 6152, 29
2026/07/17 01:22:01.658, 6152, 29
2026/07/17 01:22:01.758, 6152, 29
2026/07/17 01:22:01.858, 6152, 29
2026/07/17 01:22:01.958, 6152, 29
2026/07/17 01:22:02.059, 6152, 29
2026/07/17 01:22:02.159, 6152, 29
2026/07/17 01:22:02.259, 6152, 29
2026/07/17 01:22:02.359, 6154, 29
2026/07/17 01:22:02.459, 6154, 29
2026/07/17 01:22:02.559, 6154, 29
2026/07/17 01:22:02.659, 6154, 29
2026/07/17 01:22:02.759, 6168, 29
2026/07/17 01:22:02.859, 6168, 29
2026/07/17 01:22:02.960, 6168, 29
2026/07/17 01:22:03.060, 6168, 29
2026/07/17 01:22:03.160, 6168, 29
2026/07/17 01:22:03.260, 6168, 28
2026/07/17 01:22:03.360, 6168, 28
2026/07/17 01:22:03.460, 6168, 28
2026/07/17 01:22:03.560, 6168, 28
2026/07/17 01:22:03.660, 6168, 28
2026/07/17 01:22:03.760, 6168, 28
2026/07/17 01:22:03.860, 6168, 28
2026/07/17 01:22:03.961, 6168, 28
2026/07/17 01:22:04.061, 6168, 28
2026/07/17 01:22:04.161, 6170, 28
2026/07/17 01:22:04.261, 6170, 30
2026/07/17 01:22:04.361, 6170, 30
2026/07/17 01:22:04.461, 6170, 30
2026/07/17 01:22:04.561, 6170, 30
2026/07/17 01:22:04.661, 6170, 30
2026/07/17 01:22:04.761, 6170, 30
2026/07/17 01:22:04.862, 6170, 30
2026/07/17 01:22:04.962, 6170, 30
2026/07/17 01:22:05.062, 6170, 30
2026/07/17 01:22:05.162, 6170, 30
2026/07/17 01:22:05.262, 6170, 28
2026/07/17 01:22:05.362, 6170, 28
2026/07/17 01:22:05.462, 6170, 28
2026/07/17 01:22:05.563, 6170, 28
2026/07/17 01:22:05.663, 6170, 28
2026/07/17 01:22:05.763, 6170, 28
2026/07/17 01:22:05.863, 6170, 28
2026/07/17 01:22:05.963, 6170, 28
2026/07/17 01:22:06.063, 6170, 28
2026/07/17 01:22:06.163, 6172, 28
2026/07/17 01:22:06.263, 6172, 29
2026/07/17 01:22:06.363, 6172, 29
2026/07/17 01:22:06.463, 6172, 29
2026/07/17 01:22:06.564, 6172, 29
2026/07/17 01:22:06.664, 6172, 29
2026/07/17 01:22:06.764, 6172, 29
2026/07/17 01:22:06.864, 6172, 29
2026/07/17 01:22:06.964, 6172, 29
2026/07/17 01:22:07.064, 6172, 29
2026/07/17 01:22:07.164, 6172, 29
2026/07/17 01:22:07.264, 6172, 28
2026/07/17 01:22:07.364, 6172, 28
2026/07/17 01:22:07.465, 6172, 28
2026/07/17 01:22:07.565, 6172, 28
2026/07/17 01:22:07.665, 6172, 28
2026/07/17 01:22:07.765, 6172, 28
2026/07/17 01:22:07.865, 6172, 28
2026/07/17 01:22:07.965, 6174, 28
2026/07/17 01:22:08.065, 6174, 28
2026/07/17 01:22:08.165, 6174, 28
2026/07/17 01:22:08.265, 6174, 27
2026/07/17 01:22:08.366, 6174, 27
2026/07/17 01:22:08.466, 6174, 27
2026/07/17 01:22:08.566, 6174, 27
2026/07/17 01:22:08.666, 6174, 27
2026/07/17 01:22:08.766, 6174, 27
2026/07/17 01:22:08.866, 6174, 27
2026/07/17 01:22:08.966, 6174, 27
2026/07/17 01:22:09.066, 6174, 27
2026/07/17 01:22:09.167, 6174, 27
2026/07/17 01:22:09.267, 6174, 29
2026/07/17 01:22:09.367, 6174, 29
2026/07/17 01:22:09.467, 6174, 29
2026/07/17 01:22:09.567, 6174, 29
2026/07/17 01:22:09.667, 6176, 29
2026/07/17 01:22:09.767, 6176, 29
2026/07/17 01:22:09.867, 6176, 29
2026/07/17 01:22:09.967, 6176, 29
2026/07/17 01:22:10.067, 6176, 29
2026/07/17 01:22:10.168, 6176, 29
2026/07/17 01:22:10.268, 6176, 30
2026/07/17 01:22:10.368, 6176, 30
2026/07/17 01:22:10.468, 6176, 30
2026/07/17 01:22:10.568, 6176, 30
2026/07/17 01:22:10.668, 6176, 30
2026/07/17 01:22:10.768, 6176, 30
2026/07/17 01:22:10.868, 6176, 30
2026/07/17 01:22:10.968, 6176, 30
2026/07/17 01:22:11.069, 6176, 30
2026/07/17 01:22:11.169, 6176, 30
2026/07/17 01:22:11.269, 6176, 27
2026/07/17 01:22:11.369, 6176, 27
2026/07/17 01:22:11.469, 6176, 27
2026/07/17 01:22:11.569, 6176, 27
2026/07/17 01:22:11.670, 6178, 27
2026/07/17 01:22:11.770, 6178, 27
2026/07/17 01:22:11.870, 6178, 27
2026/07/17 01:22:11.970, 6178, 27
2026/07/17 01:22:12.070, 6178, 27
2026/07/17 01:22:12.170, 6178, 27
2026/07/17 01:22:12.270, 6178, 28
2026/07/17 01:22:12.370, 6178, 28
2026/07/17 01:22:12.471, 6178, 28
2026/07/17 01:22:12.571, 6178, 28
2026/07/17 01:22:12.671, 6178, 28
2026/07/17 01:22:12.771, 6178, 28
2026/07/17 01:22:12.871, 6178, 28
2026/07/17 01:22:12.971, 6178, 28
2026/07/17 01:22:13.071, 6178, 28
2026/07/17 01:22:13.171, 6178, 28
2026/07/17 01:22:13.271, 6178, 25
2026/07/17 01:22:13.372, 6178, 25
2026/07/17 01:22:13.472, 6178, 25
2026/07/17 01:22:13.572, 6180, 25
2026/07/17 01:22:13.672, 6180, 25
2026/07/17 01:22:13.772, 6180, 25
2026/07/17 01:22:13.872, 6180, 25
2026/07/17 01:22:13.972, 6180, 25
2026/07/17 01:22:14.072, 6180, 25
2026/07/17 01:22:14.173, 6180, 25
2026/07/17 01:22:14.273, 6180, 28
2026/07/17 01:22:14.373, 6180, 28
2026/07/17 01:22:14.473, 6180, 28
2026/07/17 01:22:14.573, 6180, 28
2026/07/17 01:22:14.673, 6180, 28
2026/07/17 01:22:14.773, 6180, 28
2026/07/17 01:22:14.873, 6180, 28
2026/07/17 01:22:14.973, 6180, 28
2026/07/17 01:22:15.074, 6180, 28
2026/07/17 01:22:15.174, 6180, 28
2026/07/17 01:22:15.274, 6180, 29
2026/07/17 01:22:15.374, 6182, 29
2026/07/17 01:22:15.474, 6182, 29
2026/07/17 01:22:15.574, 6182, 29
2026/07/17 01:22:15.674, 6182, 29
2026/07/17 01:22:15.774, 6182, 29
2026/07/17 01:22:15.875, 6182, 29
2026/07/17 01:22:15.975, 6182, 29
2026/07/17 01:22:16.075, 6182, 29
2026/07/17 01:22:16.175, 6182, 29
2026/07/17 01:22:16.275, 6182, 29
2026/07/17 01:22:16.375, 6182, 29
2026/07/17 01:22:16.475, 6182, 29
2026/07/17 01:22:16.575, 6182, 29
2026/07/17 01:22:16.675, 6182, 29
2026/07/17 01:22:16.775, 6182, 29
2026/07/17 01:22:16.875, 6182, 29
2026/07/17 01:22:16.976, 6182, 29
2026/07/17 01:22:17.076, 6182, 29
2026/07/17 01:22:17.176, 6182, 29
2026/07/17 01:22:17.276, 6184, 28
2026/07/17 01:22:17.376, 6184, 28
2026/07/17 01:22:17.476, 6184, 28
2026/07/17 01:22:17.576, 6184, 28
2026/07/17 01:22:17.676, 6184, 28
2026/07/17 01:22:17.776, 6184, 28
2026/07/17 01:22:17.877, 6184, 28
2026/07/17 01:22:17.977, 6184, 28
2026/07/17 01:22:18.077, 6184, 28
2026/07/17 01:22:18.177, 6184, 28
2026/07/17 01:22:18.277, 6184, 27
2026/07/17 01:22:18.377, 6184, 27
2026/07/17 01:22:18.477, 6184, 27
2026/07/17 01:22:18.577, 6184, 27
2026/07/17 01:22:18.677, 6184, 27
2026/07/17 01:22:18.777, 6184, 27
2026/07/17 01:22:18.878, 6184, 27
2026/07/17 01:22:18.978, 6184, 27
2026/07/17 01:22:19.078, 6184, 27
2026/07/17 01:22:19.178, 6186, 27
2026/07/17 01:22:19.278, 6186, 29
2026/07/17 01:22:19.378, 6186, 29
2026/07/17 01:22:19.478, 6186, 29
2026/07/17 01:22:19.578, 6186, 29
2026/07/17 01:22:19.678, 6186, 29
2026/07/17 01:22:19.778, 6186, 29
2026/07/17 01:22:19.879, 6186, 29
2026/07/17 01:22:19.979, 6186, 29
2026/07/17 01:22:20.079, 6186, 29
2026/07/17 01:22:20.179, 6186, 29
2026/07/17 01:22:20.279, 6186, 29
2026/07/17 01:22:20.379, 6186, 29
2026/07/17 01:22:20.479, 6186, 29
2026/07/17 01:22:20.579, 6186, 29
2026/07/17 01:22:20.679, 6186, 29
2026/07/17 01:22:20.780, 6186, 29
2026/07/17 01:22:20.880, 6188, 29
2026/07/17 01:22:20.980, 6188, 29
2026/07/17 01:22:21.080, 6188, 29
2026/07/17 01:22:21.180, 6188, 29
2026/07/17 01:22:21.280, 6188, 29
2026/07/17 01:22:21.380, 6188, 29
2026/07/17 01:22:21.480, 6188, 29
2026/07/17 01:22:21.580, 6188, 29
2026/07/17 01:22:21.681, 6188, 29
2026/07/17 01:22:21.781, 6188, 29
2026/07/17 01:22:21.881, 6188, 29
2026/07/17 01:22:21.981, 6188, 29
2026/07/17 01:22:22.081, 6188, 29
2026/07/17 01:22:22.181, 6188, 29
2026/07/17 01:22:22.281, 6188, 28
2026/07/17 01:22:22.381, 6188, 28
2026/07/17 01:22:22.482, 6188, 28
2026/07/17 01:22:22.582, 6188, 28
2026/07/17 01:22:22.682, 6188, 28
2026/07/17 01:22:22.782, 6188, 28
2026/07/17 01:22:22.882, 6190, 28
2026/07/17 01:22:22.982, 6190, 28
2026/07/17 01:22:23.082, 6190, 28
2026/07/17 01:22:23.183, 6190, 28
2026/07/17 01:22:23.283, 6190, 28
2026/07/17 01:22:23.383, 6190, 28
2026/07/17 01:22:23.483, 6190, 28
2026/07/17 01:22:23.583, 6190, 28
2026/07/17 01:22:23.683, 6190, 28
2026/07/17 01:22:23.783, 6190, 28
2026/07/17 01:22:23.883, 6190, 28
2026/07/17 01:22:23.983, 6190, 28
2026/07/17 01:22:24.084, 6190, 28
2026/07/17 01:22:24.184, 6190, 28
2026/07/17 01:22:24.284, 6190, 29
2026/07/17 01:22:24.384, 6190, 29
2026/07/17 01:22:24.484, 6190, 29
2026/07/17 01:22:24.584, 6190, 29
2026/07/17 01:22:24.684, 6190, 29
2026/07/17 01:22:24.784, 6192, 29
2026/07/17 01:22:24.884, 6192, 29
2026/07/17 01:22:24.985, 6192, 29
2026/07/17 01:22:25.085, 6192, 29
2026/07/17 01:22:25.185, 6192, 29
2026/07/17 01:22:25.285, 6192, 29
2026/07/17 01:22:25.385, 6192, 29
2026/07/17 01:22:25.485, 6192, 29
2026/07/17 01:22:25.585, 6192, 29
2026/07/17 01:22:25.685, 6192, 29
2026/07/17 01:22:25.785, 6192, 29
2026/07/17 01:22:25.885, 6192, 29
2026/07/17 01:22:25.986, 6192, 29
2026/07/17 01:22:26.086, 6192, 29
2026/07/17 01:22:26.186, 6192, 29
2026/07/17 01:22:26.286, 6192, 29
2026/07/17 01:22:26.386, 6192, 29
2026/07/17 01:22:26.486, 6192, 29
2026/07/17 01:22:26.586, 6192, 29
2026/07/17 01:22:26.686, 6194, 29
2026/07/17 01:22:26.786, 6194, 29
2026/07/17 01:22:26.886, 6194, 29
2026/07/17 01:22:26.987, 6194, 29
2026/07/17 01:22:27.087, 6194, 29
2026/07/17 01:22:27.187, 6194, 29
2026/07/17 01:22:27.287, 6194, 27
2026/07/17 01:22:27.387, 6194, 27
2026/07/17 01:22:27.487, 6194, 27
2026/07/17 01:22:27.587, 6194, 27
2026/07/17 01:22:27.687, 6194, 27
2026/07/17 01:22:27.787, 6194, 27
2026/07/17 01:22:27.888, 6194, 27
2026/07/17 01:22:27.988, 6194, 27
2026/07/17 01:22:28.088, 6194, 27
2026/07/17 01:22:28.188, 6194, 27
2026/07/17 01:22:28.288, 6194, 27
2026/07/17 01:22:28.388, 6196, 27
2026/07/17 01:22:28.488, 6196, 27
2026/07/17 01:22:28.588, 6196, 27
2026/07/17 01:22:28.689, 6196, 27
2026/07/17 01:22:28.789, 6196, 27
2026/07/17 01:22:28.889, 6196, 27
2026/07/17 01:22:28.989, 6196, 27
2026/07/17 01:22:29.089, 6196, 27
2026/07/17 01:22:29.189, 6196, 27
2026/07/17 01:22:29.289, 6196, 28
2026/07/17 01:22:29.389, 6196, 28
2026/07/17 01:22:29.489, 6196, 28
2026/07/17 01:22:29.589, 6196, 28
2026/07/17 01:22:29.690, 6196, 28
2026/07/17 01:22:29.790, 6196, 28
2026/07/17 01:22:29.890, 6196, 28
2026/07/17 01:22:29.990, 6196, 28
2026/07/17 01:22:30.090, 6196, 28
2026/07/17 01:22:30.190, 6196, 28
2026/07/17 01:22:30.290, 6198, 28
2026/07/17 01:22:30.390, 6198, 28
2026/07/17 01:22:30.491, 6198, 28
2026/07/17 01:22:30.591, 6198, 28
2026/07/17 01:22:30.691, 6198, 28
2026/07/17 01:22:30.791, 6198, 28
2026/07/17 01:22:30.891, 6198, 28
2026/07/17 01:22:30.991, 6198, 28
2026/07/17 01:22:31.091, 6198, 28
2026/07/17 01:22:31.191, 6198, 28
2026/07/17 01:22:31.291, 6198, 29
2026/07/17 01:22:31.392, 6198, 29
2026/07/17 01:22:31.492, 6212, 29
2026/07/17 01:22:31.592, 6212, 29
2026/07/17 01:22:31.692, 6212, 29
2026/07/17 01:22:31.792, 6212, 29
2026/07/17 01:22:31.893, 6212, 29
2026/07/17 01:22:31.993, 6212, 29
2026/07/17 01:22:32.093, 6212, 29
2026/07/17 01:22:32.193, 6212, 29
2026/07/17 01:22:32.293, 6214, 29
2026/07/17 01:22:32.393, 6214, 29
2026/07/17 01:22:32.493, 6214, 29
2026/07/17 01:22:32.593, 6214, 29
2026/07/17 01:22:32.693, 6214, 29
2026/07/17 01:22:32.794, 6214, 29
2026/07/17 01:22:32.894, 6214, 29
2026/07/17 01:22:32.994, 6214, 29
2026/07/17 01:22:33.094, 6214, 29
2026/07/17 01:22:33.194, 6214, 25
2026/07/17 01:22:33.294, 6214, 25
2026/07/17 01:22:33.394, 6214, 25
2026/07/17 01:22:33.494, 6214, 25
2026/07/17 01:22:33.594, 6214, 25
2026/07/17 01:22:33.695, 6214, 25
2026/07/17 01:22:33.795, 6214, 25
2026/07/17 01:22:33.895, 6214, 25
2026/07/17 01:22:33.995, 6214, 25
2026/07/17 01:22:34.095, 6216, 25
2026/07/17 01:22:34.195, 6216, 29
2026/07/17 01:22:34.295, 6216, 29
2026/07/17 01:22:34.395, 6216, 29
2026/07/17 01:22:34.495, 6216, 29
2026/07/17 01:22:34.596, 6216, 29
2026/07/17 01:22:34.696, 6216, 29
2026/07/17 01:22:34.796, 6216, 29
2026/07/17 01:22:34.896, 6216, 29
2026/07/17 01:22:34.996, 6216, 29
2026/07/17 01:22:35.096, 6216, 29
2026/07/17 01:22:35.196, 6216, 29
2026/07/17 01:22:35.296, 6216, 29
2026/07/17 01:22:35.396, 6216, 29
2026/07/17 01:22:35.497, 6216, 29
2026/07/17 01:22:35.597, 6216, 29
2026/07/17 01:22:35.697, 6216, 29
2026/07/17 01:22:35.797, 6218, 29
2026/07/17 01:22:35.897, 6218, 29
2026/07/17 01:22:35.997, 6218, 29
2026/07/17 01:22:36.097, 6218, 29
2026/07/17 01:22:36.197, 6218, 28
2026/07/17 01:22:36.297, 6218, 28
2026/07/17 01:22:36.398, 6218, 28
2026/07/17 01:22:36.498, 6218, 28
2026/07/17 01:22:36.598, 6218, 28
2026/07/17 01:22:36.698, 6218, 28
2026/07/17 01:22:36.798, 6218, 28
2026/07/17 01:22:36.898, 6218, 28
2026/07/17 01:22:36.998, 6218, 28
2026/07/17 01:22:37.098, 6218, 28
2026/07/17 01:22:37.199, 6218, 28
2026/07/17 01:22:37.299, 6218, 28
2026/07/17 01:22:37.399, 6218, 28
2026/07/17 01:22:37.499, 6218, 28
2026/07/17 01:22:37.599, 6218, 28
2026/07/17 01:22:37.699, 6220, 28
2026/07/17 01:22:37.799, 6220, 28
2026/07/17 01:22:37.899, 6220, 28
2026/07/17 01:22:37.999, 6220, 28
2026/07/17 01:22:38.099, 6220, 28
2026/07/17 01:22:38.200, 6220, 26
2026/07/17 01:22:38.300, 6220, 26
2026/07/17 01:22:38.400, 6220, 26
2026/07/17 01:22:38.500, 6220, 26
2026/07/17 01:22:38.600, 6220, 26
2026/07/17 01:22:38.700, 6220, 26
2026/07/17 01:22:38.800, 6220, 26
2026/07/17 01:22:38.900, 6220, 26
2026/07/17 01:22:39.000, 6220, 26
2026/07/17 01:22:39.101, 6220, 26
2026/07/17 01:22:39.201, 6220, 27
2026/07/17 01:22:39.301, 6220, 27
2026/07/17 01:22:39.401, 6220, 27
2026/07/17 01:22:39.501, 6222, 27
2026/07/17 01:22:39.601, 6222, 27
2026/07/17 01:22:39.701, 6222, 27
2026/07/17 01:22:39.801, 6222, 27
2026/07/17 01:22:39.901, 6222, 27
2026/07/17 01:22:40.002, 6222, 27
2026/07/17 01:22:40.102, 6222, 27
2026/07/17 01:22:40.202, 6222, 29
2026/07/17 01:22:40.302, 6222, 29
2026/07/17 01:22:40.402, 6222, 29
2026/07/17 01:22:40.502, 6222, 29
2026/07/17 01:22:40.602, 6222, 29
2026/07/17 01:22:40.702, 6222, 29
2026/07/17 01:22:40.802, 6222, 29
2026/07/17 01:22:40.903, 6222, 29
2026/07/17 01:22:41.003, 6222, 29
2026/07/17 01:22:41.103, 6222, 29
2026/07/17 01:22:41.203, 6222, 29
2026/07/17 01:22:41.303, 6224, 29
2026/07/17 01:22:41.403, 6224, 29
2026/07/17 01:22:41.503, 6224, 29
2026/07/17 01:22:41.603, 6224, 29
2026/07/17 01:22:41.703, 6224, 29
2026/07/17 01:22:41.803, 6224, 29
2026/07/17 01:22:41.904, 6224, 29
2026/07/17 01:22:42.004, 6224, 29
2026/07/17 01:22:42.104, 6224, 29
2026/07/17 01:22:42.204, 6224, 27
2026/07/17 01:22:42.304, 6224, 27
2026/07/17 01:22:42.404, 6224, 27
2026/07/17 01:22:42.504, 6224, 27
2026/07/17 01:22:42.604, 6224, 27
2026/07/17 01:22:42.705, 6224, 27
2026/07/17 01:22:42.805, 6224, 27
2026/07/17 01:22:42.905, 6224, 27
2026/07/17 01:22:43.005, 6224, 27
2026/07/17 01:22:43.105, 6224, 27
2026/07/17 01:22:43.205, 6226, 29
2026/07/17 01:22:43.305, 6226, 29
2026/07/17 01:22:43.405, 6226, 29
2026/07/17 01:22:43.505, 6226, 29
2026/07/17 01:22:43.606, 6226, 29
2026/07/17 01:22:43.706, 6226, 29
2026/07/17 01:22:43.806, 6226, 29
2026/07/17 01:22:43.906, 6226, 29
2026/07/17 01:22:44.006, 6226, 29
2026/07/17 01:22:44.106, 6226, 29
2026/07/17 01:22:44.206, 6226, 28
2026/07/17 01:22:44.306, 6226, 28
2026/07/17 01:22:44.406, 6226, 28
2026/07/17 01:22:44.507, 6226, 28
2026/07/17 01:22:44.607, 6226, 28
2026/07/17 01:22:44.707, 6226, 28
2026/07/17 01:22:44.807, 6226, 28
2026/07/17 01:22:44.907, 6226, 28
2026/07/17 01:22:45.007, 6226, 28
2026/07/17 01:22:45.107, 6226, 28
2026/07/17 01:22:45.207, 6228, 27
2026/07/17 01:22:45.307, 6228, 27
2026/07/17 01:22:45.408, 6228, 27
2026/07/17 01:22:45.508, 6228, 27
2026/07/17 01:22:45.608, 6228, 27
2026/07/17 01:22:45.708, 6228, 27
2026/07/17 01:22:45.808, 6228, 27
2026/07/17 01:22:45.908, 6228, 27
2026/07/17 01:22:46.008, 6228, 27
2026/07/17 01:22:46.108, 6228, 27
2026/07/17 01:22:46.208, 6228, 27
2026/07/17 01:22:46.308, 6228, 27
2026/07/17 01:22:46.409, 6228, 27
2026/07/17 01:22:46.509, 6228, 27
2026/07/17 01:22:46.609, 6228, 27
2026/07/17 01:22:46.709, 6228, 27
2026/07/17 01:22:46.809, 6228, 27
2026/07/17 01:22:46.909, 6228, 27
2026/07/17 01:22:47.009, 6230, 27
2026/07/17 01:22:47.109, 6230, 27
2026/07/17 01:22:47.209, 6230, 29
2026/07/17 01:22:47.310, 6230, 29
2026/07/17 01:22:47.410, 6230, 29
2026/07/17 01:22:47.510, 6230, 29
2026/07/17 01:22:47.610, 6230, 29
2026/07/17 01:22:47.710, 6230, 29
2026/07/17 01:22:47.810, 6230, 29
2026/07/17 01:22:47.910, 6230, 29
2026/07/17 01:22:48.010, 6230, 29
2026/07/17 01:22:48.111, 6230, 29
2026/07/17 01:22:48.211, 6230, 28
2026/07/17 01:22:48.311, 6230, 28
2026/07/17 01:22:48.411, 6230, 28
2026/07/17 01:22:48.511, 6230, 28
2026/07/17 01:22:48.611, 6230, 28
2026/07/17 01:22:48.711, 6230, 28
2026/07/17 01:22:48.811, 6230, 28
2026/07/17 01:22:48.911, 6232, 28
2026/07/17 01:22:49.012, 6232, 28
2026/07/17 01:22:49.112, 6232, 28
2026/07/17 01:22:49.212, 6232, 29
2026/07/17 01:22:49.312, 6232, 29
2026/07/17 01:22:49.412, 6232, 29
2026/07/17 01:22:49.512, 6232, 29
2026/07/17 01:22:49.612, 6232, 29
2026/07/17 01:22:49.712, 6232, 29
2026/07/17 01:22:49.812, 6232, 29
2026/07/17 01:22:49.913, 6232, 29
2026/07/17 01:22:50.013, 6232, 29
2026/07/17 01:22:50.113, 6232, 29
2026/07/17 01:22:50.213, 6232, 29
2026/07/17 01:22:50.313, 6232, 29
2026/07/17 01:22:50.413, 6232, 29
2026/07/17 01:22:50.513, 6232, 29
2026/07/17 01:22:50.614, 6232, 29
2026/07/17 01:22:50.714, 6232, 29
2026/07/17 01:22:50.814, 6232, 29
2026/07/17 01:22:50.914, 6234, 29
2026/07/17 01:22:51.014, 6234, 29
2026/07/17 01:22:51.114, 6234, 29
2026/07/17 01:22:51.214, 6234, 27
2026/07/17 01:22:51.314, 6234, 27
2026/07/17 01:22:51.415, 6234, 27
2026/07/17 01:22:51.515, 6234, 27
2026/07/17 01:22:51.615, 6234, 27
2026/07/17 01:22:51.715, 6234, 27
2026/07/17 01:22:51.815, 6234, 27
2026/07/17 01:22:51.915, 6234, 27
2026/07/17 01:22:52.015, 6234, 27
2026/07/17 01:22:52.115, 6234, 27
2026/07/17 01:22:52.215, 6234, 29
2026/07/17 01:22:52.316, 6234, 29
2026/07/17 01:22:52.416, 6234, 29
2026/07/17 01:22:52.516, 6234, 29
2026/07/17 01:22:52.616, 6236, 29
2026/07/17 01:22:52.716, 6236, 29
2026/07/17 01:22:52.816, 6236, 29
2026/07/17 01:22:52.916, 6236, 29
2026/07/17 01:22:53.016, 6236, 29
2026/07/17 01:22:53.116, 6236, 29
2026/07/17 01:22:53.217, 6236, 29
2026/07/17 01:22:53.317, 6236, 29
2026/07/17 01:22:53.417, 6236, 29
2026/07/17 01:22:53.517, 6236, 29
2026/07/17 01:22:53.617, 6236, 29
2026/07/17 01:22:53.717, 6236, 29
2026/07/17 01:22:53.817, 6236, 29
2026/07/17 01:22:53.917, 6236, 29
2026/07/17 01:22:54.018, 6236, 29
2026/07/17 01:22:54.118, 6236, 29
2026/07/17 01:22:54.218, 6236, 29
2026/07/17 01:22:54.318, 6236, 29
2026/07/17 01:22:54.418, 6238, 29
2026/07/17 01:22:54.518, 6238, 29
2026/07/17 01:22:54.618, 6238, 29
2026/07/17 01:22:54.718, 6238, 29
2026/07/17 01:22:54.819, 6238, 29
2026/07/17 01:22:54.919, 6238, 29
2026/07/17 01:22:55.019, 6238, 29
2026/07/17 01:22:55.119, 6238, 29
2026/07/17 01:22:55.219, 6238, 29
2026/07/17 01:22:55.319, 6238, 29
2026/07/17 01:22:55.419, 6238, 29
2026/07/17 01:22:55.519, 6238, 29
2026/07/17 01:22:55.619, 6238, 29
2026/07/17 01:22:55.719, 6238, 29
2026/07/17 01:22:55.820, 6238, 29
2026/07/17 01:22:55.920, 6238, 29
2026/07/17 01:22:56.020, 6238, 29
2026/07/17 01:22:56.120, 6238, 29
2026/07/17 01:22:56.220, 6238, 27
2026/07/17 01:22:56.320, 6238, 27
2026/07/17 01:22:56.420, 6240, 27
2026/07/17 01:22:56.520, 6240, 27
2026/07/17 01:22:56.620, 6240, 27
2026/07/17 01:22:56.721, 6240, 27
2026/07/17 01:22:56.821, 6240, 27
2026/07/17 01:22:56.921, 6240, 27
2026/07/17 01:22:57.021, 6240, 27
2026/07/17 01:22:57.121, 6240, 27
2026/07/17 01:22:57.221, 6240, 27
2026/07/17 01:22:57.321, 6240, 27
2026/07/17 01:22:57.421, 6240, 27
2026/07/17 01:22:57.522, 6240, 27
2026/07/17 01:22:57.622, 6240, 27
2026/07/17 01:22:57.722, 6240, 27
2026/07/17 01:22:57.822, 6240, 27
2026/07/17 01:22:57.922, 6240, 27
2026/07/17 01:22:58.022, 6240, 27
2026/07/17 01:22:58.122, 6242, 27
2026/07/17 01:22:58.222, 6242, 29
2026/07/17 01:22:58.323, 6242, 29
2026/07/17 01:22:58.423, 6242, 29
2026/07/17 01:22:58.523, 6242, 29
2026/07/17 01:22:58.623, 6242, 29
2026/07/17 01:22:58.723, 6242, 29
2026/07/17 01:22:58.823, 6242, 29
2026/07/17 01:22:58.923, 6242, 29
2026/07/17 01:22:59.023, 6242, 29
2026/07/17 01:22:59.124, 6242, 29
2026/07/17 01:22:59.224, 6242, 29
2026/07/17 01:22:59.324, 6242, 29
2026/07/17 01:22:59.424, 6242, 29
2026/07/17 01:22:59.524, 6242, 29
2026/07/17 01:22:59.624, 6242, 29
2026/07/17 01:22:59.724, 6242, 29
2026/07/17 01:22:59.824, 6242, 29
2026/07/17 01:22:59.924, 6242, 29
2026/07/17 01:23:00.025, 6244, 29
2026/07/17 01:23:00.125, 6244, 29
2026/07/17 01:23:00.225, 6244, 29
2026/07/17 01:23:00.325, 6244, 29
2026/07/17 01:23:00.425, 6244, 29
2026/07/17 01:23:00.525, 6244, 29
2026/07/17 01:23:00.625, 6244, 29
2026/07/17 01:23:00.725, 6244, 29
2026/07/17 01:23:00.826, 6244, 29
2026/07/17 01:23:00.926, 6244, 29
2026/07/17 01:23:01.026, 6244, 29
2026/07/17 01:23:01.126, 6244, 29
2026/07/17 01:23:01.226, 6244, 29
2026/07/17 01:23:01.326, 6244, 29
2026/07/17 01:23:01.426, 6244, 29
2026/07/17 01:23:01.526, 6244, 29
2026/07/17 01:23:01.626, 6244, 29
2026/07/17 01:23:01.726, 6244, 29
2026/07/17 01:23:01.827, 6246, 29
2026/07/17 01:23:01.927, 6246, 29
2026/07/17 01:23:02.027, 6246, 29
2026/07/17 01:23:02.127, 6246, 29
2026/07/17 01:23:02.227, 6246, 28
2026/07/17 01:23:02.327, 6246, 28
2026/07/17 01:23:02.427, 6246, 28
2026/07/17 01:23:02.527, 6246, 28
2026/07/17 01:23:02.628, 6246, 28
2026/07/17 01:23:02.728, 6246, 28
2026/07/17 01:23:02.828, 6246, 28
2026/07/17 01:23:02.928, 6246, 28
2026/07/17 01:23:03.028, 6246, 28
2026/07/17 01:23:03.128, 6246, 28
2026/07/17 01:23:03.228, 6246, 28
2026/07/17 01:23:03.328, 6246, 28
2026/07/17 01:23:03.428, 6246, 28
2026/07/17 01:23:03.529, 6246, 28
2026/07/17 01:23:03.629, 6246, 28
2026/07/17 01:23:03.729, 6248, 28
2026/07/17 01:23:03.829, 6248, 28
2026/07/17 01:23:03.929, 6248, 28
2026/07/17 01:23:04.029, 6248, 28
2026/07/17 01:23:04.129, 6248, 28
2026/07/17 01:23:04.229, 6248, 29
2026/07/17 01:23:04.329, 6248, 29
2026/07/17 01:23:04.430, 6248, 29
2026/07/17 01:23:04.530, 6248, 29
2026/07/17 01:23:04.630, 6248, 29
2026/07/17 01:23:04.730, 6248, 29
2026/07/17 01:23:04.830, 6248, 29
2026/07/17 01:23:04.930, 6248, 29
2026/07/17 01:23:05.030, 6248, 29
2026/07/17 01:23:05.131, 6262, 29
2026/07/17 01:23:05.231, 6262, 29
2026/07/17 01:23:05.331, 6262, 29
2026/07/17 01:23:05.431, 6262, 29
2026/07/17 01:23:05.531, 6264, 29
2026/07/17 01:23:05.631, 6264, 29
2026/07/17 01:23:05.731, 6264, 29
2026/07/17 01:23:05.831, 6264, 29
2026/07/17 01:23:05.931, 6264, 29
2026/07/17 01:23:06.032, 6264, 29
2026/07/17 01:23:06.132, 6264, 29
2026/07/17 01:23:06.232, 6264, 28
2026/07/17 01:23:06.332, 6264, 28
2026/07/17 01:23:06.432, 6264, 28
2026/07/17 01:23:06.532, 6264, 28
2026/07/17 01:23:06.632, 6264, 28
2026/07/17 01:23:06.733, 6264, 28
2026/07/17 01:23:06.833, 6264, 28
2026/07/17 01:23:06.933, 6264, 28
2026/07/17 01:23:07.033, 6264, 28
2026/07/17 01:23:07.133, 6264, 28
2026/07/17 01:23:07.233, 6264, 29
2026/07/17 01:23:07.333, 6266, 29
2026/07/17 01:23:07.433, 6266, 29
2026/07/17 01:23:07.533, 6266, 29
2026/07/17 01:23:07.634, 6266, 29
2026/07/17 01:23:07.734, 6266, 29
2026/07/17 01:23:07.834, 6266, 29
2026/07/17 01:23:07.934, 6266, 29
2026/07/17 01:23:08.034, 6266, 29
2026/07/17 01:23:08.134, 6266, 29
2026/07/17 01:23:08.234, 6266, 30
2026/07/17 01:23:08.334, 6266, 30
2026/07/17 01:23:08.434, 6266, 30
2026/07/17 01:23:08.535, 6266, 30
2026/07/17 01:23:08.635, 6266, 30
2026/07/17 01:23:08.735, 6266, 30
2026/07/17 01:23:08.835, 6266, 30
2026/07/17 01:23:08.935, 6266, 30
2026/07/17 01:23:09.035, 6266, 30
2026/07/17 01:23:09.135, 6266, 30
2026/07/17 01:23:09.235, 6266, 26
2026/07/17 01:23:09.335, 6268, 26
2026/07/17 01:23:09.435, 6268, 26
2026/07/17 01:23:09.536, 6268, 26
2026/07/17 01:23:09.636, 6268, 26
2026/07/17 01:23:09.736, 6268, 26
2026/07/17 01:23:09.836, 6268, 26
2026/07/17 01:23:09.936, 6268, 26
2026/07/17 01:23:10.036, 6268, 26
2026/07/17 01:23:10.136, 6268, 26
2026/07/17 01:23:10.236, 6268, 28
2026/07/17 01:23:10.336, 6268, 28
2026/07/17 01:23:10.436, 6268, 28
2026/07/17 01:23:10.537, 6268, 28
2026/07/17 01:23:10.637, 6268, 28
2026/07/17 01:23:10.737, 6268, 28
2026/07/17 01:23:10.837, 6268, 28
2026/07/17 01:23:10.937, 6268, 28
2026/07/17 01:23:11.037, 6270, 28
2026/07/17 01:23:11.137, 6270, 28
2026/07/17 01:23:11.237, 6270, 27
2026/07/17 01:23:11.338, 6270, 27
2026/07/17 01:23:11.438, 6270, 27
2026/07/17 01:23:11.538, 6270, 27
2026/07/17 01:23:11.638, 6270, 27
2026/07/17 01:23:11.738, 6270, 27
2026/07/17 01:23:11.838, 6270, 27
2026/07/17 01:23:11.938, 6270, 27
2026/07/17 01:23:12.039, 6270, 27
2026/07/17 01:23:12.139, 6270, 27
2026/07/17 01:23:12.239, 6270, 28
2026/07/17 01:23:12.339, 6270, 28
2026/07/17 01:23:12.439, 6270, 28
2026/07/17 01:23:12.539, 6270, 28
2026/07/17 01:23:12.639, 6270, 28
2026/07/17 01:23:12.739, 6270, 28
2026/07/17 01:23:12.840, 6270, 28
2026/07/17 01:23:12.940, 6270, 28
2026/07/17 01:23:13.040, 6272, 28
2026/07/17 01:23:13.140, 6272, 28
2026/07/17 01:23:13.240, 6272, 29
2026/07/17 01:23:13.340, 6272, 29
2026/07/17 01:23:13.440, 6272, 29
2026/07/17 01:23:13.541, 6272, 29
2026/07/17 01:23:13.641, 6272, 29
2026/07/17 01:23:13.741, 6272, 29
2026/07/17 01:23:13.841, 6272, 29
2026/07/17 01:23:13.941, 6272, 29
2026/07/17 01:23:14.041, 6272, 29
2026/07/17 01:23:14.141, 6272, 29
2026/07/17 01:23:14.241, 6272, 29
2026/07/17 01:23:14.342, 6272, 29
2026/07/17 01:23:14.442, 6272, 29
2026/07/17 01:23:14.542, 6272, 29
2026/07/17 01:23:14.642, 6272, 29
2026/07/17 01:23:14.742, 6272, 29
2026/07/17 01:23:14.842, 6274, 29
2026/07/17 01:23:14.942, 6274, 29
2026/07/17 01:23:15.042, 6274, 29
2026/07/17 01:23:15.142, 6274, 29
2026/07/17 01:23:15.243, 6274, 27
2026/07/17 01:23:15.343, 6274, 27
2026/07/17 01:23:15.443, 6274, 27
2026/07/17 01:23:15.543, 6274, 27
2026/07/17 01:23:15.643, 6274, 27
2026/07/17 01:23:15.743, 6274, 27
2026/07/17 01:23:15.843, 6274, 27
2026/07/17 01:23:15.943, 6274, 27
2026/07/17 01:23:16.043, 6274, 27
2026/07/17 01:23:16.144, 6274, 27
2026/07/17 01:23:16.244, 6274, 30
2026/07/17 01:23:16.344, 6274, 30
2026/07/17 01:23:16.444, 6274, 30
2026/07/17 01:23:16.544, 6274, 30
2026/07/17 01:23:16.644, 6276, 30
2026/07/17 01:23:16.744, 6276, 30
2026/07/17 01:23:16.844, 6276, 30
2026/07/17 01:23:16.944, 6276, 30
2026/07/17 01:23:17.044, 6276, 30
2026/07/17 01:23:17.145, 6276, 30
2026/07/17 01:23:17.245, 6276, 29
2026/07/17 01:23:17.345, 6276, 29
2026/07/17 01:23:17.445, 6276, 29
2026/07/17 01:23:17.545, 6276, 29
2026/07/17 01:23:17.645, 6276, 29
2026/07/17 01:23:17.745, 6276, 29
2026/07/17 01:23:17.845, 6276, 29
2026/07/17 01:23:17.946, 6276, 29
2026/07/17 01:23:18.046, 6276, 29
2026/07/17 01:23:18.146, 6276, 29
2026/07/17 01:23:18.246, 6276, 29
2026/07/17 01:23:18.346, 6276, 29
2026/07/17 01:23:18.446, 6276, 29
2026/07/17 01:23:18.546, 6278, 29
2026/07/17 01:23:18.646, 6278, 29
2026/07/17 01:23:18.746, 6278, 29
2026/07/17 01:23:18.847, 6278, 29
2026/07/17 01:23:18.947, 6278, 29
2026/07/17 01:23:19.047, 6278, 29
2026/07/17 01:23:19.147, 6278, 29
2026/07/17 01:23:19.247, 6278, 28
2026/07/17 01:23:19.347, 6278, 28
2026/07/17 01:23:19.447, 6278, 28
2026/07/17 01:23:19.547, 6278, 28
2026/07/17 01:23:19.647, 6278, 28
2026/07/17 01:23:19.747, 6278, 28
2026/07/17 01:23:19.848, 6278, 28
2026/07/17 01:23:19.948, 6278, 28
2026/07/17 01:23:20.048, 6278, 28
2026/07/17 01:23:20.148, 6278, 28
2026/07/17 01:23:20.248, 6280, 27
2026/07/17 01:23:20.348, 6280, 27
2026/07/17 01:23:20.448, 6280, 27
2026/07/17 01:23:20.548, 6280, 27
2026/07/17 01:23:20.648, 6280, 27
2026/07/17 01:23:20.749, 6280, 27
2026/07/17 01:23:20.849, 6280, 27
2026/07/17 01:23:20.949, 6280, 27
2026/07/17 01:23:21.049, 6280, 27
2026/07/17 01:23:21.149, 6280, 27
2026/07/17 01:23:21.249, 6280, 29
2026/07/17 01:23:21.349, 6280, 29
2026/07/17 01:23:21.449, 6280, 29
2026/07/17 01:23:21.550, 6280, 29
2026/07/17 01:23:21.650, 6280, 29
2026/07/17 01:23:21.750, 6280, 29
2026/07/17 01:23:21.850, 6280, 29
2026/07/17 01:23:21.950, 6280, 29
2026/07/17 01:23:22.050, 6280, 29
2026/07/17 01:23:22.150, 6280, 29
2026/07/17 01:23:22.250, 6282, 30
2026/07/17 01:23:22.350, 6282, 30
2026/07/17 01:23:22.450, 6282, 30
2026/07/17 01:23:22.551, 6282, 30
2026/07/17 01:23:22.651, 6282, 30
2026/07/17 01:23:22.751, 6282, 30
2026/07/17 01:23:22.851, 6282, 30
2026/07/17 01:23:22.951, 6282, 30
2026/07/17 01:23:23.051, 6282, 30
2026/07/17 01:23:23.151, 6282, 30
2026/07/17 01:23:23.251, 6282, 30
2026/07/17 01:23:23.351, 6282, 30
2026/07/17 01:23:23.452, 6282, 30
2026/07/17 01:23:23.552, 6282, 30
2026/07/17 01:23:23.652, 6282, 30
2026/07/17 01:23:23.752, 6282, 30
2026/07/17 01:23:23.852, 6282, 30
2026/07/17 01:23:23.952, 6284, 30
2026/07/17 01:23:24.052, 6284, 30
2026/07/17 01:23:24.152, 6284, 30
2026/07/17 01:23:24.253, 6284, 26
2026/07/17 01:23:24.353, 6284, 26
2026/07/17 01:23:24.453, 6284, 26
2026/07/17 01:23:24.553, 6284, 26
2026/07/17 01:23:24.653, 6284, 26
2026/07/17 01:23:24.753, 6284, 26
2026/07/17 01:23:24.853, 6284, 26
2026/07/17 01:23:24.953, 6284, 26
2026/07/17 01:23:25.053, 6284, 26
2026/07/17 01:23:25.154, 6284, 26
2026/07/17 01:23:25.254, 6284, 29
2026/07/17 01:23:25.354, 6284, 29
2026/07/17 01:23:25.454, 6284, 29
2026/07/17 01:23:25.554, 6284, 29
2026/07/17 01:23:25.654, 6284, 29
2026/07/17 01:23:25.754, 6284, 29
2026/07/17 01:23:25.854, 6286, 29
2026/07/17 01:23:25.954, 6286, 29
2026/07/17 01:23:26.055, 6286, 29
2026/07/17 01:23:26.155, 6286, 29
2026/07/17 01:23:26.255, 6286, 30
2026/07/17 01:23:26.355, 6286, 30
2026/07/17 01:23:26.455, 6286, 30
2026/07/17 01:23:26.555, 6286, 30
2026/07/17 01:23:26.655, 6286, 30
2026/07/17 01:23:26.755, 6286, 30
2026/07/17 01:23:26.855, 6286, 30
2026/07/17 01:23:26.955, 6286, 30
2026/07/17 01:23:27.056, 6286, 30
2026/07/17 01:23:27.156, 6286, 30
2026/07/17 01:23:27.256, 6286, 28
2026/07/17 01:23:27.356, 6286, 28
2026/07/17 01:23:27.456, 6286, 28
2026/07/17 01:23:27.556, 6286, 28
2026/07/17 01:23:27.656, 6286, 28
2026/07/17 01:23:27.756, 6288, 28
2026/07/17 01:23:27.856, 6288, 28
2026/07/17 01:23:27.956, 6288, 28
2026/07/17 01:23:28.057, 6288, 28
2026/07/17 01:23:28.157, 6288, 28
2026/07/17 01:23:28.257, 6288, 27
2026/07/17 01:23:28.357, 6288, 27
2026/07/17 01:23:28.457, 6288, 27
2026/07/17 01:23:28.557, 6288, 27
2026/07/17 01:23:28.657, 6288, 27
2026/07/17 01:23:28.757, 6288, 27
2026/07/17 01:23:28.857, 6288, 27
2026/07/17 01:23:28.957, 6288, 27
2026/07/17 01:23:29.058, 6288, 27
2026/07/17 01:23:29.158, 6288, 27
2026/07/17 01:23:29.258, 6288, 28
2026/07/17 01:23:29.358, 6288, 28
2026/07/17 01:23:29.458, 6288, 28
2026/07/17 01:23:29.558, 6290, 28
2026/07/17 01:23:29.658, 6290, 28
2026/07/17 01:23:29.758, 6290, 28
2026/07/17 01:23:29.858, 6290, 28
2026/07/17 01:23:29.958, 6290, 28
2026/07/17 01:23:30.059, 6290, 28
2026/07/17 01:23:30.159, 6290, 28
2026/07/17 01:23:30.259, 6290, 28
2026/07/17 01:23:30.359, 6290, 28
2026/07/17 01:23:30.459, 6290, 28
2026/07/17 01:23:30.559, 6290, 28
2026/07/17 01:23:30.659, 6290, 28
2026/07/17 01:23:30.759, 6290, 28
2026/07/17 01:23:30.859, 6290, 28
2026/07/17 01:23:30.960, 6290, 28
2026/07/17 01:23:31.060, 6290, 28
2026/07/17 01:23:31.160, 6290, 28
2026/07/17 01:23:31.260, 6290, 28
2026/07/17 01:23:31.360, 6290, 28
2026/07/17 01:23:31.460, 6292, 28
2026/07/17 01:23:31.560, 6292, 28
2026/07/17 01:23:31.660, 6292, 28
2026/07/17 01:23:31.760, 6292, 28
2026/07/17 01:23:31.861, 6292, 28
2026/07/17 01:23:31.961, 6292, 28
2026/07/17 01:23:32.061, 6292, 28
2026/07/17 01:23:32.161, 6292, 28
2026/07/17 01:23:32.261, 6292, 29
2026/07/17 01:23:32.361, 6292, 29
2026/07/17 01:23:32.461, 6292, 29
2026/07/17 01:23:32.561, 6292, 29
2026/07/17 01:23:32.661, 6292, 29
2026/07/17 01:23:32.762, 6292, 29
2026/07/17 01:23:32.862, 6292, 29
2026/07/17 01:23:32.962, 6292, 29
2026/07/17 01:23:33.062, 6292, 29
2026/07/17 01:23:33.162, 6292, 29
2026/07/17 01:23:33.262, 6294, 27
2026/07/17 01:23:33.362, 6294, 27
2026/07/17 01:23:33.462, 6294, 27
2026/07/17 01:23:33.562, 6294, 27
2026/07/17 01:23:33.663, 6294, 27
2026/07/17 01:23:33.763, 6294, 27
2026/07/17 01:23:33.863, 6294, 27
2026/07/17 01:23:33.963, 6294, 27
2026/07/17 01:23:34.063, 6294, 27
2026/07/17 01:23:34.163, 6294, 27
2026/07/17 01:23:34.263, 6294, 27
2026/07/17 01:23:34.363, 6294, 27
2026/07/17 01:23:34.463, 6294, 27
2026/07/17 01:23:34.564, 6294, 27
2026/07/17 01:23:34.664, 6294, 27
2026/07/17 01:23:34.764, 6294, 27
2026/07/17 01:23:34.864, 6294, 27
2026/07/17 01:23:34.964, 6294, 27
2026/07/17 01:23:35.064, 6294, 27
2026/07/17 01:23:35.164, 6294, 27
2026/07/17 01:23:35.264, 6296, 29
2026/07/17 01:23:35.364, 6296, 29
2026/07/17 01:23:35.465, 6296, 29
2026/07/17 01:23:35.565, 6296, 29
2026/07/17 01:23:35.665, 6296, 29
2026/07/17 01:23:35.765, 6296, 29
2026/07/17 01:23:35.865, 6296, 29
2026/07/17 01:23:35.965, 6296, 29
2026/07/17 01:23:36.065, 6296, 29
2026/07/17 01:23:36.165, 6296, 29
2026/07/17 01:23:36.266, 6296, 29
2026/07/17 01:23:36.366, 6296, 29
2026/07/17 01:23:36.466, 6296, 29
2026/07/17 01:23:36.566, 6296, 29
2026/07/17 01:23:36.666, 6296, 29
2026/07/17 01:23:36.766, 6296, 29
2026/07/17 01:23:36.866, 6296, 29
2026/07/17 01:23:36.966, 6296, 29
2026/07/17 01:23:37.066, 6298, 29
2026/07/17 01:23:37.167, 6298, 29
2026/07/17 01:23:37.267, 6298, 28
2026/07/17 01:23:37.367, 6298, 28
2026/07/17 01:23:37.467, 6298, 28
2026/07/17 01:23:37.567, 6298, 28
2026/07/17 01:23:37.667, 6298, 28
2026/07/17 01:23:37.767, 6298, 28
2026/07/17 01:23:37.867, 6298, 28
2026/07/17 01:23:37.967, 6298, 28
2026/07/17 01:23:38.068, 6298, 28
2026/07/17 01:23:38.168, 6298, 28
2026/07/17 01:23:38.268, 6618, 29
2026/07/17 01:23:38.368, 6618, 29
2026/07/17 01:23:38.468, 6618, 29
2026/07/17 01:23:38.568, 6618, 29
2026/07/17 01:23:38.668, 6618, 29
2026/07/17 01:23:38.768, 6618, 29
2026/07/17 01:23:38.868, 6618, 29
2026/07/17 01:23:38.968, 6620, 29
2026/07/17 01:23:39.069, 6620, 29
2026/07/17 01:23:39.169, 6620, 29
2026/07/17 01:23:39.269, 6620, 27
2026/07/17 01:23:39.369, 6620, 27
2026/07/17 01:23:39.469, 6620, 27
2026/07/17 01:23:39.569, 6620, 27
2026/07/17 01:23:39.669, 6620, 27
2026/07/17 01:23:39.769, 6620, 27
2026/07/17 01:23:39.870, 6620, 27
2026/07/17 01:23:39.970, 6620, 27
2026/07/17 01:23:40.070, 6620, 27
2026/07/17 01:23:40.170, 6620, 27
2026/07/17 01:23:40.270, 6620, 22
2026/07/17 01:23:40.370, 6620, 22
2026/07/17 01:23:40.470, 6620, 22
2026/07/17 01:23:40.570, 6620, 22
2026/07/17 01:23:40.671, 6620, 22
2026/07/17 01:23:40.771, 6620, 22
2026/07/17 01:23:40.871, 6622, 22
2026/07/17 01:23:40.971, 6622, 22
2026/07/17 01:23:41.071, 6622, 22
2026/07/17 01:23:41.171, 6622, 22
2026/07/17 01:23:41.271, 6622, 27
2026/07/17 01:23:41.371, 6622, 27
2026/07/17 01:23:41.471, 6622, 27
2026/07/17 01:23:41.571, 6622, 27
2026/07/17 01:23:41.672, 6622, 27
2026/07/17 01:23:41.772, 6622, 27
2026/07/17 01:23:41.872, 6622, 27
2026/07/17 01:23:41.972, 6622, 27
2026/07/17 01:23:42.072, 6622, 27
2026/07/17 01:23:42.172, 6622, 27
2026/07/17 01:23:42.272, 6622, 29
2026/07/17 01:23:42.372, 6622, 29
2026/07/17 01:23:42.472, 6624, 29
2026/07/17 01:23:42.573, 6624, 29
2026/07/17 01:23:42.673, 6624, 29
2026/07/17 01:23:42.773, 6624, 29
2026/07/17 01:23:42.873, 6624, 29
2026/07/17 01:23:42.973, 6624, 29
2026/07/17 01:23:43.073, 6624, 29
2026/07/17 01:23:43.173, 6624, 29
2026/07/17 01:23:43.273, 6624, 29
2026/07/17 01:23:43.373, 6624, 29
2026/07/17 01:23:43.473, 6624, 29
2026/07/17 01:23:43.574, 6624, 29
2026/07/17 01:23:43.674, 6624, 29
2026/07/17 01:23:43.774, 6624, 29
2026/07/17 01:23:43.874, 6624, 29
2026/07/17 01:23:43.974, 6624, 29
2026/07/17 01:23:44.074, 6624, 29
2026/07/17 01:23:44.174, 6624, 29
2026/07/17 01:23:44.274, 6624, 29
2026/07/17 01:23:44.375, 6624, 29
2026/07/17 01:23:44.475, 6626, 29
2026/07/17 01:23:44.575, 6626, 29
2026/07/17 01:23:44.675, 6626, 29
2026/07/17 01:23:44.775, 6626, 29
2026/07/17 01:23:44.875, 6626, 29
2026/07/17 01:23:44.975, 6626, 29
2026/07/17 01:23:45.075, 6626, 29
2026/07/17 01:23:45.176, 6626, 29
2026/07/17 01:23:45.276, 6626, 28
2026/07/17 01:23:45.376, 6626, 28
2026/07/17 01:23:45.476, 6626, 28
2026/07/17 01:23:45.576, 6626, 28
2026/07/17 01:23:45.676, 6626, 28
2026/07/17 01:23:45.776, 6626, 28
2026/07/17 01:23:45.876, 6626, 28
2026/07/17 01:23:45.976, 6626, 28
2026/07/17 01:23:46.077, 6626, 28
2026/07/17 01:23:46.177, 6628, 28
2026/07/17 01:23:46.277, 6628, 29
2026/07/17 01:23:46.377, 6628, 29
2026/07/17 01:23:46.477, 6628, 29
2026/07/17 01:23:46.577, 6628, 29
2026/07/17 01:23:46.677, 6628, 29
2026/07/17 01:23:46.777, 6628, 29
2026/07/17 01:23:46.878, 6628, 29
2026/07/17 01:23:46.978, 6628, 29
2026/07/17 01:23:47.078, 6628, 29
2026/07/17 01:23:47.178, 6628, 29
2026/07/17 01:23:47.278, 6628, 29
2026/07/17 01:23:47.378, 6628, 29
2026/07/17 01:23:47.478, 6628, 29
2026/07/17 01:23:47.578, 6628, 29
2026/07/17 01:23:47.678, 6628, 29
2026/07/17 01:23:47.778, 6628, 29
2026/07/17 01:23:47.879, 6628, 29
2026/07/17 01:23:47.979, 6628, 29
2026/07/17 01:23:48.079, 6628, 29
2026/07/17 01:23:48.179, 6628, 29
2026/07/17 01:23:48.279, 6630, 29
2026/07/17 01:23:48.379, 6630, 29
2026/07/17 01:23:48.479, 6630, 29
2026/07/17 01:23:48.579, 6630, 29
2026/07/17 01:23:48.679, 6630, 29
2026/07/17 01:23:48.779, 6630, 29
2026/07/17 01:23:48.880, 6630, 29
2026/07/17 01:23:48.980, 6630, 29
2026/07/17 01:23:49.080, 6630, 29
2026/07/17 01:23:49.180, 6630, 29
2026/07/17 01:23:49.280, 6630, 26
2026/07/17 01:23:49.380, 6630, 26
2026/07/17 01:23:49.480, 6630, 26
2026/07/17 01:23:49.580, 6630, 26
2026/07/17 01:23:49.680, 6630, 26
2026/07/17 01:23:49.781, 6630, 26
2026/07/17 01:23:49.881, 6630, 26
2026/07/17 01:23:49.981, 6632, 26
2026/07/17 01:23:50.081, 6632, 26
2026/07/17 01:23:50.181, 6632, 26
2026/07/17 01:23:50.281, 6632, 26
2026/07/17 01:23:50.381, 6632, 26
2026/07/17 01:23:50.481, 6632, 26
2026/07/17 01:23:50.581, 6632, 26
2026/07/17 01:23:50.682, 6648, 26
2026/07/17 01:23:50.782, 6648, 26
2026/07/17 01:23:50.882, 6648, 26
2026/07/17 01:23:50.982, 6648, 26
2026/07/17 01:23:51.082, 6648, 26
2026/07/17 01:23:51.182, 6648, 26
2026/07/17 01:23:51.282, 6648, 29
2026/07/17 01:23:51.382, 6648, 29
2026/07/17 01:23:51.482, 6648, 29
2026/07/17 01:23:51.582, 6648, 29
2026/07/17 01:23:51.683, 6648, 29
2026/07/17 01:23:51.783, 6648, 29
2026/07/17 01:23:51.883, 6650, 29
2026/07/17 01:23:51.983, 6650, 29
2026/07/17 01:23:52.083, 6650, 29
2026/07/17 01:23:52.183, 6650, 29
2026/07/17 01:23:52.283, 6650, 29
2026/07/17 01:23:52.383, 6650, 29
2026/07/17 01:23:52.483, 6650, 29
2026/07/17 01:23:52.583, 6650, 29
2026/07/17 01:23:52.684, 6650, 29
2026/07/17 01:23:52.784, 6650, 29
2026/07/17 01:23:52.884, 6650, 29
2026/07/17 01:23:52.984, 6650, 29
2026/07/17 01:23:53.084, 6650, 29
2026/07/17 01:23:53.184, 6650, 29
2026/07/17 01:23:53.284, 6650, 30
2026/07/17 01:23:53.384, 6650, 30
2026/07/17 01:23:53.484, 6650, 30
2026/07/17 01:23:53.584, 6650, 30
2026/07/17 01:23:53.685, 6652, 30
2026/07/17 01:23:53.785, 6652, 30
2026/07/17 01:23:53.885, 6652, 30
2026/07/17 01:23:53.985, 6652, 30
2026/07/17 01:23:54.085, 6652, 30
2026/07/17 01:23:54.185, 6652, 30
2026/07/17 01:23:54.285, 6652, 30
2026/07/17 01:23:54.385, 6652, 30
2026/07/17 01:23:54.485, 6652, 30
2026/07/17 01:23:54.585, 6652, 30
2026/07/17 01:23:54.686, 6652, 30
2026/07/17 01:23:54.786, 6652, 30
2026/07/17 01:23:54.886, 6652, 30
2026/07/17 01:23:54.986, 6652, 30
2026/07/17 01:23:55.086, 6652, 30
2026/07/17 01:23:55.186, 6652, 30
2026/07/17 01:23:55.286, 6652, 27
2026/07/17 01:23:55.386, 6652, 27
2026/07/17 01:23:55.486, 6654, 27
2026/07/17 01:23:55.586, 6654, 27
2026/07/17 01:23:55.686, 6654, 27
2026/07/17 01:23:55.787, 6654, 27
2026/07/17 01:23:55.887, 6654, 27
2026/07/17 01:23:55.987, 6654, 27
2026/07/17 01:23:56.087, 6654, 27
2026/07/17 01:23:56.187, 6654, 27
2026/07/17 01:23:56.287, 6654, 27
2026/07/17 01:23:56.387, 6654, 27
2026/07/17 01:23:56.487, 6654, 27
2026/07/17 01:23:56.587, 6654, 27
2026/07/17 01:23:56.687, 6654, 27
2026/07/17 01:23:56.787, 6654, 27
2026/07/17 01:23:56.888, 6654, 27
2026/07/17 01:23:56.988, 6670, 27
2026/07/17 01:23:57.088, 6670, 27
2026/07/17 01:23:57.188, 6670, 27
2026/07/17 01:23:57.288, 6670, 29
2026/07/17 01:23:57.388, 6672, 29
2026/07/17 01:23:57.488, 6672, 29
2026/07/17 01:23:57.588, 6672, 29
2026/07/17 01:23:57.689, 6672, 29
2026/07/17 01:23:57.789, 6672, 29
2026/07/17 01:23:57.889, 6672, 29
2026/07/17 01:23:57.989, 6672, 29
2026/07/17 01:23:58.089, 6672, 29
2026/07/17 01:23:58.189, 6672, 29
2026/07/17 01:23:58.289, 6672, 30
2026/07/17 01:23:58.389, 6672, 30
2026/07/17 01:23:58.489, 6672, 30
2026/07/17 01:23:58.589, 6672, 30
2026/07/17 01:23:58.690, 6672, 30
2026/07/17 01:23:58.790, 6672, 30
2026/07/17 01:23:58.890, 6672, 30
2026/07/17 01:23:58.990, 6672, 30
2026/07/17 01:23:59.090, 6672, 30
2026/07/17 01:23:59.190, 6674, 30
2026/07/17 01:23:59.290, 6674, 29
2026/07/17 01:23:59.390, 6674, 29
2026/07/17 01:23:59.490, 6674, 29
2026/07/17 01:23:59.590, 6674, 29
2026/07/17 01:23:59.691, 6674, 29
2026/07/17 01:23:59.791, 6674, 29
2026/07/17 01:23:59.891, 6674, 29
2026/07/17 01:23:59.991, 6674, 29
2026/07/17 01:24:00.091, 6674, 29
2026/07/17 01:24:00.191, 6674, 29
2026/07/17 01:24:00.291, 6674, 29
2026/07/17 01:24:00.391, 6674, 29
2026/07/17 01:24:00.491, 6674, 29
2026/07/17 01:24:00.592, 6674, 29
2026/07/17 01:24:00.692, 6674, 29
2026/07/17 01:24:00.792, 6674, 29
2026/07/17 01:24:00.892, 6674, 29
2026/07/17 01:24:00.992, 6676, 29
2026/07/17 01:24:01.092, 6676, 29
2026/07/17 01:24:01.192, 6676, 29
2026/07/17 01:24:01.292, 6676, 29
2026/07/17 01:24:01.393, 6676, 29
2026/07/17 01:24:01.493, 6676, 29
2026/07/17 01:24:01.593, 6676, 29
2026/07/17 01:24:01.693, 6676, 29
2026/07/17 01:24:01.793, 6676, 29
2026/07/17 01:24:01.893, 6676, 29
2026/07/17 01:24:01.993, 6676, 29
2026/07/17 01:24:02.093, 6676, 29
2026/07/17 01:24:02.193, 6676, 29
2026/07/17 01:24:02.293, 6676, 27
2026/07/17 01:24:02.394, 6676, 27
2026/07/17 01:24:02.494, 6676, 27
2026/07/17 01:24:02.594, 6676, 27
2026/07/17 01:24:02.694, 6676, 27
2026/07/17 01:24:02.794, 6676, 27
2026/07/17 01:24:02.894, 6678, 27
2026/07/17 01:24:02.994, 6678, 27
2026/07/17 01:24:03.094, 6678, 27
2026/07/17 01:24:03.195, 6678, 27
2026/07/17 01:24:03.295, 6678, 30
2026/07/17 01:24:03.395, 6678, 30
2026/07/17 01:24:03.495, 6678, 30
2026/07/17 01:24:03.595, 6678, 30
2026/07/17 01:24:03.695, 6678, 30
2026/07/17 01:24:03.795, 6678, 30
2026/07/17 01:24:03.895, 6678, 30
2026/07/17 01:24:03.995, 6678, 30
2026/07/17 01:24:04.096, 6678, 30
2026/07/17 01:24:04.196, 6678, 30
2026/07/17 01:24:04.296, 6678, 30
2026/07/17 01:24:04.396, 6678, 30
2026/07/17 01:24:04.496, 6678, 30
2026/07/17 01:24:04.596, 6678, 30
2026/07/17 01:24:04.696, 6678, 30
2026/07/17 01:24:04.796, 6680, 30
2026/07/17 01:24:04.896, 6680, 30
2026/07/17 01:24:04.997, 6680, 30
2026/07/17 01:24:05.097, 6680, 30
2026/07/17 01:24:05.197, 6680, 30
2026/07/17 01:24:05.297, 6680, 30
2026/07/17 01:24:05.397, 6680, 30
2026/07/17 01:24:05.497, 6680, 30
2026/07/17 01:24:05.597, 6680, 30
2026/07/17 01:24:05.697, 6680, 30
2026/07/17 01:24:05.797, 6680, 30
2026/07/17 01:24:05.898, 6680, 30
2026/07/17 01:24:05.998, 6680, 30
2026/07/17 01:24:06.098, 6680, 30
2026/07/17 01:24:06.198, 6680, 30
2026/07/17 01:24:06.298, 6680, 29
2026/07/17 01:24:06.398, 6680, 29
2026/07/17 01:24:06.498, 6680, 29
2026/07/17 01:24:06.598, 6682, 29
2026/07/17 01:24:06.698, 6682, 29
2026/07/17 01:24:06.799, 6682, 29
2026/07/17 01:24:06.899, 6682, 29
2026/07/17 01:24:06.999, 6682, 29
2026/07/17 01:24:07.099, 6682, 29
2026/07/17 01:24:07.199, 6682, 29
2026/07/17 01:24:07.299, 6682, 27
2026/07/17 01:24:07.399, 6682, 27
2026/07/17 01:24:07.499, 6682, 27
2026/07/17 01:24:07.600, 6682, 27
2026/07/17 01:24:07.700, 6682, 27
2026/07/17 01:24:07.800, 6682, 27
2026/07/17 01:24:07.900, 6682, 27
2026/07/17 01:24:08.000, 6682, 27
2026/07/17 01:24:08.100, 6682, 27
2026/07/17 01:24:08.200, 6682, 27
2026/07/17 01:24:08.300, 6682, 27
2026/07/17 01:24:08.400, 6682, 27
2026/07/17 01:24:08.501, 6684, 27
2026/07/17 01:24:08.601, 6684, 27
2026/07/17 01:24:08.701, 6684, 27
2026/07/17 01:24:08.801, 6684, 27
2026/07/17 01:24:08.901, 6684, 27
2026/07/17 01:24:09.001, 6684, 27
2026/07/17 01:24:09.101, 6684, 27
2026/07/17 01:24:09.201, 6684, 27
2026/07/17 01:24:09.302, 6684, 29
2026/07/17 01:24:09.402, 6684, 29
2026/07/17 01:24:09.502, 6684, 29
2026/07/17 01:24:09.602, 6684, 29
2026/07/17 01:24:09.702, 6684, 29
2026/07/17 01:24:09.802, 6684, 29
2026/07/17 01:24:09.902, 6684, 29
2026/07/17 01:24:10.002, 6684, 29
2026/07/17 01:24:10.102, 6684, 29
2026/07/17 01:24:10.203, 6686, 29
2026/07/17 01:24:10.303, 6686, 29
2026/07/17 01:24:10.403, 6686, 29
2026/07/17 01:24:10.503, 6686, 29
2026/07/17 01:24:10.603, 6702, 29
2026/07/17 01:24:10.703, 6702, 29
2026/07/17 01:24:10.803, 6702, 29
2026/07/17 01:24:10.903, 6702, 29
2026/07/17 01:24:11.003, 6702, 29
2026/07/17 01:24:11.104, 6702, 29
2026/07/17 01:24:11.204, 6702, 28
2026/07/17 01:24:11.304, 6702, 28
2026/07/17 01:24:11.404, 6702, 28
2026/07/17 01:24:11.504, 6702, 28
2026/07/17 01:24:11.604, 6702, 28
2026/07/17 01:24:11.704, 6702, 28
2026/07/17 01:24:11.804, 6702, 28
2026/07/17 01:24:11.904, 6702, 28
2026/07/17 01:24:12.005, 6702, 28
2026/07/17 01:24:12.105, 6702, 28
2026/07/17 01:24:12.205, 6704, 29
2026/07/17 01:24:12.305, 6704, 29
2026/07/17 01:24:12.405, 6704, 29
2026/07/17 01:24:12.505, 6704, 29
2026/07/17 01:24:12.605, 6704, 29
2026/07/17 01:24:12.705, 6704, 29
2026/07/17 01:24:12.805, 6704, 29
2026/07/17 01:24:12.906, 6704, 29
2026/07/17 01:24:13.006, 6704, 29
2026/07/17 01:24:13.106, 6704, 29
2026/07/17 01:24:13.206, 6704, 29
2026/07/17 01:24:13.306, 6704, 29
2026/07/17 01:24:13.406, 6704, 29
2026/07/17 01:24:13.506, 6704, 29
2026/07/17 01:24:13.606, 6704, 29
2026/07/17 01:24:13.706, 6704, 29
2026/07/17 01:24:13.807, 6704, 29
2026/07/17 01:24:13.907, 6706, 29
2026/07/17 01:24:14.007, 6706, 29
2026/07/17 01:24:14.107, 6706, 29
2026/07/17 01:24:14.207, 6706, 29
2026/07/17 01:24:14.307, 6706, 29
2026/07/17 01:24:14.407, 6706, 29
2026/07/17 01:24:14.507, 6706, 29
2026/07/17 01:24:14.608, 6706, 29
2026/07/17 01:24:14.708, 6706, 29
2026/07/17 01:24:14.808, 6706, 29
2026/07/17 01:24:14.908, 6706, 29
2026/07/17 01:24:15.008, 6706, 29
2026/07/17 01:24:15.108, 6706, 29
2026/07/17 01:24:15.208, 6706, 27
2026/07/17 01:24:15.308, 6706, 27
2026/07/17 01:24:15.409, 6706, 27
2026/07/17 01:24:15.509, 6706, 27
2026/07/17 01:24:15.609, 6706, 27
2026/07/17 01:24:15.709, 6706, 27
2026/07/17 01:24:15.809, 6708, 27
2026/07/17 01:24:15.909, 6708, 27
2026/07/17 01:24:16.009, 6708, 27
2026/07/17 01:24:16.109, 6708, 27
2026/07/17 01:24:16.209, 6708, 29
2026/07/17 01:24:16.310, 6708, 29
2026/07/17 01:24:16.410, 6708, 29
2026/07/17 01:24:16.510, 6708, 29
2026/07/17 01:24:16.610, 6708, 29
2026/07/17 01:24:16.710, 6708, 29
2026/07/17 01:24:16.810, 6708, 29
2026/07/17 01:24:16.910, 6708, 29
2026/07/17 01:24:17.010, 6708, 29
2026/07/17 01:24:17.110, 6708, 29
2026/07/17 01:24:17.210, 6708, 29
2026/07/17 01:24:17.311, 6708, 29
2026/07/17 01:24:17.411, 6708, 29
2026/07/17 01:24:17.511, 6708, 29
2026/07/17 01:24:17.611, 6708, 29
2026/07/17 01:24:17.711, 6708, 29
2026/07/17 01:24:17.811, 6710, 29
2026/07/17 01:24:17.911, 6710, 29
2026/07/17 01:24:18.011, 6710, 29
2026/07/17 01:24:18.111, 6710, 29
2026/07/17 01:24:18.212, 6710, 29
2026/07/17 01:24:18.312, 6710, 29
2026/07/17 01:24:18.412, 6710, 29
2026/07/17 01:24:18.512, 6710, 29
2026/07/17 01:24:18.612, 6710, 29
2026/07/17 01:24:18.712, 6710, 29
2026/07/17 01:24:18.812, 6710, 29
2026/07/17 01:24:18.912, 6710, 29
2026/07/17 01:24:19.012, 6710, 29
2026/07/17 01:24:19.112, 6710, 29
2026/07/17 01:24:19.213, 6710, 29
2026/07/17 01:24:19.313, 6710, 29
2026/07/17 01:24:19.413, 6710, 29
2026/07/17 01:24:19.513, 6710, 29
2026/07/17 01:24:19.613, 6712, 29
2026/07/17 01:24:19.713, 6712, 29
2026/07/17 01:24:19.813, 6712, 29
2026/07/17 01:24:19.913, 6712, 29
2026/07/17 01:24:20.013, 6712, 29
2026/07/17 01:24:20.114, 6712, 29
2026/07/17 01:24:20.214, 6712, 28
2026/07/17 01:24:20.314, 6712, 28
2026/07/17 01:24:20.414, 6712, 28
2026/07/17 01:24:20.514, 6712, 28
2026/07/17 01:24:20.614, 6712, 28
2026/07/17 01:24:20.714, 6712, 28
2026/07/17 01:24:20.814, 6712, 28
2026/07/17 01:24:20.914, 6712, 28
2026/07/17 01:24:21.015, 6712, 28
2026/07/17 01:24:21.115, 6712, 28
2026/07/17 01:24:21.215, 6712, 26
2026/07/17 01:24:21.315, 6712, 26
2026/07/17 01:24:21.415, 6712, 26
2026/07/17 01:24:21.515, 6714, 26
2026/07/17 01:24:21.615, 6714, 26
2026/07/17 01:24:21.715, 6714, 26
2026/07/17 01:24:21.816, 6714, 26
2026/07/17 01:24:21.916, 6714, 26
2026/07/17 01:24:22.016, 6714, 26
2026/07/17 01:24:22.116, 6714, 26
2026/07/17 01:24:22.216, 6714, 27
2026/07/17 01:24:22.316, 6714, 27
2026/07/17 01:24:22.416, 6714, 27
2026/07/17 01:24:22.516, 6714, 27
2026/07/17 01:24:22.617, 6714, 27
2026/07/17 01:24:22.717, 6714, 27
2026/07/17 01:24:22.817, 6714, 27
2026/07/17 01:24:22.917, 6714, 27
2026/07/17 01:24:23.017, 6714, 27
2026/07/17 01:24:23.117, 6714, 27
2026/07/17 01:24:23.217, 6714, 28
2026/07/17 01:24:23.317, 6716, 28
2026/07/17 01:24:23.417, 6716, 28
2026/07/17 01:24:23.518, 6716, 28
2026/07/17 01:24:23.618, 6716, 28
2026/07/17 01:24:23.718, 6716, 28
2026/07/17 01:24:23.818, 6716, 28
2026/07/17 01:24:23.918, 6716, 28
2026/07/17 01:24:24.018, 6716, 28
2026/07/17 01:24:24.118, 6716, 28
2026/07/17 01:24:24.218, 6716, 30
2026/07/17 01:24:24.318, 6716, 30
2026/07/17 01:24:24.418, 6716, 30
2026/07/17 01:24:24.518, 6716, 30
2026/07/17 01:24:24.619, 6716, 30
2026/07/17 01:24:24.719, 6716, 30
2026/07/17 01:24:24.819, 6716, 30
2026/07/17 01:24:24.919, 6716, 30
2026/07/17 01:24:25.019, 6716, 30
2026/07/17 01:24:25.119, 6716, 30
2026/07/17 01:24:25.219, 6718, 30
2026/07/17 01:24:25.319, 6718, 30
2026/07/17 01:24:25.419, 6718, 30
2026/07/17 01:24:25.520, 6718, 30
2026/07/17 01:24:25.620, 6718, 30
2026/07/17 01:24:25.720, 6718, 30
2026/07/17 01:24:25.820, 6718, 30
2026/07/17 01:24:25.920, 6718, 30
2026/07/17 01:24:26.020, 6718, 30
2026/07/17 01:24:26.120, 6718, 30
2026/07/17 01:24:26.220, 6718, 29
2026/07/17 01:24:26.320, 6718, 29
2026/07/17 01:24:26.421, 6718, 29
2026/07/17 01:24:26.521, 6718, 29
2026/07/17 01:24:26.621, 6718, 29
2026/07/17 01:24:26.721, 6718, 29
2026/07/17 01:24:26.821, 6718, 29
2026/07/17 01:24:26.921, 6718, 29
2026/07/17 01:24:27.021, 6720, 29
2026/07/17 01:24:27.121, 6720, 29
2026/07/17 01:24:27.221, 6720, 27
2026/07/17 01:24:27.322, 6720, 27
2026/07/17 01:24:27.422, 6720, 27
2026/07/17 01:24:27.522, 6720, 27
2026/07/17 01:24:27.622, 6720, 27
2026/07/17 01:24:27.722, 6720, 27
2026/07/17 01:24:27.822, 6720, 27
2026/07/17 01:24:27.922, 6720, 27
2026/07/17 01:24:28.022, 6720, 27
2026/07/17 01:24:28.122, 6720, 27
2026/07/17 01:24:28.222, 6720, 29
2026/07/17 01:24:28.323, 6720, 29
2026/07/17 01:24:28.423, 6720, 29
2026/07/17 01:24:28.523, 6720, 29
2026/07/17 01:24:28.623, 6720, 29
2026/07/17 01:24:28.723, 6720, 29
2026/07/17 01:24:28.823, 6722, 29
2026/07/17 01:24:28.923, 6722, 29
2026/07/17 01:24:29.023, 6722, 29
2026/07/17 01:24:29.123, 6722, 29
2026/07/17 01:24:29.224, 6722, 29
2026/07/17 01:24:29.324, 6722, 29
2026/07/17 01:24:29.424, 6722, 29
2026/07/17 01:24:29.524, 6722, 29
2026/07/17 01:24:29.624, 6722, 29
2026/07/17 01:24:29.724, 6722, 29
2026/07/17 01:24:29.824, 6722, 29
2026/07/17 01:24:29.924, 6722, 29
2026/07/17 01:24:30.024, 6722, 29
2026/07/17 01:24:30.125, 6722, 29
2026/07/17 01:24:30.225, 6722, 29
2026/07/17 01:24:30.325, 6722, 29
2026/07/17 01:24:30.425, 6722, 29
2026/07/17 01:24:30.525, 6722, 29
2026/07/17 01:24:30.625, 6722, 29
2026/07/17 01:24:30.725, 6722, 29
2026/07/17 01:24:30.825, 6724, 29
2026/07/17 01:24:30.925, 6724, 29
2026/07/17 01:24:31.025, 6724, 29
2026/07/17 01:24:31.126, 6724, 29
2026/07/17 01:24:31.226, 6724, 28
2026/07/17 01:24:31.326, 6724, 28
2026/07/17 01:24:31.426, 6724, 28
2026/07/17 01:24:31.526, 6724, 28
2026/07/17 01:24:31.626, 6724, 28
2026/07/17 01:24:31.726, 6724, 28
2026/07/17 01:24:31.826, 6724, 28
2026/07/17 01:24:31.926, 6724, 28
2026/07/17 01:24:32.026, 6724, 28
2026/07/17 01:24:32.127, 6724, 28
2026/07/17 01:24:32.227, 6724, 27
2026/07/17 01:24:32.327, 6724, 27
2026/07/17 01:24:32.427, 6724, 27
2026/07/17 01:24:32.527, 6724, 27
2026/07/17 01:24:32.627, 6726, 27
2026/07/17 01:24:32.727, 6726, 27
2026/07/17 01:24:32.827, 6726, 27
2026/07/17 01:24:32.927, 6726, 27
2026/07/17 01:24:33.028, 6726, 27
2026/07/17 01:24:33.128, 6726, 27
2026/07/17 01:24:33.228, 6726, 30
2026/07/17 01:24:33.328, 6726, 30
2026/07/17 01:24:33.428, 6726, 30
2026/07/17 01:24:33.528, 6726, 30
2026/07/17 01:24:33.628, 6726, 30
2026/07/17 01:24:33.729, 6726, 30
2026/07/17 01:24:33.829, 6726, 30
2026/07/17 01:24:33.929, 6726, 30
2026/07/17 01:24:34.029, 6726, 30
2026/07/17 01:24:34.129, 6726, 30
2026/07/17 01:24:34.229, 6728, 29
2026/07/17 01:24:34.329, 6728, 29
2026/07/17 01:24:34.429, 6728, 29
2026/07/17 01:24:34.530, 6728, 29
2026/07/17 01:24:34.630, 6728, 29
2026/07/17 01:24:34.730, 6728, 29
2026/07/17 01:24:34.830, 6728, 29
2026/07/17 01:24:34.930, 6728, 29
2026/07/17 01:24:35.030, 6728, 29
2026/07/17 01:24:35.130, 6728, 29
2026/07/17 01:24:35.230, 6728, 30
2026/07/17 01:24:35.330, 6728, 30
2026/07/17 01:24:35.431, 6728, 30
2026/07/17 01:24:35.531, 6728, 30
2026/07/17 01:24:35.631, 6728, 30
2026/07/17 01:24:35.731, 6728, 30
2026/07/17 01:24:35.831, 6728, 30
2026/07/17 01:24:35.931, 6728, 30
2026/07/17 01:24:36.031, 6730, 30
2026/07/17 01:24:36.132, 6730, 30
2026/07/17 01:24:36.232, 6730, 30
2026/07/17 01:24:36.332, 6730, 30
2026/07/17 01:24:36.432, 6730, 30
2026/07/17 01:24:36.532, 6730, 30
2026/07/17 01:24:36.632, 6730, 30
2026/07/17 01:24:36.732, 6730, 30
2026/07/17 01:24:36.832, 6730, 30
2026/07/17 01:24:36.932, 6730, 30
2026/07/17 01:24:37.033, 6730, 30
2026/07/17 01:24:37.133, 6730, 30
2026/07/17 01:24:37.233, 6730, 28
2026/07/17 01:24:37.333, 6730, 28
2026/07/17 01:24:37.433, 6730, 28
2026/07/17 01:24:37.533, 6730, 28
2026/07/17 01:24:37.633, 6730, 28
2026/07/17 01:24:37.734, 6730, 28
2026/07/17 01:24:37.834, 6730, 28
2026/07/17 01:24:37.934, 6732, 28
2026/07/17 01:24:38.034, 6732, 28
2026/07/17 01:24:38.134, 6732, 28
2026/07/17 01:24:38.234, 6732, 30
2026/07/17 01:24:38.334, 6732, 30
2026/07/17 01:24:38.434, 6732, 30
2026/07/17 01:24:38.534, 6732, 30
2026/07/17 01:24:38.635, 6732, 30
2026/07/17 01:24:38.735, 6748, 30
2026/07/17 01:24:38.835, 6748, 30
2026/07/17 01:24:38.935, 6748, 30
2026/07/17 01:24:39.035, 6748, 30
2026/07/17 01:24:39.135, 6748, 30
2026/07/17 01:24:39.235, 6748, 30
2026/07/17 01:24:39.335, 6748, 30
2026/07/17 01:24:39.435, 6748, 30
2026/07/17 01:24:39.535, 6748, 30
2026/07/17 01:24:39.636, 6748, 30
2026/07/17 01:24:39.736, 6750, 30
2026/07/17 01:24:39.836, 6750, 30
2026/07/17 01:24:39.936, 6750, 30
2026/07/17 01:24:40.036, 6750, 30
2026/07/17 01:24:40.136, 6750, 30
2026/07/17 01:24:40.236, 6750, 30
2026/07/17 01:24:40.336, 6750, 30
2026/07/17 01:24:40.436, 6750, 30
2026/07/17 01:24:40.537, 6750, 30
2026/07/17 01:24:40.637, 6750, 30
2026/07/17 01:24:40.737, 6750, 30
2026/07/17 01:24:40.837, 6750, 30
2026/07/17 01:24:40.937, 6750, 30
2026/07/17 01:24:41.037, 6750, 30
2026/07/17 01:24:41.137, 6750, 30
2026/07/17 01:24:41.238, 6750, 28
2026/07/17 01:24:41.338, 6750, 28
2026/07/17 01:24:41.438, 6750, 28
2026/07/17 01:24:41.538, 6750, 28
2026/07/17 01:24:41.638, 6750, 28
2026/07/17 01:24:41.738, 6752, 28
2026/07/17 01:24:41.838, 6752, 28
2026/07/17 01:24:41.938, 6752, 28
2026/07/17 01:24:42.039, 6752, 28
2026/07/17 01:24:42.139, 6752, 28
2026/07/17 01:24:42.239, 6752, 28
2026/07/17 01:24:42.339, 6752, 28
2026/07/17 01:24:42.439, 6752, 28
2026/07/17 01:24:42.539, 6752, 28
2026/07/17 01:24:42.639, 6752, 28
2026/07/17 01:24:42.739, 6752, 28
2026/07/17 01:24:42.839, 6752, 28
2026/07/17 01:24:42.940, 6752, 28
2026/07/17 01:24:43.040, 6752, 28
2026/07/17 01:24:43.140, 6752, 28
2026/07/17 01:24:43.240, 6752, 29
2026/07/17 01:24:43.340, 6752, 29
2026/07/17 01:24:43.440, 6754, 29
2026/07/17 01:24:43.540, 6754, 29
2026/07/17 01:24:43.640, 6754, 29
2026/07/17 01:24:43.740, 6754, 29
2026/07/17 01:24:43.841, 6754, 29
2026/07/17 01:24:43.941, 6754, 29
2026/07/17 01:24:44.041, 6754, 29
2026/07/17 01:24:44.141, 6754, 29
2026/07/17 01:24:44.241, 6754, 30
2026/07/17 01:24:44.341, 6754, 30
2026/07/17 01:24:44.441, 6754, 30
2026/07/17 01:24:44.541, 6754, 30
2026/07/17 01:24:44.642, 6754, 30
2026/07/17 01:24:44.742, 6754, 30
2026/07/17 01:24:44.842, 6754, 30
2026/07/17 01:24:44.942, 6754, 30
2026/07/17 01:24:45.042, 6754, 30
2026/07/17 01:24:45.142, 6754, 30
2026/07/17 01:24:45.242, 6754, 28
2026/07/17 01:24:45.342, 6756, 28
2026/07/17 01:24:45.443, 6756, 28
2026/07/17 01:24:45.543, 6756, 28
2026/07/17 01:24:45.643, 6756, 28
2026/07/17 01:24:45.743, 6756, 28
2026/07/17 01:24:45.843, 6756, 28
2026/07/17 01:24:45.943, 6756, 28
2026/07/17 01:24:46.043, 6756, 28
2026/07/17 01:24:46.143, 6756, 28
2026/07/17 01:24:46.243, 6756, 30
2026/07/17 01:24:46.344, 6756, 30
2026/07/17 01:24:46.444, 6756, 30
2026/07/17 01:24:46.544, 6756, 30
2026/07/17 01:24:46.644, 6756, 30
2026/07/17 01:24:46.744, 6756, 30
2026/07/17 01:24:46.844, 6756, 30
2026/07/17 01:24:46.944, 6756, 30
2026/07/17 01:24:47.044, 6758, 30
2026/07/17 01:24:47.144, 6758, 30
2026/07/17 01:24:47.244, 6758, 30
2026/07/17 01:24:47.345, 6758, 30
2026/07/17 01:24:47.445, 6758, 30
2026/07/17 01:24:47.545, 6758, 30
2026/07/17 01:24:47.645, 6758, 30
2026/07/17 01:24:47.745, 6758, 30
2026/07/17 01:24:47.845, 6758, 30
2026/07/17 01:24:47.945, 6758, 30
2026/07/17 01:24:48.045, 6758, 30
2026/07/17 01:24:48.145, 6758, 30
2026/07/17 01:24:48.245, 6758, 30
2026/07/17 01:24:48.346, 6758, 30
2026/07/17 01:24:48.446, 6758, 30
2026/07/17 01:24:48.546, 6758, 30
2026/07/17 01:24:48.646, 6758, 30
2026/07/17 01:24:48.746, 6758, 30
2026/07/17 01:24:48.846, 6758, 30
2026/07/17 01:24:48.946, 6758, 30
2026/07/17 01:24:49.046, 6758, 30
2026/07/17 01:24:49.146, 6758, 30
2026/07/17 01:24:49.246, 6758, 29
2026/07/17 01:24:49.346, 6758, 29
2026/07/17 01:24:49.447, 6760, 29
2026/07/17 01:24:49.547, 6760, 29
2026/07/17 01:24:49.647, 6760, 29
2026/07/17 01:24:49.747, 6760, 29
2026/07/17 01:24:49.847, 6760, 29
2026/07/17 01:24:49.947, 6760, 29
2026/07/17 01:24:50.047, 6760, 29
2026/07/17 01:24:50.148, 6760, 29
2026/07/17 01:24:50.248, 6760, 29
2026/07/17 01:24:50.348, 6760, 29
2026/07/17 01:24:50.448, 6760, 29
2026/07/17 01:24:50.548, 6760, 29
2026/07/17 01:24:50.648, 6760, 29
2026/07/17 01:24:50.748, 6760, 29
2026/07/17 01:24:50.848, 6760, 29
2026/07/17 01:24:50.948, 6760, 29
2026/07/17 01:24:51.049, 6760, 29
2026/07/17 01:24:51.149, 6760, 29
2026/07/17 01:24:51.249, 6762, 29
2026/07/17 01:24:51.349, 6762, 29
2026/07/17 01:24:51.449, 6762, 29
2026/07/17 01:24:51.549, 6762, 29
2026/07/17 01:24:51.649, 6762, 29
2026/07/17 01:24:51.749, 6762, 29
2026/07/17 01:24:51.849, 6762, 29
2026/07/17 01:24:51.949, 6762, 29
2026/07/17 01:24:52.050, 6762, 29
2026/07/17 01:24:52.150, 6762, 29
2026/07/17 01:24:52.250, 6762, 29
2026/07/17 01:24:52.350, 6762, 29
2026/07/17 01:24:52.450, 6762, 29
2026/07/17 01:24:52.550, 6762, 29
2026/07/17 01:24:52.650, 6762, 29
2026/07/17 01:24:52.750, 6762, 29
2026/07/17 01:24:52.850, 6762, 29
2026/07/17 01:24:52.951, 6762, 29
2026/07/17 01:24:53.051, 6762, 29
2026/07/17 01:24:53.151, 6764, 29
2026/07/17 01:24:53.251, 6764, 29
2026/07/17 01:24:53.351, 6764, 29
2026/07/17 01:24:53.451, 6764, 29
2026/07/17 01:24:53.551, 6764, 29
2026/07/17 01:24:53.651, 6764, 29
2026/07/17 01:24:53.751, 6764, 29
2026/07/17 01:24:53.851, 6764, 29
2026/07/17 01:24:53.952, 6764, 29
2026/07/17 01:24:54.052, 6764, 29
2026/07/17 01:24:54.152, 6764, 29
2026/07/17 01:24:54.252, 6764, 29
2026/07/17 01:24:54.352, 6764, 29
2026/07/17 01:24:54.452, 6764, 29
2026/07/17 01:24:54.552, 6764, 29
2026/07/17 01:24:54.652, 6764, 29
2026/07/17 01:24:54.752, 6764, 29
2026/07/17 01:24:54.853, 6764, 29
2026/07/17 01:24:54.953, 6764, 29
2026/07/17 01:24:55.053, 6764, 29
2026/07/17 01:24:55.153, 6766, 29
2026/07/17 01:24:55.253, 6766, 30
2026/07/17 01:24:55.353, 6766, 30
2026/07/17 01:24:55.453, 6766, 30
2026/07/17 01:24:55.553, 6766, 30
2026/07/17 01:24:55.653, 6766, 30
2026/07/17 01:24:55.753, 6766, 30
2026/07/17 01:24:55.854, 6766, 30
2026/07/17 01:24:55.954, 6766, 30
2026/07/17 01:24:56.054, 6766, 30
2026/07/17 01:24:56.154, 6766, 30
2026/07/17 01:24:56.254, 6766, 29
2026/07/17 01:24:56.354, 6766, 29
2026/07/17 01:24:56.454, 6766, 29
2026/07/17 01:24:56.554, 6766, 29
2026/07/17 01:24:56.655, 6766, 29
2026/07/17 01:24:56.755, 6766, 29
2026/07/17 01:24:56.855, 6766, 29
2026/07/17 01:24:56.955, 6768, 29
2026/07/17 01:24:57.055, 6768, 29
2026/07/17 01:24:57.155, 6768, 29
2026/07/17 01:24:57.255, 6768, 28
2026/07/17 01:24:57.355, 6768, 28
2026/07/17 01:24:57.455, 6768, 28
2026/07/17 01:24:57.556, 6768, 28
2026/07/17 01:24:57.656, 6768, 28
2026/07/17 01:24:57.756, 6768, 28
2026/07/17 01:24:57.856, 6768, 28
2026/07/17 01:24:57.956, 6768, 28
2026/07/17 01:24:58.056, 6768, 28
2026/07/17 01:24:58.156, 6768, 28
2026/07/17 01:24:58.256, 6768, 29
2026/07/17 01:24:58.356, 6768, 29
2026/07/17 01:24:58.457, 6768, 29
2026/07/17 01:24:58.557, 6768, 29
2026/07/17 01:24:58.657, 6768, 29
2026/07/17 01:24:58.757, 6768, 29
2026/07/17 01:24:58.857, 6770, 29
2026/07/17 01:24:58.957, 6770, 29
2026/07/17 01:24:59.057, 6770, 29
2026/07/17 01:24:59.157, 6770, 29
2026/07/17 01:24:59.257, 6770, 29
2026/07/17 01:24:59.357, 6770, 29
2026/07/17 01:24:59.458, 6770, 29
2026/07/17 01:24:59.558, 6770, 29
2026/07/17 01:24:59.658, 6770, 29
2026/07/17 01:24:59.758, 6770, 29
2026/07/17 01:24:59.858, 6770, 29
2026/07/17 01:24:59.958, 6770, 29
2026/07/17 01:25:00.058, 6770, 29
2026/07/17 01:25:00.158, 6770, 29
2026/07/17 01:25:00.258, 6770, 29
2026/07/17 01:25:00.359, 6770, 29
2026/07/17 01:25:00.459, 6770, 29
2026/07/17 01:25:00.559, 6770, 29
2026/07/17 01:25:00.659, 6770, 29
2026/07/17 01:25:00.759, 6772, 29
2026/07/17 01:25:00.859, 6772, 29
2026/07/17 01:25:00.959, 6772, 29
2026/07/17 01:25:01.059, 6772, 29
2026/07/17 01:25:01.159, 6772, 29
2026/07/17 01:25:01.260, 6772, 29
2026/07/17 01:25:01.360, 6772, 29
2026/07/17 01:25:01.460, 6772, 29
2026/07/17 01:25:01.560, 6772, 29
2026/07/17 01:25:01.660, 6772, 29
2026/07/17 01:25:01.760, 6772, 29
2026/07/17 01:25:01.860, 6772, 29
2026/07/17 01:25:01.960, 6772, 29
2026/07/17 01:25:02.061, 6772, 29
2026/07/17 01:25:02.161, 6772, 29
2026/07/17 01:25:02.261, 6772, 29
2026/07/17 01:25:02.361, 6772, 29
2026/07/17 01:25:02.461, 6772, 29
2026/07/17 01:25:02.561, 6774, 29
2026/07/17 01:25:02.661, 6774, 29
2026/07/17 01:25:02.761, 6774, 29
2026/07/17 01:25:02.861, 6774, 29
2026/07/17 01:25:02.962, 6774, 29
2026/07/17 01:25:03.062, 6774, 29
2026/07/17 01:25:03.162, 6774, 29
2026/07/17 01:25:03.262, 6774, 29
2026/07/17 01:25:03.362, 6774, 29
2026/07/17 01:25:03.462, 6774, 29
2026/07/17 01:25:03.562, 6774, 29
2026/07/17 01:25:03.662, 6774, 29
2026/07/17 01:25:03.762, 6774, 29
2026/07/17 01:25:03.863, 6774, 29
2026/07/17 01:25:03.963, 6774, 29
2026/07/17 01:25:04.063, 6774, 29
2026/07/17 01:25:04.163, 6774, 29
2026/07/17 01:25:04.263, 6774, 30
2026/07/17 01:25:04.363, 6774, 30
2026/07/17 01:25:04.463, 6776, 30
2026/07/17 01:25:04.563, 6776, 30
2026/07/17 01:25:04.663, 6776, 30
2026/07/17 01:25:04.764, 6776, 30
2026/07/17 01:25:04.864, 6776, 30
2026/07/17 01:25:04.964, 6776, 30
2026/07/17 01:25:05.064, 6776, 30
2026/07/17 01:25:05.164, 6776, 30
2026/07/17 01:25:05.264, 6776, 30
2026/07/17 01:25:05.364, 6776, 30
2026/07/17 01:25:05.465, 6776, 30
2026/07/17 01:25:05.565, 6776, 30
2026/07/17 01:25:05.665, 6776, 30
2026/07/17 01:25:05.765, 6776, 30
2026/07/17 01:25:05.865, 6776, 30
2026/07/17 01:25:05.965, 6776, 30
2026/07/17 01:25:06.065, 6776, 30
2026/07/17 01:25:06.165, 6776, 30
2026/07/17 01:25:06.266, 6778, 29
2026/07/17 01:25:06.366, 6778, 29
2026/07/17 01:25:06.466, 6778, 29
2026/07/17 01:25:06.566, 6778, 29
2026/07/17 01:25:06.666, 6778, 29
2026/07/17 01:25:06.766, 6778, 29
2026/07/17 01:25:06.866, 6778, 29
2026/07/17 01:25:06.966, 6778, 29
2026/07/17 01:25:07.066, 6778, 29
2026/07/17 01:25:07.167, 6778, 29
2026/07/17 01:25:07.267, 6778, 30
2026/07/17 01:25:07.367, 6778, 30
2026/07/17 01:25:07.467, 6778, 30
2026/07/17 01:25:07.567, 6778, 30
2026/07/17 01:25:07.667, 6778, 30
2026/07/17 01:25:07.767, 6778, 30
2026/07/17 01:25:07.867, 6778, 30
2026/07/17 01:25:07.967, 6778, 30
2026/07/17 01:25:08.068, 6778, 30
2026/07/17 01:25:08.168, 6778, 30
2026/07/17 01:25:08.268, 6780, 29
2026/07/17 01:25:08.368, 6780, 29
2026/07/17 01:25:08.468, 6780, 29
2026/07/17 01:25:08.568, 6780, 29
2026/07/17 01:25:08.668, 6780, 29
2026/07/17 01:25:08.768, 6780, 29
2026/07/17 01:25:08.868, 6780, 29
2026/07/17 01:25:08.968, 6780, 29
2026/07/17 01:25:09.069, 6780, 29
2026/07/17 01:25:09.169, 6780, 29
2026/07/17 01:25:09.269, 6780, 30
2026/07/17 01:25:09.369, 6780, 30
2026/07/17 01:25:09.469, 6780, 30
2026/07/17 01:25:09.569, 6780, 30
2026/07/17 01:25:09.669, 6780, 30
2026/07/17 01:25:09.769, 6780, 30
2026/07/17 01:25:09.869, 6780, 30
2026/07/17 01:25:09.969, 6780, 30
2026/07/17 01:25:10.070, 6782, 30
2026/07/17 01:25:10.170, 6782, 30
2026/07/17 01:25:10.270, 6782, 29
2026/07/17 01:25:10.370, 6782, 29
2026/07/17 01:25:10.470, 6782, 29
2026/07/17 01:25:10.570, 6782, 29
2026/07/17 01:25:10.670, 6782, 29
2026/07/17 01:25:10.770, 6782, 29
2026/07/17 01:25:10.870, 6782, 29
2026/07/17 01:25:10.971, 6782, 29
2026/07/17 01:25:11.071, 6782, 29
2026/07/17 01:25:11.171, 6782, 29
2026/07/17 01:25:11.271, 6782, 28
2026/07/17 01:25:11.371, 6782, 28
2026/07/17 01:25:11.471, 6782, 28
2026/07/17 01:25:11.571, 6782, 28
2026/07/17 01:25:11.671, 6782, 28
2026/07/17 01:25:11.771, 6782, 28
2026/07/17 01:25:11.872, 6784, 28
2026/07/17 01:25:11.972, 6784, 28
2026/07/17 01:25:12.072, 6784, 28
2026/07/17 01:25:12.172, 6784, 28
2026/07/17 01:25:12.272, 6784, 28
2026/07/17 01:25:12.372, 6784, 28
2026/07/17 01:25:12.472, 6784, 28
2026/07/17 01:25:12.572, 6784, 28
2026/07/17 01:25:12.672, 6784, 28
2026/07/17 01:25:12.773, 6784, 28
2026/07/17 01:25:12.873, 6784, 28
2026/07/17 01:25:12.973, 6784, 28
2026/07/17 01:25:13.073, 6784, 28
2026/07/17 01:25:13.173, 6784, 28
2026/07/17 01:25:13.273, 6784, 29
2026/07/17 01:25:13.373, 6784, 29
2026/07/17 01:25:13.473, 6784, 29
2026/07/17 01:25:13.573, 6784, 29
2026/07/17 01:25:13.673, 6784, 29
2026/07/17 01:25:13.774, 6786, 29
2026/07/17 01:25:13.874, 6786, 29
2026/07/17 01:25:13.974, 6786, 29
2026/07/17 01:25:14.074, 6786, 29
2026/07/17 01:25:14.174, 6786, 29
2026/07/17 01:25:14.274, 6786, 30
2026/07/17 01:25:14.374, 6786, 30
2026/07/17 01:25:14.474, 6786, 30
2026/07/17 01:25:14.574, 6786, 30
2026/07/17 01:25:14.674, 6786, 30
2026/07/17 01:25:14.775, 6786, 30
2026/07/17 01:25:14.875, 6786, 30
2026/07/17 01:25:14.975, 6786, 30
2026/07/17 01:25:15.075, 6786, 30
2026/07/17 01:25:15.175, 6786, 30
2026/07/17 01:25:15.275, 6786, 29
2026/07/17 01:25:15.375, 6786, 29
2026/07/17 01:25:15.475, 6786, 29
2026/07/17 01:25:15.575, 6788, 29
2026/07/17 01:25:15.675, 6788, 29
2026/07/17 01:25:15.776, 6788, 29
2026/07/17 01:25:15.876, 6788, 29
2026/07/17 01:25:15.976, 6788, 29
2026/07/17 01:25:16.076, 6788, 29
2026/07/17 01:25:16.176, 6788, 29
2026/07/17 01:25:16.276, 6788, 30
2026/07/17 01:25:16.376, 6788, 30
2026/07/17 01:25:16.476, 6788, 30
2026/07/17 01:25:16.576, 6788, 30
2026/07/17 01:25:16.677, 6788, 30
2026/07/17 01:25:16.777, 6788, 30
2026/07/17 01:25:16.877, 6788, 30
2026/07/17 01:25:16.977, 6788, 30
2026/07/17 01:25:17.077, 6788, 30
2026/07/17 01:25:17.177, 6788, 30
2026/07/17 01:25:17.277, 6788, 29
2026/07/17 01:25:17.377, 6788, 29
2026/07/17 01:25:17.477, 6788, 29
2026/07/17 01:25:17.578, 6790, 29
2026/07/17 01:25:17.678, 6790, 29
2026/07/17 01:25:17.778, 6790, 29
2026/07/17 01:25:17.878, 6790, 29
2026/07/17 01:25:17.978, 6790, 29
2026/07/17 01:25:18.078, 6790, 29
2026/07/17 01:25:18.178, 6790, 29
2026/07/17 01:25:18.278, 6790, 29
2026/07/17 01:25:18.378, 6790, 29
2026/07/17 01:25:18.478, 6790, 29
2026/07/17 01:25:18.579, 6790, 29
2026/07/17 01:25:18.679, 6790, 29
2026/07/17 01:25:18.779, 6790, 29
2026/07/17 01:25:18.879, 6790, 29
2026/07/17 01:25:18.979, 6790, 29
2026/07/17 01:25:19.079, 6790, 29
2026/07/17 01:25:19.179, 6790, 29
2026/07/17 01:25:19.279, 6790, 30
2026/07/17 01:25:19.380, 6792, 30
2026/07/17 01:25:19.480, 6792, 30
2026/07/17 01:25:19.580, 6792, 30
2026/07/17 01:25:19.680, 6792, 30
2026/07/17 01:25:19.780, 6792, 30
2026/07/17 01:25:19.880, 6792, 30
2026/07/17 01:25:19.980, 6792, 30
2026/07/17 01:25:20.080, 6792, 30
2026/07/17 01:25:20.180, 6792, 30
2026/07/17 01:25:20.280, 6792, 30
2026/07/17 01:25:20.381, 6792, 30
2026/07/17 01:25:20.481, 6792, 30
2026/07/17 01:25:20.581, 6792, 30
2026/07/17 01:25:20.681, 6792, 30
2026/07/17 01:25:20.781, 6792, 30
2026/07/17 01:25:20.881, 6792, 30
2026/07/17 01:25:20.981, 6792, 30
2026/07/17 01:25:21.081, 6792, 30
2026/07/17 01:25:21.182, 6794, 30
2026/07/17 01:25:21.282, 6794, 30
2026/07/17 01:25:21.382, 6794, 30
2026/07/17 01:25:21.482, 6794, 30
2026/07/17 01:25:21.582, 6794, 30
2026/07/17 01:25:21.682, 6794, 30
2026/07/17 01:25:21.782, 6794, 30
2026/07/17 01:25:21.882, 6794, 30
2026/07/17 01:25:21.983, 6794, 30
2026/07/17 01:25:22.083, 6794, 30
2026/07/17 01:25:22.183, 6794, 30
2026/07/17 01:25:22.283, 6794, 29
2026/07/17 01:25:22.383, 6794, 29
2026/07/17 01:25:22.483, 6794, 29
2026/07/17 01:25:22.583, 6794, 29
2026/07/17 01:25:22.683, 6794, 29
2026/07/17 01:25:22.783, 6794, 29
2026/07/17 01:25:22.883, 6794, 29
2026/07/17 01:25:22.984, 6794, 29
2026/07/17 01:25:23.084, 6796, 29
2026/07/17 01:25:23.184, 6796, 29
2026/07/17 01:25:23.284, 6796, 30
2026/07/17 01:25:23.384, 6796, 30
2026/07/17 01:25:23.484, 6796, 30
2026/07/17 01:25:23.584, 6796, 30
2026/07/17 01:25:23.684, 6796, 30
2026/07/17 01:25:23.784, 6796, 30
2026/07/17 01:25:23.884, 6796, 30
2026/07/17 01:25:23.985, 6796, 30
2026/07/17 01:25:24.085, 6796, 30
2026/07/17 01:25:24.185, 6796, 30
2026/07/17 01:25:24.285, 6796, 30
2026/07/17 01:25:24.385, 6796, 30
2026/07/17 01:25:24.485, 6796, 30
2026/07/17 01:25:24.585, 6796, 30
2026/07/17 01:25:24.685, 6796, 30
2026/07/17 01:25:24.785, 6796, 30
2026/07/17 01:25:24.886, 6796, 30
2026/07/17 01:25:24.986, 6796, 30
2026/07/17 01:25:25.086, 6798, 30
2026/07/17 01:25:25.186, 6798, 30
2026/07/17 01:25:25.286, 6798, 29
2026/07/17 01:25:25.386, 6798, 29
2026/07/17 01:25:25.486, 6798, 29
2026/07/17 01:25:25.586, 6798, 29
2026/07/17 01:25:25.686, 6798, 29
2026/07/17 01:25:25.786, 6798, 29
2026/07/17 01:25:25.887, 6798, 29
2026/07/17 01:25:25.987, 6798, 29
2026/07/17 01:25:26.087, 6798, 29
2026/07/17 01:25:26.187, 6798, 29
2026/07/17 01:25:26.287, 6798, 28
2026/07/17 01:25:26.387, 6798, 28
2026/07/17 01:25:26.487, 6798, 28
2026/07/17 01:25:26.587, 6798, 28
2026/07/17 01:25:26.687, 6798, 28
2026/07/17 01:25:26.787, 6798, 28
2026/07/17 01:25:26.888, 6798, 28
2026/07/17 01:25:26.988, 6800, 28
2026/07/17 01:25:27.088, 6800, 28
2026/07/17 01:25:27.188, 6800, 28
2026/07/17 01:25:27.288, 6800, 27
2026/07/17 01:25:27.388, 6800, 27
2026/07/17 01:25:27.488, 6800, 27
2026/07/17 01:25:27.588, 6800, 27
2026/07/17 01:25:27.689, 6800, 27
2026/07/17 01:25:27.789, 6800, 27
2026/07/17 01:25:27.889, 6800, 27
2026/07/17 01:25:27.989, 6800, 27
2026/07/17 01:25:28.089, 6800, 27
2026/07/17 01:25:28.189, 6800, 27
2026/07/17 01:25:28.289, 6800, 30
2026/07/17 01:25:28.389, 6800, 30
2026/07/17 01:25:28.489, 6800, 30
2026/07/17 01:25:28.589, 6800, 30
2026/07/17 01:25:28.690, 6800, 30
2026/07/17 01:25:28.790, 6800, 30
2026/07/17 01:25:28.890, 6802, 30
2026/07/17 01:25:28.990, 6802, 30
2026/07/17 01:25:29.090, 6802, 30
2026/07/17 01:25:29.190, 6802, 30
2026/07/17 01:25:29.290, 6802, 30
2026/07/17 01:25:29.390, 6802, 30
2026/07/17 01:25:29.490, 6802, 30
2026/07/17 01:25:29.591, 6802, 30
2026/07/17 01:25:29.691, 6802, 30
2026/07/17 01:25:29.791, 6802, 30
2026/07/17 01:25:29.891, 6892, 30
2026/07/17 01:25:29.991, 7252, 30
2026/07/17 01:25:30.091, 7252, 30
2026/07/17 01:25:30.191, 7252, 30
2026/07/17 01:25:30.291, 7252, 30
2026/07/17 01:25:30.391, 7252, 30
2026/07/17 01:25:30.492, 7252, 30
2026/07/17 01:25:30.592, 7252, 30
2026/07/17 01:25:30.692, 7254, 30
2026/07/17 01:25:30.792, 7254, 30
2026/07/17 01:25:30.892, 7254, 30
2026/07/17 01:25:30.992, 7254, 30
2026/07/17 01:25:31.092, 7254, 30
2026/07/17 01:25:31.192, 7254, 30
2026/07/17 01:25:31.292, 7254, 28
2026/07/17 01:25:31.392, 7254, 28
2026/07/17 01:25:31.493, 7254, 28
2026/07/17 01:25:31.593, 7254, 28
2026/07/17 01:25:31.693, 7254, 28
2026/07/17 01:25:31.793, 7254, 28
2026/07/17 01:25:31.893, 7254, 28
2026/07/17 01:25:31.993, 7254, 28
2026/07/17 01:25:32.093, 7254, 28
2026/07/17 01:25:32.193, 7254, 28
2026/07/17 01:25:32.294, 7254, 27
2026/07/17 01:25:32.394, 7256, 27
2026/07/17 01:25:32.494, 7256, 27
2026/07/17 01:25:32.594, 7256, 27
2026/07/17 01:25:32.694, 7256, 27
2026/07/17 01:25:32.794, 7256, 27
2026/07/17 01:25:32.894, 7256, 27
2026/07/17 01:25:32.994, 7256, 27
2026/07/17 01:25:33.094, 7256, 27
2026/07/17 01:25:33.194, 7256, 27
2026/07/17 01:25:33.295, 7256, 28
2026/07/17 01:25:33.395, 7256, 28
2026/07/17 01:25:33.495, 7256, 28
2026/07/17 01:25:33.595, 7256, 28
2026/07/17 01:25:33.695, 7256, 28
2026/07/17 01:25:33.795, 7256, 28
2026/07/17 01:25:33.895, 7256, 28
2026/07/17 01:25:33.995, 7256, 28
2026/07/17 01:25:34.095, 7256, 28
2026/07/17 01:25:34.196, 7256, 28
2026/07/17 01:25:34.296, 7256, 30
2026/07/17 01:25:34.396, 7258, 30
2026/07/17 01:25:34.496, 7258, 30
2026/07/17 01:25:34.596, 7258, 30
2026/07/17 01:25:34.696, 7258, 30
2026/07/17 01:25:34.796, 7258, 30
2026/07/17 01:25:34.896, 7258, 30
2026/07/17 01:25:34.997, 7258, 30
2026/07/17 01:25:35.097, 7258, 30
2026/07/17 01:25:35.197, 7258, 30
2026/07/17 01:25:35.297, 7258, 29
2026/07/17 01:25:35.397, 7258, 29
2026/07/17 01:25:35.497, 7258, 29
2026/07/17 01:25:35.597, 7258, 29
2026/07/17 01:25:35.697, 7258, 29
2026/07/17 01:25:35.797, 7258, 29
2026/07/17 01:25:35.897, 7258, 29
2026/07/17 01:25:35.998, 7258, 29
2026/07/17 01:25:36.098, 7260, 29
2026/07/17 01:25:36.198, 7260, 29
2026/07/17 01:25:36.298, 7260, 28
2026/07/17 01:25:36.398, 7260, 28
2026/07/17 01:25:36.498, 7260, 28
2026/07/17 01:25:36.598, 7260, 28
2026/07/17 01:25:36.698, 7260, 28
2026/07/17 01:25:36.798, 7260, 28
2026/07/17 01:25:36.899, 7260, 28
2026/07/17 01:25:36.999, 7260, 28
2026/07/17 01:25:37.099, 7260, 28
2026/07/17 01:25:37.199, 7260, 28
2026/07/17 01:25:37.299, 7260, 26
2026/07/17 01:25:37.399, 7260, 26
2026/07/17 01:25:37.499, 7260, 26
2026/07/17 01:25:37.600, 7260, 26
2026/07/17 01:25:37.700, 7260, 26
2026/07/17 01:25:37.800, 7260, 26
2026/07/17 01:25:37.900, 7260, 26
2026/07/17 01:25:38.000, 7260, 26
2026/07/17 01:25:38.100, 7262, 26
2026/07/17 01:25:38.200, 7262, 26
2026/07/17 01:25:38.300, 7262, 30
2026/07/17 01:25:38.400, 7262, 30
2026/07/17 01:25:38.500, 7262, 30
2026/07/17 01:25:38.601, 7262, 30
2026/07/17 01:25:38.701, 7262, 30
2026/07/17 01:25:38.801, 7262, 30
2026/07/17 01:25:38.901, 7262, 30
2026/07/17 01:25:39.001, 7262, 30
2026/07/17 01:25:39.101, 7262, 30
2026/07/17 01:25:39.201, 7262, 30
2026/07/17 01:25:39.301, 7262, 30
2026/07/17 01:25:39.402, 7262, 30
2026/07/17 01:25:39.502, 7262, 30
2026/07/17 01:25:39.602, 7262, 30
2026/07/17 01:25:39.702, 7262, 30
2026/07/17 01:25:39.802, 7262, 30
2026/07/17 01:25:39.902, 7262, 30
2026/07/17 01:25:40.002, 7264, 30
2026/07/17 01:25:40.102, 7264, 30
2026/07/17 01:25:40.202, 7264, 30
2026/07/17 01:25:40.302, 7264, 29
2026/07/17 01:25:40.403, 7264, 29
2026/07/17 01:25:40.503, 7264, 29
2026/07/17 01:25:40.603, 7264, 29
2026/07/17 01:25:40.703, 7264, 29
2026/07/17 01:25:40.803, 7264, 29
2026/07/17 01:25:40.903, 7264, 29
2026/07/17 01:25:41.003, 7264, 29
2026/07/17 01:25:41.103, 7264, 29
2026/07/17 01:25:41.203, 7264, 29
2026/07/17 01:25:41.304, 7264, 29
2026/07/17 01:25:41.404, 7264, 29
2026/07/17 01:25:41.504, 7264, 29
2026/07/17 01:25:41.604, 7264, 29
2026/07/17 01:25:41.704, 7264, 29
2026/07/17 01:25:41.804, 7264, 29
2026/07/17 01:25:41.904, 7266, 29
2026/07/17 01:25:42.004, 7266, 29
2026/07/17 01:25:42.104, 7266, 29
2026/07/17 01:25:42.205, 7266, 29
2026/07/17 01:25:42.305, 7266, 28
2026/07/17 01:25:42.405, 7266, 28
2026/07/17 01:25:42.505, 7266, 28
2026/07/17 01:25:42.605, 7266, 28
2026/07/17 01:25:42.705, 7266, 28
2026/07/17 01:25:42.805, 7266, 28
2026/07/17 01:25:42.905, 7266, 28
2026/07/17 01:25:43.005, 7266, 28
2026/07/17 01:25:43.105, 7266, 28
2026/07/17 01:25:43.206, 7266, 28
2026/07/17 01:25:43.306, 7266, 29
2026/07/17 01:25:43.406, 7266, 29
2026/07/17 01:25:43.506, 7266, 29
2026/07/17 01:25:43.606, 7266, 29
2026/07/17 01:25:43.706, 7266, 29
2026/07/17 01:25:43.806, 7268, 29
2026/07/17 01:25:43.906, 7268, 29
2026/07/17 01:25:44.006, 7268, 29
2026/07/17 01:25:44.107, 7268, 29
2026/07/17 01:25:44.207, 7268, 29
2026/07/17 01:25:44.307, 7268, 28
2026/07/17 01:25:44.407, 7268, 28
2026/07/17 01:25:44.507, 7268, 28
2026/07/17 01:25:44.607, 7268, 28
2026/07/17 01:25:44.707, 7268, 28
2026/07/17 01:25:44.807, 7268, 28
2026/07/17 01:25:44.907, 7268, 28
2026/07/17 01:25:45.008, 7268, 28
2026/07/17 01:25:45.108, 7268, 28
2026/07/17 01:25:45.208, 7268, 28
2026/07/17 01:25:45.308, 7268, 26
2026/07/17 01:25:45.408, 7268, 26
2026/07/17 01:25:45.508, 7268, 26
2026/07/17 01:25:45.608, 7268, 26
2026/07/17 01:25:45.708, 7268, 26
2026/07/17 01:25:45.809, 7270, 26
2026/07/17 01:25:45.909, 7270, 26
2026/07/17 01:25:46.009, 7270, 26
2026/07/17 01:25:46.109, 7270, 26
2026/07/17 01:25:46.209, 7270, 26
2026/07/17 01:25:46.309, 7270, 28
2026/07/17 01:25:46.409, 7270, 28
2026/07/17 01:25:46.509, 7270, 28
2026/07/17 01:25:46.609, 7270, 28
2026/07/17 01:25:46.710, 7270, 28
2026/07/17 01:25:46.810, 7270, 28
2026/07/17 01:25:46.910, 7270, 28
2026/07/17 01:25:47.010, 7270, 28
2026/07/17 01:25:47.110, 7270, 28
2026/07/17 01:25:47.210, 7270, 28
2026/07/17 01:25:47.310, 7270, 29
2026/07/17 01:25:47.410, 7270, 29
2026/07/17 01:25:47.510, 7270, 29
2026/07/17 01:25:47.610, 7272, 29
2026/07/17 01:25:47.710, 7272, 29
2026/07/17 01:25:47.811, 7272, 29
2026/07/17 01:25:47.911, 7272, 29
2026/07/17 01:25:48.011, 7272, 29
2026/07/17 01:25:48.111, 7272, 29
2026/07/17 01:25:48.211, 7272, 29
2026/07/17 01:25:48.311, 7272, 30
2026/07/17 01:25:48.411, 7272, 30
2026/07/17 01:25:48.511, 7272, 30
2026/07/17 01:25:48.611, 7272, 30
2026/07/17 01:25:48.711, 7272, 30
2026/07/17 01:25:48.811, 7272, 30
2026/07/17 01:25:48.912, 7272, 30
2026/07/17 01:25:49.012, 7272, 30
2026/07/17 01:25:49.112, 7272, 30
2026/07/17 01:25:49.212, 7272, 30
2026/07/17 01:25:49.312, 7272, 30
2026/07/17 01:25:49.412, 7272, 30
2026/07/17 01:25:49.512, 7274, 30
2026/07/17 01:25:49.612, 7274, 30
2026/07/17 01:25:49.712, 7274, 30
2026/07/17 01:25:49.813, 7274, 30
2026/07/17 01:25:49.913, 7274, 30
2026/07/17 01:25:50.013, 7274, 30
2026/07/17 01:25:50.113, 7274, 30
2026/07/17 01:25:50.213, 7274, 30
2026/07/17 01:25:50.313, 7274, 29
2026/07/17 01:25:50.413, 7274, 29
2026/07/17 01:25:50.513, 7274, 29
2026/07/17 01:25:50.613, 7274, 29
2026/07/17 01:25:50.713, 7274, 29
2026/07/17 01:25:50.814, 7274, 29
2026/07/17 01:25:50.914, 7274, 29
2026/07/17 01:25:51.014, 7274, 29
2026/07/17 01:25:51.114, 7274, 29
2026/07/17 01:25:51.214, 7274, 29
2026/07/17 01:25:51.314, 7274, 29
2026/07/17 01:25:51.414, 7276, 29
2026/07/17 01:25:51.514, 7276, 29
2026/07/17 01:25:51.615, 7276, 29
2026/07/17 01:25:51.715, 7276, 29
2026/07/17 01:25:51.815, 7276, 29
2026/07/17 01:25:51.915, 7276, 29
2026/07/17 01:25:52.015, 7276, 29
2026/07/17 01:25:52.115, 7276, 29
2026/07/17 01:25:52.215, 7276, 28
2026/07/17 01:25:52.315, 7276, 28
2026/07/17 01:25:52.416, 7276, 28
2026/07/17 01:25:52.516, 7276, 28
2026/07/17 01:25:52.616, 7276, 28
2026/07/17 01:25:52.716, 7276, 28
2026/07/17 01:25:52.816, 7276, 28
2026/07/17 01:25:52.916, 7276, 28
2026/07/17 01:25:53.016, 7276, 28
2026/07/17 01:25:53.116, 7276, 28
2026/07/17 01:25:53.217, 7278, 27
2026/07/17 01:25:53.317, 7278, 27
2026/07/17 01:25:53.417, 7278, 27
2026/07/17 01:25:53.517, 7278, 27
2026/07/17 01:25:53.617, 7278, 27
2026/07/17 01:25:53.717, 7278, 27
2026/07/17 01:25:53.817, 7278, 27
2026/07/17 01:25:53.917, 7278, 27
2026/07/17 01:25:54.017, 7278, 27
2026/07/17 01:25:54.118, 7278, 27
2026/07/17 01:25:54.218, 7278, 30
2026/07/17 01:25:54.318, 7278, 30
2026/07/17 01:25:54.418, 7278, 30
2026/07/17 01:25:54.518, 7278, 30
2026/07/17 01:25:54.618, 7278, 30
2026/07/17 01:25:54.718, 7278, 30
2026/07/17 01:25:54.818, 7278, 30
2026/07/17 01:25:54.918, 7278, 30
2026/07/17 01:25:55.019, 7278, 30
2026/07/17 01:25:55.119, 7278, 30
2026/07/17 01:25:55.219, 7280, 29
2026/07/17 01:25:55.319, 7280, 29
2026/07/17 01:25:55.419, 7280, 29
2026/07/17 01:25:55.519, 7280, 29
2026/07/17 01:25:55.619, 7280, 29
2026/07/17 01:25:55.719, 7280, 29
2026/07/17 01:25:55.820, 7280, 29
2026/07/17 01:25:55.920, 7280, 29
2026/07/17 01:25:56.020, 7280, 29
2026/07/17 01:25:56.120, 7280, 29
2026/07/17 01:25:56.220, 7280, 29
2026/07/17 01:25:56.320, 7280, 29
2026/07/17 01:25:56.420, 7280, 29
2026/07/17 01:25:56.520, 7280, 29
2026/07/17 01:25:56.621, 7280, 29
2026/07/17 01:25:56.721, 7280, 29
2026/07/17 01:25:56.821, 7280, 29
2026/07/17 01:25:56.921, 7280, 29
2026/07/17 01:25:57.021, 7282, 29
2026/07/17 01:25:57.121, 7282, 29
2026/07/17 01:25:57.221, 7282, 28
2026/07/17 01:25:57.321, 7282, 28
2026/07/17 01:25:57.422, 7282, 28
2026/07/17 01:25:57.522, 7282, 28
2026/07/17 01:25:57.622, 7282, 28
2026/07/17 01:25:57.722, 7282, 28
2026/07/17 01:25:57.822, 7282, 28
2026/07/17 01:25:57.922, 7282, 28
2026/07/17 01:25:58.022, 7282, 28
2026/07/17 01:25:58.122, 7282, 28
2026/07/17 01:25:58.222, 7282, 30
2026/07/17 01:25:58.323, 7282, 30
2026/07/17 01:25:58.423, 7282, 30
2026/07/17 01:25:58.523, 7282, 30
2026/07/17 01:25:58.623, 7282, 30
2026/07/17 01:25:58.723, 7282, 30
2026/07/17 01:25:58.823, 7282, 30
2026/07/17 01:25:58.923, 7284, 30
2026/07/17 01:25:59.023, 7284, 30
2026/07/17 01:25:59.123, 7284, 30
2026/07/17 01:25:59.223, 7284, 29
2026/07/17 01:25:59.324, 7284, 29
2026/07/17 01:25:59.424, 7284, 29
2026/07/17 01:25:59.524, 7284, 29
2026/07/17 01:25:59.624, 7284, 29
2026/07/17 01:25:59.724, 7284, 29
2026/07/17 01:25:59.824, 7284, 29
2026/07/17 01:25:59.924, 7284, 29
2026/07/17 01:26:00.025, 7284, 29
2026/07/17 01:26:00.125, 7284, 29
2026/07/17 01:26:00.225, 7284, 29
2026/07/17 01:26:00.325, 7284, 29
2026/07/17 01:26:00.425, 7284, 29
2026/07/17 01:26:00.525, 7284, 29
2026/07/17 01:26:00.625, 7284, 29
2026/07/17 01:26:00.725, 7284, 29
2026/07/17 01:26:00.825, 7286, 29
2026/07/17 01:26:00.925, 7286, 29
2026/07/17 01:26:01.026, 7286, 29
2026/07/17 01:26:01.126, 7286, 29
2026/07/17 01:26:01.226, 7286, 29
2026/07/17 01:26:01.326, 7286, 29
2026/07/17 01:26:01.426, 7286, 29
2026/07/17 01:26:01.526, 7286, 29
2026/07/17 01:26:01.626, 7286, 29
2026/07/17 01:26:01.726, 7286, 29
2026/07/17 01:26:01.826, 7286, 29
2026/07/17 01:26:01.927, 7286, 29
2026/07/17 01:26:02.027, 7286, 29
2026/07/17 01:26:02.127, 7286, 29
2026/07/17 01:26:02.227, 7286, 30
2026/07/17 01:26:02.327, 7286, 30
2026/07/17 01:26:02.427, 7286, 30
2026/07/17 01:26:02.527, 7286, 30
2026/07/17 01:26:02.627, 7288, 30
2026/07/17 01:26:02.728, 7288, 30
2026/07/17 01:26:02.828, 7288, 30
2026/07/17 01:26:02.928, 7288, 30
2026/07/17 01:26:03.028, 7288, 30
2026/07/17 01:26:03.128, 7288, 30
2026/07/17 01:26:03.228, 7288, 30
2026/07/17 01:26:03.328, 7288, 30
2026/07/17 01:26:03.428, 7288, 30
2026/07/17 01:26:03.528, 7288, 30
2026/07/17 01:26:03.628, 7288, 30
2026/07/17 01:26:03.729, 7288, 30
2026/07/17 01:26:03.829, 7288, 30
2026/07/17 01:26:03.929, 7288, 30
2026/07/17 01:26:04.029, 7288, 30
2026/07/17 01:26:04.129, 7288, 30
2026/07/17 01:26:04.229, 7288, 28
2026/07/17 01:26:04.329, 7288, 28
2026/07/17 01:26:04.429, 7288, 28
2026/07/17 01:26:04.529, 7290, 28
2026/07/17 01:26:04.630, 7290, 28
2026/07/17 01:26:04.730, 7290, 28
2026/07/17 01:26:04.830, 7290, 28
2026/07/17 01:26:04.930, 7290, 28
2026/07/17 01:26:05.030, 7290, 28
2026/07/17 01:26:05.130, 7290, 28
2026/07/17 01:26:05.230, 7290, 29
2026/07/17 01:26:05.330, 7290, 29
2026/07/17 01:26:05.431, 7290, 29
2026/07/17 01:26:05.531, 7290, 29
2026/07/17 01:26:05.631, 7290, 29
2026/07/17 01:26:05.731, 7290, 29
2026/07/17 01:26:05.831, 7290, 29
2026/07/17 01:26:05.931, 7290, 29
2026/07/17 01:26:06.031, 7290, 29
2026/07/17 01:26:06.131, 7290, 29
2026/07/17 01:26:06.231, 7290, 28
2026/07/17 01:26:06.332, 7290, 28
2026/07/17 01:26:06.432, 7292, 28
2026/07/17 01:26:06.532, 7292, 28
2026/07/17 01:26:06.632, 7292, 28
2026/07/17 01:26:06.732, 7292, 28
2026/07/17 01:26:06.832, 7292, 28
2026/07/17 01:26:06.932, 7292, 28
2026/07/17 01:26:07.032, 7292, 28
2026/07/17 01:26:07.133, 7292, 28
2026/07/17 01:26:07.233, 7292, 29
2026/07/17 01:26:07.333, 7292, 29
2026/07/17 01:26:07.433, 7292, 29
2026/07/17 01:26:07.533, 7292, 29
2026/07/17 01:26:07.633, 7292, 29
2026/07/17 01:26:07.733, 7292, 29
2026/07/17 01:26:07.833, 7292, 29
2026/07/17 01:26:07.933, 7292, 29
2026/07/17 01:26:08.033, 7292, 29
2026/07/17 01:26:08.134, 7292, 29
2026/07/17 01:26:08.234, 7292, 28
2026/07/17 01:26:08.334, 7294, 28
2026/07/17 01:26:08.434, 7294, 28
2026/07/17 01:26:08.534, 7294, 28
2026/07/17 01:26:08.634, 7294, 28
2026/07/17 01:26:08.734, 7294, 28
2026/07/17 01:26:08.835, 7294, 28
2026/07/17 01:26:08.935, 7294, 28
2026/07/17 01:26:09.035, 7294, 28
2026/07/17 01:26:09.135, 7294, 28
2026/07/17 01:26:09.235, 7294, 29
2026/07/17 01:26:09.335, 7294, 29
2026/07/17 01:26:09.435, 7294, 29
2026/07/17 01:26:09.535, 7294, 29
2026/07/17 01:26:09.635, 7294, 29
2026/07/17 01:26:09.735, 7294, 29
2026/07/17 01:26:09.836, 7294, 29
2026/07/17 01:26:09.936, 7294, 29
2026/07/17 01:26:10.036, 7294, 29
2026/07/17 01:26:10.136, 7294, 29
2026/07/17 01:26:10.236, 7296, 28
2026/07/17 01:26:10.336, 7296, 28
2026/07/17 01:26:10.436, 7296, 28
2026/07/17 01:26:10.537, 7328, 28
2026/07/17 01:26:10.637, 7328, 28
2026/07/17 01:26:10.737, 7328, 28
2026/07/17 01:26:10.837, 7328, 28
2026/07/17 01:26:10.937, 7932, 28
2026/07/17 01:26:11.037, 8162, 28
2026/07/17 01:26:11.137, 8162, 28
2026/07/17 01:26:11.237, 8162, 100
2026/07/17 01:26:11.338, 8162, 100
2026/07/17 01:26:11.438, 8162, 100
2026/07/17 01:26:11.538, 8162, 100
2026/07/17 01:26:11.638, 8162, 100
2026/07/17 01:26:11.738, 8162, 100
2026/07/17 01:26:11.838, 8162, 100
2026/07/17 01:26:11.938, 8162, 100
2026/07/17 01:26:12.038, 8162, 100
2026/07/17 01:26:12.138, 8162, 100
2026/07/17 01:26:12.238, 8162, 100
2026/07/17 01:26:12.338, 8162, 100
2026/07/17 01:26:12.439, 8162, 100
2026/07/17 01:26:12.539, 8162, 100
2026/07/17 01:26:12.639, 8162, 100
2026/07/17 01:26:12.739, 8162, 100
2026/07/17 01:26:12.839, 8162, 100
2026/07/17 01:26:12.939, 8162, 100
2026/07/17 01:26:13.039, 8162, 100
2026/07/17 01:26:13.139, 8162, 100
2026/07/17 01:26:13.239, 8162, 23
2026/07/17 01:26:13.339, 8162, 23
2026/07/17 01:26:13.440, 8162, 23
2026/07/17 01:26:13.540, 8162, 23
2026/07/17 01:26:13.640, 8162, 23
2026/07/17 01:26:13.740, 8162, 23
2026/07/17 01:26:13.840, 8162, 23
2026/07/17 01:26:13.940, 8162, 23
2026/07/17 01:26:14.040, 8162, 23
2026/07/17 01:26:14.140, 8162, 23
2026/07/17 01:26:14.240, 8162, 25
2026/07/17 01:26:14.341, 8162, 25
2026/07/17 01:26:14.441, 8162, 25
2026/07/17 01:26:14.541, 8162, 25
2026/07/17 01:26:14.641, 8162, 25
2026/07/17 01:26:14.741, 8162, 25
2026/07/17 01:26:14.841, 8162, 25
2026/07/17 01:26:14.941, 8162, 25
2026/07/17 01:26:15.041, 8162, 25
2026/07/17 01:26:15.142, 8162, 25
2026/07/17 01:26:15.242, 8162, 27
2026/07/17 01:26:15.342, 8162, 27
2026/07/17 01:26:15.442, 8162, 27
2026/07/17 01:26:15.542, 8162, 27
2026/07/17 01:26:15.642, 8162, 27
2026/07/17 01:26:15.742, 8162, 27
2026/07/17 01:26:15.842, 8162, 27
2026/07/17 01:26:15.942, 8162, 27
2026/07/17 01:26:16.043, 8162, 27
2026/07/17 01:26:16.143, 8162, 27
2026/07/17 01:26:16.243, 8162, 27
2026/07/17 01:26:16.343, 8162, 27
2026/07/17 01:26:16.443, 8162, 27
2026/07/17 01:26:16.543, 8162, 27
2026/07/17 01:26:16.643, 8162, 27
2026/07/17 01:26:16.743, 8162, 27
2026/07/17 01:26:16.843, 8162, 27
2026/07/17 01:26:16.943, 8162, 27
2026/07/17 01:26:17.044, 8162, 27
2026/07/17 01:26:17.144, 8162, 27
2026/07/17 01:26:17.244, 8162, 27
2026/07/17 01:26:17.344, 8162, 27
2026/07/17 01:26:17.444, 8162, 27
2026/07/17 01:26:17.544, 8162, 27
2026/07/17 01:26:17.644, 8162, 27
2026/07/17 01:26:17.744, 8162, 27
2026/07/17 01:26:17.844, 8162, 27
2026/07/17 01:26:17.944, 8162, 27
2026/07/17 01:26:18.045, 8162, 27
2026/07/17 01:26:18.145, 8162, 27
2026/07/17 01:26:18.245, 8162, 27
2026/07/17 01:26:18.345, 8162, 27
2026/07/17 01:26:18.445, 8162, 27
2026/07/17 01:26:18.545, 8162, 27
2026/07/17 01:26:18.645, 8162, 27
2026/07/17 01:26:18.745, 8162, 27
2026/07/17 01:26:18.845, 8162, 27
2026/07/17 01:26:18.945, 8162, 27
2026/07/17 01:26:19.046, 8162, 27
2026/07/17 01:26:19.146, 8162, 27
2026/07/17 01:26:19.246, 8162, 27
2026/07/17 01:26:19.346, 8162, 27
2026/07/17 01:26:19.446, 8162, 27
2026/07/17 01:26:19.546, 8162, 27
2026/07/17 01:26:19.646, 8162, 27
2026/07/17 01:26:19.746, 8162, 27
2026/07/17 01:26:19.846, 8162, 27
2026/07/17 01:26:19.947, 8162, 27
2026/07/17 01:26:20.047, 8162, 27
2026/07/17 01:26:20.147, 8162, 27
2026/07/17 01:26:20.247, 8162, 27
2026/07/17 01:26:20.347, 8162, 27
2026/07/17 01:26:20.447, 8162, 27
2026/07/17 01:26:20.547, 8162, 27
2026/07/17 01:26:20.647, 8162, 27
2026/07/17 01:26:20.747, 8162, 27
2026/07/17 01:26:20.848, 8162, 27
2026/07/17 01:26:20.948, 8162, 27
2026/07/17 01:26:21.048, 8162, 27
2026/07/17 01:26:21.148, 8162, 27
2026/07/17 01:26:21.248, 8162, 27
2026/07/17 01:26:21.348, 8162, 27
2026/07/17 01:26:21.448, 8162, 27
2026/07/17 01:26:21.548, 8162, 27
2026/07/17 01:26:21.648, 8162, 27
2026/07/17 01:26:21.749, 8162, 27
2026/07/17 01:26:21.849, 8162, 27
2026/07/17 01:26:21.949, 8162, 27
2026/07/17 01:26:22.049, 8162, 27
2026/07/17 01:26:22.149, 8162, 27
2026/07/17 01:26:22.249, 8162, 27
2026/07/17 01:26:22.349, 8162, 27
2026/07/17 01:26:22.449, 8162, 27
2026/07/17 01:26:22.549, 8162, 27
2026/07/17 01:26:22.649, 8162, 27
2026/07/17 01:26:22.750, 8162, 27
2026/07/17 01:26:22.850, 8162, 27
2026/07/17 01:26:22.950, 8162, 27
2026/07/17 01:26:23.050, 8162, 27
2026/07/17 01:26:23.150, 8162, 27
2026/07/17 01:26:23.250, 8162, 27
2026/07/17 01:26:23.350, 8162, 27
2026/07/17 01:26:23.450, 8162, 27
2026/07/17 01:26:23.550, 8162, 27
2026/07/17 01:26:23.650, 8162, 27
2026/07/17 01:26:23.751, 8162, 27
2026/07/17 01:26:23.851, 8162, 27
2026/07/17 01:26:23.951, 8162, 27
2026/07/17 01:26:24.051, 8162, 27
2026/07/17 01:26:24.151, 8162, 27
2026/07/17 01:26:24.251, 8162, 27
2026/07/17 01:26:24.351, 8162, 27
2026/07/17 01:26:24.451, 8162, 27
2026/07/17 01:26:24.551, 8162, 27
2026/07/17 01:26:24.651, 8162, 27
2026/07/17 01:26:24.752, 8162, 27
2026/07/17 01:26:24.852, 8162, 27
2026/07/17 01:26:24.952, 8162, 27
2026/07/17 01:26:25.052, 8162, 27
2026/07/17 01:26:25.152, 8162, 27
2026/07/17 01:26:25.252, 8162, 27
2026/07/17 01:26:25.352, 8162, 27
2026/07/17 01:26:25.452, 8162, 27
2026/07/17 01:26:25.552, 8162, 27
2026/07/17 01:26:25.653, 8162, 27
2026/07/17 01:26:25.753, 8162, 27
2026/07/17 01:26:25.853, 8162, 27
2026/07/17 01:26:25.953, 8162, 27
2026/07/17 01:26:26.053, 8162, 27
2026/07/17 01:26:26.153, 8162, 27
2026/07/17 01:26:26.253, 8162, 27
2026/07/17 01:26:26.353, 8162, 27
2026/07/17 01:26:26.453, 8162, 27
2026/07/17 01:26:26.553, 8162, 27
2026/07/17 01:26:26.654, 8162, 27
2026/07/17 01:26:26.754, 8162, 27
2026/07/17 01:26:26.854, 8162, 27
2026/07/17 01:26:26.954, 8162, 27
2026/07/17 01:26:27.054, 8162, 27
2026/07/17 01:26:27.154, 8162, 27
2026/07/17 01:26:27.254, 8162, 27
2026/07/17 01:26:27.354, 8162, 27
2026/07/17 01:26:27.454, 8162, 27
2026/07/17 01:26:27.555, 8162, 27
2026/07/17 01:26:27.655, 8162, 27
2026/07/17 01:26:27.755, 8162, 27
2026/07/17 01:26:27.855, 8162, 27
2026/07/17 01:26:27.955, 8162, 27
2026/07/17 01:26:28.055, 8162, 27
2026/07/17 01:26:28.155, 8162, 27
2026/07/17 01:26:28.255, 8162, 27
2026/07/17 01:26:28.355, 8162, 27
2026/07/17 01:26:28.455, 8162, 27
2026/07/17 01:26:28.556, 8162, 27
2026/07/17 01:26:28.656, 8162, 27
2026/07/17 01:26:28.756, 8162, 27
2026/07/17 01:26:28.856, 8162, 27
2026/07/17 01:26:28.956, 8162, 27
2026/07/17 01:26:29.056, 8162, 27
2026/07/17 01:26:29.156, 8162, 27
2026/07/17 01:26:29.256, 8162, 26
2026/07/17 01:26:29.356, 8162, 26
2026/07/17 01:26:29.456, 8162, 26
2026/07/17 01:26:29.556, 8162, 26
2026/07/17 01:26:29.657, 8162, 26
2026/07/17 01:26:29.757, 8162, 26
2026/07/17 01:26:29.857, 8162, 26
2026/07/17 01:26:29.957, 8162, 26
2026/07/17 01:26:30.057, 8162, 26
2026/07/17 01:26:30.157, 8162, 26
2026/07/17 01:26:30.257, 8162, 26
2026/07/17 01:26:30.357, 8162, 26
2026/07/17 01:26:30.457, 8162, 26
2026/07/17 01:26:30.558, 8162, 26
2026/07/17 01:26:30.658, 8162, 26
2026/07/17 01:26:30.758, 8162, 26
2026/07/17 01:26:30.858, 8162, 26
2026/07/17 01:26:30.958, 8162, 26
2026/07/17 01:26:31.058, 8162, 26
2026/07/17 01:26:31.158, 8162, 26
2026/07/17 01:26:31.258, 8162, 27
2026/07/17 01:26:31.358, 8162, 27
2026/07/17 01:26:31.458, 8162, 27
2026/07/17 01:26:31.559, 8162, 27
2026/07/17 01:26:31.659, 8162, 27
2026/07/17 01:26:31.759, 8162, 27
2026/07/17 01:26:31.859, 8162, 27
2026/07/17 01:26:31.959, 8162, 27
2026/07/17 01:26:32.059, 8162, 27
2026/07/17 01:26:32.159, 8162, 27
2026/07/17 01:26:32.259, 8162, 28
2026/07/17 01:26:32.359, 8162, 28
2026/07/17 01:26:32.460, 8162, 28
2026/07/17 01:26:32.560, 8162, 28
2026/07/17 01:26:32.660, 8162, 28
2026/07/17 01:26:32.760, 8162, 28
2026/07/17 01:26:32.860, 8162, 28
2026/07/17 01:26:32.960, 8162, 28
2026/07/17 01:26:33.060, 8162, 28
2026/07/17 01:26:33.160, 8162, 28
2026/07/17 01:26:33.260, 8162, 27
2026/07/17 01:26:33.360, 8162, 27
2026/07/17 01:26:33.461, 8162, 27
2026/07/17 01:26:33.561, 8162, 27
2026/07/17 01:26:33.661, 8162, 27
2026/07/17 01:26:33.761, 8162, 27
2026/07/17 01:26:33.861, 8162, 27
2026/07/17 01:26:33.961, 8162, 27
2026/07/17 01:26:34.061, 8162, 27
2026/07/17 01:26:34.161, 8162, 27
2026/07/17 01:26:34.261, 8162, 27
2026/07/17 01:26:34.361, 8162, 27
2026/07/17 01:26:34.462, 8162, 27
2026/07/17 01:26:34.562, 8162, 27
2026/07/17 01:26:34.662, 8162, 27
2026/07/17 01:26:34.762, 8162, 27
2026/07/17 01:26:34.862, 8162, 27
2026/07/17 01:26:34.962, 8162, 27
2026/07/17 01:26:35.062, 8162, 27
2026/07/17 01:26:35.162, 8162, 27
2026/07/17 01:26:35.263, 8162, 27
2026/07/17 01:26:35.363, 8162, 27
2026/07/17 01:26:35.463, 8162, 27
2026/07/17 01:26:35.563, 8162, 27
2026/07/17 01:26:35.663, 8162, 27
2026/07/17 01:26:35.763, 8162, 27
2026/07/17 01:26:35.863, 8162, 27
2026/07/17 01:26:35.963, 8162, 27
2026/07/17 01:26:36.063, 8162, 27
2026/07/17 01:26:36.164, 8162, 27
2026/07/17 01:26:36.264, 8162, 27
2026/07/17 01:26:36.364, 8162, 27
2026/07/17 01:26:36.464, 8162, 27
2026/07/17 01:26:36.564, 8162, 27
2026/07/17 01:26:36.664, 8162, 27
2026/07/17 01:26:36.764, 8162, 27
2026/07/17 01:26:36.864, 8162, 27
2026/07/17 01:26:36.964, 8162, 27
2026/07/17 01:26:37.064, 8162, 27
2026/07/17 01:26:37.165, 8162, 27
2026/07/17 01:26:37.265, 8162, 27
2026/07/17 01:26:37.365, 8162, 27
2026/07/17 01:26:37.465, 8162, 27
2026/07/17 01:26:37.565, 8162, 27
2026/07/17 01:26:37.665, 8162, 27
2026/07/17 01:26:37.765, 8162, 27
2026/07/17 01:26:37.865, 8162, 27
2026/07/17 01:26:37.965, 8162, 27
2026/07/17 01:26:38.065, 8162, 27
2026/07/17 01:26:38.166, 8162, 27
2026/07/17 01:26:38.266, 8162, 27
2026/07/17 01:26:38.366, 8162, 27
2026/07/17 01:26:38.466, 8162, 27
2026/07/17 01:26:38.566, 8162, 27
2026/07/17 01:26:38.666, 8162, 27
2026/07/17 01:26:38.766, 8162, 27
2026/07/17 01:26:38.866, 8162, 27
2026/07/17 01:26:38.966, 8162, 27
2026/07/17 01:26:39.066, 8162, 27
2026/07/17 01:26:39.167, 8162, 27
2026/07/17 01:26:39.267, 8162, 27
2026/07/17 01:26:39.367, 8162, 27
2026/07/17 01:26:39.467, 8162, 27
2026/07/17 01:26:39.567, 8162, 27
2026/07/17 01:26:39.667, 8162, 27
2026/07/17 01:26:39.767, 8162, 27
2026/07/17 01:26:39.867, 8162, 27
2026/07/17 01:26:39.967, 8162, 27
2026/07/17 01:26:40.067, 8162, 27
2026/07/17 01:26:40.167, 8162, 27
2026/07/17 01:26:40.268, 8162, 27
2026/07/17 01:26:40.368, 8162, 27
2026/07/17 01:26:40.468, 8162, 27
2026/07/17 01:26:40.568, 8162, 27
2026/07/17 01:26:40.668, 8162, 27
2026/07/17 01:26:40.768, 8162, 27
2026/07/17 01:26:40.868, 8162, 27
2026/07/17 01:26:40.968, 8162, 27
2026/07/17 01:26:41.068, 8162, 27
2026/07/17 01:26:41.168, 8162, 27
2026/07/17 01:26:41.269, 8162, 27
2026/07/17 01:26:41.369, 8162, 27
2026/07/17 01:26:41.469, 8162, 27
2026/07/17 01:26:41.569, 8162, 27
2026/07/17 01:26:41.669, 8162, 27
2026/07/17 01:26:41.769, 8162, 27
2026/07/17 01:26:41.869, 8162, 27
2026/07/17 01:26:41.969, 8162, 27
2026/07/17 01:26:42.069, 8162, 27
2026/07/17 01:26:42.170, 8162, 27
2026/07/17 01:26:42.270, 8162, 27
2026/07/17 01:26:42.370, 8162, 27
2026/07/17 01:26:42.470, 8162, 27
2026/07/17 01:26:42.570, 8162, 27
2026/07/17 01:26:42.670, 8162, 27
2026/07/17 01:26:42.770, 8162, 27
2026/07/17 01:26:42.870, 8162, 27
2026/07/17 01:26:42.971, 8162, 27
2026/07/17 01:26:43.071, 8162, 27
2026/07/17 01:26:43.171, 8162, 27
2026/07/17 01:26:43.271, 8162, 26
2026/07/17 01:26:43.371, 8162, 26
2026/07/17 01:26:43.471, 8162, 26
2026/07/17 01:26:43.571, 8162, 26
2026/07/17 01:26:43.671, 8162, 26
2026/07/17 01:26:43.771, 8162, 26
2026/07/17 01:26:43.872, 8162, 26
2026/07/17 01:26:43.972, 8162, 26
2026/07/17 01:26:44.072, 8162, 26
2026/07/17 01:26:44.172, 8162, 26
2026/07/17 01:26:44.272, 8162, 27
2026/07/17 01:26:44.372, 8162, 27
2026/07/17 01:26:44.472, 8162, 27
2026/07/17 01:26:44.572, 8162, 27
2026/07/17 01:26:44.672, 8162, 27
2026/07/17 01:26:44.773, 8162, 27
2026/07/17 01:26:44.873, 8162, 27
2026/07/17 01:26:44.973, 8162, 27
2026/07/17 01:26:45.073, 8162, 27
2026/07/17 01:26:45.173, 8162, 27
2026/07/17 01:26:45.273, 8162, 25
2026/07/17 01:26:45.373, 8162, 25
2026/07/17 01:26:45.473, 8162, 25
2026/07/17 01:26:45.574, 8162, 25
2026/07/17 01:26:45.674, 8162, 25
2026/07/17 01:26:45.774, 8162, 25
2026/07/17 01:26:45.874, 8162, 25
2026/07/17 01:26:45.974, 8162, 25
2026/07/17 01:26:46.074, 8162, 25
2026/07/17 01:26:46.174, 8162, 25
2026/07/17 01:26:46.274, 8162, 27
2026/07/17 01:26:46.374, 8162, 27
2026/07/17 01:26:46.474, 8162, 27
2026/07/17 01:26:46.574, 8162, 27
2026/07/17 01:26:46.675, 8162, 27
2026/07/17 01:26:46.775, 8162, 27
2026/07/17 01:26:46.875, 8162, 27
2026/07/17 01:26:46.975, 8162, 27
2026/07/17 01:26:47.075, 8162, 27
2026/07/17 01:26:47.175, 8162, 27
2026/07/17 01:26:47.275, 8162, 27
2026/07/17 01:26:47.375, 8162, 27
2026/07/17 01:26:47.475, 8162, 27
2026/07/17 01:26:47.575, 8162, 27
2026/07/17 01:26:47.676, 8162, 27
2026/07/17 01:26:47.776, 8162, 27
2026/07/17 01:26:47.876, 8162, 27
2026/07/17 01:26:47.976, 8162, 27
2026/07/17 01:26:48.076, 8162, 27
2026/07/17 01:26:48.176, 8162, 27
2026/07/17 01:26:48.276, 8162, 26
2026/07/17 01:26:48.376, 8162, 26
2026/07/17 01:26:48.476, 8162, 26
2026/07/17 01:26:48.577, 8162, 26
2026/07/17 01:26:48.677, 8162, 26
2026/07/17 01:26:48.777, 8162, 26
2026/07/17 01:26:48.877, 8162, 26
2026/07/17 01:26:48.977, 8162, 26
2026/07/17 01:26:49.077, 8162, 26
2026/07/17 01:26:49.177, 8162, 26
2026/07/17 01:26:49.277, 8162, 26
2026/07/17 01:26:49.377, 8162, 26
2026/07/17 01:26:49.477, 8162, 26
2026/07/17 01:26:49.578, 8162, 26
2026/07/17 01:26:49.678, 8162, 26
2026/07/17 01:26:49.778, 8162, 26
2026/07/17 01:26:49.878, 8162, 26
2026/07/17 01:26:49.978, 8162, 26
2026/07/17 01:26:50.078, 8162, 26
2026/07/17 01:26:50.178, 8162, 26
2026/07/17 01:26:50.278, 8162, 100
2026/07/17 01:26:50.378, 8162, 100
2026/07/17 01:26:50.479, 8162, 100
2026/07/17 01:26:50.579, 8162, 100
2026/07/17 01:26:50.679, 8162, 100
2026/07/17 01:26:50.779, 8162, 100
2026/07/17 01:26:50.879, 8162, 100
2026/07/17 01:26:50.979, 8162, 100
2026/07/17 01:26:51.079, 8162, 100
2026/07/17 01:26:51.180, 8162, 100
2026/07/17 01:26:51.280, 8162, 0
2026/07/17 01:26:51.380, 8162, 0
2026/07/17 01:26:51.480, 8162, 0
2026/07/17 01:26:51.580, 1, 0
