archived_urlkey,archived_timestamp,parsed_archived_timestamp,archived_tweet_url,parsed_archived_tweet_url,original_tweet_url,parsed_tweet_url,available_tweet_text,available_tweet_is_RT,available_tweet_info,archived_mimetype,archived_statuscode,archived_digest,archived_length
"com,twitter)/apralky/status/1799885977688703081",20240609192712,,https://web.archive.org/web/20240609192712/https://twitter.com/apralky/status/1799885977688703081,https://web.archive.org/web/20240609192712/https://twitter.com/apralky/status/1799885977688703081,https://twitter.com/apralky/status/1799885977688703081,https://twitter.com/apralky/status/1799885977688703081,,,,application/json,-,6OUL7C7JMGPMLJTXXRPOTVVN5B7KL5ZW,1442
"com,twitter)/apralky/status/1799883483390886314",20240609191717,,https://web.archive.org/web/20240609191717/https://twitter.com/apralky/status/1799883483390886314,https://web.archive.org/web/20240609191717/https://twitter.com/apralky/status/1799883483390886314,https://twitter.com/apralky/status/1799883483390886314,https://twitter.com/apralky/status/1799883483390886314,,,,application/json,-,L7NWFMK3Q4IQSQSTNNVDOYRTGYQ6L77H,1351
"com,twitter)/apralky/status/1799888019501023688",20240609193518,,https://web.archive.org/web/20240609193518/https://twitter.com/apralky/status/1799888019501023688,https://web.archive.org/web/20240609193518/https://twitter.com/apralky/status/1799888019501023688,https://twitter.com/apralky/status/1799888019501023688,https://twitter.com/apralky/status/1799888019501023688,,,,application/json,-,DDFXCMU6AWEQP4FUGNX7HMBFUBYNDAWT,1583
"com,twitter)/apralky/status/1799884024963645699",20240609191926,,https://web.archive.org/web/20240609191926/https://twitter.com/apralky/status/1799884024963645699,https://web.archive.org/web/20240609191926/https://twitter.com/apralky/status/1799884024963645699,https://twitter.com/apralky/status/1799884024963645699,https://twitter.com/apralky/status/1799884024963645699,,,,application/json,-,7LOTLDLPJQEJVGMJI7YLXZXM2B656URY,1227
"com,twitter)/apralky/status/1799881424637436104",20240609190906,,https://web.archive.org/web/20240609190906/https://twitter.com/apralky/status/1799881424637436104,https://web.archive.org/web/20240609190906/https://twitter.com/apralky/status/1799881424637436104,https://twitter.com/apralky/status/1799881424637436104,https://twitter.com/apralky/status/1799881424637436104,,,,application/json,-,WPQMRX2NDIKYVGTL34FHTLCSCC35BQEJ,1224
"com,twitter)/apralky/status/1799885521071513824",20240609192523,,https://web.archive.org/web/20240609192523/https://twitter.com/apralky/status/1799885521071513824,https://web.archive.org/web/20240609192523/https://twitter.com/apralky/status/1799885521071513824,https://twitter.com/apralky/status/1799885521071513824,https://twitter.com/apralky/status/1799885521071513824,,,,application/json,-,7IBCBAI7IHRNMULM55HXNFY5PFTKT7FN,1314
"com,twitter)/apralky/status/1799890526168129646",20240609194516,,https://web.archive.org/web/20240609194516/https://twitter.com/apralky/status/1799890526168129646,https://web.archive.org/web/20240609194516/https://twitter.com/apralky/status/1799890526168129646,https://twitter.com/apralky/status/1799890526168129646,https://twitter.com/apralky/status/1799890526168129646,,,,application/json,-,6X6HMQEZ4B53CYAEQ7KM4OHEZ6XNZEP4,1348
"com,twitter)/apralky/status/1799889043989152223",20240609193923,,https://web.archive.org/web/20240609193923/https://twitter.com/apralky/status/1799889043989152223,https://web.archive.org/web/20240609193923/https://twitter.com/apralky/status/1799889043989152223,https://twitter.com/apralky/status/1799889043989152223,https://twitter.com/apralky/status/1799889043989152223,,,,application/json,-,SQDLWYOUZA5UTZVFHUINQI7RTKJZWOCL,1373
"com,twitter)/apralky/status/1799880179906753001",20240609190409,,https://web.archive.org/web/20240609190409/https://twitter.com/apralky/status/1799880179906753001,https://web.archive.org/web/20240609190409/https://twitter.com/apralky/status/1799880179906753001,https://twitter.com/apralky/status/1799880179906753001,https://twitter.com/apralky/status/1799880179906753001,,,,application/json,-,53IDVCMPEC4EAXXRY67LO3H3R2ZS7C7A,1609
"com,twitter)/apralky/status/1799905836011004084",20240609204606,,https://web.archive.org/web/20240609204606/https://twitter.com/apralky/status/1799905836011004084,https://web.archive.org/web/20240609204606/https://twitter.com/apralky/status/1799905836011004084,https://twitter.com/apralky/status/1799905836011004084,https://twitter.com/apralky/status/1799905836011004084,,,,application/json,-,W3E4GM7XGTXLECBBVHTOCMLU6Q2VQONZ,1227
"com,twitter)/apralky/status/1799879239929417816",20240609190025,,https://web.archive.org/web/20240609190025/https://twitter.com/apralky/status/1799879239929417816,https://web.archive.org/web/20240609190025/https://twitter.com/apralky/status/1799879239929417816,https://twitter.com/apralky/status/1799879239929417816,https://twitter.com/apralky/status/1799879239929417816,,,,application/json,-,BFICSUFG2V5GXNM6O3CITIT4L26OHMC7,1159
"com,twitter)/apralky/status/1799892390741791139",20240609195240,,https://web.archive.org/web/20240609195240/https://twitter.com/apralky/status/1799892390741791139,https://web.archive.org/web/20240609195240/https://twitter.com/apralky/status/1799892390741791139,https://twitter.com/apralky/status/1799892390741791139,https://twitter.com/apralky/status/1799892390741791139,,,,application/json,-,AUP5NKZF27MRZNLMKH2RUEL5SVIJCSYC,1662
"com,twitter)/apralky/status/1800568527839232205",20240611163924,,https://web.archive.org/web/20240611163924/https://twitter.com/apralky/status/1800568527839232205,https://web.archive.org/web/20240611163924/https://twitter.com/apralky/status/1800568527839232205,https://twitter.com/apralky/status/1800568527839232205,https://twitter.com/apralky/status/1800568527839232205,,,,application/json,-,2X47JSLNU5XAAO637DAWM3OMELUFXPAS,1399
"com,twitter)/apralky/status/1800401295947559221",20240611053453,,https://web.archive.org/web/20240611053453/https://twitter.com/apralky/status/1800401295947559221,https://web.archive.org/web/20240611053453/https://twitter.com/apralky/status/1800401295947559221,https://twitter.com/apralky/status/1800401295947559221,https://twitter.com/apralky/status/1800401295947559221,,,,application/json,-,TODROBRHJE22AHMOF3SUNOYP3BHIWIMJ,1244
"com,twitter)/apralky/status/1799904998798586365",20240609204246,,https://web.archive.org/web/20240609204246/https://twitter.com/apralky/status/1799904998798586365,https://web.archive.org/web/20240609204246/https://twitter.com/apralky/status/1799904998798586365,https://twitter.com/apralky/status/1799904998798586365,https://twitter.com/apralky/status/1799904998798586365,,,,application/json,-,ZEA74QG4CCC2E2KKAKXRI5BYXVYNXUB3,966
"com,twitter)/apralky/status/1800396307577860446",20240611051504,,https://web.archive.org/web/20240611051504/https://twitter.com/apralky/status/1800396307577860446,https://web.archive.org/web/20240611051504/https://twitter.com/apralky/status/1800396307577860446,https://twitter.com/apralky/status/1800396307577860446,https://twitter.com/apralky/status/1800396307577860446,,,,application/json,-,PHZ4QC4PQTYZAGNGJBYRGSODW66MOQNO,1697
"com,twitter)/apralky/status/1800399781157572895",20240611052852,,https://web.archive.org/web/20240611052852/https://twitter.com/apralky/status/1800399781157572895,https://web.archive.org/web/20240611052852/https://twitter.com/apralky/status/1800399781157572895,https://twitter.com/apralky/status/1800399781157572895,https://twitter.com/apralky/status/1800399781157572895,,,,application/json,-,OVXWXBYVWCEPOORPNPO3TCQGD2L5HFWT,1047
"com,twitter)/apralky/status/1800569121316475046",20240611164146,,https://web.archive.org/web/20240611164146/https://twitter.com/apralky/status/1800569121316475046,https://web.archive.org/web/20240611164146/https://twitter.com/apralky/status/1800569121316475046,https://twitter.com/apralky/status/1800569121316475046,https://twitter.com/apralky/status/1800569121316475046,,,,application/json,-,IYQ37F4QQ4WIMITBV5M4A5LAZYLAHEDF,905
"com,twitter)/apralky/status/1800530983265161288",20240611141013,,https://web.archive.org/web/20240611141013/https://twitter.com/apralky/status/1800530983265161288,https://web.archive.org/web/20240611141013/https://twitter.com/apralky/status/1800530983265161288,https://twitter.com/apralky/status/1800530983265161288,https://twitter.com/apralky/status/1800530983265161288,,,,application/json,-,BCRLQ3XTTGFCSG4SCIAEXIED2A2ZR5QI,1252
"com,twitter)/apralky/status/1800567300883616093",20240611163432,,https://web.archive.org/web/20240611163432/https://twitter.com/apralky/status/1800567300883616093,https://web.archive.org/web/20240611163432/https://twitter.com/apralky/status/1800567300883616093,https://twitter.com/apralky/status/1800567300883616093,https://twitter.com/apralky/status/1800567300883616093,,,,application/json,-,RICHJPGOFXQYNETKJ6L35VRGXJFGHY45,1953
"com,twitter)/apralky/status/1800569833672851726",20240611164435,,https://web.archive.org/web/20240611164435/https://twitter.com/apralky/status/1800569833672851726,https://web.archive.org/web/20240611164435/https://twitter.com/apralky/status/1800569833672851726,https://twitter.com/apralky/status/1800569833672851726,https://twitter.com/apralky/status/1800569833672851726,,,,application/json,-,TTY77ZR5W4OLHMQUEG7ETXJRWJ5XDSWV,1051
"com,twitter)/apralky/status/1800754885098361081",20240612045955,,https://web.archive.org/web/20240612045955/https://twitter.com/apralky/status/1800754885098361081,https://web.archive.org/web/20240612045955/https://twitter.com/apralky/status/1800754885098361081,https://twitter.com/apralky/status/1800754885098361081,https://twitter.com/apralky/status/1800754885098361081,,,,application/json,-,4ANKO6DCRYMAPE2PEQRE7KTZW4JV4KUO,1524
"com,twitter)/apralky/status/1800755073070293197",20240612050040,,https://web.archive.org/web/20240612050040/https://twitter.com/apralky/status/1800755073070293197,https://web.archive.org/web/20240612050040/https://twitter.com/apralky/status/1800755073070293197,https://twitter.com/apralky/status/1800755073070293197,https://twitter.com/apralky/status/1800755073070293197,,,,application/json,-,KY4VUWTMK4DAZJKCYVO7L3A77XUJLSNG,1511
"com,twitter)/apralky/status/1800569950173810935",20240611164503,,https://web.archive.org/web/20240611164503/https://twitter.com/apralky/status/1800569950173810935,https://web.archive.org/web/20240611164503/https://twitter.com/apralky/status/1800569950173810935,https://twitter.com/apralky/status/1800569950173810935,https://twitter.com/apralky/status/1800569950173810935,,,,application/json,-,IGHVXW2QOSPRZZ3XIBUMD5OVEPD6VIAP,1255
"com,twitter)/apralky/status/1800574318369284552",20240611170225,,https://web.archive.org/web/20240611170225/https://twitter.com/apralky/status/1800574318369284552,https://web.archive.org/web/20240611170225/https://twitter.com/apralky/status/1800574318369284552,https://twitter.com/apralky/status/1800574318369284552,https://twitter.com/apralky/status/1800574318369284552,,,,application/json,-,LXORAF6H5SZV3ZJA6TNNWYXSTYPODIIC,1094
"com,twitter)/apralky/status/1800572361181417842",20240611165438,,https://web.archive.org/web/20240611165438/https://twitter.com/apralky/status/1800572361181417842,https://web.archive.org/web/20240611165438/https://twitter.com/apralky/status/1800572361181417842,https://twitter.com/apralky/status/1800572361181417842,https://twitter.com/apralky/status/1800572361181417842,,,,application/json,-,OYQ7IIKO7JO7WQ7AF4AH6JNE2PAKK5LZ,1032
"com,twitter)/apralky/status/1800753950099931624",20240612045612,,https://web.archive.org/web/20240612045612/https://twitter.com/apralky/status/1800753950099931624,https://web.archive.org/web/20240612045612/https://twitter.com/apralky/status/1800753950099931624,https://twitter.com/apralky/status/1800753950099931624,https://twitter.com/apralky/status/1800753950099931624,,,,application/json,-,AUD4QHAXJ6TRYOLW2I2ABPYQ3UKTKNVC,1517
"com,twitter)/apralky/status/1800755575891931595",20240612050240,,https://web.archive.org/web/20240612050240/https://twitter.com/apralky/status/1800755575891931595,https://web.archive.org/web/20240612050240/https://twitter.com/apralky/status/1800755575891931595,https://twitter.com/apralky/status/1800755575891931595,https://twitter.com/apralky/status/1800755575891931595,,,,application/json,-,U3376OKSP63TAKDX5RXYV6HRKWYANYOS,1662
"com,twitter)/apralky/status/1800755302914040306",20240612050135,,https://web.archive.org/web/20240612050135/https://twitter.com/apralky/status/1800755302914040306,https://web.archive.org/web/20240612050135/https://twitter.com/apralky/status/1800755302914040306,https://twitter.com/apralky/status/1800755302914040306,https://twitter.com/apralky/status/1800755302914040306,,,,application/json,-,QBWRGDABO4R5RK7QOOSESONMAEBG6Y75,1692
"com,twitter)/apralky/status/1800849947543339373",20240612111740,,https://web.archive.org/web/20240612111740/https://twitter.com/apralky/status/1800849947543339373,https://web.archive.org/web/20240612111740/https://twitter.com/apralky/status/1800849947543339373,https://twitter.com/apralky/status/1800849947543339373,https://twitter.com/apralky/status/1800849947543339373,,,,application/json,-,BVMI3FA4WJ6FQILFQUWXKDV2QIQ2FH4D,1634
"com,twitter)/apralky/status/1800938072730665104",20240612170751,,https://web.archive.org/web/20240612170751/https://twitter.com/apralky/status/1800938072730665104,https://web.archive.org/web/20240612170751/https://twitter.com/apralky/status/1800938072730665104,https://twitter.com/apralky/status/1800938072730665104,https://twitter.com/apralky/status/1800938072730665104,,,,application/json,-,UI3GTVHFWC2OLEK7HLU77MZN4TYPM2ID,1615
"com,twitter)/apralky/status/1801183442270671029",20240613092251,,https://web.archive.org/web/20240613092251/https://twitter.com/apralky/status/1801183442270671029,https://web.archive.org/web/20240613092251/https://twitter.com/apralky/status/1801183442270671029,https://twitter.com/apralky/status/1801183442270671029,https://twitter.com/apralky/status/1801183442270671029,,,,application/json,-,H4RB7CWDYO2HGZQOA7UQIIVUGAUJPO65,927
"com,twitter)/apralky/status/1800937003699105940",20240612170336,,https://web.archive.org/web/20240612170336/https://twitter.com/apralky/status/1800937003699105940,https://web.archive.org/web/20240612170336/https://twitter.com/apralky/status/1800937003699105940,https://twitter.com/apralky/status/1800937003699105940,https://twitter.com/apralky/status/1800937003699105940,,,,application/json,-,NTLC7XI4F6QEV2IAVCQLYL4C3K45PGE7,1385
"com,twitter)/apralky/status/1800933907606524316",20240612165117,,https://web.archive.org/web/20240612165117/https://twitter.com/apralky/status/1800933907606524316,https://web.archive.org/web/20240612165117/https://twitter.com/apralky/status/1800933907606524316,https://twitter.com/apralky/status/1800933907606524316,https://twitter.com/apralky/status/1800933907606524316,,,,application/json,-,T3QV27L5UFMB5L7OYUEUA56SKMEZ43QR,958
"com,twitter)/apralky/status/1800938779361906697",20240612171039,,https://web.archive.org/web/20240612171039/https://twitter.com/apralky/status/1800938779361906697,https://web.archive.org/web/20240612171039/https://twitter.com/apralky/status/1800938779361906697,https://twitter.com/apralky/status/1800938779361906697,https://twitter.com/apralky/status/1800938779361906697,,,,application/json,-,5WIJNGH5L5WN4HB3MJ52ZJIN5HGR2HZ7,1275
"com,twitter)/apralky/status/1801309047083171856",20240613174158,,https://web.archive.org/web/20240613174158/https://twitter.com/apralky/status/1801309047083171856,https://web.archive.org/web/20240613174158/https://twitter.com/apralky/status/1801309047083171856,https://twitter.com/apralky/status/1801309047083171856,https://twitter.com/apralky/status/1801309047083171856,,,,application/json,-,4BO3R44H57BUN3MPZUAEZNEYJ5TREVT2,1322
"com,twitter)/apralky/status/1800939293554192414",20240612171242,,https://web.archive.org/web/20240612171242/https://twitter.com/apralky/status/1800939293554192414,https://web.archive.org/web/20240612171242/https://twitter.com/apralky/status/1800939293554192414,https://twitter.com/apralky/status/1800939293554192414,https://twitter.com/apralky/status/1800939293554192414,,,,application/json,-,JXNAMNT63KN7S5RXRNJEERXAIBFJVFBU,2152
"com,twitter)/apralky/status/1800974660491935992",20240612193314,,https://web.archive.org/web/20240612193314/https://twitter.com/apralky/status/1800974660491935992,https://web.archive.org/web/20240612193314/https://twitter.com/apralky/status/1800974660491935992,https://twitter.com/apralky/status/1800974660491935992,https://twitter.com/apralky/status/1800974660491935992,,,,application/json,-,LBAELF4XEVAKLGEDVHPEDG7EWGC3B4KY,884
"com,twitter)/apralky/status/1800949547847520369",20240612175326,,https://web.archive.org/web/20240612175326/https://twitter.com/apralky/status/1800949547847520369,https://web.archive.org/web/20240612175326/https://twitter.com/apralky/status/1800949547847520369,https://twitter.com/apralky/status/1800949547847520369,https://twitter.com/apralky/status/1800949547847520369,,,,application/json,-,TYNXDBBTPUYPUGNIIZNPK3ONFW6SMFF5,1670
"com,twitter)/apralky/status/1801313739842666614",20240613180037,,https://web.archive.org/web/20240613180037/https://twitter.com/apralky/status/1801313739842666614,https://web.archive.org/web/20240613180037/https://twitter.com/apralky/status/1801313739842666614,https://twitter.com/apralky/status/1801313739842666614,https://twitter.com/apralky/status/1801313739842666614,,,,application/json,-,KEQBNR3TQV7G43MY74LBEQDJYYMDV7ZW,1539
"com,twitter)/apralky/status/1801308738646683722",20240613174044,,https://web.archive.org/web/20240613174044/https://twitter.com/apralky/status/1801308738646683722,https://web.archive.org/web/20240613174044/https://twitter.com/apralky/status/1801308738646683722,https://twitter.com/apralky/status/1801308738646683722,https://twitter.com/apralky/status/1801308738646683722,,,,application/json,-,TCS7Z45RXRE2WO7JDKQA7YW5ELYIR7IV,996
"com,twitter)/apralky/status/1801340196912283851",20240613194544,,https://web.archive.org/web/20240613194544/https://twitter.com/apralky/status/1801340196912283851,https://web.archive.org/web/20240613194544/https://twitter.com/apralky/status/1801340196912283851,https://twitter.com/apralky/status/1801340196912283851,https://twitter.com/apralky/status/1801340196912283851,,,,application/json,-,WAHUB7JUTHBWQTXG7LNG7ZKAGXNYMP47,965
"com,twitter)/apralky/status/1801308908188774470",20240613174125,,https://web.archive.org/web/20240613174125/https://twitter.com/apralky/status/1801308908188774470,https://web.archive.org/web/20240613174125/https://twitter.com/apralky/status/1801308908188774470,https://twitter.com/apralky/status/1801308908188774470,https://twitter.com/apralky/status/1801308908188774470,,,,application/json,-,PJU5KJB6UVARSNCBEHJPWI5FVX4CVGV5,1111
"com,twitter)/apralky/status/1801340687427789016",20240613194741,,https://web.archive.org/web/20240613194741/https://twitter.com/apralky/status/1801340687427789016,https://web.archive.org/web/20240613194741/https://twitter.com/apralky/status/1801340687427789016,https://twitter.com/apralky/status/1801340687427789016,https://twitter.com/apralky/status/1801340687427789016,,,,application/json,-,RHDABRDDUV2MP23WMYGU3ROXNL7EISHO,1581
"com,twitter)/apralky/status/1801569075258143185",20240614105513,,https://web.archive.org/web/20240614105513/https://twitter.com/apralky/status/1801569075258143185,https://web.archive.org/web/20240614105513/https://twitter.com/apralky/status/1801569075258143185,https://twitter.com/apralky/status/1801569075258143185,https://twitter.com/apralky/status/1801569075258143185,,,,application/json,-,ITEKNDXTWYYICSAYHMEWKZYXJY7JPTFM,1450
"com,twitter)/apralky/status/1801340450969649492",20240613194645,,https://web.archive.org/web/20240613194645/https://twitter.com/apralky/status/1801340450969649492,https://web.archive.org/web/20240613194645/https://twitter.com/apralky/status/1801340450969649492,https://twitter.com/apralky/status/1801340450969649492,https://twitter.com/apralky/status/1801340450969649492,,,,application/json,-,NKM36D4AQRCGIX2MTBMPAIFSMRKK5LZ4,1110
"com,twitter)/apralky/status/1801668477863752099",20240614173013,,https://web.archive.org/web/20240614173013/https://twitter.com/apralky/status/1801668477863752099,https://web.archive.org/web/20240614173013/https://twitter.com/apralky/status/1801668477863752099,https://twitter.com/apralky/status/1801668477863752099,https://twitter.com/apralky/status/1801668477863752099,,,,application/json,-,2UMPXJHJESNLE3XMZA2HY5M2K4FMRYGJ,1600
"com,twitter)/apralky/status/1803290660100821244",20240619045611,,https://web.archive.org/web/20240619045611/https://twitter.com/apralky/status/1803290660100821244,https://web.archive.org/web/20240619045611/https://twitter.com/apralky/status/1803290660100821244,https://twitter.com/apralky/status/1803290660100821244,https://twitter.com/apralky/status/1803290660100821244,,,,application/json,-,IKSVX3VSXX6AC2BKFYC6GZTJKQOZEE2F,1479
"com,twitter)/apralky/status/1801341325847183460",20240613195014,,https://web.archive.org/web/20240613195014/https://twitter.com/apralky/status/1801341325847183460,https://web.archive.org/web/20240613195014/https://twitter.com/apralky/status/1801341325847183460,https://twitter.com/apralky/status/1801341325847183460,https://twitter.com/apralky/status/1801341325847183460,,,,application/json,-,2RZ7NDGA24VHNPCUOU3I4UXSQYBPLR3N,1521
"com,twitter)/apralky/status/1801360030299734489",20240613210433,,https://web.archive.org/web/20240613210433/https://twitter.com/apralky/status/1801360030299734489,https://web.archive.org/web/20240613210433/https://twitter.com/apralky/status/1801360030299734489,https://twitter.com/apralky/status/1801360030299734489,https://twitter.com/apralky/status/1801360030299734489,,,,application/json,-,56WCEVSDQOAJNNCZAODULRVO3TJSDIGE,1647
"com,twitter)/apralky/status/1801568143581540427",20240614105131,,https://web.archive.org/web/20240614105131/https://twitter.com/apralky/status/1801568143581540427,https://web.archive.org/web/20240614105131/https://twitter.com/apralky/status/1801568143581540427,https://twitter.com/apralky/status/1801568143581540427,https://twitter.com/apralky/status/1801568143581540427,,,,application/json,-,4AV3VE5J4SLSOEQFJ4D7ZM2YKXJBUG4U,2083
"com,twitter)/apralky/status/1801344238799446329",20240613200148,,https://web.archive.org/web/20240613200148/https://twitter.com/apralky/status/1801344238799446329,https://web.archive.org/web/20240613200148/https://twitter.com/apralky/status/1801344238799446329,https://twitter.com/apralky/status/1801344238799446329,https://twitter.com/apralky/status/1801344238799446329,,,,application/json,-,XZRCHXNOAYRE74S5ERIPMXAP2JJIWWTM,1625
"com,twitter)/apralky/status/1801569347904688323",20240614105618,,https://web.archive.org/web/20240614105618/https://twitter.com/apralky/status/1801569347904688323,https://web.archive.org/web/20240614105618/https://twitter.com/apralky/status/1801569347904688323,https://twitter.com/apralky/status/1801569347904688323,https://twitter.com/apralky/status/1801569347904688323,,,,application/json,-,AHCFD2VNIFLNGCKSY5YMC4OAAUUZSMXJ,1462
"com,twitter)/apralky/status/1803478493755326886",20240619172234,,https://web.archive.org/web/20240619172234/https://twitter.com/apralky/status/1803478493755326886,https://web.archive.org/web/20240619172234/https://twitter.com/apralky/status/1803478493755326886,https://twitter.com/apralky/status/1803478493755326886,https://twitter.com/apralky/status/1803478493755326886,,,,application/json,-,PT2QTE4KWLAJ3ZI3LE4BBV4CZDGFNR3P,1493
"com,twitter)/apralky/status/1801658675527860459",20240614165116,,https://web.archive.org/web/20240614165116/https://twitter.com/apralky/status/1801658675527860459,https://web.archive.org/web/20240614165116/https://twitter.com/apralky/status/1801658675527860459,https://twitter.com/apralky/status/1801658675527860459,https://twitter.com/apralky/status/1801658675527860459,,,,application/json,-,7YSRY6N6NXVPBMNUDOTW4WE3XLJ2OB72,1531
"com,twitter)/apralky/status/1803478777948672336",20240619172342,,https://web.archive.org/web/20240619172342/https://twitter.com/apralky/status/1803478777948672336,https://web.archive.org/web/20240619172342/https://twitter.com/apralky/status/1803478777948672336,https://twitter.com/apralky/status/1803478777948672336,https://twitter.com/apralky/status/1803478777948672336,,,,application/json,-,KDWYIL4XRDVFU27DBKGKN3RCX6ECWSPB,2968
"com,twitter)/apralky/status/1803653169869623334",20240620045640,,https://web.archive.org/web/20240620045640/https://twitter.com/apralky/status/1803653169869623334,https://web.archive.org/web/20240620045640/https://twitter.com/apralky/status/1803653169869623334,https://twitter.com/apralky/status/1803653169869623334,https://twitter.com/apralky/status/1803653169869623334,,,,application/json,-,WM6VQ4UMSYHC53HBYROUJZPQEEOYU7QS,1329
"com,twitter)/apralky/status/1803299246101164172",20240619053018,,https://web.archive.org/web/20240619053018/https://twitter.com/apralky/status/1803299246101164172,https://web.archive.org/web/20240619053018/https://twitter.com/apralky/status/1803299246101164172,https://twitter.com/apralky/status/1803299246101164172,https://twitter.com/apralky/status/1803299246101164172,,,,application/json,-,MAN3DNNPNR3YVKCKEDSG47W75GHOOTG6,1300
"com,twitter)/apralky/status/1804256949095076312",20240621205552,,https://web.archive.org/web/20240621205552/https://twitter.com/apralky/status/1804256949095076312,https://web.archive.org/web/20240621205552/https://twitter.com/apralky/status/1804256949095076312,https://twitter.com/apralky/status/1804256949095076312,https://twitter.com/apralky/status/1804256949095076312,,,,application/json,-,OCPNNVJQGEC6C5MYEAG3QNC7TVRLN75V,1135
"com,twitter)/apralky/status/1803490489145913844",20240619181014,,https://web.archive.org/web/20240619181014/https://twitter.com/apralky/status/1803490489145913844,https://web.archive.org/web/20240619181014/https://twitter.com/apralky/status/1803490489145913844,https://twitter.com/apralky/status/1803490489145913844,https://twitter.com/apralky/status/1803490489145913844,,,,application/json,-,E5GKGC3D5EO6BGTKG7H6WVVILER7UWS5,934
"com,twitter)/apralky/status/1804629696249807289",20240622213702,,https://web.archive.org/web/20240622213702/https://twitter.com/apralky/status/1804629696249807289,https://web.archive.org/web/20240622213702/https://twitter.com/apralky/status/1804629696249807289,https://twitter.com/apralky/status/1804629696249807289,https://twitter.com/apralky/status/1804629696249807289,,,,application/json,-,H53EDQE6IBHVE3COIATIWCIXMFUE6Y2C,1570
"com,twitter)/apralky/status/1804674435112181945",20240623003449,,https://web.archive.org/web/20240623003449/https://twitter.com/apralky/status/1804674435112181945,https://web.archive.org/web/20240623003449/https://twitter.com/apralky/status/1804674435112181945,https://twitter.com/apralky/status/1804674435112181945,https://twitter.com/apralky/status/1804674435112181945,,,,application/json,-,LBXEBQXEXNVA47J4SQUY4T2GMVGX45LV,938
"com,twitter)/apralky/status/1803655026646155584",20240620050403,,https://web.archive.org/web/20240620050403/https://twitter.com/apralky/status/1803655026646155584,https://web.archive.org/web/20240620050403/https://twitter.com/apralky/status/1803655026646155584,https://twitter.com/apralky/status/1803655026646155584,https://twitter.com/apralky/status/1803655026646155584,,,,application/json,-,2FL666IRZVOCZYSIJHYKSXN6EXA6KNCS,1561
"com,twitter)/apralky/status/1804679198503772221",20240623005344,,https://web.archive.org/web/20240623005344/https://twitter.com/apralky/status/1804679198503772221,https://web.archive.org/web/20240623005344/https://twitter.com/apralky/status/1804679198503772221,https://twitter.com/apralky/status/1804679198503772221,https://twitter.com/apralky/status/1804679198503772221,,,,application/json,-,45RIBYLUJKDKX4MZNTWGL2GSPFVFRMNF,1391
"com,twitter)/apralky/status/1804011556016968043",20240621044046,,https://web.archive.org/web/20240621044046/https://twitter.com/apralky/status/1804011556016968043,https://web.archive.org/web/20240621044046/https://twitter.com/apralky/status/1804011556016968043,https://twitter.com/apralky/status/1804011556016968043,https://twitter.com/apralky/status/1804011556016968043,,,,application/json,-,4XW2P5ETCBK5RBZ5LQ2WOANRP2DMKV2X,1395
"com,twitter)/apralky/status/1804011848280191069",20240621044156,,https://web.archive.org/web/20240621044156/https://twitter.com/apralky/status/1804011848280191069,https://web.archive.org/web/20240621044156/https://twitter.com/apralky/status/1804011848280191069,https://twitter.com/apralky/status/1804011848280191069,https://twitter.com/apralky/status/1804011848280191069,,,,application/json,-,JAUCGGKUARZLA377ETZG27FUMOQB2EOQ,1265
"com,twitter)/apralky/status/1804011979561963555",20240621044227,,https://web.archive.org/web/20240621044227/https://twitter.com/apralky/status/1804011979561963555,https://web.archive.org/web/20240621044227/https://twitter.com/apralky/status/1804011979561963555,https://twitter.com/apralky/status/1804011979561963555,https://twitter.com/apralky/status/1804011979561963555,,,,application/json,-,EE32CGEKSKU7RQZCDM757OY5OZDQXCYQ,1353
"com,twitter)/apralky/status/1804680913462472977",20240623010033,,https://web.archive.org/web/20240623010033/https://twitter.com/apralky/status/1804680913462472977,https://web.archive.org/web/20240623010033/https://twitter.com/apralky/status/1804680913462472977,https://twitter.com/apralky/status/1804680913462472977,https://twitter.com/apralky/status/1804680913462472977,,,,application/json,-,PRMPQSVEMAPPYWA3VYMIIHPRJ6XEZZN6,1051
"com,twitter)/apralky/status/1804910915923362038",20240623161430,,https://web.archive.org/web/20240623161430/https://twitter.com/apralky/status/1804910915923362038,https://web.archive.org/web/20240623161430/https://twitter.com/apralky/status/1804910915923362038,https://twitter.com/apralky/status/1804910915923362038,https://twitter.com/apralky/status/1804910915923362038,,,,application/json,-,LCO25LLBJUS6V6KR22VGWVIDUGUQHEAC,1391
"com,twitter)/apralky/status/1804672629791428747",20240623002738,,https://web.archive.org/web/20240623002738/https://twitter.com/apralky/status/1804672629791428747,https://web.archive.org/web/20240623002738/https://twitter.com/apralky/status/1804672629791428747,https://twitter.com/apralky/status/1804672629791428747,https://twitter.com/apralky/status/1804672629791428747,,,,application/json,-,QCJKLQRD4HIRUTNFSU7KDPZQUINFSXL3,873
"com,twitter)/apralky/status/1804910947309367654",20240623161438,,https://web.archive.org/web/20240623161438/https://twitter.com/apralky/status/1804910947309367654,https://web.archive.org/web/20240623161438/https://twitter.com/apralky/status/1804910947309367654,https://twitter.com/apralky/status/1804910947309367654,https://twitter.com/apralky/status/1804910947309367654,,,,application/json,-,XTUX7USWYVQETFCPZ3Z652STTRXVCZIA,1393
"com,twitter)/apralky/status/1805463909861671060",20240625045154,,https://web.archive.org/web/20240625045154/https://twitter.com/apralky/status/1805463909861671060,https://web.archive.org/web/20240625045154/https://twitter.com/apralky/status/1805463909861671060,https://twitter.com/apralky/status/1805463909861671060,https://twitter.com/apralky/status/1805463909861671060,,,,application/json,-,S3Y5COYXUD5EPWKEIKI5TKZWLLKL7Q4A,1542
"com,twitter)/apralky/status/1805096427095257165",20240624043139,,https://web.archive.org/web/20240624043139/https://twitter.com/apralky/status/1805096427095257165,https://web.archive.org/web/20240624043139/https://twitter.com/apralky/status/1805096427095257165,https://twitter.com/apralky/status/1805096427095257165,https://twitter.com/apralky/status/1805096427095257165,,,,application/json,-,CDCPGPJR2BMOS7JO5AYUF7672ZAPISL5,1370
"com,twitter)/apralky/status/1804909417466388717",20240623160833,,https://web.archive.org/web/20240623160833/https://twitter.com/apralky/status/1804909417466388717,https://web.archive.org/web/20240623160833/https://twitter.com/apralky/status/1804909417466388717,https://twitter.com/apralky/status/1804909417466388717,https://twitter.com/apralky/status/1804909417466388717,,,,application/json,-,PDDAKHJTPP6HFZH3OZQG4R322LBN3OQ2,1355
"com,twitter)/apralky/status/1804679962454073567",20240623005647,,https://web.archive.org/web/20240623005647/https://twitter.com/apralky/status/1804679962454073567,https://web.archive.org/web/20240623005647/https://twitter.com/apralky/status/1804679962454073567,https://twitter.com/apralky/status/1804679962454073567,https://twitter.com/apralky/status/1804679962454073567,,,,application/json,-,3IRASJNDA3O7OKXPXTGMXGXKYFSERVKI,1252
"com,twitter)/apralky/status/1806073548370329611",20240626211423,,https://web.archive.org/web/20240626211423/https://twitter.com/apralky/status/1806073548370329611,https://web.archive.org/web/20240626211423/https://twitter.com/apralky/status/1806073548370329611,https://twitter.com/apralky/status/1806073548370329611,https://twitter.com/apralky/status/1806073548370329611,,,,application/json,-,3E34HRNFLZUFTHLBCBQQMEN3XOBK2FDT,1123
"com,twitter)/apralky/status/1809273960401629560",20240705171141,,https://web.archive.org/web/20240705171141/https://twitter.com/apralky/status/1809273960401629560,https://web.archive.org/web/20240705171141/https://twitter.com/apralky/status/1809273960401629560,https://twitter.com/apralky/status/1809273960401629560,https://twitter.com/apralky/status/1809273960401629560,,,,application/json,-,LSCPLF4COUXW7ZBITXZOLD5VMJM6BVA7,1328
"com,twitter)/apralky/status/1805303174384746920",20240624181312,,https://web.archive.org/web/20240624181312/https://twitter.com/apralky/status/1805303174384746920,https://web.archive.org/web/20240624181312/https://twitter.com/apralky/status/1805303174384746920,https://twitter.com/apralky/status/1805303174384746920,https://twitter.com/apralky/status/1805303174384746920,,,,application/json,-,GWIHD5OSJYRUUSN2F5I6EK364WBEITDO,1056
"com,twitter)/apralky/status/1805489837912261092",20240625063456,,https://web.archive.org/web/20240625063456/https://twitter.com/apralky/status/1805489837912261092,https://web.archive.org/web/20240625063456/https://twitter.com/apralky/status/1805489837912261092,https://twitter.com/apralky/status/1805489837912261092,https://twitter.com/apralky/status/1805489837912261092,,,,application/json,-,62NUZWCRK6GGTXKLKR2ELQM3UGGKK25B,1499
"com,twitter)/apralky/status/1809274067502993611",20240705171207,,https://web.archive.org/web/20240705171207/https://twitter.com/apralky/status/1809274067502993611,https://web.archive.org/web/20240705171207/https://twitter.com/apralky/status/1809274067502993611,https://twitter.com/apralky/status/1809274067502993611,https://twitter.com/apralky/status/1809274067502993611,,,,application/json,-,J5TOEOWDBU75UPJU2X5FZOJBCI4FTFU6,1167
"com,twitter)/apralky/status/1807658630579130635",20240701061256,,https://web.archive.org/web/20240701061256/https://twitter.com/apralky/status/1807658630579130635,https://web.archive.org/web/20240701061256/https://twitter.com/apralky/status/1807658630579130635,https://twitter.com/apralky/status/1807658630579130635,https://twitter.com/apralky/status/1807658630579130635,,,,application/json,-,2CRLS3RTN3RDADPJ4O4KFJS554YBMGSD,2031
"com,twitter)/apralky/status/1809280437371404373",20240705173725,,https://web.archive.org/web/20240705173725/https://twitter.com/apralky/status/1809280437371404373,https://web.archive.org/web/20240705173725/https://twitter.com/apralky/status/1809280437371404373,https://twitter.com/apralky/status/1809280437371404373,https://twitter.com/apralky/status/1809280437371404373,,,,application/json,-,ATGNEYUFHWN5WXOVUTL567Z3AFPG542R,1311
"com,twitter)/apralky/status/1808126209689006427",20240702131056,,https://web.archive.org/web/20240702131056/https://twitter.com/apralky/status/1808126209689006427,https://web.archive.org/web/20240702131056/https://twitter.com/apralky/status/1808126209689006427,https://twitter.com/apralky/status/1808126209689006427,https://twitter.com/apralky/status/1808126209689006427,,,,application/json,-,UWVIYSK6XFEIMCOPN3QZV2FIKZXJBEZU,1761
"com,twitter)/apralky/status/1809281652809433100",20240705174215,,https://web.archive.org/web/20240705174215/https://twitter.com/apralky/status/1809281652809433100,https://web.archive.org/web/20240705174215/https://twitter.com/apralky/status/1809281652809433100,https://twitter.com/apralky/status/1809281652809433100,https://twitter.com/apralky/status/1809281652809433100,,,,application/json,-,KRHFA47MOHW2SCIPTTQBFVBAAMIZ6446,1239
"com,twitter)/apralky/status/1809282755533893831",20240705174638,,https://web.archive.org/web/20240705174638/https://twitter.com/apralky/status/1809282755533893831,https://web.archive.org/web/20240705174638/https://twitter.com/apralky/status/1809282755533893831,https://twitter.com/apralky/status/1809282755533893831,https://twitter.com/apralky/status/1809282755533893831,,,,application/json,-,JRROS5HZM5CHUQ4MME3S3E4ZQG7ENOGM,1041
"com,twitter)/apralky/status/1809275312145870865",20240705171703,,https://web.archive.org/web/20240705171703/https://twitter.com/apralky/status/1809275312145870865,https://web.archive.org/web/20240705171703/https://twitter.com/apralky/status/1809275312145870865,https://twitter.com/apralky/status/1809275312145870865,https://twitter.com/apralky/status/1809275312145870865,,,,application/json,-,IMMKGSNGWIK5WLEFBEE7UKPO7XRFXWU7,990
"com,twitter)/apralky/status/1809280003189743918",20240705173542,,https://web.archive.org/web/20240705173542/https://twitter.com/apralky/status/1809280003189743918,https://web.archive.org/web/20240705173542/https://twitter.com/apralky/status/1809280003189743918,https://twitter.com/apralky/status/1809280003189743918,https://twitter.com/apralky/status/1809280003189743918,,,,application/json,-,SF4JO2DG22HAWEWB74MDKKOXIU5AXYJM,1277
"com,twitter)/apralky/status/1809274253839077553",20240705171251,,https://web.archive.org/web/20240705171251/https://twitter.com/apralky/status/1809274253839077553,https://web.archive.org/web/20240705171251/https://twitter.com/apralky/status/1809274253839077553,https://twitter.com/apralky/status/1809274253839077553,https://twitter.com/apralky/status/1809274253839077553,,,,application/json,-,HQN6ZLPXSACIDU56JWGNNAVSD5YMW5IT,1338
"com,twitter)/apralky/status/1809286737010598084",20240705180227,,https://web.archive.org/web/20240705180227/https://twitter.com/apralky/status/1809286737010598084,https://web.archive.org/web/20240705180227/https://twitter.com/apralky/status/1809286737010598084,https://twitter.com/apralky/status/1809286737010598084,https://twitter.com/apralky/status/1809286737010598084,,,,application/json,-,A5ADEJX6BAYUGYUDHPGALV63YK5TCY4S,1428
"com,twitter)/apralky/status/1809290165141094681",20240705181605,,https://web.archive.org/web/20240705181605/https://twitter.com/apralky/status/1809290165141094681,https://web.archive.org/web/20240705181605/https://twitter.com/apralky/status/1809290165141094681,https://twitter.com/apralky/status/1809290165141094681,https://twitter.com/apralky/status/1809290165141094681,,,,application/json,-,BY6P3QY6AXCVJUY6LLBF5U6EZZAEEIC4,1707
"com,twitter)/apralky/status/1809284103591580009",20240705175159,,https://web.archive.org/web/20240705175159/https://twitter.com/apralky/status/1809284103591580009,https://web.archive.org/web/20240705175159/https://twitter.com/apralky/status/1809284103591580009,https://twitter.com/apralky/status/1809284103591580009,https://twitter.com/apralky/status/1809284103591580009,,,,application/json,-,IBEIDNZ65FBJNLRDLAQJ4N7I5LPTTZO3,940
"com,twitter)/apralky/status/1809525292223852867",20240706095023,,https://web.archive.org/web/20240706095023/https://twitter.com/apralky/status/1809525292223852867,https://web.archive.org/web/20240706095023/https://twitter.com/apralky/status/1809525292223852867,https://twitter.com/apralky/status/1809525292223852867,https://twitter.com/apralky/status/1809525292223852867,,,,application/json,-,LR26XWGFSSMYZQVY5AHCIR4TH56FNMWZ,1301
"com,twitter)/apralky/status/1809289107274653979",20240705181152,,https://web.archive.org/web/20240705181152/https://twitter.com/apralky/status/1809289107274653979,https://web.archive.org/web/20240705181152/https://twitter.com/apralky/status/1809289107274653979,https://twitter.com/apralky/status/1809289107274653979,https://twitter.com/apralky/status/1809289107274653979,,,,application/json,-,PQCE6ENEUKYH3CH3ENNODKJUCIZQRRWW,1229
"com,twitter)/apralky/status/1809289721081684036",20240705181419,,https://web.archive.org/web/20240705181419/https://twitter.com/apralky/status/1809289721081684036,https://web.archive.org/web/20240705181419/https://twitter.com/apralky/status/1809289721081684036,https://twitter.com/apralky/status/1809289721081684036,https://twitter.com/apralky/status/1809289721081684036,,,,application/json,-,K2FFZSIKINHLNIDDIATGB5C2RWQQCIYW,1448
"com,twitter)/apralky/status/1809289868171976969",20240705181454,,https://web.archive.org/web/20240705181454/https://twitter.com/apralky/status/1809289868171976969,https://web.archive.org/web/20240705181454/https://twitter.com/apralky/status/1809289868171976969,https://twitter.com/apralky/status/1809289868171976969,https://twitter.com/apralky/status/1809289868171976969,,,,application/json,-,WDILEPXJVN5MQYATQIRCTAZBGYSP23NS,1415
"com,twitter)/apralky/status/1809289868171976969",20240705181454,,https://web.archive.org/web/20240705181454/https://twitter.com/apralky/status/1809289868171976969,https://web.archive.org/web/20240705181454/https://twitter.com/apralky/status/1809289868171976969,https://twitter.com/apralky/status/1809289868171976969,https://twitter.com/apralky/status/1809289868171976969,,,,application/json,-,WDILEPXJVN5MQYATQIRCTAZBGYSP23NS,1415
"com,twitter)/apralky/status/1809553142561861656",20240706114103,,https://web.archive.org/web/20240706114103/https://twitter.com/apralky/status/1809553142561861656,https://web.archive.org/web/20240706114103/https://twitter.com/apralky/status/1809553142561861656,https://twitter.com/apralky/status/1809553142561861656,https://twitter.com/apralky/status/1809553142561861656,,,,application/json,-,TQTRWVAXLN2NZELWQ7F5APGWL25R7DYL,1422
"com,twitter)/apralky/status/1809374056346497433",20240705234926,,https://web.archive.org/web/20240705234926/https://twitter.com/apralky/status/1809374056346497433,https://web.archive.org/web/20240705234926/https://twitter.com/apralky/status/1809374056346497433,https://twitter.com/apralky/status/1809374056346497433,https://twitter.com/apralky/status/1809374056346497433,,,,application/json,-,MSFODNYOKJRQ4S4Z6EWTAB7EDDYRVIPC,1386
"com,twitter)/apralky/status/1809523945151873133",20240706094502,,https://web.archive.org/web/20240706094502/https://twitter.com/apralky/status/1809523945151873133,https://web.archive.org/web/20240706094502/https://twitter.com/apralky/status/1809523945151873133,https://twitter.com/apralky/status/1809523945151873133,https://twitter.com/apralky/status/1809523945151873133,,,,application/json,-,3G3AVZRE6ABO4XCB6UVC52BRV74GW4YS,1988
"com,twitter)/apralky/status/1809554774137692479",20240706114732,,https://web.archive.org/web/20240706114732/https://twitter.com/apralky/status/1809554774137692479,https://web.archive.org/web/20240706114732/https://twitter.com/apralky/status/1809554774137692479,https://twitter.com/apralky/status/1809554774137692479,https://twitter.com/apralky/status/1809554774137692479,,,,application/json,-,6X2LT6D5ZVYJPT2ZGTXL2TNPFNC3Z6WW,996
"com,twitter)/apralky/status/1809571251662274761",20240706125301,,https://web.archive.org/web/20240706125301/https://twitter.com/apralky/status/1809571251662274761,https://web.archive.org/web/20240706125301/https://twitter.com/apralky/status/1809571251662274761,https://twitter.com/apralky/status/1809571251662274761,https://twitter.com/apralky/status/1809571251662274761,,,,application/json,-,MYUHG5LP2YW3FFALPTLMJYXC6FSOPGNA,1020
"com,twitter)/apralky/status/1809553175554277636",20240706114111,,https://web.archive.org/web/20240706114111/https://twitter.com/apralky/status/1809553175554277636,https://web.archive.org/web/20240706114111/https://twitter.com/apralky/status/1809553175554277636,https://twitter.com/apralky/status/1809553175554277636,https://twitter.com/apralky/status/1809553175554277636,,,,application/json,-,TKEAALZQOML7NX3KIE2Y3OGTDCRARQCK,1477
"com,twitter)/apralky/status/1809554738574234008",20240706114724,,https://web.archive.org/web/20240706114724/https://twitter.com/apralky/status/1809554738574234008,https://web.archive.org/web/20240706114724/https://twitter.com/apralky/status/1809554738574234008,https://twitter.com/apralky/status/1809554738574234008,https://twitter.com/apralky/status/1809554738574234008,,,,application/json,-,GQ6XCOR32B2Z4SLUJDCIR3KLTH37UXNG,899
"com,twitter)/apralky/status/1809583627799331191",20240706134211,,https://web.archive.org/web/20240706134211/https://twitter.com/apralky/status/1809583627799331191,https://web.archive.org/web/20240706134211/https://twitter.com/apralky/status/1809583627799331191,https://twitter.com/apralky/status/1809583627799331191,https://twitter.com/apralky/status/1809583627799331191,,,,application/json,-,7PHUZU25LEVWLYJ56FXEPXOD4A6K65GB,1345
"com,twitter)/apralky/status/1809557521608102128",20240706115827,,https://web.archive.org/web/20240706115827/https://twitter.com/apralky/status/1809557521608102128,https://web.archive.org/web/20240706115827/https://twitter.com/apralky/status/1809557521608102128,https://twitter.com/apralky/status/1809557521608102128,https://twitter.com/apralky/status/1809557521608102128,,,,application/json,-,XDAVJNLSEFIDJ7LDX2CA25OA7JKFQP4N,1976
"com,twitter)/apralky/status/1809570387207856148",20240706124935,,https://web.archive.org/web/20240706124935/https://twitter.com/apralky/status/1809570387207856148,https://web.archive.org/web/20240706124935/https://twitter.com/apralky/status/1809570387207856148,https://twitter.com/apralky/status/1809570387207856148,https://twitter.com/apralky/status/1809570387207856148,,,,application/json,-,IAYPH72MTO6YH5M7WZ7CJ7XDIUC5DBHQ,1476
"com,twitter)/apralky/status/1809558836384059569",20240706120341,,https://web.archive.org/web/20240706120341/https://twitter.com/apralky/status/1809558836384059569,https://web.archive.org/web/20240706120341/https://twitter.com/apralky/status/1809558836384059569,https://twitter.com/apralky/status/1809558836384059569,https://twitter.com/apralky/status/1809558836384059569,,,,application/json,-,ZEFEKN7PW7I3WX3LGGQD2QQPG4U7LBIE,1362
"com,twitter)/apralky/status/1809571395027730505",20240706125335,,https://web.archive.org/web/20240706125335/https://twitter.com/apralky/status/1809571395027730505,https://web.archive.org/web/20240706125335/https://twitter.com/apralky/status/1809571395027730505,https://twitter.com/apralky/status/1809571395027730505,https://twitter.com/apralky/status/1809571395027730505,,,,application/json,-,SFOXR4GVLZNXA67BNDQJDRHG6DFISVWU,1075
"com,twitter)/apralky/status/1809589689055154448",20240706140617,,https://web.archive.org/web/20240706140617/https://twitter.com/apralky/status/1809589689055154448,https://web.archive.org/web/20240706140617/https://twitter.com/apralky/status/1809589689055154448,https://twitter.com/apralky/status/1809589689055154448,https://twitter.com/apralky/status/1809589689055154448,,,,application/json,-,ZVXF4U37NFOMGU5ULXO23MQ2T5CSIUU6,1284
"com,twitter)/apralky/status/1809581066354626643",20240706133201,,https://web.archive.org/web/20240706133201/https://twitter.com/apralky/status/1809581066354626643,https://web.archive.org/web/20240706133201/https://twitter.com/apralky/status/1809581066354626643,https://twitter.com/apralky/status/1809581066354626643,https://twitter.com/apralky/status/1809581066354626643,,,,application/json,-,Q5OOUSTYGBVEGXCVT47XY4FYDTPOLZKI,1630
"com,twitter)/apralky/status/1809590012431761693",20240706140734,,https://web.archive.org/web/20240706140734/https://twitter.com/apralky/status/1809590012431761693,https://web.archive.org/web/20240706140734/https://twitter.com/apralky/status/1809590012431761693,https://twitter.com/apralky/status/1809590012431761693,https://twitter.com/apralky/status/1809590012431761693,,,,application/json,-,MZ5O62NTJTTKRYAQBQ5ON37PLAI6JOW5,1298
"com,twitter)/apralky/status/1809584090305134892",20240706134402,,https://web.archive.org/web/20240706134402/https://twitter.com/apralky/status/1809584090305134892,https://web.archive.org/web/20240706134402/https://twitter.com/apralky/status/1809584090305134892,https://twitter.com/apralky/status/1809584090305134892,https://twitter.com/apralky/status/1809584090305134892,,,,application/json,-,JCN2GO3FMSYBZ5OCZFJVD3QA27XDZTLE,1635
"com,twitter)/apralky/status/1809584524981887383",20240706134545,,https://web.archive.org/web/20240706134545/https://twitter.com/apralky/status/1809584524981887383,https://web.archive.org/web/20240706134545/https://twitter.com/apralky/status/1809584524981887383,https://twitter.com/apralky/status/1809584524981887383,https://twitter.com/apralky/status/1809584524981887383,,,,application/json,-,MRQXQXVIUAJ6KEEFV5CNJERI4YEF4LWL,931
"com,twitter)/apralky/status/1809591953157193862",20240706141516,,https://web.archive.org/web/20240706141516/https://twitter.com/apralky/status/1809591953157193862,https://web.archive.org/web/20240706141516/https://twitter.com/apralky/status/1809591953157193862,https://twitter.com/apralky/status/1809591953157193862,https://twitter.com/apralky/status/1809591953157193862,,,,application/json,-,I5EF6BXDWGUXBORNPILDPVXHC7M7QH3L,2457
"com,twitter)/apralky/status/1809586773812486536",20240706135442,,https://web.archive.org/web/20240706135442/https://twitter.com/apralky/status/1809586773812486536,https://web.archive.org/web/20240706135442/https://twitter.com/apralky/status/1809586773812486536,https://twitter.com/apralky/status/1809586773812486536,https://twitter.com/apralky/status/1809586773812486536,,,,application/json,-,K4LXUO4HHKOQTYQFLL6XBHX7YCCKOVRB,1057
"com,twitter)/apralky/status/1809593407074971808",20240706142103,,https://web.archive.org/web/20240706142103/https://twitter.com/apralky/status/1809593407074971808,https://web.archive.org/web/20240706142103/https://twitter.com/apralky/status/1809593407074971808,https://twitter.com/apralky/status/1809593407074971808,https://twitter.com/apralky/status/1809593407074971808,,,,application/json,-,WOK3NTYTNS7V3AB22R5JIFDX32EII6S3,901
"com,twitter)/apralky/status/1809593454713770005",20240706142114,,https://web.archive.org/web/20240706142114/https://twitter.com/apralky/status/1809593454713770005,https://web.archive.org/web/20240706142114/https://twitter.com/apralky/status/1809593454713770005,https://twitter.com/apralky/status/1809593454713770005,https://twitter.com/apralky/status/1809593454713770005,,,,application/json,-,UOZND4UKE6UHISMJPCKM3B24XOEAG3MY,1054
"com,twitter)/apralky/status/1809592834636353635",20240706141847,,https://web.archive.org/web/20240706141847/https://twitter.com/apralky/status/1809592834636353635,https://web.archive.org/web/20240706141847/https://twitter.com/apralky/status/1809592834636353635,https://twitter.com/apralky/status/1809592834636353635,https://twitter.com/apralky/status/1809592834636353635,,,,application/json,-,ETP23MX2NISS5EY337I2AVTMWUGCZNIM,875
"com,twitter)/apralky/status/1809596323966149006",20240706143238,,https://web.archive.org/web/20240706143238/https://twitter.com/apralky/status/1809596323966149006,https://web.archive.org/web/20240706143238/https://twitter.com/apralky/status/1809596323966149006,https://twitter.com/apralky/status/1809596323966149006,https://twitter.com/apralky/status/1809596323966149006,,,,application/json,-,7WHMB6RMZV77LA42723O5NV7O2QSGA5V,2332
"com,twitter)/apralky/status/1809590604600377415",20240706140955,,https://web.archive.org/web/20240706140955/https://twitter.com/apralky/status/1809590604600377415,https://web.archive.org/web/20240706140955/https://twitter.com/apralky/status/1809590604600377415,https://twitter.com/apralky/status/1809590604600377415,https://twitter.com/apralky/status/1809590604600377415,,,,application/json,-,CBH2WNKMW3XWV7EKP5AKJFNAP3KWDQQM,932
"com,twitter)/apralky/status/1809591953157193862",20240706141516,,https://web.archive.org/web/20240706141516/https://twitter.com/apralky/status/1809591953157193862,https://web.archive.org/web/20240706141516/https://twitter.com/apralky/status/1809591953157193862,https://twitter.com/apralky/status/1809591953157193862,https://twitter.com/apralky/status/1809591953157193862,,,,application/json,-,I5EF6BXDWGUXBORNPILDPVXHC7M7QH3L,2457
"com,twitter)/apralky/status/1809605774231867869",20240706151012,,https://web.archive.org/web/20240706151012/https://twitter.com/apralky/status/1809605774231867869,https://web.archive.org/web/20240706151012/https://twitter.com/apralky/status/1809605774231867869,https://twitter.com/apralky/status/1809605774231867869,https://twitter.com/apralky/status/1809605774231867869,,,,application/json,-,ILTTOFKP3M5EQ5FKNOY3SONYOE3YLVWY,1081
"com,twitter)/apralky/status/1809592276928037102",20240706141634,,https://web.archive.org/web/20240706141634/https://twitter.com/apralky/status/1809592276928037102,https://web.archive.org/web/20240706141634/https://twitter.com/apralky/status/1809592276928037102,https://twitter.com/apralky/status/1809592276928037102,https://twitter.com/apralky/status/1809592276928037102,,,,application/json,-,H4UAHG3T2YOVQXYOW2DSZYEEVT4ZMS5U,1917
"com,twitter)/apralky/status/1809631266758602974",20240706165129,,https://web.archive.org/web/20240706165129/https://twitter.com/apralky/status/1809631266758602974,https://web.archive.org/web/20240706165129/https://twitter.com/apralky/status/1809631266758602974,https://twitter.com/apralky/status/1809631266758602974,https://twitter.com/apralky/status/1809631266758602974,,,,application/json,-,K4DRUVL6H2PF6EMGTFKRLFRTTQOM5LA2,947
"com,twitter)/apralky/status/1809636338007789861",20240706171139,,https://web.archive.org/web/20240706171139/https://twitter.com/apralky/status/1809636338007789861,https://web.archive.org/web/20240706171139/https://twitter.com/apralky/status/1809636338007789861,https://twitter.com/apralky/status/1809636338007789861,https://twitter.com/apralky/status/1809636338007789861,,,,application/json,-,2I6OWASMFRON7C63F2BG2CNKZGMXU746,1186
"com,twitter)/apralky/status/1809631345267679424",20240706165148,,https://web.archive.org/web/20240706165148/https://twitter.com/apralky/status/1809631345267679424,https://web.archive.org/web/20240706165148/https://twitter.com/apralky/status/1809631345267679424,https://twitter.com/apralky/status/1809631345267679424,https://twitter.com/apralky/status/1809631345267679424,,,,application/json,-,SIIPXQTQHS52J5O3BMIFONFEWDJF54RN,1066
"com,twitter)/apralky/status/1809628411704324547",20240706164009,,https://web.archive.org/web/20240706164009/https://twitter.com/apralky/status/1809628411704324547,https://web.archive.org/web/20240706164009/https://twitter.com/apralky/status/1809628411704324547,https://twitter.com/apralky/status/1809628411704324547,https://twitter.com/apralky/status/1809628411704324547,,,,application/json,-,UW3FGH6NRJSXWVNXJN3EJWNKHB3MEKVR,895
"com,twitter)/apralky/status/1809637893578605014",20240706171749,,https://web.archive.org/web/20240706171749/https://twitter.com/apralky/status/1809637893578605014,https://web.archive.org/web/20240706171749/https://twitter.com/apralky/status/1809637893578605014,https://twitter.com/apralky/status/1809637893578605014,https://twitter.com/apralky/status/1809637893578605014,,,,application/json,-,GDG32CFUHMY4NSOEELHP24F3F2ALREIJ,883
"com,twitter)/apralky/status/1809626597671997605",20240706163256,,https://web.archive.org/web/20240706163256/https://twitter.com/apralky/status/1809626597671997605,https://web.archive.org/web/20240706163256/https://twitter.com/apralky/status/1809626597671997605,https://twitter.com/apralky/status/1809626597671997605,https://twitter.com/apralky/status/1809626597671997605,,,,application/json,-,OY4QSWX3NNGXCRP2WM3MZ6ZYVQEAANZG,1386
"com,twitter)/apralky/status/1809637081469137244",20240706171436,,https://web.archive.org/web/20240706171436/https://twitter.com/apralky/status/1809637081469137244,https://web.archive.org/web/20240706171436/https://twitter.com/apralky/status/1809637081469137244,https://twitter.com/apralky/status/1809637081469137244,https://twitter.com/apralky/status/1809637081469137244,,,,application/json,-,6RVQ7G7ZC65SKVZC6G2REM2CZMTOLOET,973
"com,twitter)/apralky/status/1809638246227271693",20240706171914,,https://web.archive.org/web/20240706171914/https://twitter.com/apralky/status/1809638246227271693,https://web.archive.org/web/20240706171914/https://twitter.com/apralky/status/1809638246227271693,https://twitter.com/apralky/status/1809638246227271693,https://twitter.com/apralky/status/1809638246227271693,,,,application/json,-,MJLHNOZWERAGBDKADWBPUZ3LSE6TCKNU,1231
"com,twitter)/apralky/status/1809633814815047684",20240706170137,,https://web.archive.org/web/20240706170137/https://twitter.com/apralky/status/1809633814815047684,https://web.archive.org/web/20240706170137/https://twitter.com/apralky/status/1809633814815047684,https://twitter.com/apralky/status/1809633814815047684,https://twitter.com/apralky/status/1809633814815047684,,,,application/json,-,EVMGKWFP6ERVX5LJHIW2YC6VAK4IXZCJ,956
"com,twitter)/apralky/status/1809635036515430699",20240706170628,,https://web.archive.org/web/20240706170628/https://twitter.com/apralky/status/1809635036515430699,https://web.archive.org/web/20240706170628/https://twitter.com/apralky/status/1809635036515430699,https://twitter.com/apralky/status/1809635036515430699,https://twitter.com/apralky/status/1809635036515430699,,,,application/json,-,KNDO4WZO4QRNRGLMGIXHYG4YUQ5OEB2M,1484
"com,twitter)/apralky/status/1809639402399834455",20240706172349,,https://web.archive.org/web/20240706172349/https://twitter.com/apralky/status/1809639402399834455,https://web.archive.org/web/20240706172349/https://twitter.com/apralky/status/1809639402399834455,https://twitter.com/apralky/status/1809639402399834455,https://twitter.com/apralky/status/1809639402399834455,,,,application/json,-,UHLJ43GFHMTPK5KMHFFNUFRPOQINASIG,1472
"com,twitter)/apralky/status/1809645879407591438",20240706174933,,https://web.archive.org/web/20240706174933/https://twitter.com/apralky/status/1809645879407591438,https://web.archive.org/web/20240706174933/https://twitter.com/apralky/status/1809645879407591438,https://twitter.com/apralky/status/1809645879407591438,https://twitter.com/apralky/status/1809645879407591438,,,,application/json,-,YX2DASF3RSFAI7ZRO4VG7P2C7RV7ZYUF,1746
"com,twitter)/apralky/status/1809647262190170270",20240706175503,,https://web.archive.org/web/20240706175503/https://twitter.com/apralky/status/1809647262190170270,https://web.archive.org/web/20240706175503/https://twitter.com/apralky/status/1809647262190170270,https://twitter.com/apralky/status/1809647262190170270,https://twitter.com/apralky/status/1809647262190170270,,,,application/json,-,CYF2C5EZXWXJVTUVBZSVLIAHUWHONFNA,1056
"com,twitter)/apralky/status/1809638165457555658",20240706171854,,https://web.archive.org/web/20240706171854/https://twitter.com/apralky/status/1809638165457555658,https://web.archive.org/web/20240706171854/https://twitter.com/apralky/status/1809638165457555658,https://twitter.com/apralky/status/1809638165457555658,https://twitter.com/apralky/status/1809638165457555658,,,,application/json,-,KQCQVEUHLYNJ2O77ASSYQDSVFD42FZGZ,1129
"com,twitter)/apralky/status/1809650878816653695",20240706180925,,https://web.archive.org/web/20240706180925/https://twitter.com/apralky/status/1809650878816653695,https://web.archive.org/web/20240706180925/https://twitter.com/apralky/status/1809650878816653695,https://twitter.com/apralky/status/1809650878816653695,https://twitter.com/apralky/status/1809650878816653695,,,,application/json,-,LQXCKZQWJDHNHEJQ5UXW34AANRC2KWWT,1409
"com,twitter)/apralky/status/1809650878816653695",20240706180925,,https://web.archive.org/web/20240706180925/https://twitter.com/apralky/status/1809650878816653695,https://web.archive.org/web/20240706180925/https://twitter.com/apralky/status/1809650878816653695,https://twitter.com/apralky/status/1809650878816653695,https://twitter.com/apralky/status/1809650878816653695,,,,application/json,-,LQXCKZQWJDHNHEJQ5UXW34AANRC2KWWT,1409
"com,twitter)/apralky/status/1809645423638065488",20240706174745,,https://web.archive.org/web/20240706174745/https://twitter.com/apralky/status/1809645423638065488,https://web.archive.org/web/20240706174745/https://twitter.com/apralky/status/1809645423638065488,https://twitter.com/apralky/status/1809645423638065488,https://twitter.com/apralky/status/1809645423638065488,,,,application/json,-,7DLKBG2QTAIYRULEH57JKLR57H3L4YIN,1534
"com,twitter)/apralky/status/1809653157431066628",20240706181829,,https://web.archive.org/web/20240706181829/https://twitter.com/apralky/status/1809653157431066628,https://web.archive.org/web/20240706181829/https://twitter.com/apralky/status/1809653157431066628,https://twitter.com/apralky/status/1809653157431066628,https://twitter.com/apralky/status/1809653157431066628,,,,application/json,-,4KLW5CGXOCPA6OVKW7B6D3RN2BX7FZOB,1316
"com,twitter)/apralky/status/1809688665951482092",20240706203935,,https://web.archive.org/web/20240706203935/https://twitter.com/apralky/status/1809688665951482092,https://web.archive.org/web/20240706203935/https://twitter.com/apralky/status/1809688665951482092,https://twitter.com/apralky/status/1809688665951482092,https://twitter.com/apralky/status/1809688665951482092,,,,application/json,-,QL4F474EM752AKZIDBPPLUWCLRP5PFV4,1303
"com,twitter)/apralky/status/1809727310242968030",20240706231308,,https://web.archive.org/web/20240706231308/https://twitter.com/apralky/status/1809727310242968030,https://web.archive.org/web/20240706231308/https://twitter.com/apralky/status/1809727310242968030,https://twitter.com/apralky/status/1809727310242968030,https://twitter.com/apralky/status/1809727310242968030,,,,application/json,-,DKBZ55KC56KXIYR2EE2NOE6VUMO74N7D,1647
"com,twitter)/apralky/status/1809649628066750475",20240706180427,,https://web.archive.org/web/20240706180427/https://twitter.com/apralky/status/1809649628066750475,https://web.archive.org/web/20240706180427/https://twitter.com/apralky/status/1809649628066750475,https://twitter.com/apralky/status/1809649628066750475,https://twitter.com/apralky/status/1809649628066750475,,,,application/json,-,VT6GNCEIRBUBWG6XVKN7V6Z44JHR75YX,1250
"com,twitter)/apralky/status/1809687343588421711",20240706203419,,https://web.archive.org/web/20240706203419/https://twitter.com/apralky/status/1809687343588421711,https://web.archive.org/web/20240706203419/https://twitter.com/apralky/status/1809687343588421711,https://twitter.com/apralky/status/1809687343588421711,https://twitter.com/apralky/status/1809687343588421711,,,,application/json,-,CNVZCZ7O5M7VXZVLVW3W3PFJTESKMZ4A,1237
"com,twitter)/apralky/status/1809693094729621807",20240706205710,,https://web.archive.org/web/20240706205710/https://twitter.com/apralky/status/1809693094729621807,https://web.archive.org/web/20240706205710/https://twitter.com/apralky/status/1809693094729621807,https://twitter.com/apralky/status/1809693094729621807,https://twitter.com/apralky/status/1809693094729621807,,,,application/json,-,FSRK2LQALVLCB54YTNVCHTDTGV2JQUO3,1996
"com,twitter)/apralky/status/1809726626508468414",20240706231025,,https://web.archive.org/web/20240706231025/https://twitter.com/apralky/status/1809726626508468414,https://web.archive.org/web/20240706231025/https://twitter.com/apralky/status/1809726626508468414,https://twitter.com/apralky/status/1809726626508468414,https://twitter.com/apralky/status/1809726626508468414,,,,application/json,-,25SJQFACSFVS5ZSUTWMH5S6GM5LRL2J2,1670
"com,twitter)/apralky/status/1809788978054222270",20240707031811,,https://web.archive.org/web/20240707031811/https://twitter.com/apralky/status/1809788978054222270,https://web.archive.org/web/20240707031811/https://twitter.com/apralky/status/1809788978054222270,https://twitter.com/apralky/status/1809788978054222270,https://twitter.com/apralky/status/1809788978054222270,,,,application/json,-,K7THMXE3FQMQIIF2E6X5LYQXXSDBGAUJ,1834
"com,twitter)/apralky/status/1809690131693187450",20240706204524,,https://web.archive.org/web/20240706204524/https://twitter.com/apralky/status/1809690131693187450,https://web.archive.org/web/20240706204524/https://twitter.com/apralky/status/1809690131693187450,https://twitter.com/apralky/status/1809690131693187450,https://twitter.com/apralky/status/1809690131693187450,,,,application/json,-,LZWBXJPYDFLZCLFMVLTGYAZ3RLNWM3IF,1695
"com,twitter)/apralky/status/1809804367567982609",20240707041920,,https://web.archive.org/web/20240707041920/https://twitter.com/apralky/status/1809804367567982609,https://web.archive.org/web/20240707041920/https://twitter.com/apralky/status/1809804367567982609,https://twitter.com/apralky/status/1809804367567982609,https://twitter.com/apralky/status/1809804367567982609,,,,application/json,-,NLVI4QYAA6NFWTAE7VMRZ7POGZTLCO74,1122
"com,twitter)/apralky/status/1809804523235340748",20240707041957,,https://web.archive.org/web/20240707041957/https://twitter.com/apralky/status/1809804523235340748,https://web.archive.org/web/20240707041957/https://twitter.com/apralky/status/1809804523235340748,https://twitter.com/apralky/status/1809804523235340748,https://twitter.com/apralky/status/1809804523235340748,,,,application/json,-,R3R3ZNIF64S77K7WLE2ONQZNR7ZAIHQD,1326
"com,twitter)/apralky/status/1809794644508647872",20240707034042,,https://web.archive.org/web/20240707034042/https://twitter.com/apralky/status/1809794644508647872,https://web.archive.org/web/20240707034042/https://twitter.com/apralky/status/1809794644508647872,https://twitter.com/apralky/status/1809794644508647872,https://twitter.com/apralky/status/1809794644508647872,,,,application/json,-,LJHGMTI3ZVA6RTSUF55PRBBGQOJQHKFC,2186
"com,twitter)/apralky/status/1809800135720800395",20240707040231,,https://web.archive.org/web/20240707040231/https://twitter.com/apralky/status/1809800135720800395,https://web.archive.org/web/20240707040231/https://twitter.com/apralky/status/1809800135720800395,https://twitter.com/apralky/status/1809800135720800395,https://twitter.com/apralky/status/1809800135720800395,,,,application/json,-,7UNV4CLATCIQCS3GB2IQVUVOZHTV34KB,1355
"com,twitter)/apralky/status/1809824029584286194",20240707053728,,https://web.archive.org/web/20240707053728/https://twitter.com/apralky/status/1809824029584286194,https://web.archive.org/web/20240707053728/https://twitter.com/apralky/status/1809824029584286194,https://twitter.com/apralky/status/1809824029584286194,https://twitter.com/apralky/status/1809824029584286194,,,,application/json,-,NPVK3DVWPPHVU6ITSKXBKBGKCPUQGTUR,1350
"com,twitter)/apralky/status/1809908985849385370",20240707111503,,https://web.archive.org/web/20240707111503/https://twitter.com/apralky/status/1809908985849385370,https://web.archive.org/web/20240707111503/https://twitter.com/apralky/status/1809908985849385370,https://twitter.com/apralky/status/1809908985849385370,https://twitter.com/apralky/status/1809908985849385370,,,,application/json,-,53BCHIAR4FQ6E6ZWONQRL2NIRTXLE5C7,1598
"com,twitter)/apralky/status/1809823837422227940",20240707053642,,https://web.archive.org/web/20240707053642/https://twitter.com/apralky/status/1809823837422227940,https://web.archive.org/web/20240707053642/https://twitter.com/apralky/status/1809823837422227940,https://twitter.com/apralky/status/1809823837422227940,https://twitter.com/apralky/status/1809823837422227940,,,,application/json,-,L36OITTQV2HHYJHXQ2LL3K27TL3N6RL5,1429
"com,twitter)/apralky/status/1809907792540569873",20240707111018,,https://web.archive.org/web/20240707111018/https://twitter.com/apralky/status/1809907792540569873,https://web.archive.org/web/20240707111018/https://twitter.com/apralky/status/1809907792540569873,https://twitter.com/apralky/status/1809907792540569873,https://twitter.com/apralky/status/1809907792540569873,,,,application/json,-,RZ7YUH3PLR3OZFKQKF4LVJMSFT7QDB5Z,1624
"com,twitter)/apralky/status/1809847751217152238",20240707071143,,https://web.archive.org/web/20240707071143/https://twitter.com/apralky/status/1809847751217152238,https://web.archive.org/web/20240707071143/https://twitter.com/apralky/status/1809847751217152238,https://twitter.com/apralky/status/1809847751217152238,https://twitter.com/apralky/status/1809847751217152238,,,,application/json,-,TUE3RS7WOHGHYM7FTM7DNY6AYP6DSNTV,1406
"com,twitter)/apralky/status/1809907360409792657",20240707110835,,https://web.archive.org/web/20240707110835/https://twitter.com/apralky/status/1809907360409792657,https://web.archive.org/web/20240707110835/https://twitter.com/apralky/status/1809907360409792657,https://twitter.com/apralky/status/1809907360409792657,https://twitter.com/apralky/status/1809907360409792657,,,,application/json,-,QIPHE3TRTBJA6L2JVSSDBCXSK56E2QR2,1435
"com,twitter)/apralky/status/1809907988305412489",20240707111105,,https://web.archive.org/web/20240707111105/https://twitter.com/apralky/status/1809907988305412489,https://web.archive.org/web/20240707111105/https://twitter.com/apralky/status/1809907988305412489,https://twitter.com/apralky/status/1809907988305412489,https://twitter.com/apralky/status/1809907988305412489,,,,application/json,-,WF6OYLRI3KTTFBX4WT4254GOW4G6UEOQ,1548
"com,twitter)/apralky/status/1810259170471358633",20240708102633,,https://web.archive.org/web/20240708102633/https://twitter.com/apralky/status/1810259170471358633,https://web.archive.org/web/20240708102633/https://twitter.com/apralky/status/1810259170471358633,https://twitter.com/apralky/status/1810259170471358633,https://twitter.com/apralky/status/1810259170471358633,,,,application/json,-,VZ4ACQKT64ACYRQT7ZJUA7TLHW3Q5TVB,1509
"com,twitter)/apralky/status/1809911572757610942",20240707112520,,https://web.archive.org/web/20240707112520/https://twitter.com/apralky/status/1809911572757610942,https://web.archive.org/web/20240707112520/https://twitter.com/apralky/status/1809911572757610942,https://twitter.com/apralky/status/1809911572757610942,https://twitter.com/apralky/status/1809911572757610942,,,,application/json,-,SD742FKWJX2VKM3YCZ6Y52W7WXS4RASU,2044
"com,twitter)/apralky/status/1810260128806978008",20240708103022,,https://web.archive.org/web/20240708103022/https://twitter.com/apralky/status/1810260128806978008,https://web.archive.org/web/20240708103022/https://twitter.com/apralky/status/1810260128806978008,https://twitter.com/apralky/status/1810260128806978008,https://twitter.com/apralky/status/1810260128806978008,,,,application/json,-,NDOJTLVGDESYQZTCCQP2RB4TEHJT3IEQ,1969
"com,twitter)/apralky/status/1810262491781378483",20240708103945,,https://web.archive.org/web/20240708103945/https://twitter.com/apralky/status/1810262491781378483,https://web.archive.org/web/20240708103945/https://twitter.com/apralky/status/1810262491781378483,https://twitter.com/apralky/status/1810262491781378483,https://twitter.com/apralky/status/1810262491781378483,,,,application/json,-,GGAWDC34EKITRJSNVAQ4437M6A7TQYRB,1533
"com,twitter)/apralky/status/1810268321989718385",20240708110255,,https://web.archive.org/web/20240708110255/https://twitter.com/apralky/status/1810268321989718385,https://web.archive.org/web/20240708110255/https://twitter.com/apralky/status/1810268321989718385,https://twitter.com/apralky/status/1810268321989718385,https://twitter.com/apralky/status/1810268321989718385,Yep yep,False,"yung macro 宏观年少传奇 (@apralky),  July 8, 2024",application/json,-,TVYBTDBPOXBJEIK72ELEVI652452Y7XU,1387
"com,twitter)/apralky/status/1810268937596145752",20240708110522,,https://web.archive.org/web/20240708110522/https://twitter.com/apralky/status/1810268937596145752,https://web.archive.org/web/20240708110522/https://twitter.com/apralky/status/1810268937596145752,https://twitter.com/apralky/status/1810268937596145752,https://twitter.com/apralky/status/1810268937596145752,,,,application/json,-,5VTXMSAAZRMXILXU7JSFM4JJ7VVJFPKZ,1435
"com,twitter)/apralky/status/1809910851194798575",20240707112228,,https://web.archive.org/web/20240707112228/https://twitter.com/apralky/status/1809910851194798575,https://web.archive.org/web/20240707112228/https://twitter.com/apralky/status/1809910851194798575,https://twitter.com/apralky/status/1809910851194798575,https://twitter.com/apralky/status/1809910851194798575,,,,application/json,-,TJMWOZ3GFU7XVVEWNBBM7GJWZO42BRUL,1622
"com,twitter)/apralky/status/1809910473585791103",20240707112058,,https://web.archive.org/web/20240707112058/https://twitter.com/apralky/status/1809910473585791103,https://web.archive.org/web/20240707112058/https://twitter.com/apralky/status/1809910473585791103,https://twitter.com/apralky/status/1809910473585791103,https://twitter.com/apralky/status/1809910473585791103,Foucault&#39%3Bs model of modern power structures is what I believe to be the single most accurate and parsimonious model of the real thing,False,"yung macro 宏观年少传奇 (@apralky),  July 7, 2024",application/json,-,CUV6ZDWH7JULQGJFC4L3QTZX7YFZXYVI,1636
"com,twitter)/apralky/status/1810270514465608146",20240708111138,,https://web.archive.org/web/20240708111138/https://twitter.com/apralky/status/1810270514465608146,https://web.archive.org/web/20240708111138/https://twitter.com/apralky/status/1810270514465608146,https://twitter.com/apralky/status/1810270514465608146,https://twitter.com/apralky/status/1810270514465608146,,,,application/json,-,4LJU3V5GJDSLK6ZJJIYEWBOUETLZGATZ,1540
"com,twitter)/apralky/status/1809910473585791103",20240707112058,,https://web.archive.org/web/20240707112058/https://twitter.com/apralky/status/1809910473585791103,https://web.archive.org/web/20240707112058/https://twitter.com/apralky/status/1809910473585791103,https://twitter.com/apralky/status/1809910473585791103,https://twitter.com/apralky/status/1809910473585791103,Foucault&#39%3Bs model of modern power structures is what I believe to be the single most accurate and parsimonious model of the real thing,False,"yung macro 宏观年少传奇 (@apralky),  July 7, 2024",application/json,-,CUV6ZDWH7JULQGJFC4L3QTZX7YFZXYVI,1636
"com,twitter)/apralky/status/1810274109147779332",20240708112555,,https://web.archive.org/web/20240708112555/https://twitter.com/apralky/status/1810274109147779332,https://web.archive.org/web/20240708112555/https://twitter.com/apralky/status/1810274109147779332,https://twitter.com/apralky/status/1810274109147779332,https://twitter.com/apralky/status/1810274109147779332,,,,application/json,-,L46VVOBIIOCXM4QAWX72YVMMRX4L626B,905
"com,twitter)/apralky/status/1810404677403459966",20240708200445,,https://web.archive.org/web/20240708200445/https://twitter.com/apralky/status/1810404677403459966,https://web.archive.org/web/20240708200445/https://twitter.com/apralky/status/1810404677403459966,https://twitter.com/apralky/status/1810404677403459966,https://twitter.com/apralky/status/1810404677403459966,,,,application/json,-,4UA7FEA5UROSIFOWBRXSXCS7S3J2T4MH,2282
"com,twitter)/apralky/status/1810414281596559535",20240708204255,,https://web.archive.org/web/20240708204255/https://twitter.com/apralky/status/1810414281596559535,https://web.archive.org/web/20240708204255/https://twitter.com/apralky/status/1810414281596559535,https://twitter.com/apralky/status/1810414281596559535,https://twitter.com/apralky/status/1810414281596559535,,,,application/json,-,VIM4RHUXZJCIWUBG2GNGWF2QL4AALI3V,2329
"com,twitter)/apralky/status/1810642828663439821",20240709115105,,https://web.archive.org/web/20240709115105/https://twitter.com/apralky/status/1810642828663439821,https://web.archive.org/web/20240709115105/https://twitter.com/apralky/status/1810642828663439821,https://twitter.com/apralky/status/1810642828663439821,https://twitter.com/apralky/status/1810642828663439821,,,,application/json,-,Q6V7E4SWIFL45NCUFXI2EZFWYLMGB5NU,1040
"com,twitter)/apralky/status/1810643783874159032",20240709115452,,https://web.archive.org/web/20240709115452/https://twitter.com/apralky/status/1810643783874159032,https://web.archive.org/web/20240709115452/https://twitter.com/apralky/status/1810643783874159032,https://twitter.com/apralky/status/1810643783874159032,https://twitter.com/apralky/status/1810643783874159032,,,,application/json,-,SPS4NSSG3QUGC2DY3UDP2RT7BYGCT66O,1070
"com,twitter)/apralky/status/1810656694524948521",20240709124611,,https://web.archive.org/web/20240709124611/https://twitter.com/apralky/status/1810656694524948521,https://web.archive.org/web/20240709124611/https://twitter.com/apralky/status/1810656694524948521,https://twitter.com/apralky/status/1810656694524948521,https://twitter.com/apralky/status/1810656694524948521,,,,application/json,-,3VZAMYA3FWJBLLHAVPJBWQMELLVFHBST,1126
"com,twitter)/apralky/status/1810662928061800709",20240709131057,,https://web.archive.org/web/20240709131057/https://twitter.com/apralky/status/1810662928061800709,https://web.archive.org/web/20240709131057/https://twitter.com/apralky/status/1810662928061800709,https://twitter.com/apralky/status/1810662928061800709,https://twitter.com/apralky/status/1810662928061800709,,,,application/json,-,F5BGBMFJ3E7HEGKWCKK7GGVFOY77CDEB,1326
"com,twitter)/apralky/status/1810664097282986260",20240709131535,,https://web.archive.org/web/20240709131535/https://twitter.com/apralky/status/1810664097282986260,https://web.archive.org/web/20240709131535/https://twitter.com/apralky/status/1810664097282986260,https://twitter.com/apralky/status/1810664097282986260,https://twitter.com/apralky/status/1810664097282986260,,,,application/json,-,AIXRVFNQWEJX22GY5IN2BWNFDSLQHPGB,1349
"com,twitter)/apralky/status/1809908693804204499",20240707111353,,https://web.archive.org/web/20240707111353/https://twitter.com/apralky/status/1809908693804204499,https://web.archive.org/web/20240707111353/https://twitter.com/apralky/status/1809908693804204499,https://twitter.com/apralky/status/1809908693804204499,https://twitter.com/apralky/status/1809908693804204499,,,,application/json,-,R5PSP5O4UYPTHAACGF4ZGUDVHMULYG5S,2109
"com,twitter)/apralky/status/1810664923074048046",20240709131852,,https://web.archive.org/web/20240709131852/https://twitter.com/apralky/status/1810664923074048046,https://web.archive.org/web/20240709131852/https://twitter.com/apralky/status/1810664923074048046,https://twitter.com/apralky/status/1810664923074048046,https://twitter.com/apralky/status/1810664923074048046,,,,application/json,-,C4UVA6OJAYYL5QBGY33XXDLAVKEDHVUX,1343
"com,twitter)/apralky/status/1810665368136142937",20240709132038,,https://web.archive.org/web/20240709132038/https://twitter.com/apralky/status/1810665368136142937,https://web.archive.org/web/20240709132038/https://twitter.com/apralky/status/1810665368136142937,https://twitter.com/apralky/status/1810665368136142937,https://twitter.com/apralky/status/1810665368136142937,,,,application/json,-,I7CXZLYDQSZ7PHOZG3C4DE2N6BLFRIIS,1567
"com,twitter)/apralky/status/1810259850661707935",20240708102916,,https://web.archive.org/web/20240708102916/https://twitter.com/apralky/status/1810259850661707935,https://web.archive.org/web/20240708102916/https://twitter.com/apralky/status/1810259850661707935,https://twitter.com/apralky/status/1810259850661707935,https://twitter.com/apralky/status/1810259850661707935,,,,application/json,-,KHLAKLNLDWNV236BRW63QNVJKKT4HCOL,1427
"com,twitter)/apralky/status/1810665390525030705",20240709132044,,https://web.archive.org/web/20240709132044/https://twitter.com/apralky/status/1810665390525030705,https://web.archive.org/web/20240709132044/https://twitter.com/apralky/status/1810665390525030705,https://twitter.com/apralky/status/1810665390525030705,https://twitter.com/apralky/status/1810665390525030705,,,,application/json,-,JRKTMOEX7GWZCFQ4JM7TOT7ZZJEWWK66,1474
"com,twitter)/apralky/status/1810668629823995925",20240709133336,,https://web.archive.org/web/20240709133336/https://twitter.com/apralky/status/1810668629823995925,https://web.archive.org/web/20240709133336/https://twitter.com/apralky/status/1810668629823995925,https://twitter.com/apralky/status/1810668629823995925,https://twitter.com/apralky/status/1810668629823995925,,,,application/json,-,YSES4B64JUN37HUOU2QSP43XSBH6LUIQ,1061
"com,twitter)/apralky/status/1810666310554067207",20240709132423,,https://web.archive.org/web/20240709132423/https://twitter.com/apralky/status/1810666310554067207,https://web.archive.org/web/20240709132423/https://twitter.com/apralky/status/1810666310554067207,https://twitter.com/apralky/status/1810666310554067207,https://twitter.com/apralky/status/1810666310554067207,,,,application/json,-,TA6ZAKVV5R4UJBA4QGKQ7U2NUNABIEE2,1335
"com,twitter)/apralky/status/1810666510320308229",20240709132511,,https://web.archive.org/web/20240709132511/https://twitter.com/apralky/status/1810666510320308229,https://web.archive.org/web/20240709132511/https://twitter.com/apralky/status/1810666510320308229,https://twitter.com/apralky/status/1810666510320308229,https://twitter.com/apralky/status/1810666510320308229,,,,application/json,-,52ARUE5TQJ5SFFVWKDNWVFA362FQ4CD5,1215
"com,twitter)/apralky/status/1810667444517638580",20240709132854,,https://web.archive.org/web/20240709132854/https://twitter.com/apralky/status/1810667444517638580,https://web.archive.org/web/20240709132854/https://twitter.com/apralky/status/1810667444517638580,https://twitter.com/apralky/status/1810667444517638580,https://twitter.com/apralky/status/1810667444517638580,,,,application/json,-,3J2LE4EC2DF4L7HI3LVGANBVWXNRVNRO,1756
"com,twitter)/apralky/status/1810268156595785851",20240708110216,,https://web.archive.org/web/20240708110216/https://twitter.com/apralky/status/1810268156595785851,https://web.archive.org/web/20240708110216/https://twitter.com/apralky/status/1810268156595785851,https://twitter.com/apralky/status/1810268156595785851,https://twitter.com/apralky/status/1810268156595785851,,,,application/json,-,DDRYRUWY3AA7XJ3H7AVAZVO6YP6JFNWC,1565
"com,twitter)/apralky/status/1810670259650928667",20240709134005,,https://web.archive.org/web/20240709134005/https://twitter.com/apralky/status/1810670259650928667,https://web.archive.org/web/20240709134005/https://twitter.com/apralky/status/1810670259650928667,https://twitter.com/apralky/status/1810670259650928667,https://twitter.com/apralky/status/1810670259650928667,,,,application/json,-,JMCU5VSABUSZP7EJ6C6PDTBF566MJ2LC,1198
"com,twitter)/apralky/status/1810670870119030919",20240709134230,,https://web.archive.org/web/20240709134230/https://twitter.com/apralky/status/1810670870119030919,https://web.archive.org/web/20240709134230/https://twitter.com/apralky/status/1810670870119030919,https://twitter.com/apralky/status/1810670870119030919,https://twitter.com/apralky/status/1810670870119030919,,,,application/json,-,YUJKF3EKHMOHF3YYKPYXFSYMPAWY7ENO,1303
"com,twitter)/apralky/status/1810682889933041669",20240709143016,,https://web.archive.org/web/20240709143016/https://twitter.com/apralky/status/1810682889933041669,https://web.archive.org/web/20240709143016/https://twitter.com/apralky/status/1810682889933041669,https://twitter.com/apralky/status/1810682889933041669,https://twitter.com/apralky/status/1810682889933041669,,,,application/json,-,7X2ZTZZTFSIGHEJ3262K64D3S75BWKGT,1196
"com,twitter)/apralky/status/1810675491239571568",20240709140052,,https://web.archive.org/web/20240709140052/https://twitter.com/apralky/status/1810675491239571568,https://web.archive.org/web/20240709140052/https://twitter.com/apralky/status/1810675491239571568,https://twitter.com/apralky/status/1810675491239571568,https://twitter.com/apralky/status/1810675491239571568,,,,application/json,-,SBJU5VSKLAHIFKB5OWGRFX4SVVUTFANO,1286
"com,twitter)/apralky/status/1810683611722461324",20240709143308,,https://web.archive.org/web/20240709143308/https://twitter.com/apralky/status/1810683611722461324,https://web.archive.org/web/20240709143308/https://twitter.com/apralky/status/1810683611722461324,https://twitter.com/apralky/status/1810683611722461324,https://twitter.com/apralky/status/1810683611722461324,,,,application/json,-,KLNPXBYPQXYLHGOPEVKVPEI4THDVP2EI,1471
"com,twitter)/apralky/status/1810775875354513703",20240709203945,,https://web.archive.org/web/20240709203945/https://twitter.com/apralky/status/1810775875354513703,https://web.archive.org/web/20240709203945/https://twitter.com/apralky/status/1810775875354513703,https://twitter.com/apralky/status/1810775875354513703,https://twitter.com/apralky/status/1810775875354513703,,,,application/json,-,7RTUQ734L5EOUG6PH7PIQYDZQLP5GBBV,2434
"com,twitter)/apralky/status/1811118791729811509",20240710192223,,https://web.archive.org/web/20240710192223/https://twitter.com/apralky/status/1811118791729811509,https://web.archive.org/web/20240710192223/https://twitter.com/apralky/status/1811118791729811509,https://twitter.com/apralky/status/1811118791729811509,https://twitter.com/apralky/status/1811118791729811509,,,,application/json,-,WNOBJH2UQ52E6MVWUMGERFVFAH3BUGJS,2404
"com,twitter)/apralky/status/1811146804777336834",20240710211342,,https://web.archive.org/web/20240710211342/https://twitter.com/apralky/status/1811146804777336834,https://web.archive.org/web/20240710211342/https://twitter.com/apralky/status/1811146804777336834,https://twitter.com/apralky/status/1811146804777336834,https://twitter.com/apralky/status/1811146804777336834,,,,application/json,-,S43PLCCGO6QYWAKCZNW3UACDWZDK5Q7Y,1536
"com,twitter)/apralky/status/1810274638926110884",20240708112801,,https://web.archive.org/web/20240708112801/https://twitter.com/apralky/status/1810274638926110884,https://web.archive.org/web/20240708112801/https://twitter.com/apralky/status/1810274638926110884,https://twitter.com/apralky/status/1810274638926110884,https://twitter.com/apralky/status/1810274638926110884,,,,application/json,-,OWOB3URRENTDQEKUNQPXANXONPAREPAB,1180
"com,twitter)/apralky/status/1811145301060898915",20240710210743,,https://web.archive.org/web/20240710210743/https://twitter.com/apralky/status/1811145301060898915,https://web.archive.org/web/20240710210743/https://twitter.com/apralky/status/1811145301060898915,https://twitter.com/apralky/status/1811145301060898915,https://twitter.com/apralky/status/1811145301060898915,,,,application/json,-,TEPZCZRNEI6IUSQALDWHATHPOXJWIDA5,1559
"com,twitter)/apralky/status/1811148587553935457",20240710212047,,https://web.archive.org/web/20240710212047/https://twitter.com/apralky/status/1811148587553935457,https://web.archive.org/web/20240710212047/https://twitter.com/apralky/status/1811148587553935457,https://twitter.com/apralky/status/1811148587553935457,https://twitter.com/apralky/status/1811148587553935457,,,,application/json,-,ODSUTLSHGHVTS32XKKZFUD6JRBYETMBQ,1173
"com,twitter)/apralky/status/1811153033079718181",20240710213827,,https://web.archive.org/web/20240710213827/https://twitter.com/apralky/status/1811153033079718181,https://web.archive.org/web/20240710213827/https://twitter.com/apralky/status/1811153033079718181,https://twitter.com/apralky/status/1811153033079718181,https://twitter.com/apralky/status/1811153033079718181,,,,application/json,-,VHANSQEJ4GKYXCTLAA66EPWLMPXYZX7R,1035
"com,twitter)/apralky/status/1811160958490005663",20240710220956,,https://web.archive.org/web/20240710220956/https://twitter.com/apralky/status/1811160958490005663,https://web.archive.org/web/20240710220956/https://twitter.com/apralky/status/1811160958490005663,https://twitter.com/apralky/status/1811160958490005663,https://twitter.com/apralky/status/1811160958490005663,,,,application/json,-,J4WE4ZNZ7PBPDG4X4LACPNVZO6ETSW5H,939
"com,twitter)/apralky/status/1811155078356627496",20240710214634,,https://web.archive.org/web/20240710214634/https://twitter.com/apralky/status/1811155078356627496,https://web.archive.org/web/20240710214634/https://twitter.com/apralky/status/1811155078356627496,https://twitter.com/apralky/status/1811155078356627496,https://twitter.com/apralky/status/1811155078356627496,,,,application/json,-,2JVPWQE2P5TT4BAR47ZDFQUJMZGRISP6,1297
"com,twitter)/apralky/status/1811354239148470308",20240711105758,,https://web.archive.org/web/20240711105758/https://twitter.com/apralky/status/1811354239148470308,https://web.archive.org/web/20240711105758/https://twitter.com/apralky/status/1811354239148470308,https://twitter.com/apralky/status/1811354239148470308,https://twitter.com/apralky/status/1811354239148470308,,,,application/json,-,5NEET2CBEJ2ITRP7OFUA5L4MFGVJCKFH,1284
"com,twitter)/apralky/status/1811358920088166793",20240711111634,,https://web.archive.org/web/20240711111634/https://twitter.com/apralky/status/1811358920088166793,https://web.archive.org/web/20240711111634/https://twitter.com/apralky/status/1811358920088166793,https://twitter.com/apralky/status/1811358920088166793,https://twitter.com/apralky/status/1811358920088166793,,,,application/json,-,ITDPAVQCMMGEDHOEUW4OAKDSE336APBL,1611
"com,twitter)/apralky/status/1811362401586905488",20240711113024,,https://web.archive.org/web/20240711113024/https://twitter.com/apralky/status/1811362401586905488,https://web.archive.org/web/20240711113024/https://twitter.com/apralky/status/1811362401586905488,https://twitter.com/apralky/status/1811362401586905488,https://twitter.com/apralky/status/1811362401586905488,,,,application/json,-,X4Y654HIXVAKJJ3DU7NWQSYXMZDH6N5Z,1380
"com,twitter)/apralky/status/1811394946722599000",20240711133944,,https://web.archive.org/web/20240711133944/https://twitter.com/apralky/status/1811394946722599000,https://web.archive.org/web/20240711133944/https://twitter.com/apralky/status/1811394946722599000,https://twitter.com/apralky/status/1811394946722599000,https://twitter.com/apralky/status/1811394946722599000,,,,application/json,-,QXY2VJYH3INIYZ63V4A2I2JUKHQ4DCX2,1357
"com,twitter)/apralky/status/1810671452242190626",20240709134449,,https://web.archive.org/web/20240709134449/https://twitter.com/apralky/status/1810671452242190626,https://web.archive.org/web/20240709134449/https://twitter.com/apralky/status/1810671452242190626,https://twitter.com/apralky/status/1810671452242190626,https://twitter.com/apralky/status/1810671452242190626,,,,application/json,-,WS7GDN5YF2DJEJ762MZBEB7S6FISWBR7,1576
"com,twitter)/apralky/status/1811396737434517981",20240711134650,,https://web.archive.org/web/20240711134650/https://twitter.com/apralky/status/1811396737434517981,https://web.archive.org/web/20240711134650/https://twitter.com/apralky/status/1811396737434517981,https://twitter.com/apralky/status/1811396737434517981,https://twitter.com/apralky/status/1811396737434517981,,,,application/json,-,U24IKQGMCPVRGYIIWGGQXTUELDFCQGBS,1597
"com,twitter)/apralky/status/1810674891290468608",20240709135829,,https://web.archive.org/web/20240709135829/https://twitter.com/apralky/status/1810674891290468608,https://web.archive.org/web/20240709135829/https://twitter.com/apralky/status/1810674891290468608,https://twitter.com/apralky/status/1810674891290468608,https://twitter.com/apralky/status/1810674891290468608,,,,application/json,-,MUB3VCCAQNWNAUTZ5P4RBLQIM4ALYJA4,1342
"com,twitter)/apralky/status/1811401009064816796",20240711140349,,https://web.archive.org/web/20240711140349/https://twitter.com/apralky/status/1811401009064816796,https://web.archive.org/web/20240711140349/https://twitter.com/apralky/status/1811401009064816796,https://twitter.com/apralky/status/1811401009064816796,https://twitter.com/apralky/status/1811401009064816796,,,,application/json,-,WHI7BHKALKONS2AIUC5FA2ULIDH3C6AL,1228
"com,twitter)/apralky/status/1810772870752260312",20240709202749,,https://web.archive.org/web/20240709202749/https://twitter.com/apralky/status/1810772870752260312,https://web.archive.org/web/20240709202749/https://twitter.com/apralky/status/1810772870752260312,https://twitter.com/apralky/status/1810772870752260312,https://twitter.com/apralky/status/1810772870752260312,,,,application/json,-,RJNJFMOCXTPKI7QMQYNXKKY766D2W7MI,1536
"com,twitter)/apralky/status/1811403257048146325",20240711141245,,https://web.archive.org/web/20240711141245/https://twitter.com/apralky/status/1811403257048146325,https://web.archive.org/web/20240711141245/https://twitter.com/apralky/status/1811403257048146325,https://twitter.com/apralky/status/1811403257048146325,https://twitter.com/apralky/status/1811403257048146325,,,,application/json,-,2QSGVMBB7QZL3YR4TEKMPUYKX2ROUK25,1593
"com,twitter)/apralky/status/1811152239739752836",20240710213518,,https://web.archive.org/web/20240710213518/https://twitter.com/apralky/status/1811152239739752836,https://web.archive.org/web/20240710213518/https://twitter.com/apralky/status/1811152239739752836,https://twitter.com/apralky/status/1811152239739752836,https://twitter.com/apralky/status/1811152239739752836,,,,application/json,-,V4IPEKDWSRVFZTUFURJ6K75UWHS6VGLM,1182
"com,twitter)/apralky/status/1811411194399334638",20240711144417,,https://web.archive.org/web/20240711144417/https://twitter.com/apralky/status/1811411194399334638,https://web.archive.org/web/20240711144417/https://twitter.com/apralky/status/1811411194399334638,https://twitter.com/apralky/status/1811411194399334638,https://twitter.com/apralky/status/1811411194399334638,,,,application/json,-,RWSNNMU5S5X3F73IZBQ37AW277JAIDCC,1662
"com,twitter)/apralky/status/1811415810830934283",20240711150238,,https://web.archive.org/web/20240711150238/https://twitter.com/apralky/status/1811415810830934283,https://web.archive.org/web/20240711150238/https://twitter.com/apralky/status/1811415810830934283,https://twitter.com/apralky/status/1811415810830934283,https://twitter.com/apralky/status/1811415810830934283,,,,application/json,-,TMJJKXW7HONTBLPNBWZ4YXUO77J3YUJ6,1482
"com,twitter)/apralky/status/1811412485947187521",20240711144925,,https://web.archive.org/web/20240711144925/https://twitter.com/apralky/status/1811412485947187521,https://web.archive.org/web/20240711144925/https://twitter.com/apralky/status/1811412485947187521,https://twitter.com/apralky/status/1811412485947187521,https://twitter.com/apralky/status/1811412485947187521,,,,application/json,-,4NUOA2NQPGMVECXP24G3KORKKOETWPLB,1224
"com,twitter)/apralky/status/1811188541042393347",20240710235933,,https://web.archive.org/web/20240710235933/https://twitter.com/apralky/status/1811188541042393347,https://web.archive.org/web/20240710235933/https://twitter.com/apralky/status/1811188541042393347,https://twitter.com/apralky/status/1811188541042393347,https://twitter.com/apralky/status/1811188541042393347,,,,application/json,-,KIHZWC6RN3PEBTNLP7L2B4MBU3WMGZCQ,1683
"com,twitter)/apralky/status/1811417702361342324",20240711151009,,https://web.archive.org/web/20240711151009/https://twitter.com/apralky/status/1811417702361342324,https://web.archive.org/web/20240711151009/https://twitter.com/apralky/status/1811417702361342324,https://twitter.com/apralky/status/1811417702361342324,https://twitter.com/apralky/status/1811417702361342324,,,,application/json,-,IMHIYYJXNZSIBS6OFKI6NPZYI5IZXY66,1076
"com,twitter)/apralky/status/1811415932037968340",20240711150307,,https://web.archive.org/web/20240711150307/https://twitter.com/apralky/status/1811415932037968340,https://web.archive.org/web/20240711150307/https://twitter.com/apralky/status/1811415932037968340,https://twitter.com/apralky/status/1811415932037968340,https://twitter.com/apralky/status/1811415932037968340,,,,application/json,-,CBXG3XCD3FBNLOWT3B5NENICOCV3ESRR,1484
"com,twitter)/apralky/status/1811397285000941763",20240711134901,,https://web.archive.org/web/20240711134901/https://twitter.com/apralky/status/1811397285000941763,https://web.archive.org/web/20240711134901/https://twitter.com/apralky/status/1811397285000941763,https://twitter.com/apralky/status/1811397285000941763,https://twitter.com/apralky/status/1811397285000941763,,,,application/json,-,VFPAMTLKGRHBUQJNBBLIGJD2W4QMXHLU,1766
"com,twitter)/apralky/status/1811398469015228877",20240711135343,,https://web.archive.org/web/20240711135343/https://twitter.com/apralky/status/1811398469015228877,https://web.archive.org/web/20240711135343/https://twitter.com/apralky/status/1811398469015228877,https://twitter.com/apralky/status/1811398469015228877,https://twitter.com/apralky/status/1811398469015228877,,,,application/json,-,OJHTSGMXU6BIA65LLHJC4CAT7F4Y73IZ,1523
"com,twitter)/apralky/status/1811529761472282682",20240711223526,,https://web.archive.org/web/20240711223526/https://twitter.com/apralky/status/1811529761472282682,https://web.archive.org/web/20240711223526/https://twitter.com/apralky/status/1811529761472282682,https://twitter.com/apralky/status/1811529761472282682,https://twitter.com/apralky/status/1811529761472282682,,,,application/json,-,QUEY5QLF5KMLTBONPNFYYPEDGGHBH7BN,899
"com,twitter)/apralky/status/1811425561950007310",20240711154123,,https://web.archive.org/web/20240711154123/https://twitter.com/apralky/status/1811425561950007310,https://web.archive.org/web/20240711154123/https://twitter.com/apralky/status/1811425561950007310,https://twitter.com/apralky/status/1811425561950007310,https://twitter.com/apralky/status/1811425561950007310,,,,application/json,-,DQT3SIUNSSBBV6OILOFL6QOI3WOIEPLF,888
"com,twitter)/apralky/status/1810267476262809982",20240708105934,,https://web.archive.org/web/20240708105934/https://twitter.com/apralky/status/1810267476262809982,https://web.archive.org/web/20240708105934/https://twitter.com/apralky/status/1810267476262809982,https://twitter.com/apralky/status/1810267476262809982,https://twitter.com/apralky/status/1810267476262809982,https://t.co/magJeqP7fW credit for the big guy,False,"yung macro 宏观年少传奇 (@apralky),  July 8, 2024",application/json,-,QVIYEICW7V3T3U6VSIUUAJ3RHLWLXB5N,1900
"com,twitter)/apralky/status/1811429609914700144",20240711155728,,https://web.archive.org/web/20240711155728/https://twitter.com/apralky/status/1811429609914700144,https://web.archive.org/web/20240711155728/https://twitter.com/apralky/status/1811429609914700144,https://twitter.com/apralky/status/1811429609914700144,https://twitter.com/apralky/status/1811429609914700144,,,,application/json,-,NSMESZSE5IUC4SREVEOMVE2JQIRXMCPK,1536
"com,twitter)/apralky/status/1811678231692546110",20240712082524,,https://web.archive.org/web/20240712082524/https://twitter.com/apralky/status/1811678231692546110,https://web.archive.org/web/20240712082524/https://twitter.com/apralky/status/1811678231692546110,https://twitter.com/apralky/status/1811678231692546110,https://twitter.com/apralky/status/1811678231692546110,,,,application/json,-,G3QP6MUXQEE7BI3TPHIDC7IVMBLSHUSZ,1702
"com,twitter)/apralky/status/1811679019391168811",20240712082832,,https://web.archive.org/web/20240712082832/https://twitter.com/apralky/status/1811679019391168811,https://web.archive.org/web/20240712082832/https://twitter.com/apralky/status/1811679019391168811,https://twitter.com/apralky/status/1811679019391168811,https://twitter.com/apralky/status/1811679019391168811,,,,application/json,-,KLNX5JAGNZV32EWP57WDPH5J34LX25TE,1501
"com,twitter)/apralky/status/1811529825862996356",20240711223541,,https://web.archive.org/web/20240711223541/https://twitter.com/apralky/status/1811529825862996356,https://web.archive.org/web/20240711223541/https://twitter.com/apralky/status/1811529825862996356,https://twitter.com/apralky/status/1811529825862996356,https://twitter.com/apralky/status/1811529825862996356,,,,application/json,-,GDI4W34H75LZXYSIBSIDYJS2ZKJNDMW3,1001
"com,twitter)/apralky/status/1811688690923516021",20240712090658,,https://web.archive.org/web/20240712090658/https://twitter.com/apralky/status/1811688690923516021,https://web.archive.org/web/20240712090658/https://twitter.com/apralky/status/1811688690923516021,https://twitter.com/apralky/status/1811688690923516021,https://twitter.com/apralky/status/1811688690923516021,,,,application/json,-,H3HHO7N2IAVFML5NRFTQI57GOVZDS3F3,1746
"com,twitter)/apralky/status/1811671423947059484",20240712075821,,https://web.archive.org/web/20240712075821/https://twitter.com/apralky/status/1811671423947059484,https://web.archive.org/web/20240712075821/https://twitter.com/apralky/status/1811671423947059484,https://twitter.com/apralky/status/1811671423947059484,https://twitter.com/apralky/status/1811671423947059484,,,,application/json,-,CMVD3RN6SVQBAEOVOKGBHJKH6TYKDPMQ,1854
"com,twitter)/apralky/status/1811681121370845448",20240712083653,,https://web.archive.org/web/20240712083653/https://twitter.com/apralky/status/1811681121370845448,https://web.archive.org/web/20240712083653/https://twitter.com/apralky/status/1811681121370845448,https://twitter.com/apralky/status/1811681121370845448,https://twitter.com/apralky/status/1811681121370845448,,,,application/json,-,YTDHP3KTAQSLX464V26UNJRO4REWMPUB,1044
"com,twitter)/apralky/status/1811692538195321127",20240712092215,,https://web.archive.org/web/20240712092215/https://twitter.com/apralky/status/1811692538195321127,https://web.archive.org/web/20240712092215/https://twitter.com/apralky/status/1811692538195321127,https://twitter.com/apralky/status/1811692538195321127,https://twitter.com/apralky/status/1811692538195321127,,,,application/json,-,BWXLNJERFQTPL2HJO6QNMF65SI5ABPRZ,1396
"com,twitter)/apralky/status/1811689457197687176",20240712091000,,https://web.archive.org/web/20240712091000/https://twitter.com/apralky/status/1811689457197687176,https://web.archive.org/web/20240712091000/https://twitter.com/apralky/status/1811689457197687176,https://twitter.com/apralky/status/1811689457197687176,https://twitter.com/apralky/status/1811689457197687176,,,,application/json,-,QKX6YFP3WD573SS45V6QBXOJHWQ4HXWG,1485
"com,twitter)/apralky/status/1811714618592501934",20240712104959,,https://web.archive.org/web/20240712104959/https://twitter.com/apralky/status/1811714618592501934,https://web.archive.org/web/20240712104959/https://twitter.com/apralky/status/1811714618592501934,https://twitter.com/apralky/status/1811714618592501934,https://twitter.com/apralky/status/1811714618592501934,,,,application/json,-,XN4JCKPQWTF4EZJTZPXY6CXOUCAWXGJH,1301
"com,twitter)/apralky/status/1811691019273994470",20240712091613,,https://web.archive.org/web/20240712091613/https://twitter.com/apralky/status/1811691019273994470,https://web.archive.org/web/20240712091613/https://twitter.com/apralky/status/1811691019273994470,https://twitter.com/apralky/status/1811691019273994470,https://twitter.com/apralky/status/1811691019273994470,,,,application/json,-,SVPDSQLNH6FF6W73WV55BVJBA6VCKTFR,2044
"com,twitter)/apralky/status/1811693324094386633",20240712092522,,https://web.archive.org/web/20240712092522/https://twitter.com/apralky/status/1811693324094386633,https://web.archive.org/web/20240712092522/https://twitter.com/apralky/status/1811693324094386633,https://twitter.com/apralky/status/1811693324094386633,https://twitter.com/apralky/status/1811693324094386633,,,,application/json,-,AKVHFES3V6Y7Y4MRWBX3PBPQBC54BB47,1643
"com,twitter)/apralky/status/1811774363449901528",20240712144724,,https://web.archive.org/web/20240712144724/https://twitter.com/apralky/status/1811774363449901528,https://web.archive.org/web/20240712144724/https://twitter.com/apralky/status/1811774363449901528,https://twitter.com/apralky/status/1811774363449901528,https://twitter.com/apralky/status/1811774363449901528,,,,application/json,-,5U4KO2Y5A47E7HG35S3MFNSUKW6SPNU6,890
"com,twitter)/apralky/status/1810407968183370222",20240708201750,,https://web.archive.org/web/20240708201750/https://twitter.com/apralky/status/1810407968183370222,https://web.archive.org/web/20240708201750/https://twitter.com/apralky/status/1810407968183370222,https://twitter.com/apralky/status/1810407968183370222,https://twitter.com/apralky/status/1810407968183370222,,,,application/json,-,5VXL7A6HN2GB77MHIMYE2NDWQWZG3KAR,1429
"com,twitter)/apralky/status/1811715289811198175",20240712105239,,https://web.archive.org/web/20240712105239/https://twitter.com/apralky/status/1811715289811198175,https://web.archive.org/web/20240712105239/https://twitter.com/apralky/status/1811715289811198175,https://twitter.com/apralky/status/1811715289811198175,https://twitter.com/apralky/status/1811715289811198175,,,,application/json,-,JC6BWNPJF2D7OGSVV47GFY7LQWLKJNWP,1317
"com,twitter)/apralky/status/1811751339493589316",20240712131554,,https://web.archive.org/web/20240712131554/https://twitter.com/apralky/status/1811751339493589316,https://web.archive.org/web/20240712131554/https://twitter.com/apralky/status/1811751339493589316,https://twitter.com/apralky/status/1811751339493589316,https://twitter.com/apralky/status/1811751339493589316,,,,application/json,-,Y2NKY4LLEDGWVDK7CA343ORMW3YI4JGV,1316
"com,twitter)/apralky/status/1811784671878840380",20240712152821,,https://web.archive.org/web/20240712152821/https://twitter.com/apralky/status/1811784671878840380,https://web.archive.org/web/20240712152821/https://twitter.com/apralky/status/1811784671878840380,https://twitter.com/apralky/status/1811784671878840380,https://twitter.com/apralky/status/1811784671878840380,,,,application/json,-,WZYIFH4BO6FNG33GOL76JYXYT2DVTAYP,1363
"com,twitter)/apralky/status/1811770701172429297",20240712143250,,https://web.archive.org/web/20240712143250/https://twitter.com/apralky/status/1811770701172429297,https://web.archive.org/web/20240712143250/https://twitter.com/apralky/status/1811770701172429297,https://twitter.com/apralky/status/1811770701172429297,https://twitter.com/apralky/status/1811770701172429297,,,,application/json,-,N4DQPA5LCQPXAC5CPWV7BFY5BMO2KU3Q,1590
"com,twitter)/apralky/status/1811780503659221243",20240712151147,,https://web.archive.org/web/20240712151147/https://twitter.com/apralky/status/1811780503659221243,https://web.archive.org/web/20240712151147/https://twitter.com/apralky/status/1811780503659221243,https://twitter.com/apralky/status/1811780503659221243,https://twitter.com/apralky/status/1811780503659221243,,,,application/json,-,FU4CAMEOGAZ4JIKWGQ3X5Y6LJDYOZ5IL,2258
"com,twitter)/apralky/status/1811798207875240142",20240712162208,,https://web.archive.org/web/20240712162208/https://twitter.com/apralky/status/1811798207875240142,https://web.archive.org/web/20240712162208/https://twitter.com/apralky/status/1811798207875240142,https://twitter.com/apralky/status/1811798207875240142,https://twitter.com/apralky/status/1811798207875240142,,,,application/json,-,V7QPBDISFWP7Z6TKKET2TMSPN5BTLNCD,1048
"com,twitter)/apralky/status/1811806151475916910",20240712165342,,https://web.archive.org/web/20240712165342/https://twitter.com/apralky/status/1811806151475916910,https://web.archive.org/web/20240712165342/https://twitter.com/apralky/status/1811806151475916910,https://twitter.com/apralky/status/1811806151475916910,https://twitter.com/apralky/status/1811806151475916910,,,,application/json,-,7FRS5VYKZUDYC3BP6PEPOKTQRB7OAJBM,1564
"com,twitter)/apralky/status/1811799783251513644",20240712162824,,https://web.archive.org/web/20240712162824/https://twitter.com/apralky/status/1811799783251513644,https://web.archive.org/web/20240712162824/https://twitter.com/apralky/status/1811799783251513644,https://twitter.com/apralky/status/1811799783251513644,https://twitter.com/apralky/status/1811799783251513644,,,,application/json,-,27TVU4JWKFD35OVWCM46GM6GKC5RYCDK,1469
"com,twitter)/apralky/status/1811811354694549915",20240712171423,,https://web.archive.org/web/20240712171423/https://twitter.com/apralky/status/1811811354694549915,https://web.archive.org/web/20240712171423/https://twitter.com/apralky/status/1811811354694549915,https://twitter.com/apralky/status/1811811354694549915,https://twitter.com/apralky/status/1811811354694549915,,,,application/json,-,W6QGFS3JFV3HCIUWMORUK4O34RJBOR7X,2130
"com,twitter)/apralky/status/1811798937327620325",20240712162502,,https://web.archive.org/web/20240712162502/https://twitter.com/apralky/status/1811798937327620325,https://web.archive.org/web/20240712162502/https://twitter.com/apralky/status/1811798937327620325,https://twitter.com/apralky/status/1811798937327620325,https://twitter.com/apralky/status/1811798937327620325,,,,application/json,-,77HBBWS6UDOQQ6QXF7EZYSTVEABL2DRL,1260
"com,twitter)/apralky/status/1811800777708507474",20240712163221,,https://web.archive.org/web/20240712163221/https://twitter.com/apralky/status/1811800777708507474,https://web.archive.org/web/20240712163221/https://twitter.com/apralky/status/1811800777708507474,https://twitter.com/apralky/status/1811800777708507474,https://twitter.com/apralky/status/1811800777708507474,,,,application/json,-,IQR3OZ5EOK4VYSGLH4G56FAOWJYJCDIF,1331
"com,twitter)/apralky/status/1811805971657687116",20240712165300,,https://web.archive.org/web/20240712165300/https://twitter.com/apralky/status/1811805971657687116,https://web.archive.org/web/20240712165300/https://twitter.com/apralky/status/1811805971657687116,https://twitter.com/apralky/status/1811805971657687116,https://twitter.com/apralky/status/1811805971657687116,,,,application/json,-,L4MDM5OSRED65GHHXMQWTH3BFLYOKMK3,1063
"com,twitter)/apralky/status/1811876209070088504",20240712213205,,https://web.archive.org/web/20240712213205/https://twitter.com/apralky/status/1811876209070088504,https://web.archive.org/web/20240712213205/https://twitter.com/apralky/status/1811876209070088504,https://twitter.com/apralky/status/1811876209070088504,https://twitter.com/apralky/status/1811876209070088504,,,,application/json,-,PTTPJR7GII3NZDHOTJMW4P74AZQAB4HO,1780
"com,twitter)/apralky/status/1811837184367796635",20240712185701,,https://web.archive.org/web/20240712185701/https://twitter.com/apralky/status/1811837184367796635,https://web.archive.org/web/20240712185701/https://twitter.com/apralky/status/1811837184367796635,https://twitter.com/apralky/status/1811837184367796635,https://twitter.com/apralky/status/1811837184367796635,,,,application/json,-,A3RTIQSW4ORAEEPUYZEEVSRRREZI4X7D,1292
"com,twitter)/apralky/status/1811877478744621138",20240712213708,,https://web.archive.org/web/20240712213708/https://twitter.com/apralky/status/1811877478744621138,https://web.archive.org/web/20240712213708/https://twitter.com/apralky/status/1811877478744621138,https://twitter.com/apralky/status/1811877478744621138,https://twitter.com/apralky/status/1811877478744621138,,,,application/json,-,DOOFMCLRIU3ZKN5WCZGTG3MPFJ4RDTNJ,1407
"com,twitter)/apralky/status/1811990859312697383",20240713050740,,https://web.archive.org/web/20240713050740/https://twitter.com/apralky/status/1811990859312697383,https://web.archive.org/web/20240713050740/https://twitter.com/apralky/status/1811990859312697383,https://twitter.com/apralky/status/1811990859312697383,https://twitter.com/apralky/status/1811990859312697383,,,,application/json,-,YX5ZIH4APO3V5V3U4OTTWXNUO7YBVLLD,1806
"com,twitter)/apralky/status/1811876100227969201",20240712213139,,https://web.archive.org/web/20240712213139/https://twitter.com/apralky/status/1811876100227969201,https://web.archive.org/web/20240712213139/https://twitter.com/apralky/status/1811876100227969201,https://twitter.com/apralky/status/1811876100227969201,https://twitter.com/apralky/status/1811876100227969201,,,,application/json,-,I4Q35R63HLOVPQC5FTAZ57F4JPYFE6LQ,1776
"com,twitter)/apralky/status/1811877243016339694",20240712213612,,https://web.archive.org/web/20240712213612/https://twitter.com/apralky/status/1811877243016339694,https://web.archive.org/web/20240712213612/https://twitter.com/apralky/status/1811877243016339694,https://twitter.com/apralky/status/1811877243016339694,https://twitter.com/apralky/status/1811877243016339694,,,,application/json,-,4VVFBU45B5EJGNMV6FTWZJJH33PDGZLJ,1659
"com,twitter)/apralky/status/1812072404027372020",20240713103142,,https://web.archive.org/web/20240713103142/https://twitter.com/apralky/status/1812072404027372020,https://web.archive.org/web/20240713103142/https://twitter.com/apralky/status/1812072404027372020,https://twitter.com/apralky/status/1812072404027372020,https://twitter.com/apralky/status/1812072404027372020,,,,application/json,-,NHZDFMIVZN2RDP2RP7LUDMEETEIWSTF4,1378
"com,twitter)/apralky/status/1811882890864804047",20240712215838,,https://web.archive.org/web/20240712215838/https://twitter.com/apralky/status/1811882890864804047,https://web.archive.org/web/20240712215838/https://twitter.com/apralky/status/1811882890864804047,https://twitter.com/apralky/status/1811882890864804047,https://twitter.com/apralky/status/1811882890864804047,,,,application/json,-,2HE5VS65QZB2Q3WF6H2FWJISAO3EFAR6,886
"com,twitter)/apralky/status/1812068967462080870",20240713101803,,https://web.archive.org/web/20240713101803/https://twitter.com/apralky/status/1812068967462080870,https://web.archive.org/web/20240713101803/https://twitter.com/apralky/status/1812068967462080870,https://twitter.com/apralky/status/1812068967462080870,https://twitter.com/apralky/status/1812068967462080870,,,,application/json,-,MESRCQAK6YEQ2T3MSYCQGSAE72ZKN4TL,1794
"com,twitter)/apralky/status/1811883937087783358",20240712220248,,https://web.archive.org/web/20240712220248/https://twitter.com/apralky/status/1811883937087783358,https://web.archive.org/web/20240712220248/https://twitter.com/apralky/status/1811883937087783358,https://twitter.com/apralky/status/1811883937087783358,https://twitter.com/apralky/status/1811883937087783358,,,,application/json,-,EUOSYI3HDN6CEKEFOQK6F4O6VIH4N3CJ,1347
"com,twitter)/apralky/status/1812073986454393296",20240713103759,,https://web.archive.org/web/20240713103759/https://twitter.com/apralky/status/1812073986454393296,https://web.archive.org/web/20240713103759/https://twitter.com/apralky/status/1812073986454393296,https://twitter.com/apralky/status/1812073986454393296,https://twitter.com/apralky/status/1812073986454393296,,,,application/json,-,JPWHEDAIHRG7NVMKIKGRKVH2SLUOT7U7,1235
"com,twitter)/apralky/status/1812075322168197522",20240713104318,,https://web.archive.org/web/20240713104318/https://twitter.com/apralky/status/1812075322168197522,https://web.archive.org/web/20240713104318/https://twitter.com/apralky/status/1812075322168197522,https://twitter.com/apralky/status/1812075322168197522,https://twitter.com/apralky/status/1812075322168197522,,,,application/json,-,MUF57X6DCHIRJSWBKIUXFGFG5KMEM27B,1145
"com,twitter)/apralky/status/1812070152952762411",20240713102245,,https://web.archive.org/web/20240713102245/https://twitter.com/apralky/status/1812070152952762411,https://web.archive.org/web/20240713102245/https://twitter.com/apralky/status/1812070152952762411,https://twitter.com/apralky/status/1812070152952762411,https://twitter.com/apralky/status/1812070152952762411,,,,application/json,-,GNPF3E2FWQ6DU52IRMPKNGETYKJMK4AF,1434
"com,twitter)/apralky/status/1812077870392439179",20240713105325,,https://web.archive.org/web/20240713105325/https://twitter.com/apralky/status/1812077870392439179,https://web.archive.org/web/20240713105325/https://twitter.com/apralky/status/1812077870392439179,https://twitter.com/apralky/status/1812077870392439179,https://twitter.com/apralky/status/1812077870392439179,,,,application/json,-,SAMSZIZNVSXAIGXQ2JVO45ZVJ6V7SAGW,1218
"com,twitter)/apralky/status/1812077764993769747",20240713105300,,https://web.archive.org/web/20240713105300/https://twitter.com/apralky/status/1812077764993769747,https://web.archive.org/web/20240713105300/https://twitter.com/apralky/status/1812077764993769747,https://twitter.com/apralky/status/1812077764993769747,https://twitter.com/apralky/status/1812077764993769747,,,,application/json,-,TBRI7EGMSEJ2PWPVDZD5R4DDFWWV7NN6,1557
"com,twitter)/apralky/status/1812148259911008709",20240713153307,,https://web.archive.org/web/20240713153307/https://twitter.com/apralky/status/1812148259911008709,https://web.archive.org/web/20240713153307/https://twitter.com/apralky/status/1812148259911008709,https://twitter.com/apralky/status/1812148259911008709,https://twitter.com/apralky/status/1812148259911008709,,,,application/json,-,BROHULJSWRMJELSWLXYIGP5UE33QDMGS,1415
"com,twitter)/apralky/status/1812148515184803959",20240713153408,,https://web.archive.org/web/20240713153408/https://twitter.com/apralky/status/1812148515184803959,https://web.archive.org/web/20240713153408/https://twitter.com/apralky/status/1812148515184803959,https://twitter.com/apralky/status/1812148515184803959,https://twitter.com/apralky/status/1812148515184803959,,,,application/json,-,IURPTCAWBQWGGJ6OXIG7LTXN7DIWVC6F,1354
"com,twitter)/apralky/status/1812078881735643239",20240713105726,,https://web.archive.org/web/20240713105726/https://twitter.com/apralky/status/1812078881735643239,https://web.archive.org/web/20240713105726/https://twitter.com/apralky/status/1812078881735643239,https://twitter.com/apralky/status/1812078881735643239,https://twitter.com/apralky/status/1812078881735643239,,,,application/json,-,LNFEWKKNGKOOMYBOTVWP3237WQ4ZQGJ7,1420
"com,twitter)/apralky/status/1812154356302500088",20240713155721,,https://web.archive.org/web/20240713155721/https://twitter.com/apralky/status/1812154356302500088,https://web.archive.org/web/20240713155721/https://twitter.com/apralky/status/1812154356302500088,https://twitter.com/apralky/status/1812154356302500088,https://twitter.com/apralky/status/1812154356302500088,,,,application/json,-,UXIGXBXCMJGGB2XBQKU5W2S66CYIT67H,1377
"com,twitter)/apralky/status/1812081625103995160",20240713110820,,https://web.archive.org/web/20240713110820/https://twitter.com/apralky/status/1812081625103995160,https://web.archive.org/web/20240713110820/https://twitter.com/apralky/status/1812081625103995160,https://twitter.com/apralky/status/1812081625103995160,https://twitter.com/apralky/status/1812081625103995160,,,,application/json,-,IC2O2DJPXTNI7BSXF63NOLEAK3AEGS4G,1283
"com,twitter)/apralky/status/1812151649030307928",20240713154635,,https://web.archive.org/web/20240713154635/https://twitter.com/apralky/status/1812151649030307928,https://web.archive.org/web/20240713154635/https://twitter.com/apralky/status/1812151649030307928,https://twitter.com/apralky/status/1812151649030307928,https://twitter.com/apralky/status/1812151649030307928,,,,application/json,-,HOHBNXWV2VDMEIHYBU562QSI5PFUHM3D,1902
"com,twitter)/apralky/status/1812148449296478655",20240713153353,,https://web.archive.org/web/20240713153353/https://twitter.com/apralky/status/1812148449296478655,https://web.archive.org/web/20240713153353/https://twitter.com/apralky/status/1812148449296478655,https://twitter.com/apralky/status/1812148449296478655,https://twitter.com/apralky/status/1812148449296478655,,,,application/json,-,BUQ7DYG67WBSUDWSMRIQHRRYSUU7X37S,1392
"com,twitter)/apralky/status/1812158010791276632",20240713161152,,https://web.archive.org/web/20240713161152/https://twitter.com/apralky/status/1812158010791276632,https://web.archive.org/web/20240713161152/https://twitter.com/apralky/status/1812158010791276632,https://twitter.com/apralky/status/1812158010791276632,https://twitter.com/apralky/status/1812158010791276632,,,,application/json,-,YC2A253XHFH37VYGSOS3CAVRYZQ5R2IK,1918
"com,twitter)/apralky/status/1812162801357508702",20240713163054,,https://web.archive.org/web/20240713163054/https://twitter.com/apralky/status/1812162801357508702,https://web.archive.org/web/20240713163054/https://twitter.com/apralky/status/1812162801357508702,https://twitter.com/apralky/status/1812162801357508702,https://twitter.com/apralky/status/1812162801357508702,,,,application/json,-,GRGWJDO6MDIBW352GO56JAZCQS3FD3Q6,1679
"com,twitter)/apralky/status/1812149623592833090",20240713153833,,https://web.archive.org/web/20240713153833/https://twitter.com/apralky/status/1812149623592833090,https://web.archive.org/web/20240713153833/https://twitter.com/apralky/status/1812149623592833090,https://twitter.com/apralky/status/1812149623592833090,https://twitter.com/apralky/status/1812149623592833090,,,,application/json,-,ZSG3BS7XLAQBIJDGWDE6BTBDHSIVD2BH,1746
"com,twitter)/apralky/status/1812154972374482960",20240713155948,,https://web.archive.org/web/20240713155948/https://twitter.com/apralky/status/1812154972374482960,https://web.archive.org/web/20240713155948/https://twitter.com/apralky/status/1812154972374482960,https://twitter.com/apralky/status/1812154972374482960,https://twitter.com/apralky/status/1812154972374482960,,,,application/json,-,TYXVAPTG6MNXB2I6YFQYVFBNOIBKOE6Q,1303
"com,twitter)/apralky/status/1812159950757487056",20240713161935,,https://web.archive.org/web/20240713161935/https://twitter.com/apralky/status/1812159950757487056,https://web.archive.org/web/20240713161935/https://twitter.com/apralky/status/1812159950757487056,https://twitter.com/apralky/status/1812159950757487056,https://twitter.com/apralky/status/1812159950757487056,,,,application/json,-,CHYAR5S7N562KLPVB7ZISJUI5RC3NPNL,1518
"com,twitter)/apralky/status/1812192598196404267",20240713182918,,https://web.archive.org/web/20240713182918/https://twitter.com/apralky/status/1812192598196404267,https://web.archive.org/web/20240713182918/https://twitter.com/apralky/status/1812192598196404267,https://twitter.com/apralky/status/1812192598196404267,https://twitter.com/apralky/status/1812192598196404267,,,,application/json,-,W6VAVZB6D6NHZ2RUQ7G5TD6A4MSCNTD7,2414
"com,twitter)/apralky/status/1812224609770774962",20240713203631,,https://web.archive.org/web/20240713203631/https://twitter.com/apralky/status/1812224609770774962,https://web.archive.org/web/20240713203631/https://twitter.com/apralky/status/1812224609770774962,https://twitter.com/apralky/status/1812224609770774962,https://twitter.com/apralky/status/1812224609770774962,,,,application/json,-,PQ5UIJYBNQAJL7RDJCQFXAXRKLBAUF7R,1911
"com,twitter)/apralky/status/1812171949168046231",20240713170715,,https://web.archive.org/web/20240713170715/https://twitter.com/apralky/status/1812171949168046231,https://web.archive.org/web/20240713170715/https://twitter.com/apralky/status/1812171949168046231,https://twitter.com/apralky/status/1812171949168046231,https://twitter.com/apralky/status/1812171949168046231,,,,application/json,-,4W5PIWHZEEGTXWE4ANGZKGCQ2LWNG6OP,2427
"com,twitter)/apralky/status/1812224022664421817",20240713203411,,https://web.archive.org/web/20240713203411/https://twitter.com/apralky/status/1812224022664421817,https://web.archive.org/web/20240713203411/https://twitter.com/apralky/status/1812224022664421817,https://twitter.com/apralky/status/1812224022664421817,https://twitter.com/apralky/status/1812224022664421817,,,,application/json,-,5DFKYG2HRGPLT2PZGQYVTLUBK2HZUVR2,2001
"com,twitter)/apralky/status/1812178982223175765",20240713173512,,https://web.archive.org/web/20240713173512/https://twitter.com/apralky/status/1812178982223175765,https://web.archive.org/web/20240713173512/https://twitter.com/apralky/status/1812178982223175765,https://twitter.com/apralky/status/1812178982223175765,https://twitter.com/apralky/status/1812178982223175765,,,,application/json,-,QIGMO4KTGOKMQMWVAATMEKG2BGZARI5E,1464
"com,twitter)/apralky/status/1812225392344027289",20240713203937,,https://web.archive.org/web/20240713203937/https://twitter.com/apralky/status/1812225392344027289,https://web.archive.org/web/20240713203937/https://twitter.com/apralky/status/1812225392344027289,https://twitter.com/apralky/status/1812225392344027289,https://twitter.com/apralky/status/1812225392344027289,,,,application/json,-,B5ZZY6V7DTGRSD2QNL5GXMD47G22OA5L,1698
"com,twitter)/apralky/status/1812192689166700998",20240713182940,,https://web.archive.org/web/20240713182940/https://twitter.com/apralky/status/1812192689166700998,https://web.archive.org/web/20240713182940/https://twitter.com/apralky/status/1812192689166700998,https://twitter.com/apralky/status/1812192689166700998,https://twitter.com/apralky/status/1812192689166700998,,,,application/json,-,J27YSIAO2WBXJFXZRW2C3LRMWWSUBK7N,1200
"com,twitter)/apralky/status/1812237550242922839",20240713212756,,https://web.archive.org/web/20240713212756/https://twitter.com/apralky/status/1812237550242922839,https://web.archive.org/web/20240713212756/https://twitter.com/apralky/status/1812237550242922839,https://twitter.com/apralky/status/1812237550242922839,https://twitter.com/apralky/status/1812237550242922839,,,,application/json,-,IF2KEY2QBPO5DUVOMHM2Q7ITA4AB7LDO,1908
"com,twitter)/apralky/status/1812256069940380123",20240713224131,,https://web.archive.org/web/20240713224131/https://twitter.com/apralky/status/1812256069940380123,https://web.archive.org/web/20240713224131/https://twitter.com/apralky/status/1812256069940380123,https://twitter.com/apralky/status/1812256069940380123,https://twitter.com/apralky/status/1812256069940380123,,,,application/json,-,4JMGSE2XJSE7NGXJXZ5YOTZMPTQMWFZ4,1400
"com,twitter)/apralky/status/1812235221087215872",20240713211841,,https://web.archive.org/web/20240713211841/https://twitter.com/apralky/status/1812235221087215872,https://web.archive.org/web/20240713211841/https://twitter.com/apralky/status/1812235221087215872,https://twitter.com/apralky/status/1812235221087215872,https://twitter.com/apralky/status/1812235221087215872,,,,application/json,-,DLTN3QSA3N43V53E3WC5WAZHKVKOVQZK,1708
"com,twitter)/apralky/status/1812262736643883018",20240713230801,,https://web.archive.org/web/20240713230801/https://twitter.com/apralky/status/1812262736643883018,https://web.archive.org/web/20240713230801/https://twitter.com/apralky/status/1812262736643883018,https://twitter.com/apralky/status/1812262736643883018,https://twitter.com/apralky/status/1812262736643883018,,,,application/json,-,MPQCBPDPOQW7F7SCDXI5DRZLTLBLTPN6,1660
"com,twitter)/apralky/status/1812257531328114943",20240713224720,,https://web.archive.org/web/20240713224720/https://twitter.com/apralky/status/1812257531328114943,https://web.archive.org/web/20240713224720/https://twitter.com/apralky/status/1812257531328114943,https://twitter.com/apralky/status/1812257531328114943,https://twitter.com/apralky/status/1812257531328114943,,,,application/json,-,2CGCWZEB5AQ7PRNRTWP7HWNI2Z4QWJ3C,1068
"com,twitter)/apralky/status/1812241864269164717",20240713214504,,https://web.archive.org/web/20240713214504/https://twitter.com/apralky/status/1812241864269164717,https://web.archive.org/web/20240713214504/https://twitter.com/apralky/status/1812241864269164717,https://twitter.com/apralky/status/1812241864269164717,https://twitter.com/apralky/status/1812241864269164717,,,,application/json,-,GEXSEVMJPQX6ZISVEOGCRSJJDK36ZGY2,2042
"com,twitter)/apralky/status/1812252464910897390",20240713222712,,https://web.archive.org/web/20240713222712/https://twitter.com/apralky/status/1812252464910897390,https://web.archive.org/web/20240713222712/https://twitter.com/apralky/status/1812252464910897390,https://twitter.com/apralky/status/1812252464910897390,https://twitter.com/apralky/status/1812252464910897390,,,,application/json,-,VTEKL5API5ROOTMGUKT4LFPTSK645V43,1842
"com,twitter)/apralky/status/1812265158166897131",20240713231738,,https://web.archive.org/web/20240713231738/https://twitter.com/apralky/status/1812265158166897131,https://web.archive.org/web/20240713231738/https://twitter.com/apralky/status/1812265158166897131,https://twitter.com/apralky/status/1812265158166897131,https://twitter.com/apralky/status/1812265158166897131,,,,application/json,-,STXYFLZWQDGTAVGRJ2GPVQMGWPMLFZ3F,1204
"com,twitter)/apralky/status/1812282523927335144",20240714002638,,https://web.archive.org/web/20240714002638/https://twitter.com/apralky/status/1812282523927335144,https://web.archive.org/web/20240714002638/https://twitter.com/apralky/status/1812282523927335144,https://twitter.com/apralky/status/1812282523927335144,https://twitter.com/apralky/status/1812282523927335144,,,,application/json,-,5HVWX6SIKIH2J4W5IBLLHKEF7WKV3IDX,1807
"com,twitter)/apralky/status/1812263355102429425",20240713231028,,https://web.archive.org/web/20240713231028/https://twitter.com/apralky/status/1812263355102429425,https://web.archive.org/web/20240713231028/https://twitter.com/apralky/status/1812263355102429425,https://twitter.com/apralky/status/1812263355102429425,https://twitter.com/apralky/status/1812263355102429425,,,,application/json,-,KKNVQ4XZZYOUE63QL46MTK3DVVBGM7UL,888
"com,twitter)/apralky/status/1812284542247752084",20240714003440,,https://web.archive.org/web/20240714003440/https://twitter.com/apralky/status/1812284542247752084,https://web.archive.org/web/20240714003440/https://twitter.com/apralky/status/1812284542247752084,https://twitter.com/apralky/status/1812284542247752084,https://twitter.com/apralky/status/1812284542247752084,,,,application/json,-,XC6QIYSPC5CZBLZAL7SZQHJVBWP3XKGO,1349
"com,twitter)/apralky/status/1812270976908087402",20240713234045,,https://web.archive.org/web/20240713234045/https://twitter.com/apralky/status/1812270976908087402,https://web.archive.org/web/20240713234045/https://twitter.com/apralky/status/1812270976908087402,https://twitter.com/apralky/status/1812270976908087402,https://twitter.com/apralky/status/1812270976908087402,,,,application/json,-,DVISBXNQLMJK664MW4L6PNKXAKMVNBHD,1543
"com,twitter)/apralky/status/1812269390395797571",20240713233427,,https://web.archive.org/web/20240713233427/https://twitter.com/apralky/status/1812269390395797571,https://web.archive.org/web/20240713233427/https://twitter.com/apralky/status/1812269390395797571,https://twitter.com/apralky/status/1812269390395797571,https://twitter.com/apralky/status/1812269390395797571,,,,application/json,-,AZQ3OH6BOGBRSURCPNCXYM3QJ3EVQEAO,1546
"com,twitter)/apralky/status/1812283186858385543",20240714002916,,https://web.archive.org/web/20240714002916/https://twitter.com/apralky/status/1812283186858385543,https://web.archive.org/web/20240714002916/https://twitter.com/apralky/status/1812283186858385543,https://twitter.com/apralky/status/1812283186858385543,https://twitter.com/apralky/status/1812283186858385543,,,,application/json,-,ZE7KGPQFJ4IW2YGBMJFMQMRN7SOPNWR3,1781
"com,twitter)/apralky/status/1812285995955446196",20240714004026,,https://web.archive.org/web/20240714004026/https://twitter.com/apralky/status/1812285995955446196,https://web.archive.org/web/20240714004026/https://twitter.com/apralky/status/1812285995955446196,https://twitter.com/apralky/status/1812285995955446196,https://twitter.com/apralky/status/1812285995955446196,,,,application/json,-,BD3LRVGNJYMUMJXGRCBNGCWI6XEKAQE3,1635
"com,twitter)/apralky/status/1812288906634854594",20240714005200,,https://web.archive.org/web/20240714005200/https://twitter.com/apralky/status/1812288906634854594,https://web.archive.org/web/20240714005200/https://twitter.com/apralky/status/1812288906634854594,https://twitter.com/apralky/status/1812288906634854594,https://twitter.com/apralky/status/1812288906634854594,,,,application/json,-,4XHK67WKG77H2SDA2BA5BQ3K2YJYT34D,1226
"com,twitter)/apralky/status/1812269964424024522",20240713233644,,https://web.archive.org/web/20240713233644/https://twitter.com/apralky/status/1812269964424024522,https://web.archive.org/web/20240713233644/https://twitter.com/apralky/status/1812269964424024522,https://twitter.com/apralky/status/1812269964424024522,https://twitter.com/apralky/status/1812269964424024522,,,,application/json,-,UHU4DY4WT3MCFBAUQ7FZ5A6AARJ3BJTA,1712
"com,twitter)/apralky/status/1812290301433659608",20240714005733,,https://web.archive.org/web/20240714005733/https://twitter.com/apralky/status/1812290301433659608,https://web.archive.org/web/20240714005733/https://twitter.com/apralky/status/1812290301433659608,https://twitter.com/apralky/status/1812290301433659608,https://twitter.com/apralky/status/1812290301433659608,,,,application/json,-,3PDXWE2QY4HM2BME3R74JU54YXANM5EI,1723
"com,twitter)/apralky/status/1812294858830209213",20240714011539,,https://web.archive.org/web/20240714011539/https://twitter.com/apralky/status/1812294858830209213,https://web.archive.org/web/20240714011539/https://twitter.com/apralky/status/1812294858830209213,https://twitter.com/apralky/status/1812294858830209213,https://twitter.com/apralky/status/1812294858830209213,,,,application/json,-,NZ3G5RJG3LXM5GXX3R7ZJCXIAKQN6VRZ,878
"com,twitter)/apralky/status/1812286688187560320",20240714004311,,https://web.archive.org/web/20240714004311/https://twitter.com/apralky/status/1812286688187560320,https://web.archive.org/web/20240714004311/https://twitter.com/apralky/status/1812286688187560320,https://twitter.com/apralky/status/1812286688187560320,https://twitter.com/apralky/status/1812286688187560320,,,,application/json,-,LTN2XNQG27CHNDDY5I4DABBDOJL5AO4W,1365
"com,twitter)/apralky/status/1812461143396434100",20240714121625,,https://web.archive.org/web/20240714121625/https://twitter.com/apralky/status/1812461143396434100,https://web.archive.org/web/20240714121625/https://twitter.com/apralky/status/1812461143396434100,https://twitter.com/apralky/status/1812461143396434100,https://twitter.com/apralky/status/1812461143396434100,,,,application/json,-,H5VU2D6XWPXEMKMMUAC7YGVR3P3IUFFW,1414
"com,twitter)/apralky/status/1812452890662830369",20240714114337,,https://web.archive.org/web/20240714114337/https://twitter.com/apralky/status/1812452890662830369,https://web.archive.org/web/20240714114337/https://twitter.com/apralky/status/1812452890662830369,https://twitter.com/apralky/status/1812452890662830369,https://twitter.com/apralky/status/1812452890662830369,,,,application/json,-,PCZJBZFNMIPELZFH7VEL7R22C2CKF6ZT,1267
"com,twitter)/apralky/status/1812457354723487757",20240714120121,,https://web.archive.org/web/20240714120121/https://twitter.com/apralky/status/1812457354723487757,https://web.archive.org/web/20240714120121/https://twitter.com/apralky/status/1812457354723487757,https://twitter.com/apralky/status/1812457354723487757,https://twitter.com/apralky/status/1812457354723487757,,,,application/json,-,3R2AEAST2Y4VDHKPJZKTQRITGPBEBZZX,1024
"com,twitter)/apralky/status/1812482040874389863",20240714133927,,https://web.archive.org/web/20240714133927/https://twitter.com/apralky/status/1812482040874389863,https://web.archive.org/web/20240714133927/https://twitter.com/apralky/status/1812482040874389863,https://twitter.com/apralky/status/1812482040874389863,https://twitter.com/apralky/status/1812482040874389863,,,,application/json,-,6THSXJYDYX4PRTNKZ6X6JURDYZGJ3GX5,1310
"com,twitter)/apralky/status/1812483317356183638",20240714134431,,https://web.archive.org/web/20240714134431/https://twitter.com/apralky/status/1812483317356183638,https://web.archive.org/web/20240714134431/https://twitter.com/apralky/status/1812483317356183638,https://twitter.com/apralky/status/1812483317356183638,https://twitter.com/apralky/status/1812483317356183638,,,,application/json,-,R7M6P677B3UOVGGTSJFA36WQRUMIXIWS,1350
"com,twitter)/apralky/status/1812484135874617808",20240714134746,,https://web.archive.org/web/20240714134746/https://twitter.com/apralky/status/1812484135874617808,https://web.archive.org/web/20240714134746/https://twitter.com/apralky/status/1812484135874617808,https://twitter.com/apralky/status/1812484135874617808,https://twitter.com/apralky/status/1812484135874617808,,,,application/json,-,ASPQC6GMLIYO3I2A3GIIH3Z7DM5X2HEK,1185
"com,twitter)/apralky/status/1812485330827628968",20240714135231,,https://web.archive.org/web/20240714135231/https://twitter.com/apralky/status/1812485330827628968,https://web.archive.org/web/20240714135231/https://twitter.com/apralky/status/1812485330827628968,https://twitter.com/apralky/status/1812485330827628968,https://twitter.com/apralky/status/1812485330827628968,,,,application/json,-,WTUFU3Q5FMLMMQV4CLZLHH5XC3WLSYPZ,913
"com,twitter)/apralky/status/1812485486658654348",20240714135309,,https://web.archive.org/web/20240714135309/https://twitter.com/apralky/status/1812485486658654348,https://web.archive.org/web/20240714135309/https://twitter.com/apralky/status/1812485486658654348,https://twitter.com/apralky/status/1812485486658654348,https://twitter.com/apralky/status/1812485486658654348,,,,application/json,-,KVUE5EENJUWOFHDGUFJNEYEFDKXWI5TE,1135
"com,twitter)/apralky/status/1812490756738695488",20240714141405,,https://web.archive.org/web/20240714141405/https://twitter.com/apralky/status/1812490756738695488,https://web.archive.org/web/20240714141405/https://twitter.com/apralky/status/1812490756738695488,https://twitter.com/apralky/status/1812490756738695488,https://twitter.com/apralky/status/1812490756738695488,,,,application/json,-,AU4ZO4NG5CJ5BQXDWP5EEF6TZPQMR75L,1648
"com,twitter)/apralky/status/1812512685130420695",20240714154113,,https://web.archive.org/web/20240714154113/https://twitter.com/apralky/status/1812512685130420695,https://web.archive.org/web/20240714154113/https://twitter.com/apralky/status/1812512685130420695,https://twitter.com/apralky/status/1812512685130420695,https://twitter.com/apralky/status/1812512685130420695,,,,application/json,-,EFL2HDVZOUYHKTW4X3FEKHQ4WFWXYZ6A,1796
"com,twitter)/apralky/status/1812485392848797919",20240714135246,,https://web.archive.org/web/20240714135246/https://twitter.com/apralky/status/1812485392848797919,https://web.archive.org/web/20240714135246/https://twitter.com/apralky/status/1812485392848797919,https://twitter.com/apralky/status/1812485392848797919,https://twitter.com/apralky/status/1812485392848797919,,,,application/json,-,VFQEI3XWUOS6JRK7TGLRJ2BCW5V7P6QU,1184
"com,twitter)/apralky/status/1812515689821036828",20240714155310,,https://web.archive.org/web/20240714155310/https://twitter.com/apralky/status/1812515689821036828,https://web.archive.org/web/20240714155310/https://twitter.com/apralky/status/1812515689821036828,https://twitter.com/apralky/status/1812515689821036828,https://twitter.com/apralky/status/1812515689821036828,,,,application/json,-,2QYLILCWCIWTERQC76EYFAXEVJ6SB6WM,1372
"com,twitter)/apralky/status/1812494101880656084",20240714142723,,https://web.archive.org/web/20240714142723/https://twitter.com/apralky/status/1812494101880656084,https://web.archive.org/web/20240714142723/https://twitter.com/apralky/status/1812494101880656084,https://twitter.com/apralky/status/1812494101880656084,https://twitter.com/apralky/status/1812494101880656084,,,,application/json,-,YTPKEYTQBKVV2KTJ23DUPLRSDTRIPOVS,1480
"com,twitter)/apralky/status/1812516505235730673",20240714155624,,https://web.archive.org/web/20240714155624/https://twitter.com/apralky/status/1812516505235730673,https://web.archive.org/web/20240714155624/https://twitter.com/apralky/status/1812516505235730673,https://twitter.com/apralky/status/1812516505235730673,https://twitter.com/apralky/status/1812516505235730673,,,,application/json,-,5T7OLU3LNX6GKZOLWGFF74CHFHI5NWO6,1432
"com,twitter)/apralky/status/1812514165153792328",20240714154706,,https://web.archive.org/web/20240714154706/https://twitter.com/apralky/status/1812514165153792328,https://web.archive.org/web/20240714154706/https://twitter.com/apralky/status/1812514165153792328,https://twitter.com/apralky/status/1812514165153792328,https://twitter.com/apralky/status/1812514165153792328,,,,application/json,-,36HNB6OPN5RWLUC627UCFOQP6EGKFZNZ,1258
"com,twitter)/apralky/status/1812513249688199490",20240714154328,,https://web.archive.org/web/20240714154328/https://twitter.com/apralky/status/1812513249688199490,https://web.archive.org/web/20240714154328/https://twitter.com/apralky/status/1812513249688199490,https://twitter.com/apralky/status/1812513249688199490,https://twitter.com/apralky/status/1812513249688199490,,,,application/json,-,7NQETDMYAN6WCH45EQ7LIC4Y7YS5MWYE,1275
"com,twitter)/apralky/status/1812521863865593875",20240714161742,,https://web.archive.org/web/20240714161742/https://twitter.com/apralky/status/1812521863865593875,https://web.archive.org/web/20240714161742/https://twitter.com/apralky/status/1812521863865593875,https://twitter.com/apralky/status/1812521863865593875,https://twitter.com/apralky/status/1812521863865593875,,,,application/json,-,M7TOWHMZ3HOSG3TFXAY4NIT4VQWVVG2Q,1985
"com,twitter)/apralky/status/1812518578869919753",20240714160438,,https://web.archive.org/web/20240714160438/https://twitter.com/apralky/status/1812518578869919753,https://web.archive.org/web/20240714160438/https://twitter.com/apralky/status/1812518578869919753,https://twitter.com/apralky/status/1812518578869919753,https://twitter.com/apralky/status/1812518578869919753,,,,application/json,-,NANUQHUBPEJCSLG46GVDWO5SY4JV75BY,1239
"com,twitter)/apralky/status/1812523768301998363",20240714162516,,https://web.archive.org/web/20240714162516/https://twitter.com/apralky/status/1812523768301998363,https://web.archive.org/web/20240714162516/https://twitter.com/apralky/status/1812523768301998363,https://twitter.com/apralky/status/1812523768301998363,https://twitter.com/apralky/status/1812523768301998363,,,,application/json,-,LKBAWFU3CSLKMPO5RCGNFOBZU3UDFD6X,1351
"com,twitter)/apralky/status/1812516943913533851",20240714155809,,https://web.archive.org/web/20240714155809/https://twitter.com/apralky/status/1812516943913533851,https://web.archive.org/web/20240714155809/https://twitter.com/apralky/status/1812516943913533851,https://twitter.com/apralky/status/1812516943913533851,https://twitter.com/apralky/status/1812516943913533851,,,,application/json,-,OW4ONKQ36S6HCLJFDNIEZFRIF7DLX5DW,1316
"com,twitter)/apralky/status/1812518715713294582",20240714160511,,https://web.archive.org/web/20240714160511/https://twitter.com/apralky/status/1812518715713294582,https://web.archive.org/web/20240714160511/https://twitter.com/apralky/status/1812518715713294582,https://twitter.com/apralky/status/1812518715713294582,https://twitter.com/apralky/status/1812518715713294582,,,,application/json,-,LQXP77PDKOWDWEYA7I5TN7S24FZJYG5Q,1289
"com,twitter)/apralky/status/1812598080493208044",20240714212033,,https://web.archive.org/web/20240714212033/https://twitter.com/apralky/status/1812598080493208044,https://web.archive.org/web/20240714212033/https://twitter.com/apralky/status/1812598080493208044,https://twitter.com/apralky/status/1812598080493208044,https://twitter.com/apralky/status/1812598080493208044,,,,application/json,-,C42YTBPX2L3IER63SBLISYTPPWSVKF3P,1230
"com,twitter)/apralky/status/1812526330287628289",20240714163526,,https://web.archive.org/web/20240714163526/https://twitter.com/apralky/status/1812526330287628289,https://web.archive.org/web/20240714163526/https://twitter.com/apralky/status/1812526330287628289,https://twitter.com/apralky/status/1812526330287628289,https://twitter.com/apralky/status/1812526330287628289,,,,application/json,-,34KQYWAYTY6JQYQFGDKIX4UMJKL6KJWI,1349
"com,twitter)/apralky/status/1812528403171406272",20240714164341,,https://web.archive.org/web/20240714164341/https://twitter.com/apralky/status/1812528403171406272,https://web.archive.org/web/20240714164341/https://twitter.com/apralky/status/1812528403171406272,https://twitter.com/apralky/status/1812528403171406272,https://twitter.com/apralky/status/1812528403171406272,,,,application/json,-,MBXX626ZPJ23RFEQHPA7G7PAN5M5MO3B,1168
"com,twitter)/apralky/status/1812529470169112595",20240714164755,,https://web.archive.org/web/20240714164755/https://twitter.com/apralky/status/1812529470169112595,https://web.archive.org/web/20240714164755/https://twitter.com/apralky/status/1812529470169112595,https://twitter.com/apralky/status/1812529470169112595,https://twitter.com/apralky/status/1812529470169112595,,,,application/json,-,NHZPACJUA4LAWXA7IEA6RKMOSDROF5TS,1143
"com,twitter)/apralky/status/1812599679743582698",20240714212654,,https://web.archive.org/web/20240714212654/https://twitter.com/apralky/status/1812599679743582698,https://web.archive.org/web/20240714212654/https://twitter.com/apralky/status/1812599679743582698,https://twitter.com/apralky/status/1812599679743582698,https://twitter.com/apralky/status/1812599679743582698,,,,application/json,-,YSI52OFZS4YMV7JRCU2DHFCOH2UKT25F,1339
"com,twitter)/apralky/status/1812895160709079059",20240715170102,,https://web.archive.org/web/20240715170102/https://twitter.com/apralky/status/1812895160709079059,https://web.archive.org/web/20240715170102/https://twitter.com/apralky/status/1812895160709079059,https://twitter.com/apralky/status/1812895160709079059,https://twitter.com/apralky/status/1812895160709079059,,,,application/json,-,OK7TNAECBHC6NHUEUIQH3CWX5L5PSWVW,1681
"com,twitter)/apralky/status/1813088336669778374",20240716054839,,https://web.archive.org/web/20240716054839/https://twitter.com/apralky/status/1813088336669778374,https://web.archive.org/web/20240716054839/https://twitter.com/apralky/status/1813088336669778374,https://twitter.com/apralky/status/1813088336669778374,https://twitter.com/apralky/status/1813088336669778374,,,,application/json,-,4N74VB7MVQF2QOHZPXUQHUDYQ4TTOFSX,1488
"com,twitter)/apralky/status/1812909099514048736",20240715175626,,https://web.archive.org/web/20240715175626/https://twitter.com/apralky/status/1812909099514048736,https://web.archive.org/web/20240715175626/https://twitter.com/apralky/status/1812909099514048736,https://twitter.com/apralky/status/1812909099514048736,https://twitter.com/apralky/status/1812909099514048736,,,,application/json,-,J46QNCI73AGPYUHAFLMOGTSY623PDSEX,909
"com,twitter)/apralky/status/1813433929443033556",20240717044155,,https://web.archive.org/web/20240717044155/https://twitter.com/apralky/status/1813433929443033556,https://web.archive.org/web/20240717044155/https://twitter.com/apralky/status/1813433929443033556,https://twitter.com/apralky/status/1813433929443033556,https://twitter.com/apralky/status/1813433929443033556,,,,application/json,-,DVXSSQCO2OYNHU6RBW46POTBXZF2MXBQ,1140
"com,twitter)/apralky/status/1813319771716460748",20240716210818,,https://web.archive.org/web/20240716210818/https://twitter.com/apralky/status/1813319771716460748,https://web.archive.org/web/20240716210818/https://twitter.com/apralky/status/1813319771716460748,https://twitter.com/apralky/status/1813319771716460748,https://twitter.com/apralky/status/1813319771716460748,,,,application/json,-,7O3GWRSYMB3BJ7UZGU5RBLBTEWWC53JP,1937
"com,twitter)/apralky/status/1813525904636723590",20240717104724,,https://web.archive.org/web/20240717104724/https://twitter.com/apralky/status/1813525904636723590,https://web.archive.org/web/20240717104724/https://twitter.com/apralky/status/1813525904636723590,https://twitter.com/apralky/status/1813525904636723590,https://twitter.com/apralky/status/1813525904636723590,,,,application/json,-,2CXFOHRUK7YQL6B2SDD27SCEKMCOGPQV,1401
"com,twitter)/apralky/status/1813447268525064565",20240717053455,,https://web.archive.org/web/20240717053455/https://twitter.com/apralky/status/1813447268525064565,https://web.archive.org/web/20240717053455/https://twitter.com/apralky/status/1813447268525064565,https://twitter.com/apralky/status/1813447268525064565,https://twitter.com/apralky/status/1813447268525064565,,,,application/json,-,RDV6D2WRI65265PWB6WVSRKYWZPAOOSJ,947
"com,twitter)/apralky/status/1813487668942008576",20240717081527,,https://web.archive.org/web/20240717081527/https://twitter.com/apralky/status/1813487668942008576,https://web.archive.org/web/20240717081527/https://twitter.com/apralky/status/1813487668942008576,https://twitter.com/apralky/status/1813487668942008576,https://twitter.com/apralky/status/1813487668942008576,,,,application/json,-,4SMJJITQXOWUDCQDJBUZGGJ5RY3QGGXN,1050
"com,twitter)/apralky/status/1813535408371953778",20240717112509,,https://web.archive.org/web/20240717112509/https://twitter.com/apralky/status/1813535408371953778,https://web.archive.org/web/20240717112509/https://twitter.com/apralky/status/1813535408371953778,https://twitter.com/apralky/status/1813535408371953778,https://twitter.com/apralky/status/1813535408371953778,,,,application/json,-,QOKIQ6M5RPBUIKFHKQHSKQ5XIZ4VFKIS,1521
"com,twitter)/apralky/status/1813506433222431121",20240717093001,,https://web.archive.org/web/20240717093001/https://twitter.com/apralky/status/1813506433222431121,https://web.archive.org/web/20240717093001/https://twitter.com/apralky/status/1813506433222431121,https://twitter.com/apralky/status/1813506433222431121,https://twitter.com/apralky/status/1813506433222431121,,,,application/json,-,4S3IPSEJUOZ6SSXMRU3ECM73TGJEVKJX,1920
"com,twitter)/apralky/status/1813541448014500286",20240717114909,,https://web.archive.org/web/20240717114909/https://twitter.com/apralky/status/1813541448014500286,https://web.archive.org/web/20240717114909/https://twitter.com/apralky/status/1813541448014500286,https://twitter.com/apralky/status/1813541448014500286,https://twitter.com/apralky/status/1813541448014500286,,,,application/json,-,VYSGMLXSANPBNYWF73OP5BIPCX3VYRBY,1586
"com,twitter)/apralky/status/1813634420542427371",20240717175836,,https://web.archive.org/web/20240717175836/https://twitter.com/apralky/status/1813634420542427371,https://web.archive.org/web/20240717175836/https://twitter.com/apralky/status/1813634420542427371,https://twitter.com/apralky/status/1813634420542427371,https://twitter.com/apralky/status/1813634420542427371,,,,application/json,-,2OSXKY4GVNJBZSUVY5NKRIZU3WHEHZDK,896
"com,twitter)/apralky/status/1813634552222609583",20240717175907,,https://web.archive.org/web/20240717175907/https://twitter.com/apralky/status/1813634552222609583,https://web.archive.org/web/20240717175907/https://twitter.com/apralky/status/1813634552222609583,https://twitter.com/apralky/status/1813634552222609583,https://twitter.com/apralky/status/1813634552222609583,,,,application/json,-,I5VLFJ7USUHYGB36KESDDR76MT4WKXWM,1964
"com,twitter)/apralky/status/1813633443127030173",20240717175443,,https://web.archive.org/web/20240717175443/https://twitter.com/apralky/status/1813633443127030173,https://web.archive.org/web/20240717175443/https://twitter.com/apralky/status/1813633443127030173,https://twitter.com/apralky/status/1813633443127030173,https://twitter.com/apralky/status/1813633443127030173,,,,application/json,-,S4FB32ZHPNC54WZDPW4YZAPOZJEHKSN2,1291
"com,twitter)/apralky/status/1813633498491867310",20240717175456,,https://web.archive.org/web/20240717175456/https://twitter.com/apralky/status/1813633498491867310,https://web.archive.org/web/20240717175456/https://twitter.com/apralky/status/1813633498491867310,https://twitter.com/apralky/status/1813633498491867310,https://twitter.com/apralky/status/1813633498491867310,,,,application/json,-,PSN27QNPQSXZPK75KVRSG3P7ADAPBQRJ,1196
"com,twitter)/apralky/status/1813634685546979677",20240717175939,,https://web.archive.org/web/20240717175939/https://twitter.com/apralky/status/1813634685546979677,https://web.archive.org/web/20240717175939/https://twitter.com/apralky/status/1813634685546979677,https://twitter.com/apralky/status/1813634685546979677,https://twitter.com/apralky/status/1813634685546979677,,,,application/json,-,4F3FZSGIUIZIHHVP4WEQ3XL22SYRAYDZ,1284
"com,twitter)/apralky/status/1813635496729604473",20240717180252,,https://web.archive.org/web/20240717180252/https://twitter.com/apralky/status/1813635496729604473,https://web.archive.org/web/20240717180252/https://twitter.com/apralky/status/1813635496729604473,https://twitter.com/apralky/status/1813635496729604473,https://twitter.com/apralky/status/1813635496729604473,,,,application/json,-,YDNGQUHZ556JOXX6RJWFY2WQLE2N3FYT,1440
"com,twitter)/apralky/status/1813646143773110747",20240717184511,,https://web.archive.org/web/20240717184511/https://twitter.com/apralky/status/1813646143773110747,https://web.archive.org/web/20240717184511/https://twitter.com/apralky/status/1813646143773110747,https://twitter.com/apralky/status/1813646143773110747,https://twitter.com/apralky/status/1813646143773110747,,,,application/json,-,WOEMSAZN7QEBXETD3PEHYLKPHDZ3FD44,1559
"com,twitter)/apralky/status/1813638157143007373",20240717181327,,https://web.archive.org/web/20240717181327/https://twitter.com/apralky/status/1813638157143007373,https://web.archive.org/web/20240717181327/https://twitter.com/apralky/status/1813638157143007373,https://twitter.com/apralky/status/1813638157143007373,https://twitter.com/apralky/status/1813638157143007373,,,,application/json,-,5Y3XESLSLWP3RTQ7DETKNQGQDCAMQ6H2,890
"com,twitter)/apralky/status/1813795265847202303",20240718043744,,https://web.archive.org/web/20240718043744/https://twitter.com/apralky/status/1813795265847202303,https://web.archive.org/web/20240718043744/https://twitter.com/apralky/status/1813795265847202303,https://twitter.com/apralky/status/1813795265847202303,https://twitter.com/apralky/status/1813795265847202303,,,,application/json,-,RDO2V7P5U42QSRBDFFAULCN2F2NHMWOE,1434
"com,twitter)/apralky/status/1813635767958446387",20240717180357,,https://web.archive.org/web/20240717180357/https://twitter.com/apralky/status/1813635767958446387,https://web.archive.org/web/20240717180357/https://twitter.com/apralky/status/1813635767958446387,https://twitter.com/apralky/status/1813635767958446387,https://twitter.com/apralky/status/1813635767958446387,,,,application/json,-,V6FPE6PEWC6JXV2OKKXHRKNGBHMNZAPI,1305
"com,twitter)/apralky/status/1813797898863219047",20240718044812,,https://web.archive.org/web/20240718044812/https://twitter.com/apralky/status/1813797898863219047,https://web.archive.org/web/20240718044812/https://twitter.com/apralky/status/1813797898863219047,https://twitter.com/apralky/status/1813797898863219047,https://twitter.com/apralky/status/1813797898863219047,,,,application/json,-,7TC6HBBWGSNW5IZSTWZSDZTAXCSWAS4Z,1103
"com,twitter)/apralky/status/1813796557747355750",20240718044252,,https://web.archive.org/web/20240718044252/https://twitter.com/apralky/status/1813796557747355750,https://web.archive.org/web/20240718044252/https://twitter.com/apralky/status/1813796557747355750,https://twitter.com/apralky/status/1813796557747355750,https://twitter.com/apralky/status/1813796557747355750,,,,application/json,-,CI3PUA33NYNE7EQHZDSNH52QWJM4GYVT,1038
"com,twitter)/apralky/status/1813647596331598142",20240717185057,,https://web.archive.org/web/20240717185057/https://twitter.com/apralky/status/1813647596331598142,https://web.archive.org/web/20240717185057/https://twitter.com/apralky/status/1813647596331598142,https://twitter.com/apralky/status/1813647596331598142,https://twitter.com/apralky/status/1813647596331598142,,,,application/json,-,KNGJS43HXP76YBCICHCXR54C43WQNHVR,1307
"com,twitter)/apralky/status/1813654004142129642",20240717191625,,https://web.archive.org/web/20240717191625/https://twitter.com/apralky/status/1813654004142129642,https://web.archive.org/web/20240717191625/https://twitter.com/apralky/status/1813654004142129642,https://twitter.com/apralky/status/1813654004142129642,https://twitter.com/apralky/status/1813654004142129642,,,,application/json,-,T3LFVGFSAC2NN4RNZSPQQVJGPBSXMNK4,2198
"com,twitter)/apralky/status/1813794274053665123",20240718043348,,https://web.archive.org/web/20240718043348/https://twitter.com/apralky/status/1813794274053665123,https://web.archive.org/web/20240718043348/https://twitter.com/apralky/status/1813794274053665123,https://twitter.com/apralky/status/1813794274053665123,https://twitter.com/apralky/status/1813794274053665123,,,,application/json,-,AX3I7ILAE3YZSLDPQBZJLVLDK74O7D25,1712
"com,twitter)/apralky/status/1814009247908389291",20240718184802,,https://web.archive.org/web/20240718184802/https://twitter.com/apralky/status/1814009247908389291,https://web.archive.org/web/20240718184802/https://twitter.com/apralky/status/1814009247908389291,https://twitter.com/apralky/status/1814009247908389291,https://twitter.com/apralky/status/1814009247908389291,,,,application/json,-,W2JGD4N46OB2QUIJES5NJRSXPBO7JBYU,1397
"com,twitter)/apralky/status/1814008692033163618",20240718184549,,https://web.archive.org/web/20240718184549/https://twitter.com/apralky/status/1814008692033163618,https://web.archive.org/web/20240718184549/https://twitter.com/apralky/status/1814008692033163618,https://twitter.com/apralky/status/1814008692033163618,https://twitter.com/apralky/status/1814008692033163618,,,,application/json,-,JDYWD5WRNTIYA7FRFZSFNYV4AKV6T332,1722
"com,twitter)/apralky/status/1814023039438504404",20240718194250,,https://web.archive.org/web/20240718194250/https://twitter.com/apralky/status/1814023039438504404,https://web.archive.org/web/20240718194250/https://twitter.com/apralky/status/1814023039438504404,https://twitter.com/apralky/status/1814023039438504404,https://twitter.com/apralky/status/1814023039438504404,,,,application/json,-,44SVOTPAHGYEWA3JQF6PK227WNOOHDKV,1041
"com,twitter)/apralky/status/1814025592171385120",20240718195258,,https://web.archive.org/web/20240718195258/https://twitter.com/apralky/status/1814025592171385120,https://web.archive.org/web/20240718195258/https://twitter.com/apralky/status/1814025592171385120,https://twitter.com/apralky/status/1814025592171385120,https://twitter.com/apralky/status/1814025592171385120,,,,application/json,-,Q275TCFFAO2VZ33F2NWDWSATWW3H5NTW,982
"com,twitter)/apralky/status/1814026070053564701",20240718195452,,https://web.archive.org/web/20240718195452/https://twitter.com/apralky/status/1814026070053564701,https://web.archive.org/web/20240718195452/https://twitter.com/apralky/status/1814026070053564701,https://twitter.com/apralky/status/1814026070053564701,https://twitter.com/apralky/status/1814026070053564701,,,,application/json,-,FHJXZRMAYLIN3FOOJU4M4EJR6SGO6ULN,1489
"com,twitter)/apralky/status/1814021180388413902",20240718193526,,https://web.archive.org/web/20240718193526/https://twitter.com/apralky/status/1814021180388413902,https://web.archive.org/web/20240718193526/https://twitter.com/apralky/status/1814021180388413902,https://twitter.com/apralky/status/1814021180388413902,https://twitter.com/apralky/status/1814021180388413902,,,,application/json,-,CYHJEPVKLPMAA4SBJZUKPURWT4WPKAAH,1342
"com,twitter)/apralky/status/1814156162297675871",20240719043149,,https://web.archive.org/web/20240719043149/https://twitter.com/apralky/status/1814156162297675871,https://web.archive.org/web/20240719043149/https://twitter.com/apralky/status/1814156162297675871,https://twitter.com/apralky/status/1814156162297675871,https://twitter.com/apralky/status/1814156162297675871,,,,application/json,-,HPXIBKJNMWBO4ZI23UMN4FSINKU2YNF4,1160
"com,twitter)/apralky/status/1814024787389567162",20240718194946,,https://web.archive.org/web/20240718194946/https://twitter.com/apralky/status/1814024787389567162,https://web.archive.org/web/20240718194946/https://twitter.com/apralky/status/1814024787389567162,https://twitter.com/apralky/status/1814024787389567162,https://twitter.com/apralky/status/1814024787389567162,,,,application/json,-,NYX4F2OYO77G2XR263HSIT6ERICKM3SD,1026
"com,twitter)/apralky/status/1814191219460702516",20240719065107,,https://web.archive.org/web/20240719065107/https://twitter.com/apralky/status/1814191219460702516,https://web.archive.org/web/20240719065107/https://twitter.com/apralky/status/1814191219460702516,https://twitter.com/apralky/status/1814191219460702516,https://twitter.com/apralky/status/1814191219460702516,,,,application/json,-,KZ2TM7IZW5I4375GVRNIWBJTN576725H,886
"com,twitter)/apralky/status/1814201477117706320",20240719073153,,https://web.archive.org/web/20240719073153/https://twitter.com/apralky/status/1814201477117706320,https://web.archive.org/web/20240719073153/https://twitter.com/apralky/status/1814201477117706320,https://twitter.com/apralky/status/1814201477117706320,https://twitter.com/apralky/status/1814201477117706320,,,,application/json,-,O33LAGFZY4SDOKLF6HZ4EJJ2BSF5L3EQ,1894
"com,twitter)/apralky/status/1814026565006639327",20240718195650,,https://web.archive.org/web/20240718195650/https://twitter.com/apralky/status/1814026565006639327,https://web.archive.org/web/20240718195650/https://twitter.com/apralky/status/1814026565006639327,https://twitter.com/apralky/status/1814026565006639327,https://twitter.com/apralky/status/1814026565006639327,,,,application/json,-,QDKSRAXQLE6JZZBE42LSHN4NH2E6HCWS,1594
"com,twitter)/apralky/status/1814236622885384696",20240719095132,,https://web.archive.org/web/20240719095132/https://twitter.com/apralky/status/1814236622885384696,https://web.archive.org/web/20240719095132/https://twitter.com/apralky/status/1814236622885384696,https://twitter.com/apralky/status/1814236622885384696,https://twitter.com/apralky/status/1814236622885384696,,,,application/json,-,GNPBDDBISNBY4ZFKLXTMPTODXDZNKLHV,1532
"com,twitter)/apralky/status/1814161040168419706",20240719045112,,https://web.archive.org/web/20240719045112/https://twitter.com/apralky/status/1814161040168419706,https://web.archive.org/web/20240719045112/https://twitter.com/apralky/status/1814161040168419706,https://twitter.com/apralky/status/1814161040168419706,https://twitter.com/apralky/status/1814161040168419706,,,,application/json,-,CSFLNTA43JZICHIH4GFRLCYQN5JKYKPY,1420
"com,twitter)/apralky/status/1814238179152494598",20240719095743,,https://web.archive.org/web/20240719095743/https://twitter.com/apralky/status/1814238179152494598,https://web.archive.org/web/20240719095743/https://twitter.com/apralky/status/1814238179152494598,https://twitter.com/apralky/status/1814238179152494598,https://twitter.com/apralky/status/1814238179152494598,,,,application/json,-,B57KNJC65PDH53QW26FXA4NRB27KGVKZ,1469
"com,twitter)/apralky/status/1814334373228949842",20240719161957,,https://web.archive.org/web/20240719161957/https://twitter.com/apralky/status/1814334373228949842,https://web.archive.org/web/20240719161957/https://twitter.com/apralky/status/1814334373228949842,https://twitter.com/apralky/status/1814334373228949842,https://twitter.com/apralky/status/1814334373228949842,,,,application/json,-,LQKXTBX6XHVHSOJT2LXOQ5ZXYARHRDJS,1041
"com,twitter)/apralky/status/1814355851877970019",20240719174518,,https://web.archive.org/web/20240719174518/https://twitter.com/apralky/status/1814355851877970019,https://web.archive.org/web/20240719174518/https://twitter.com/apralky/status/1814355851877970019,https://twitter.com/apralky/status/1814355851877970019,https://twitter.com/apralky/status/1814355851877970019,,,,application/json,-,AWZJSQJBOMVG45P4P5DYB62G2JMXIFR7,1557
"com,twitter)/apralky/status/1814365617098727631",20240719182407,,https://web.archive.org/web/20240719182407/https://twitter.com/apralky/status/1814365617098727631,https://web.archive.org/web/20240719182407/https://twitter.com/apralky/status/1814365617098727631,https://twitter.com/apralky/status/1814365617098727631,https://twitter.com/apralky/status/1814365617098727631,,,,application/json,-,6AUFAW4B6JWNCQY43TTLZEPGOLC6EBUY,1024
"com,twitter)/apralky/status/1814387525907296497",20240719195110,,https://web.archive.org/web/20240719195110/https://twitter.com/apralky/status/1814387525907296497,https://web.archive.org/web/20240719195110/https://twitter.com/apralky/status/1814387525907296497,https://twitter.com/apralky/status/1814387525907296497,https://twitter.com/apralky/status/1814387525907296497,,,,application/json,-,SO7CDGEWOPLL2KYDTWTBRAKFVJBSUFT2,1394
"com,twitter)/apralky/status/1814400034634420587",20240719204052,,https://web.archive.org/web/20240719204052/https://twitter.com/apralky/status/1814400034634420587,https://web.archive.org/web/20240719204052/https://twitter.com/apralky/status/1814400034634420587,https://twitter.com/apralky/status/1814400034634420587,https://twitter.com/apralky/status/1814400034634420587,,,,application/json,-,JKUARJ5K4D7QYX3KNHF2WYDB446EGKAO,1805
"com,twitter)/apralky/status/1814389151405617488",20240719195738,,https://web.archive.org/web/20240719195738/https://twitter.com/apralky/status/1814389151405617488,https://web.archive.org/web/20240719195738/https://twitter.com/apralky/status/1814389151405617488,https://twitter.com/apralky/status/1814389151405617488,https://twitter.com/apralky/status/1814389151405617488,,,,application/json,-,AB3CAQUIOWBKBQKKEUMDYLWJYOHO352C,1706
"com,twitter)/apralky/status/1814401269156720861",20240719204547,,https://web.archive.org/web/20240719204547/https://twitter.com/apralky/status/1814401269156720861,https://web.archive.org/web/20240719204547/https://twitter.com/apralky/status/1814401269156720861,https://twitter.com/apralky/status/1814401269156720861,https://twitter.com/apralky/status/1814401269156720861,,,,application/json,-,7IAXGE4W2GOOHEPK3SPIN6YQZ5WLK45D,1325
"com,twitter)/apralky/status/1814387850760315083",20240719195227,,https://web.archive.org/web/20240719195227/https://twitter.com/apralky/status/1814387850760315083,https://web.archive.org/web/20240719195227/https://twitter.com/apralky/status/1814387850760315083,https://twitter.com/apralky/status/1814387850760315083,https://twitter.com/apralky/status/1814387850760315083,,,,application/json,-,O3HLSKXBFMZUXP7AQ34OAEGP63RJDOEU,1246
"com,twitter)/apralky/status/1814388376394707374",20240719195433,,https://web.archive.org/web/20240719195433/https://twitter.com/apralky/status/1814388376394707374,https://web.archive.org/web/20240719195433/https://twitter.com/apralky/status/1814388376394707374,https://twitter.com/apralky/status/1814388376394707374,https://twitter.com/apralky/status/1814388376394707374,,,,application/json,-,SRVCDSNOTPOUT47VNX5A6QTS7XH6PNBP,1684
"com,twitter)/apralky/status/1814392720750006695",20240719201149,,https://web.archive.org/web/20240719201149/https://twitter.com/apralky/status/1814392720750006695,https://web.archive.org/web/20240719201149/https://twitter.com/apralky/status/1814392720750006695,https://twitter.com/apralky/status/1814392720750006695,https://twitter.com/apralky/status/1814392720750006695,,,,application/json,-,6NVT4WDPZVX334NKCETCNOLLQJVVD72O,1833
"com,twitter)/apralky/status/1814395061226053742",20240719202107,,https://web.archive.org/web/20240719202107/https://twitter.com/apralky/status/1814395061226053742,https://web.archive.org/web/20240719202107/https://twitter.com/apralky/status/1814395061226053742,https://twitter.com/apralky/status/1814395061226053742,https://twitter.com/apralky/status/1814395061226053742,,,,application/json,-,RYYXYVN3WZ7BC2I4SV2GXOLBC6UBSAIH,1740
"com,twitter)/apralky/status/1814652832944898505",20240720132524,,https://web.archive.org/web/20240720132524/https://twitter.com/apralky/status/1814652832944898505,https://web.archive.org/web/20240720132524/https://twitter.com/apralky/status/1814652832944898505,https://twitter.com/apralky/status/1814652832944898505,https://twitter.com/apralky/status/1814652832944898505,,,,application/json,-,5DGAL7MW6GP7WQDWH2JV3BKOEIYNVWS5,2133
"com,twitter)/apralky/status/1814648111928668383",20240720130639,,https://web.archive.org/web/20240720130639/https://twitter.com/apralky/status/1814648111928668383,https://web.archive.org/web/20240720130639/https://twitter.com/apralky/status/1814648111928668383,https://twitter.com/apralky/status/1814648111928668383,https://twitter.com/apralky/status/1814648111928668383,,,,application/json,-,2GQ42WYMYS7THZ4WB4QQALIHBQO4QCCD,1897
"com,twitter)/apralky/status/1814652962691518837",20240720132555,,https://web.archive.org/web/20240720132555/https://twitter.com/apralky/status/1814652962691518837,https://web.archive.org/web/20240720132555/https://twitter.com/apralky/status/1814652962691518837,https://twitter.com/apralky/status/1814652962691518837,https://twitter.com/apralky/status/1814652962691518837,,,,application/json,-,MECGKXVELMNSWUFZ356J7KFJAMY2PMOV,1426
"com,twitter)/apralky/status/1814655693841981546",20240720133646,,https://web.archive.org/web/20240720133646/https://twitter.com/apralky/status/1814655693841981546,https://web.archive.org/web/20240720133646/https://twitter.com/apralky/status/1814655693841981546,https://twitter.com/apralky/status/1814655693841981546,https://twitter.com/apralky/status/1814655693841981546,,,,application/json,-,AVK27WHAYVHLWYLBUCQYN3SMZGUMTQPW,1498
"com,twitter)/apralky/status/1814682569868263918",20240720152334,,https://web.archive.org/web/20240720152334/https://twitter.com/apralky/status/1814682569868263918,https://web.archive.org/web/20240720152334/https://twitter.com/apralky/status/1814682569868263918,https://twitter.com/apralky/status/1814682569868263918,https://twitter.com/apralky/status/1814682569868263918,,,,application/json,-,LPNN3VVQUXWF3ZDJLUL5IUWP7JH5IPM6,1474
"com,twitter)/apralky/status/1814652907100287330",20240720132542,,https://web.archive.org/web/20240720132542/https://twitter.com/apralky/status/1814652907100287330,https://web.archive.org/web/20240720132542/https://twitter.com/apralky/status/1814652907100287330,https://twitter.com/apralky/status/1814652907100287330,https://twitter.com/apralky/status/1814652907100287330,,,,application/json,-,BKF3EF3ACCNL6NTVY65HVDL2PDD3EPNV,1420
"com,twitter)/apralky/status/1814708486908805542",20240720170633,,https://web.archive.org/web/20240720170633/https://twitter.com/apralky/status/1814708486908805542,https://web.archive.org/web/20240720170633/https://twitter.com/apralky/status/1814708486908805542,https://twitter.com/apralky/status/1814708486908805542,https://twitter.com/apralky/status/1814708486908805542,,,,application/json,-,S2N6JFVXGJYEY2VMELWHP5ALSPS4426G,1405
"com,twitter)/apralky/status/1814678849516438000",20240720150847,,https://web.archive.org/web/20240720150847/https://twitter.com/apralky/status/1814678849516438000,https://web.archive.org/web/20240720150847/https://twitter.com/apralky/status/1814678849516438000,https://twitter.com/apralky/status/1814678849516438000,https://twitter.com/apralky/status/1814678849516438000,,,,application/json,-,OBN4Q3JDJEL64TNDFB4CRM4E464ZVBLG,1041
"com,twitter)/apralky/status/1814689971539730662",20240720155259,,https://web.archive.org/web/20240720155259/https://twitter.com/apralky/status/1814689971539730662,https://web.archive.org/web/20240720155259/https://twitter.com/apralky/status/1814689971539730662,https://twitter.com/apralky/status/1814689971539730662,https://twitter.com/apralky/status/1814689971539730662,,,,application/json,-,CI4P3SJQBR62CNMX3EGXI4PPKDXZ7KV3,1021
"com,twitter)/apralky/status/1814679151921492223",20240720150959,,https://web.archive.org/web/20240720150959/https://twitter.com/apralky/status/1814679151921492223,https://web.archive.org/web/20240720150959/https://twitter.com/apralky/status/1814679151921492223,https://twitter.com/apralky/status/1814679151921492223,https://twitter.com/apralky/status/1814679151921492223,,,,application/json,-,RPVV5KWRA5ZBQ7C7WRDGRBIJAIY5V4BN,1285
"com,twitter)/apralky/status/1814747142730490287",20240720194009,,https://web.archive.org/web/20240720194009/https://twitter.com/apralky/status/1814747142730490287,https://web.archive.org/web/20240720194009/https://twitter.com/apralky/status/1814747142730490287,https://twitter.com/apralky/status/1814747142730490287,https://twitter.com/apralky/status/1814747142730490287,,,,application/json,-,I7GS34O7IGJ6BY75XRGHHWCAIPPRZA6U,1319
"com,twitter)/apralky/status/1814748619003863403",20240720194601,,https://web.archive.org/web/20240720194601/https://twitter.com/apralky/status/1814748619003863403,https://web.archive.org/web/20240720194601/https://twitter.com/apralky/status/1814748619003863403,https://twitter.com/apralky/status/1814748619003863403,https://twitter.com/apralky/status/1814748619003863403,,,,application/json,-,RXTYERUYJIHLG26NE6D3RZMWIJZU26U6,1512
"com,twitter)/apralky/status/1814751592760946875",20240720195750,,https://web.archive.org/web/20240720195750/https://twitter.com/apralky/status/1814751592760946875,https://web.archive.org/web/20240720195750/https://twitter.com/apralky/status/1814751592760946875,https://twitter.com/apralky/status/1814751592760946875,https://twitter.com/apralky/status/1814751592760946875,,,,application/json,-,3IRGAO2KLN26DBOSDFN6MWRBPBDCSDLG,1637
"com,twitter)/apralky/status/1814743892417261574",20240720192714,,https://web.archive.org/web/20240720192714/https://twitter.com/apralky/status/1814743892417261574,https://web.archive.org/web/20240720192714/https://twitter.com/apralky/status/1814743892417261574,https://twitter.com/apralky/status/1814743892417261574,https://twitter.com/apralky/status/1814743892417261574,,,,application/json,-,BFTE4KFCYQDHDIEYROJLDZV3X2X2ZFYX,1469
"com,twitter)/apralky/status/1814745328828006529",20240720193257,,https://web.archive.org/web/20240720193257/https://twitter.com/apralky/status/1814745328828006529,https://web.archive.org/web/20240720193257/https://twitter.com/apralky/status/1814745328828006529,https://twitter.com/apralky/status/1814745328828006529,https://twitter.com/apralky/status/1814745328828006529,,,,application/json,-,ZX27IQS4CQYUTDWRVC5T7QYIBLDQU4PP,968
"com,twitter)/apralky/status/1814748249670000923",20240720194433,,https://web.archive.org/web/20240720194433/https://twitter.com/apralky/status/1814748249670000923,https://web.archive.org/web/20240720194433/https://twitter.com/apralky/status/1814748249670000923,https://twitter.com/apralky/status/1814748249670000923,https://twitter.com/apralky/status/1814748249670000923,,,,application/json,-,M5MHEKMSGRN3P22KGFUHHK7KWHGCNSPD,1106
"com,twitter)/apralky/status/1814781771986182472",20240720215746,,https://web.archive.org/web/20240720215746/https://twitter.com/apralky/status/1814781771986182472,https://web.archive.org/web/20240720215746/https://twitter.com/apralky/status/1814781771986182472,https://twitter.com/apralky/status/1814781771986182472,https://twitter.com/apralky/status/1814781771986182472,,,,application/json,-,QQF6V5RW7SAENJFPNSK2CBVSGCLYL3TH,1363
"com,twitter)/apralky/status/1814782959448211543",20240720220229,,https://web.archive.org/web/20240720220229/https://twitter.com/apralky/status/1814782959448211543,https://web.archive.org/web/20240720220229/https://twitter.com/apralky/status/1814782959448211543,https://twitter.com/apralky/status/1814782959448211543,https://twitter.com/apralky/status/1814782959448211543,,,,application/json,-,7ZXOAB4EXJBVWIYCIU6JUBP65WBMZ7DH,1077
"com,twitter)/apralky/status/1814781604323340596",20240720215706,,https://web.archive.org/web/20240720215706/https://twitter.com/apralky/status/1814781604323340596,https://web.archive.org/web/20240720215706/https://twitter.com/apralky/status/1814781604323340596,https://twitter.com/apralky/status/1814781604323340596,https://twitter.com/apralky/status/1814781604323340596,,,,application/json,-,OFVVDJNQ7E4FPZKADROM7AYWOTH6SXSO,1344
"com,twitter)/apralky/status/1814786613441875973",20240720221700,,https://web.archive.org/web/20240720221700/https://twitter.com/apralky/status/1814786613441875973,https://web.archive.org/web/20240720221700/https://twitter.com/apralky/status/1814786613441875973,https://twitter.com/apralky/status/1814786613441875973,https://twitter.com/apralky/status/1814786613441875973,,,,application/json,-,6RG5QYCMBIXVY75NXTIWJ5XKGGWRQCBT,1434
"com,twitter)/apralky/status/1814783011197755665",20240720220241,,https://web.archive.org/web/20240720220241/https://twitter.com/apralky/status/1814783011197755665,https://web.archive.org/web/20240720220241/https://twitter.com/apralky/status/1814783011197755665,https://twitter.com/apralky/status/1814783011197755665,https://twitter.com/apralky/status/1814783011197755665,,,,application/json,-,PJMEKPRVK7E23TQZ5IOSOUZE3JHNROFA,1703
"com,twitter)/apralky/status/1814993209132527761",20240721115756,,https://web.archive.org/web/20240721115756/https://twitter.com/apralky/status/1814993209132527761,https://web.archive.org/web/20240721115756/https://twitter.com/apralky/status/1814993209132527761,https://twitter.com/apralky/status/1814993209132527761,https://twitter.com/apralky/status/1814993209132527761,,,,application/json,-,PJSFGAYWMC5PFRUASYB4PLDGIABUQPTT,1726
"com,twitter)/apralky/status/1814985222842196414",20240721112612,,https://web.archive.org/web/20240721112612/https://twitter.com/apralky/status/1814985222842196414,https://web.archive.org/web/20240721112612/https://twitter.com/apralky/status/1814985222842196414,https://twitter.com/apralky/status/1814985222842196414,https://twitter.com/apralky/status/1814985222842196414,,,,application/json,-,P6OOFKVHHNNPN7FVXVD4CGMW6WFXPTRO,1354
"com,twitter)/apralky/status/1814991263839527333",20240721115012,,https://web.archive.org/web/20240721115012/https://twitter.com/apralky/status/1814991263839527333,https://web.archive.org/web/20240721115012/https://twitter.com/apralky/status/1814991263839527333,https://twitter.com/apralky/status/1814991263839527333,https://twitter.com/apralky/status/1814991263839527333,,,,application/json,-,JD4VN5WPYMC42MWAXG3STLFZVGUBR5NI,1272
"com,twitter)/apralky/status/1814988071328264442",20240721113731,,https://web.archive.org/web/20240721113731/https://twitter.com/apralky/status/1814988071328264442,https://web.archive.org/web/20240721113731/https://twitter.com/apralky/status/1814988071328264442,https://twitter.com/apralky/status/1814988071328264442,https://twitter.com/apralky/status/1814988071328264442,,,,application/json,-,PIUQNHFONET3QKCJ3YCXFJPO2P4HKWM2,912
"com,twitter)/apralky/status/1811414228177220018",20240711145621,,https://web.archive.org/web/20240711145621/https://twitter.com/apralky/status/1811414228177220018,https://web.archive.org/web/20240711145621/https://twitter.com/apralky/status/1811414228177220018,https://twitter.com/apralky/status/1811414228177220018,https://twitter.com/apralky/status/1811414228177220018,,,,application/json,-,APII5GISP3NPPNKJP5KNXHAFWQIRMYL3,1193
"com,twitter)/apralky/status/1814997455215198334",20240721121449,,https://web.archive.org/web/20240721121449/https://twitter.com/apralky/status/1814997455215198334,https://web.archive.org/web/20240721121449/https://twitter.com/apralky/status/1814997455215198334,https://twitter.com/apralky/status/1814997455215198334,https://twitter.com/apralky/status/1814997455215198334,,,,application/json,-,VKM3PGUVM5CY5EWH4DW5GULYW37NIP5V,2712
"com,twitter)/apralky/status/1809791218454286820",20240707032705,,https://web.archive.org/web/20240707032705/https://twitter.com/apralky/status/1809791218454286820,https://web.archive.org/web/20240707032705/https://twitter.com/apralky/status/1809791218454286820,https://twitter.com/apralky/status/1809791218454286820,https://twitter.com/apralky/status/1809791218454286820,,,,application/json,-,IXTHEBY7S6PD7K2T7TMLDGXME77GHIGT,1464
"com,twitter)/apralky/status/1809807782633259050",20240707043254,,https://web.archive.org/web/20240707043254/https://twitter.com/apralky/status/1809807782633259050,https://web.archive.org/web/20240707043254/https://twitter.com/apralky/status/1809807782633259050,https://twitter.com/apralky/status/1809807782633259050,https://twitter.com/apralky/status/1809807782633259050,,,,application/json,-,ST5JFNWUAKCEZAE4G5X5N4YY6RRBQV6W,1475
"com,twitter)/apralky/status/1815003095316697339",20240721123713,,https://web.archive.org/web/20240721123713/https://twitter.com/apralky/status/1815003095316697339,https://web.archive.org/web/20240721123713/https://twitter.com/apralky/status/1815003095316697339,https://twitter.com/apralky/status/1815003095316697339,https://twitter.com/apralky/status/1815003095316697339,,,,application/json,-,DPL63NVQEXCT6A2GVVC3WBYNUTJFLNWA,1598
"com,twitter)/apralky/status/1815005000944234899",20240721124448,,https://web.archive.org/web/20240721124448/https://twitter.com/apralky/status/1815005000944234899,https://web.archive.org/web/20240721124448/https://twitter.com/apralky/status/1815005000944234899,https://twitter.com/apralky/status/1815005000944234899,https://twitter.com/apralky/status/1815005000944234899,,,,application/json,-,KSH4ZIUU57OIA6LRGGVQTBV3F3CCJ76R,1757
"com,twitter)/apralky/status/1815006690900660467",20240721125130,,https://web.archive.org/web/20240721125130/https://twitter.com/apralky/status/1815006690900660467,https://web.archive.org/web/20240721125130/https://twitter.com/apralky/status/1815006690900660467,https://twitter.com/apralky/status/1815006690900660467,https://twitter.com/apralky/status/1815006690900660467,,,,application/json,-,KKZ2UDYV4SGXDU7ODLEITEZ4ADCCHJBG,1418
"com,twitter)/apralky/status/1815016919520436700",20240721133209,,https://web.archive.org/web/20240721133209/https://twitter.com/apralky/status/1815016919520436700,https://web.archive.org/web/20240721133209/https://twitter.com/apralky/status/1815016919520436700,https://twitter.com/apralky/status/1815016919520436700,https://twitter.com/apralky/status/1815016919520436700,,,,application/json,-,YBZVOXQR6AE7XNNC7PGACTPZXWS5UY6W,1791
"com,twitter)/apralky/status/1815023442778849319",20240721135804,,https://web.archive.org/web/20240721135804/https://twitter.com/apralky/status/1815023442778849319,https://web.archive.org/web/20240721135804/https://twitter.com/apralky/status/1815023442778849319,https://twitter.com/apralky/status/1815023442778849319,https://twitter.com/apralky/status/1815023442778849319,,,,application/json,-,TP5SSVTH5JDVOXT4GC3BUKBHIX3JCTVD,1471
"com,twitter)/apralky/status/1815036343698772275",20240721144920,,https://web.archive.org/web/20240721144920/https://twitter.com/apralky/status/1815036343698772275,https://web.archive.org/web/20240721144920/https://twitter.com/apralky/status/1815036343698772275,https://twitter.com/apralky/status/1815036343698772275,https://twitter.com/apralky/status/1815036343698772275,,,,application/json,-,MVOTVJ6JLPDSOIINKQIWFBNTDMNNEHFD,1482
"com,twitter)/apralky/status/1815036845551427673",20240721145120,,https://web.archive.org/web/20240721145120/https://twitter.com/apralky/status/1815036845551427673,https://web.archive.org/web/20240721145120/https://twitter.com/apralky/status/1815036845551427673,https://twitter.com/apralky/status/1815036845551427673,https://twitter.com/apralky/status/1815036845551427673,,,,application/json,-,3FGBSEWCI2NP76EYELAGEJZRHVKENILB,1762
"com,twitter)/apralky/status/1815006462352978294",20240721125036,,https://web.archive.org/web/20240721125036/https://twitter.com/apralky/status/1815006462352978294,https://web.archive.org/web/20240721125036/https://twitter.com/apralky/status/1815006462352978294,https://twitter.com/apralky/status/1815006462352978294,https://twitter.com/apralky/status/1815006462352978294,,,,application/json,-,RM7N7DEIQTM24EPZQL354KIXLJXMRUWO,1669
"com,twitter)/apralky/status/1815037550383276438",20240721145408,,https://web.archive.org/web/20240721145408/https://twitter.com/apralky/status/1815037550383276438,https://web.archive.org/web/20240721145408/https://twitter.com/apralky/status/1815037550383276438,https://twitter.com/apralky/status/1815037550383276438,https://twitter.com/apralky/status/1815037550383276438,,,,application/json,-,FEAF5LUPDACL7OFYWHUBQZ2D3GTAGRNW,1272
"com,twitter)/apralky/status/1815037818705490424",20240721145512,,https://web.archive.org/web/20240721145512/https://twitter.com/apralky/status/1815037818705490424,https://web.archive.org/web/20240721145512/https://twitter.com/apralky/status/1815037818705490424,https://twitter.com/apralky/status/1815037818705490424,https://twitter.com/apralky/status/1815037818705490424,,,,application/json,-,ORDLMYUU4W2YRRU5EZFTO26GDCE4E3G2,1252
"com,twitter)/apralky/status/1815038549533585714",20240721145806,,https://web.archive.org/web/20240721145806/https://twitter.com/apralky/status/1815038549533585714,https://web.archive.org/web/20240721145806/https://twitter.com/apralky/status/1815038549533585714,https://twitter.com/apralky/status/1815038549533585714,https://twitter.com/apralky/status/1815038549533585714,,,,application/json,-,MJ7DTN66RV76D2XXTO7ENRFWGZA42V2T,1068
"com,twitter)/apralky/status/1815039484649484490",20240721150149,,https://web.archive.org/web/20240721150149/https://twitter.com/apralky/status/1815039484649484490,https://web.archive.org/web/20240721150149/https://twitter.com/apralky/status/1815039484649484490,https://twitter.com/apralky/status/1815039484649484490,https://twitter.com/apralky/status/1815039484649484490,,,,application/json,-,QO5YZTEVGYL6S37YUQYQI5AIV5GWREPZ,1554
"com,twitter)/apralky/status/1815043668769665352",20240721151827,,https://web.archive.org/web/20240721151827/https://twitter.com/apralky/status/1815043668769665352,https://web.archive.org/web/20240721151827/https://twitter.com/apralky/status/1815043668769665352,https://twitter.com/apralky/status/1815043668769665352,https://twitter.com/apralky/status/1815043668769665352,,,,application/json,-,OVRWMKBVP53JRZGCXSUDTAL5PQLYDMI2,1307
"com,twitter)/apralky/status/1815037242802323831",20240721145255,,https://web.archive.org/web/20240721145255/https://twitter.com/apralky/status/1815037242802323831,https://web.archive.org/web/20240721145255/https://twitter.com/apralky/status/1815037242802323831,https://twitter.com/apralky/status/1815037242802323831,https://twitter.com/apralky/status/1815037242802323831,,,,application/json,-,XOMN4W6TQJCGPCFX2NSYYUNY3JTSH33J,918
"com,twitter)/apralky/status/1815050668844945835",20240721154616,,https://web.archive.org/web/20240721154616/https://twitter.com/apralky/status/1815050668844945835,https://web.archive.org/web/20240721154616/https://twitter.com/apralky/status/1815050668844945835,https://twitter.com/apralky/status/1815050668844945835,https://twitter.com/apralky/status/1815050668844945835,,,,application/json,-,PCOPNHOJKRSO3E2AP65FUNSAJ5T5JF5E,991
"com,twitter)/apralky/status/1815051055803097151",20240721154748,,https://web.archive.org/web/20240721154748/https://twitter.com/apralky/status/1815051055803097151,https://web.archive.org/web/20240721154748/https://twitter.com/apralky/status/1815051055803097151,https://twitter.com/apralky/status/1815051055803097151,https://twitter.com/apralky/status/1815051055803097151,,,,application/json,-,HV5HZYRLWBQ6Z7K57KVIUTKD4FQ37ZPT,894
"com,twitter)/apralky/status/1815051614329127245",20240721155001,,https://web.archive.org/web/20240721155001/https://twitter.com/apralky/status/1815051614329127245,https://web.archive.org/web/20240721155001/https://twitter.com/apralky/status/1815051614329127245,https://twitter.com/apralky/status/1815051614329127245,https://twitter.com/apralky/status/1815051614329127245,,,,application/json,-,VXGCD2L3FZ6F7BKTPNTVPFAZG4KQXTKI,1025
"com,twitter)/apralky/status/1815051855711322130",20240721155059,,https://web.archive.org/web/20240721155059/https://twitter.com/apralky/status/1815051855711322130,https://web.archive.org/web/20240721155059/https://twitter.com/apralky/status/1815051855711322130,https://twitter.com/apralky/status/1815051855711322130,https://twitter.com/apralky/status/1815051855711322130,,,,application/json,-,OOGBZWTRTH7UMICXJB2VXGHUSOU2MIYN,905
"com,twitter)/apralky/status/1815044862946750901",20240721152311,,https://web.archive.org/web/20240721152311/https://twitter.com/apralky/status/1815044862946750901,https://web.archive.org/web/20240721152311/https://twitter.com/apralky/status/1815044862946750901,https://twitter.com/apralky/status/1815044862946750901,https://twitter.com/apralky/status/1815044862946750901,,,,application/json,-,6ZSBUBIWXZFU23LBRJGK3SNKAO3MHJXI,1739
"com,twitter)/apralky/status/1815052038385832342",20240721155142,,https://web.archive.org/web/20240721155142/https://twitter.com/apralky/status/1815052038385832342,https://web.archive.org/web/20240721155142/https://twitter.com/apralky/status/1815052038385832342,https://twitter.com/apralky/status/1815052038385832342,https://twitter.com/apralky/status/1815052038385832342,,,,application/json,-,FOCF7CZN26UTPZRDUTZFV55V2WAJSF34,1018
"com,twitter)/apralky/status/1815052329118318927",20240721155251,,https://web.archive.org/web/20240721155251/https://twitter.com/apralky/status/1815052329118318927,https://web.archive.org/web/20240721155251/https://twitter.com/apralky/status/1815052329118318927,https://twitter.com/apralky/status/1815052329118318927,https://twitter.com/apralky/status/1815052329118318927,,,,application/json,-,QCI7KD4TTZ7V3IAGHHEN2SQYAUSGQOCI,1616
"com,twitter)/apralky/status/1815053230088310989",20240721155626,,https://web.archive.org/web/20240721155626/https://twitter.com/apralky/status/1815053230088310989,https://web.archive.org/web/20240721155626/https://twitter.com/apralky/status/1815053230088310989,https://twitter.com/apralky/status/1815053230088310989,https://twitter.com/apralky/status/1815053230088310989,,,,application/json,-,AZU4FLUXLZVAPWCRJK5SIAZC5JSUSLUT,1167
"com,twitter)/apralky/status/1815065151680258511",20240721164349,,https://web.archive.org/web/20240721164349/https://twitter.com/apralky/status/1815065151680258511,https://web.archive.org/web/20240721164349/https://twitter.com/apralky/status/1815065151680258511,https://twitter.com/apralky/status/1815065151680258511,https://twitter.com/apralky/status/1815065151680258511,,,,application/json,-,BWOXWFRHFIDFBLHOVYKHYEX74QQ63NAT,2180
"com,twitter)/apralky/status/1815082936926179472",20240721175429,,https://web.archive.org/web/20240721175429/https://twitter.com/apralky/status/1815082936926179472,https://web.archive.org/web/20240721175429/https://twitter.com/apralky/status/1815082936926179472,https://twitter.com/apralky/status/1815082936926179472,https://twitter.com/apralky/status/1815082936926179472,,,,application/json,-,X4N6VSFNHIPW4I3CUILAK76M7H5KR4VO,945
"com,twitter)/apralky/status/1814993592693199116",20240721115928,,https://web.archive.org/web/20240721115928/https://twitter.com/apralky/status/1814993592693199116,https://web.archive.org/web/20240721115928/https://twitter.com/apralky/status/1814993592693199116,https://twitter.com/apralky/status/1814993592693199116,https://twitter.com/apralky/status/1814993592693199116,,,,application/json,-,67BBYX65FFA5Z75G4YLKDBDVQW6QP7OJ,1090
"com,twitter)/apralky/status/1814783561863512515",20240720220452,,https://web.archive.org/web/20240720220452/https://twitter.com/apralky/status/1814783561863512515,https://web.archive.org/web/20240720220452/https://twitter.com/apralky/status/1814783561863512515,https://twitter.com/apralky/status/1814783561863512515,https://twitter.com/apralky/status/1814783561863512515,,,,application/json,-,ENCYDBCHXZXINPNKGXSBCHQCQRQUJDCY,1362
"com,twitter)/apralky/status/1814995782262501780",20240721120810,,https://web.archive.org/web/20240721120810/https://twitter.com/apralky/status/1814995782262501780,https://web.archive.org/web/20240721120810/https://twitter.com/apralky/status/1814995782262501780,https://twitter.com/apralky/status/1814995782262501780,https://twitter.com/apralky/status/1814995782262501780,,,,application/json,-,MX43I4YK5HD2UCSEC5AT4F735TJIA2IO,977
"com,twitter)/apralky/status/1814997523896963387",20240721121505,,https://web.archive.org/web/20240721121505/https://twitter.com/apralky/status/1814997523896963387,https://web.archive.org/web/20240721121505/https://twitter.com/apralky/status/1814997523896963387,https://twitter.com/apralky/status/1814997523896963387,https://twitter.com/apralky/status/1814997523896963387,,,,application/json,-,XVFIAJMMXKOAC55GIU334DW3DNI6QPBC,1427
"com,twitter)/apralky/status/1815084755576127877",20240721180143,,https://web.archive.org/web/20240721180143/https://twitter.com/apralky/status/1815084755576127877,https://web.archive.org/web/20240721180143/https://twitter.com/apralky/status/1815084755576127877,https://twitter.com/apralky/status/1815084755576127877,https://twitter.com/apralky/status/1815084755576127877,,,,application/json,-,EGD42CFWLMVPDSM3E7ST5ZP3VEJU6FRN,1282
"com,twitter)/apralky/status/1815084860085551541",20240721180207,,https://web.archive.org/web/20240721180207/https://twitter.com/apralky/status/1815084860085551541,https://web.archive.org/web/20240721180207/https://twitter.com/apralky/status/1815084860085551541,https://twitter.com/apralky/status/1815084860085551541,https://twitter.com/apralky/status/1815084860085551541,,,,application/json,-,OO5K5PYVF2WGUVB5BMMKZ7BKDTS7E6OO,1354
"com,twitter)/apralky/status/1814999663822381276",20240721122335,,https://web.archive.org/web/20240721122335/https://twitter.com/apralky/status/1814999663822381276,https://web.archive.org/web/20240721122335/https://twitter.com/apralky/status/1814999663822381276,https://twitter.com/apralky/status/1814999663822381276,https://twitter.com/apralky/status/1814999663822381276,,,,application/json,-,RTXBZZOHRAA6WWUJILZAG7ILSWWY4DHI,1325
"com,twitter)/apralky/status/1814993550305620032",20240721115917,,https://web.archive.org/web/20240721115917/https://twitter.com/apralky/status/1814993550305620032,https://web.archive.org/web/20240721115917/https://twitter.com/apralky/status/1814993550305620032,https://twitter.com/apralky/status/1814993550305620032,https://twitter.com/apralky/status/1814993550305620032,,,,application/json,-,MPLK7C7EQDBY27W5RXO7KU4RN5YMM3ZN,1751
"com,twitter)/apralky/status/1815088155214721262",20240721181513,,https://web.archive.org/web/20240721181513/https://twitter.com/apralky/status/1815088155214721262,https://web.archive.org/web/20240721181513/https://twitter.com/apralky/status/1815088155214721262,https://twitter.com/apralky/status/1815088155214721262,https://twitter.com/apralky/status/1815088155214721262,,,,application/json,-,FEVE2HIG2JOTVFW6DAB3ZU2GTTUSOCXZ,1703
"com,twitter)/apralky/status/1815089279162630230",20240721181941,,https://web.archive.org/web/20240721181941/https://twitter.com/apralky/status/1815089279162630230,https://web.archive.org/web/20240721181941/https://twitter.com/apralky/status/1815089279162630230,https://twitter.com/apralky/status/1815089279162630230,https://twitter.com/apralky/status/1815089279162630230,,,,application/json,-,EU4NB4BRJ7FEIWNXHWSAZE5NCQZSZLKH,1538
"com,twitter)/apralky/status/1815089132961697805",20240721181906,,https://web.archive.org/web/20240721181906/https://twitter.com/apralky/status/1815089132961697805,https://web.archive.org/web/20240721181906/https://twitter.com/apralky/status/1815089132961697805,https://twitter.com/apralky/status/1815089132961697805,https://twitter.com/apralky/status/1815089132961697805,,,,application/json,-,QL4GI5ZFJ3CBUAXAOUK224H5KZBWGMDY,2055
"com,twitter)/apralky/status/1815090027103388141",20240721182239,,https://web.archive.org/web/20240721182239/https://twitter.com/apralky/status/1815090027103388141,https://web.archive.org/web/20240721182239/https://twitter.com/apralky/status/1815090027103388141,https://twitter.com/apralky/status/1815090027103388141,https://twitter.com/apralky/status/1815090027103388141,,,,application/json,-,OCIMHGAXKYRWEUDMOHFWLWBTN7KJXLYF,2467
"com,twitter)/apralky/status/1814787861062779212",20240720222157,,https://web.archive.org/web/20240720222157/https://twitter.com/apralky/status/1814787861062779212,https://web.archive.org/web/20240720222157/https://twitter.com/apralky/status/1814787861062779212,https://twitter.com/apralky/status/1814787861062779212,https://twitter.com/apralky/status/1814787861062779212,,,,application/json,-,B2B4VAN7WNGWPYCFDK4YMB4QJHTTIFGG,1664
"com,twitter)/apralky/status/1815090109894783267",20240721182259,,https://web.archive.org/web/20240721182259/https://twitter.com/apralky/status/1815090109894783267,https://web.archive.org/web/20240721182259/https://twitter.com/apralky/status/1815090109894783267,https://twitter.com/apralky/status/1815090109894783267,https://twitter.com/apralky/status/1815090109894783267,,,,application/json,-,DO7Q2STUVCMIL4DUVGGVQTVZLCVRSZNH,1272
"com,twitter)/apralky/status/1815093078870651350",20240721183447,,https://web.archive.org/web/20240721183447/https://twitter.com/apralky/status/1815093078870651350,https://web.archive.org/web/20240721183447/https://twitter.com/apralky/status/1815093078870651350,https://twitter.com/apralky/status/1815093078870651350,https://twitter.com/apralky/status/1815093078870651350,,,,application/json,-,HCHBDLCYSUIARV46BDDTXVLNQ2PBNEA7,1615
"com,twitter)/apralky/status/1815090644081426489",20240721182506,,https://web.archive.org/web/20240721182506/https://twitter.com/apralky/status/1815090644081426489,https://web.archive.org/web/20240721182506/https://twitter.com/apralky/status/1815090644081426489,https://twitter.com/apralky/status/1815090644081426489,https://twitter.com/apralky/status/1815090644081426489,,,,application/json,-,HKL2LPX5566JMTTQMSWCMJ5VPUU753BJ,1792
"com,twitter)/apralky/status/1815097248356635072",20240721185121,,https://web.archive.org/web/20240721185121/https://twitter.com/apralky/status/1815097248356635072,https://web.archive.org/web/20240721185121/https://twitter.com/apralky/status/1815097248356635072,https://twitter.com/apralky/status/1815097248356635072,https://twitter.com/apralky/status/1815097248356635072,,,,application/json,-,H72SNB3HPOFXF4MBQFFZ6K37GCHMDNUU,906
"com,twitter)/apralky/status/1815089405377532211",20240721182011,,https://web.archive.org/web/20240721182011/https://twitter.com/apralky/status/1815089405377532211,https://web.archive.org/web/20240721182011/https://twitter.com/apralky/status/1815089405377532211,https://twitter.com/apralky/status/1815089405377532211,https://twitter.com/apralky/status/1815089405377532211,,,,application/json,-,EE7HNYTDZXFVOLKBWY2AMBZG4MC7RL6O,2181
"com,twitter)/apralky/status/1815089933134258238",20240721182217,,https://web.archive.org/web/20240721182217/https://twitter.com/apralky/status/1815089933134258238,https://web.archive.org/web/20240721182217/https://twitter.com/apralky/status/1815089933134258238,https://twitter.com/apralky/status/1815089933134258238,https://twitter.com/apralky/status/1815089933134258238,,,,application/json,-,PDG3IOZSQ24AGWFZV5VWNGE6RN3V3QWS,2133
"com,twitter)/apralky/status/1815093940309361040",20240721183812,,https://web.archive.org/web/20240721183812/https://twitter.com/apralky/status/1815093940309361040,https://web.archive.org/web/20240721183812/https://twitter.com/apralky/status/1815093940309361040,https://twitter.com/apralky/status/1815093940309361040,https://twitter.com/apralky/status/1815093940309361040,,,,application/json,-,ZDMAHLM2Y5OU2WADGJ5O43KSOMCRFEXD,1645
"com,twitter)/apralky/status/1815100141327597681",20240721190251,,https://web.archive.org/web/20240721190251/https://twitter.com/apralky/status/1815100141327597681,https://web.archive.org/web/20240721190251/https://twitter.com/apralky/status/1815100141327597681,https://twitter.com/apralky/status/1815100141327597681,https://twitter.com/apralky/status/1815100141327597681,,,,application/json,-,HPMPLJYWMP7LCSHBVFSZXJVHD5523OQL,1720
"com,twitter)/apralky/status/1815100780023513454",20240721190523,,https://web.archive.org/web/20240721190523/https://twitter.com/apralky/status/1815100780023513454,https://web.archive.org/web/20240721190523/https://twitter.com/apralky/status/1815100780023513454,https://twitter.com/apralky/status/1815100780023513454,https://twitter.com/apralky/status/1815100780023513454,,,,application/json,-,BNCKJYXOB6LO65KOVZQDXKOX2ICE4JC7,1400
"com,twitter)/apralky/status/1815106477721276515",20240721192801,,https://web.archive.org/web/20240721192801/https://twitter.com/apralky/status/1815106477721276515,https://web.archive.org/web/20240721192801/https://twitter.com/apralky/status/1815106477721276515,https://twitter.com/apralky/status/1815106477721276515,https://twitter.com/apralky/status/1815106477721276515,,,,application/json,-,CBAEDEMDDBZMGGEAYZWV2JEFYXNN5XUK,1237
"com,twitter)/apralky/status/1815113325891522763",20240721195514,,https://web.archive.org/web/20240721195514/https://twitter.com/apralky/status/1815113325891522763,https://web.archive.org/web/20240721195514/https://twitter.com/apralky/status/1815113325891522763,https://twitter.com/apralky/status/1815113325891522763,https://twitter.com/apralky/status/1815113325891522763,,,,application/json,-,FATDXESGKK45VIUFEHM6LKJISJSTMPLY,1322
"com,twitter)/apralky/status/1815121069440639068",20240721202600,,https://web.archive.org/web/20240721202600/https://twitter.com/apralky/status/1815121069440639068,https://web.archive.org/web/20240721202600/https://twitter.com/apralky/status/1815121069440639068,https://twitter.com/apralky/status/1815121069440639068,https://twitter.com/apralky/status/1815121069440639068,,,,application/json,-,72YBB3NQZXEIJYJ4G5DAJWZRZDV6W32A,1392
"com,twitter)/apralky/status/1815152917630083161",20240721223234,,https://web.archive.org/web/20240721223234/https://twitter.com/apralky/status/1815152917630083161,https://web.archive.org/web/20240721223234/https://twitter.com/apralky/status/1815152917630083161,https://twitter.com/apralky/status/1815152917630083161,https://twitter.com/apralky/status/1815152917630083161,,,,application/json,-,NVK5JRFJF7Q54TLZ3TWT7TPU7O52XLDP,1330
"com,twitter)/apralky/status/1815100004387746030",20240721190218,,https://web.archive.org/web/20240721190218/https://twitter.com/apralky/status/1815100004387746030,https://web.archive.org/web/20240721190218/https://twitter.com/apralky/status/1815100004387746030,https://twitter.com/apralky/status/1815100004387746030,https://twitter.com/apralky/status/1815100004387746030,,,,application/json,-,AJ7R32P4XAXULUEUNPFLM5A3QEK4FWWL,1613
"com,twitter)/apralky/status/1815319918415380573",20240722093610,,https://web.archive.org/web/20240722093610/https://twitter.com/apralky/status/1815319918415380573,https://web.archive.org/web/20240722093610/https://twitter.com/apralky/status/1815319918415380573,https://twitter.com/apralky/status/1815319918415380573,https://twitter.com/apralky/status/1815319918415380573,,,,application/json,-,OQA2NOIUKZMVLAYHVMGAZIYJBDSOOJOS,1454
"com,twitter)/apralky/status/1815101565600240096",20240721190830,,https://web.archive.org/web/20240721190830/https://twitter.com/apralky/status/1815101565600240096,https://web.archive.org/web/20240721190830/https://twitter.com/apralky/status/1815101565600240096,https://twitter.com/apralky/status/1815101565600240096,https://twitter.com/apralky/status/1815101565600240096,,,,application/json,-,LFRAQOTCEIEXWLSQ7ULP6PLSLUKYAX75,1821
"com,twitter)/apralky/status/1815693928890310848",20240723102221,,https://web.archive.org/web/20240723102221/https://twitter.com/apralky/status/1815693928890310848,https://web.archive.org/web/20240723102221/https://twitter.com/apralky/status/1815693928890310848,https://twitter.com/apralky/status/1815693928890310848,https://twitter.com/apralky/status/1815693928890310848,,,,application/json,-,RQMBSF34SGNUUSWX4Y7PFKQQVMG3HH4E,1646
"com,twitter)/apralky/status/1815731722182344889",20240723125231,,https://web.archive.org/web/20240723125231/https://twitter.com/apralky/status/1815731722182344889,https://web.archive.org/web/20240723125231/https://twitter.com/apralky/status/1815731722182344889,https://twitter.com/apralky/status/1815731722182344889,https://twitter.com/apralky/status/1815731722182344889,,,,application/json,-,74ZSWIQOIOAZZCOIIECLQ4XKUZDI576N,1457
"com,twitter)/apralky/status/1815732629959852443",20240723125608,,https://web.archive.org/web/20240723125608/https://twitter.com/apralky/status/1815732629959852443,https://web.archive.org/web/20240723125608/https://twitter.com/apralky/status/1815732629959852443,https://twitter.com/apralky/status/1815732629959852443,https://twitter.com/apralky/status/1815732629959852443,,,,application/json,-,JF26O2AGAX3A7B67FRW476FP67YD6RTI,2241
"com,twitter)/apralky/status/1815257907753001172",20240722052945,,https://web.archive.org/web/20240722052945/https://twitter.com/apralky/status/1815257907753001172,https://web.archive.org/web/20240722052945/https://twitter.com/apralky/status/1815257907753001172,https://twitter.com/apralky/status/1815257907753001172,https://twitter.com/apralky/status/1815257907753001172,,,,application/json,-,C4RBW2QOAGKFE2BLJV6KZ4DXITTOZPXC,888
"com,twitter)/apralky/status/1815152999070658734",20240721223253,,https://web.archive.org/web/20240721223253/https://twitter.com/apralky/status/1815152999070658734,https://web.archive.org/web/20240721223253/https://twitter.com/apralky/status/1815152999070658734,https://twitter.com/apralky/status/1815152999070658734,https://twitter.com/apralky/status/1815152999070658734,,,,application/json,-,KOXVG4C5DQD6FUH7CKS3NF75EQBMYPJC,1409
"com,twitter)/apralky/status/1815321711094435968",20240722094317,,https://web.archive.org/web/20240722094317/https://twitter.com/apralky/status/1815321711094435968,https://web.archive.org/web/20240722094317/https://twitter.com/apralky/status/1815321711094435968,https://twitter.com/apralky/status/1815321711094435968,https://twitter.com/apralky/status/1815321711094435968,,,,application/json,-,FDIIUKNF5JOG2NEKFFSXDHW27HJZMXFQ,999
"com,twitter)/apralky/status/1815442692413026490",20240722174401,,https://web.archive.org/web/20240722174401/https://twitter.com/apralky/status/1815442692413026490,https://web.archive.org/web/20240722174401/https://twitter.com/apralky/status/1815442692413026490,https://twitter.com/apralky/status/1815442692413026490,https://twitter.com/apralky/status/1815442692413026490,,,,application/json,-,YEL7R74BMJIPQIFFYA3RXVSGIUBJ2DV2,1423
"com,twitter)/apralky/status/1815154385497764230",20240721223824,,https://web.archive.org/web/20240721223824/https://twitter.com/apralky/status/1815154385497764230,https://web.archive.org/web/20240721223824/https://twitter.com/apralky/status/1815154385497764230,https://twitter.com/apralky/status/1815154385497764230,https://twitter.com/apralky/status/1815154385497764230,,,,application/json,-,VEEY6LKCLCWUGUP2PKU4ZY4FOSSOQVHI,907
"com,twitter)/apralky/status/1815975344110776387",20240724050035,,https://web.archive.org/web/20240724050035/https://twitter.com/apralky/status/1815975344110776387,https://web.archive.org/web/20240724050035/https://twitter.com/apralky/status/1815975344110776387,https://twitter.com/apralky/status/1815975344110776387,https://twitter.com/apralky/status/1815975344110776387,,,,application/json,-,LBZTVXNHEKPCFLJE4SNTGPWVTNL7AGBN,1267
"com,twitter)/apralky/status/1816251088539902226",20240724231618,,https://web.archive.org/web/20240724231618/https://twitter.com/apralky/status/1816251088539902226,https://web.archive.org/web/20240724231618/https://twitter.com/apralky/status/1816251088539902226,https://twitter.com/apralky/status/1816251088539902226,https://twitter.com/apralky/status/1816251088539902226,,,,application/json,-,P2GWHSHLNYJBYPBKKCPMGVPZM6KJEWL5,1445
"com,twitter)/apralky/status/1815812905771618614",20240723181507,,https://web.archive.org/web/20240723181507/https://twitter.com/apralky/status/1815812905771618614,https://web.archive.org/web/20240723181507/https://twitter.com/apralky/status/1815812905771618614,https://twitter.com/apralky/status/1815812905771618614,https://twitter.com/apralky/status/1815812905771618614,,,,application/json,-,CEUA7YNFPOTOAMZPQHGEFAB5KQ6WTCTQ,1361
"com,twitter)/apralky/status/1815827601471979534",20240723191331,,https://web.archive.org/web/20240723191331/https://twitter.com/apralky/status/1815827601471979534,https://web.archive.org/web/20240723191331/https://twitter.com/apralky/status/1815827601471979534,https://twitter.com/apralky/status/1815827601471979534,https://twitter.com/apralky/status/1815827601471979534,,,,application/json,-,NOLBS3YT7QSU5YXVNPKQNLQQEIANNY7I,966
"com,twitter)/apralky/status/1814997851694301656",20240721121623,,https://web.archive.org/web/20240721121623/https://twitter.com/apralky/status/1814997851694301656,https://web.archive.org/web/20240721121623/https://twitter.com/apralky/status/1814997851694301656,https://twitter.com/apralky/status/1814997851694301656,https://twitter.com/apralky/status/1814997851694301656,,,,application/json,-,LJVLKTVQ3LVQ2KUM3GLA2QDK7ERZ5EDW,1242
"com,twitter)/apralky/status/1815975403019796597",20240724050049,,https://web.archive.org/web/20240724050049/https://twitter.com/apralky/status/1815975403019796597,https://web.archive.org/web/20240724050049/https://twitter.com/apralky/status/1815975403019796597,https://twitter.com/apralky/status/1815975403019796597,https://twitter.com/apralky/status/1815975403019796597,,,,application/json,-,GUJ367KWAOKF3EH3R2AYX7QR37QLSPPZ,1254
"com,twitter)/apralky/status/1816096739033543167",20240724130258,,https://web.archive.org/web/20240724130258/https://twitter.com/apralky/status/1816096739033543167,https://web.archive.org/web/20240724130258/https://twitter.com/apralky/status/1816096739033543167,https://twitter.com/apralky/status/1816096739033543167,https://twitter.com/apralky/status/1816096739033543167,,,,application/json,-,OMR3RF4A6HHACMI54FT553ZUG57REUHL,1672
"com,twitter)/apralky/status/1816246385437479331",20240724225737,,https://web.archive.org/web/20240724225737/https://twitter.com/apralky/status/1816246385437479331,https://web.archive.org/web/20240724225737/https://twitter.com/apralky/status/1816246385437479331,https://twitter.com/apralky/status/1816246385437479331,https://twitter.com/apralky/status/1816246385437479331,,,,application/json,-,7F72U3TA2FI3HFX5FAHHMZ2UBJZPAK7K,898
"com,twitter)/apralky/status/1816168950381912067",20240724174955,,https://web.archive.org/web/20240724174955/https://twitter.com/apralky/status/1816168950381912067,https://web.archive.org/web/20240724174955/https://twitter.com/apralky/status/1816168950381912067,https://twitter.com/apralky/status/1816168950381912067,https://twitter.com/apralky/status/1816168950381912067,,,,application/json,-,TBNSBCQLOI24HB2YL556IP2INZLRRPC4,891
"com,twitter)/apralky/status/1816251143128748462",20240724231631,,https://web.archive.org/web/20240724231631/https://twitter.com/apralky/status/1816251143128748462,https://web.archive.org/web/20240724231631/https://twitter.com/apralky/status/1816251143128748462,https://twitter.com/apralky/status/1816251143128748462,https://twitter.com/apralky/status/1816251143128748462,,,,application/json,-,ISWUD7SLFMG3URKPIXY6OKJF64TDRRZ5,1218
"com,twitter)/apralky/status/1816253959780135092",20240724232743,,https://web.archive.org/web/20240724232743/https://twitter.com/apralky/status/1816253959780135092,https://web.archive.org/web/20240724232743/https://twitter.com/apralky/status/1816253959780135092,https://twitter.com/apralky/status/1816253959780135092,https://twitter.com/apralky/status/1816253959780135092,,,,application/json,-,6RZZ33MQOLFDDIXE3YJ6LOHFVCQ2WTUD,2161
"com,twitter)/apralky/status/1816331845178478719",20240725043712,,https://web.archive.org/web/20240725043712/https://twitter.com/apralky/status/1816331845178478719,https://web.archive.org/web/20240725043712/https://twitter.com/apralky/status/1816331845178478719,https://twitter.com/apralky/status/1816331845178478719,https://twitter.com/apralky/status/1816331845178478719,,,,application/json,-,FJUEVVGX6ICFGX4MLG6LG4TDYJXKC7WJ,1408
"com,twitter)/apralky/status/1816331826283020553",20240725043707,,https://web.archive.org/web/20240725043707/https://twitter.com/apralky/status/1816331826283020553,https://web.archive.org/web/20240725043707/https://twitter.com/apralky/status/1816331826283020553,https://twitter.com/apralky/status/1816331826283020553,https://twitter.com/apralky/status/1816331826283020553,,,,application/json,-,RB42EOY6PI5NQ4WFCAFOA6NBU7GKCCVD,1420
"com,twitter)/apralky/status/1816262201985966294",20240725000028,,https://web.archive.org/web/20240725000028/https://twitter.com/apralky/status/1816262201985966294,https://web.archive.org/web/20240725000028/https://twitter.com/apralky/status/1816262201985966294,https://twitter.com/apralky/status/1816262201985966294,https://twitter.com/apralky/status/1816262201985966294,,,,application/json,-,TG75DES3RNS4TXICZTAR2NS5PZA24B7Y,2301
"com,twitter)/apralky/status/1816264123950244034",20240725000806,,https://web.archive.org/web/20240725000806/https://twitter.com/apralky/status/1816264123950244034,https://web.archive.org/web/20240725000806/https://twitter.com/apralky/status/1816264123950244034,https://twitter.com/apralky/status/1816264123950244034,https://twitter.com/apralky/status/1816264123950244034,,,,application/json,-,45I4HRUFOLYLMKIGVVBSHXJJWOMY7RYS,1508
"com,twitter)/apralky/status/1816347875263025609",20240725054054,,https://web.archive.org/web/20240725054054/https://twitter.com/apralky/status/1816347875263025609,https://web.archive.org/web/20240725054054/https://twitter.com/apralky/status/1816347875263025609,https://twitter.com/apralky/status/1816347875263025609,https://twitter.com/apralky/status/1816347875263025609,,,,application/json,-,K2SXOUJXMOZRL7AWCJBIEFWFAMPILRK5,1288
"com,twitter)/apralky/status/1816343838341963991",20240725052451,,https://web.archive.org/web/20240725052451/https://twitter.com/apralky/status/1816343838341963991,https://web.archive.org/web/20240725052451/https://twitter.com/apralky/status/1816343838341963991,https://twitter.com/apralky/status/1816343838341963991,https://twitter.com/apralky/status/1816343838341963991,,,,application/json,-,DI3L4C3RRVO4MUHR4DFN4BFGFTS7WXLI,1244
"com,twitter)/apralky/status/1816429131124388095",20240725110347,,https://web.archive.org/web/20240725110347/https://twitter.com/apralky/status/1816429131124388095,https://web.archive.org/web/20240725110347/https://twitter.com/apralky/status/1816429131124388095,https://twitter.com/apralky/status/1816429131124388095,https://twitter.com/apralky/status/1816429131124388095,,,,application/json,-,WYPDDOB7M6MIIV5HL2YK3O4WLE7GBWCJ,1440
"com,twitter)/apralky/status/1816371172348399625",20240725071328,,https://web.archive.org/web/20240725071328/https://twitter.com/apralky/status/1816371172348399625,https://web.archive.org/web/20240725071328/https://twitter.com/apralky/status/1816371172348399625,https://twitter.com/apralky/status/1816371172348399625,https://twitter.com/apralky/status/1816371172348399625,,,,application/json,-,SL4YTJCJKSOEDSJ3Q5MSAMNCJBUBWOLM,1603
"com,twitter)/apralky/status/1816409541300392276",20240725094556,,https://web.archive.org/web/20240725094556/https://twitter.com/apralky/status/1816409541300392276,https://web.archive.org/web/20240725094556/https://twitter.com/apralky/status/1816409541300392276,https://twitter.com/apralky/status/1816409541300392276,https://twitter.com/apralky/status/1816409541300392276,,,,application/json,-,MPIUWH2ZH7BPW2MMGBRQT7OEOICIZ6NY,884
"com,twitter)/apralky/status/1816448358212395087",20240725122011,,https://web.archive.org/web/20240725122011/https://twitter.com/apralky/status/1816448358212395087,https://web.archive.org/web/20240725122011/https://twitter.com/apralky/status/1816448358212395087,https://twitter.com/apralky/status/1816448358212395087,https://twitter.com/apralky/status/1816448358212395087,,,,application/json,-,B2HGI3GDTHAJFTBWHIHEDI7LPVCX57ZJ,1988
"com,twitter)/apralky/status/1816338067768127511",20240725050155,,https://web.archive.org/web/20240725050155/https://twitter.com/apralky/status/1816338067768127511,https://web.archive.org/web/20240725050155/https://twitter.com/apralky/status/1816338067768127511,https://twitter.com/apralky/status/1816338067768127511,https://twitter.com/apralky/status/1816338067768127511,,,,application/json,-,KD7QNABQ4L4BF6PLMZ5MTYL2YKTJYFU3,1724
"com,twitter)/apralky/status/1816536510625382416",20240725181028,,https://web.archive.org/web/20240725181028/https://twitter.com/apralky/status/1816536510625382416,https://web.archive.org/web/20240725181028/https://twitter.com/apralky/status/1816536510625382416,https://twitter.com/apralky/status/1816536510625382416,https://twitter.com/apralky/status/1816536510625382416,,,,application/json,-,WXETE4TIUFTKPUFT6YTSB2PB7SNTN2CI,1819
"com,twitter)/apralky/status/1816537197509849292",20240725181312,,https://web.archive.org/web/20240725181312/https://twitter.com/apralky/status/1816537197509849292,https://web.archive.org/web/20240725181312/https://twitter.com/apralky/status/1816537197509849292,https://twitter.com/apralky/status/1816537197509849292,https://twitter.com/apralky/status/1816537197509849292,,,,application/json,-,37BPPA7FOOYGECET74B2ABBVF5AIN47I,1497
"com,twitter)/apralky/status/1816370369382449338",20240725071017,,https://web.archive.org/web/20240725071017/https://twitter.com/apralky/status/1816370369382449338,https://web.archive.org/web/20240725071017/https://twitter.com/apralky/status/1816370369382449338,https://twitter.com/apralky/status/1816370369382449338,https://twitter.com/apralky/status/1816370369382449338,,,,application/json,-,LMAVPR2FYSPSFCQNR5D562VSZDSNJGOU,1347
"com,twitter)/apralky/status/1816340920301744561",20240725051316,,https://web.archive.org/web/20240725051316/https://twitter.com/apralky/status/1816340920301744561,https://web.archive.org/web/20240725051316/https://twitter.com/apralky/status/1816340920301744561,https://twitter.com/apralky/status/1816340920301744561,https://twitter.com/apralky/status/1816340920301744561,,,,application/json,-,3GFFV6WCGCRUL567C2IRG77EXKBOCKS4,1257
"com,twitter)/apralky/status/1816538458795704439",20240725181812,,https://web.archive.org/web/20240725181812/https://twitter.com/apralky/status/1816538458795704439,https://web.archive.org/web/20240725181812/https://twitter.com/apralky/status/1816538458795704439,https://twitter.com/apralky/status/1816538458795704439,https://twitter.com/apralky/status/1816538458795704439,,,,application/json,-,6U5T36K4D6IOYROS2G7457T2JW7BHOGK,986
"com,twitter)/apralky/status/1816713585025757238",20240726055406,,https://web.archive.org/web/20240726055406/https://twitter.com/apralky/status/1816713585025757238,https://web.archive.org/web/20240726055406/https://twitter.com/apralky/status/1816713585025757238,https://twitter.com/apralky/status/1816713585025757238,https://twitter.com/apralky/status/1816713585025757238,,,,application/json,-,7D2MB6A57Z7KQCV47PNC3A57BUXO74WD,1620
"com,twitter)/apralky/status/1816535116988154347",20240725180456,,https://web.archive.org/web/20240725180456/https://twitter.com/apralky/status/1816535116988154347,https://web.archive.org/web/20240725180456/https://twitter.com/apralky/status/1816535116988154347,https://twitter.com/apralky/status/1816535116988154347,https://twitter.com/apralky/status/1816535116988154347,,,,application/json,-,XEJN4FXLZ67D3JTJAKKO3CTT3P7HUCM5,1306
"com,twitter)/apralky/status/1816543283348406532",20240725183723,,https://web.archive.org/web/20240725183723/https://twitter.com/apralky/status/1816543283348406532,https://web.archive.org/web/20240725183723/https://twitter.com/apralky/status/1816543283348406532,https://twitter.com/apralky/status/1816543283348406532,https://twitter.com/apralky/status/1816543283348406532,,,,application/json,-,6TD65UMATZOQSHMY4LFWFQEWP6JSYE7M,1194
"com,twitter)/apralky/status/1816731045703606506",20240726070329,,https://web.archive.org/web/20240726070329/https://twitter.com/apralky/status/1816731045703606506,https://web.archive.org/web/20240726070329/https://twitter.com/apralky/status/1816731045703606506,https://twitter.com/apralky/status/1816731045703606506,https://twitter.com/apralky/status/1816731045703606506,,,,application/json,-,ZSL7PHN7GJCFQWYBZKSPS3XV7VFT6YMB,1378
"com,twitter)/apralky/status/1817231938978992512",20240727161351,,https://web.archive.org/web/20240727161351/https://twitter.com/apralky/status/1817231938978992512,https://web.archive.org/web/20240727161351/https://twitter.com/apralky/status/1817231938978992512,https://twitter.com/apralky/status/1817231938978992512,https://twitter.com/apralky/status/1817231938978992512,,,,application/json,-,3YSVO46LB33YYPUXQ53XEWHFRHLI6HDV,1434
"com,twitter)/apralky/status/1816537681133994120",20240725181507,,https://web.archive.org/web/20240725181507/https://twitter.com/apralky/status/1816537681133994120,https://web.archive.org/web/20240725181507/https://twitter.com/apralky/status/1816537681133994120,https://twitter.com/apralky/status/1816537681133994120,https://twitter.com/apralky/status/1816537681133994120,,,,application/json,-,AA5HXTDIDBGFPCSOHCBH7YDURU7A2SLI,2391
"com,twitter)/apralky/status/1817292383496569003",20240727201402,,https://web.archive.org/web/20240727201402/https://twitter.com/apralky/status/1817292383496569003,https://web.archive.org/web/20240727201402/https://twitter.com/apralky/status/1817292383496569003,https://twitter.com/apralky/status/1817292383496569003,https://twitter.com/apralky/status/1817292383496569003,,,,application/json,-,JLLPI5HDVHSL7YPHTZ33I7KA7MZRS3DE,1678
"com,twitter)/apralky/status/1817293780846071838",20240727201935,,https://web.archive.org/web/20240727201935/https://twitter.com/apralky/status/1817293780846071838,https://web.archive.org/web/20240727201935/https://twitter.com/apralky/status/1817293780846071838,https://twitter.com/apralky/status/1817293780846071838,https://twitter.com/apralky/status/1817293780846071838,,,,application/json,-,NBCF5OLHCVEL2ORO6WXJWKVHNWA3VFCX,1847
"com,twitter)/apralky/status/1816718831777173919",20240726061457,,https://web.archive.org/web/20240726061457/https://twitter.com/apralky/status/1816718831777173919,https://web.archive.org/web/20240726061457/https://twitter.com/apralky/status/1816718831777173919,https://twitter.com/apralky/status/1816718831777173919,https://twitter.com/apralky/status/1816718831777173919,,,,application/json,-,NDKIMTEIBCMJ3274DGPZXBLAY2FL6FBM,1682
"com,twitter)/apralky/status/1816736025869156405",20240726072316,,https://web.archive.org/web/20240726072316/https://twitter.com/apralky/status/1816736025869156405,https://web.archive.org/web/20240726072316/https://twitter.com/apralky/status/1816736025869156405,https://twitter.com/apralky/status/1816736025869156405,https://twitter.com/apralky/status/1816736025869156405,,,,application/json,-,7VJ5HS2E66VSAMKCF3BJ5EFVQ2TOZDX7,1395
"com,twitter)/apralky/status/1816730070326599690",20240726065936,,https://web.archive.org/web/20240726065936/https://twitter.com/apralky/status/1816730070326599690,https://web.archive.org/web/20240726065936/https://twitter.com/apralky/status/1816730070326599690,https://twitter.com/apralky/status/1816730070326599690,https://twitter.com/apralky/status/1816730070326599690,,,,application/json,-,BDJS2WMGGSLV3FM5O2EYGILPDCC7DZGJ,1402
"com,twitter)/apralky/status/1817232989987680405",20240727161802,,https://web.archive.org/web/20240727161802/https://twitter.com/apralky/status/1817232989987680405,https://web.archive.org/web/20240727161802/https://twitter.com/apralky/status/1817232989987680405,https://twitter.com/apralky/status/1817232989987680405,https://twitter.com/apralky/status/1817232989987680405,,,,application/json,-,ACRAQ6OROVXKYYQ4HVOYKWBBNWKJLOHC,1496
"com,twitter)/apralky/status/1817293625975349356",20240727201858,,https://web.archive.org/web/20240727201858/https://twitter.com/apralky/status/1817293625975349356,https://web.archive.org/web/20240727201858/https://twitter.com/apralky/status/1817293625975349356,https://twitter.com/apralky/status/1817293625975349356,https://twitter.com/apralky/status/1817293625975349356,,,,application/json,-,ZU4GWDVMRQJ4AAHCTJ3PV5S3QVSQNHII,888
"com,twitter)/apralky/status/1817327333625241918",20240727223255,,https://web.archive.org/web/20240727223255/https://twitter.com/apralky/status/1817327333625241918,https://web.archive.org/web/20240727223255/https://twitter.com/apralky/status/1817327333625241918,https://twitter.com/apralky/status/1817327333625241918,https://twitter.com/apralky/status/1817327333625241918,,,,application/json,-,J4ZUF3G5SZIK4NFG6TPQ7W6LABHKX2HY,1534
"com,twitter)/apralky/status/1817363996174844166",20240728005836,,https://web.archive.org/web/20240728005836/https://twitter.com/apralky/status/1817363996174844166,https://web.archive.org/web/20240728005836/https://twitter.com/apralky/status/1817363996174844166,https://twitter.com/apralky/status/1817363996174844166,https://twitter.com/apralky/status/1817363996174844166,,,,application/json,-,TRWTX7KDRCTKIVSIFG6JSPKQF6JN6MT4,1485
"com,twitter)/apralky/status/1817348780712218908",20240727235808,,https://web.archive.org/web/20240727235808/https://twitter.com/apralky/status/1817348780712218908,https://web.archive.org/web/20240727235808/https://twitter.com/apralky/status/1817348780712218908,https://twitter.com/apralky/status/1817348780712218908,https://twitter.com/apralky/status/1817348780712218908,,,,application/json,-,BD2R2MOEGLIKKNQB3NGW6K7JH2N2GY42,1861
"com,twitter)/apralky/status/1817352969521652027",20240728001447,,https://web.archive.org/web/20240728001447/https://twitter.com/apralky/status/1817352969521652027,https://web.archive.org/web/20240728001447/https://twitter.com/apralky/status/1817352969521652027,https://twitter.com/apralky/status/1817352969521652027,https://twitter.com/apralky/status/1817352969521652027,,,,application/json,-,RJD4BFI3FDW5BFXQ4XEB5W6FROYAMM34,1796
"com,twitter)/apralky/status/1817355171350855904",20240728002332,,https://web.archive.org/web/20240728002332/https://twitter.com/apralky/status/1817355171350855904,https://web.archive.org/web/20240728002332/https://twitter.com/apralky/status/1817355171350855904,https://twitter.com/apralky/status/1817355171350855904,https://twitter.com/apralky/status/1817355171350855904,,,,application/json,-,FU7OVPV42VAGYKQYQAB7URDWLKMYEKBV,1255
"com,twitter)/apralky/status/1817364407128584553",20240728010014,,https://web.archive.org/web/20240728010014/https://twitter.com/apralky/status/1817364407128584553,https://web.archive.org/web/20240728010014/https://twitter.com/apralky/status/1817364407128584553,https://twitter.com/apralky/status/1817364407128584553,https://twitter.com/apralky/status/1817364407128584553,,,,application/json,-,ATDCMXDOEMN7LRFXJBYKMBN62LULBK4E,954
"com,twitter)/apralky/status/1817361228206850424",20240728004736,,https://web.archive.org/web/20240728004736/https://twitter.com/apralky/status/1817361228206850424,https://web.archive.org/web/20240728004736/https://twitter.com/apralky/status/1817361228206850424,https://twitter.com/apralky/status/1817361228206850424,https://twitter.com/apralky/status/1817361228206850424,,,,application/json,-,REHD2WZKNBPP3KULHIQLYZ7IMFW5ODSM,922
"com,twitter)/apralky/status/1817362014215483790",20240728005043,,https://web.archive.org/web/20240728005043/https://twitter.com/apralky/status/1817362014215483790,https://web.archive.org/web/20240728005043/https://twitter.com/apralky/status/1817362014215483790,https://twitter.com/apralky/status/1817362014215483790,https://twitter.com/apralky/status/1817362014215483790,,,,application/json,-,PUI5N7KX2TS4SHJPDZXTO6IFLOKPVWJ7,1512
"com,twitter)/apralky/status/1817374445801029756",20240728014007,,https://web.archive.org/web/20240728014007/https://twitter.com/apralky/status/1817374445801029756,https://web.archive.org/web/20240728014007/https://twitter.com/apralky/status/1817374445801029756,https://twitter.com/apralky/status/1817374445801029756,https://twitter.com/apralky/status/1817374445801029756,,,,application/json,-,C33BTMFT2RDBE67VBWTF4QBF737I7HUW,1699
"com,twitter)/apralky/status/1817534045472936043",20240728121419,,https://web.archive.org/web/20240728121419/https://twitter.com/apralky/status/1817534045472936043,https://web.archive.org/web/20240728121419/https://twitter.com/apralky/status/1817534045472936043,https://twitter.com/apralky/status/1817534045472936043,https://twitter.com/apralky/status/1817534045472936043,,,,application/json,-,NCUKC5S24XF7RZBSH6GTGDU42ANNYW2O,1462
"com,twitter)/apralky/status/1817362323134165271",20240728005157,,https://web.archive.org/web/20240728005157/https://twitter.com/apralky/status/1817362323134165271,https://web.archive.org/web/20240728005157/https://twitter.com/apralky/status/1817362323134165271,https://twitter.com/apralky/status/1817362323134165271,https://twitter.com/apralky/status/1817362323134165271,,,,application/json,-,Q63HED6H5EJOAV5QR3DQAPQERST5HJZR,1552
"com,twitter)/apralky/status/1817361695775351167",20240728004927,,https://web.archive.org/web/20240728004927/https://twitter.com/apralky/status/1817361695775351167,https://web.archive.org/web/20240728004927/https://twitter.com/apralky/status/1817361695775351167,https://twitter.com/apralky/status/1817361695775351167,https://twitter.com/apralky/status/1817361695775351167,,,,application/json,-,FR4DIIV22X3XWJ7HHMHI7EKUG66XYZQJ,1192
"com,twitter)/apralky/status/1817571758397862245",20240728144410,,https://web.archive.org/web/20240728144410/https://twitter.com/apralky/status/1817571758397862245,https://web.archive.org/web/20240728144410/https://twitter.com/apralky/status/1817571758397862245,https://twitter.com/apralky/status/1817571758397862245,https://twitter.com/apralky/status/1817571758397862245,,,,application/json,-,KWR7UE453LVR5DV3JKP27XYTQ6S7T34T,1370
"com,twitter)/apralky/status/1817622499666055256",20240728180548,,https://web.archive.org/web/20240728180548/https://twitter.com/apralky/status/1817622499666055256,https://web.archive.org/web/20240728180548/https://twitter.com/apralky/status/1817622499666055256,https://twitter.com/apralky/status/1817622499666055256,https://twitter.com/apralky/status/1817622499666055256,,,,application/json,-,MHG3PEYJ255YN6PIBH74HSYC6M6B4PJ5,1564
"com,twitter)/apralky/status/1817624491570143390",20240728181343,,https://web.archive.org/web/20240728181343/https://twitter.com/apralky/status/1817624491570143390,https://web.archive.org/web/20240728181343/https://twitter.com/apralky/status/1817624491570143390,https://twitter.com/apralky/status/1817624491570143390,https://twitter.com/apralky/status/1817624491570143390,,,,application/json,-,PTV7L5IODHU6PE32FLSN3AEH3ARZ6OO5,1789
"com,twitter)/apralky/status/1817628979316011083",20240728183133,,https://web.archive.org/web/20240728183133/https://twitter.com/apralky/status/1817628979316011083,https://web.archive.org/web/20240728183133/https://twitter.com/apralky/status/1817628979316011083,https://twitter.com/apralky/status/1817628979316011083,https://twitter.com/apralky/status/1817628979316011083,,,,application/json,-,M6BQYR5VL7Q3BIVBYTFIZHX6YIRCBV4B,1226
"com,twitter)/apralky/status/1817624932521812057",20240728181528,,https://web.archive.org/web/20240728181528/https://twitter.com/apralky/status/1817624932521812057,https://web.archive.org/web/20240728181528/https://twitter.com/apralky/status/1817624932521812057,https://twitter.com/apralky/status/1817624932521812057,https://twitter.com/apralky/status/1817624932521812057,,,,application/json,-,KCJQ6BS7YYIDRZU4J5EZA5IT37BIXD7Q,1626
"com,twitter)/apralky/status/1817672755027853382",20240728212530,,https://web.archive.org/web/20240728212530/https://twitter.com/apralky/status/1817672755027853382,https://web.archive.org/web/20240728212530/https://twitter.com/apralky/status/1817672755027853382,https://twitter.com/apralky/status/1817672755027853382,https://twitter.com/apralky/status/1817672755027853382,,,,application/json,-,6FDOZXOAE5H6QGB6RZVWGRWIX7PD2QTV,890
"com,twitter)/apralky/status/1817533682330009664",20240728121252,,https://web.archive.org/web/20240728121252/https://twitter.com/apralky/status/1817533682330009664,https://web.archive.org/web/20240728121252/https://twitter.com/apralky/status/1817533682330009664,https://twitter.com/apralky/status/1817533682330009664,https://twitter.com/apralky/status/1817533682330009664,,,,application/json,-,LLAVVHUDHSFRCIVMKTCC6USUEDAIBZZG,1172
"com,twitter)/apralky/status/1817781338071609616",20240729043658,,https://web.archive.org/web/20240729043658/https://twitter.com/apralky/status/1817781338071609616,https://web.archive.org/web/20240729043658/https://twitter.com/apralky/status/1817781338071609616,https://twitter.com/apralky/status/1817781338071609616,https://twitter.com/apralky/status/1817781338071609616,,,,application/json,-,VTG66GUYVFXKCT6PT6OKQDKFJXHGDYTR,1371
"com,twitter)/apralky/status/1817593983154921802",20240728161229,,https://web.archive.org/web/20240728161229/https://twitter.com/apralky/status/1817593983154921802,https://web.archive.org/web/20240728161229/https://twitter.com/apralky/status/1817593983154921802,https://twitter.com/apralky/status/1817593983154921802,https://twitter.com/apralky/status/1817593983154921802,,,,application/json,-,LYGREBUVAM6ROGLEJMXG6L55D4LJRMK5,1180
"com,twitter)/apralky/status/1817781090565701720",20240729043559,,https://web.archive.org/web/20240729043559/https://twitter.com/apralky/status/1817781090565701720,https://web.archive.org/web/20240729043559/https://twitter.com/apralky/status/1817781090565701720,https://twitter.com/apralky/status/1817781090565701720,https://twitter.com/apralky/status/1817781090565701720,,,,application/json,-,VAEDMWJOFFE6YIQVG6MANOOLLXVZU3V6,1368
"com,twitter)/apralky/status/1817882740571648475",20240729111954,,https://web.archive.org/web/20240729111954/https://twitter.com/apralky/status/1817882740571648475,https://web.archive.org/web/20240729111954/https://twitter.com/apralky/status/1817882740571648475,https://twitter.com/apralky/status/1817882740571648475,https://twitter.com/apralky/status/1817882740571648475,,,,application/json,-,DPC7KYTR4TKDHOOOWFF53HA5Q5DEFLB3,1250
"com,twitter)/apralky/status/1817971671070052640",20240729171317,,https://web.archive.org/web/20240729171317/https://twitter.com/apralky/status/1817971671070052640,https://web.archive.org/web/20240729171317/https://twitter.com/apralky/status/1817971671070052640,https://twitter.com/apralky/status/1817971671070052640,https://twitter.com/apralky/status/1817971671070052640,,,,application/json,-,CJ4DRDX3XEKD2EZI5KRWD4IQ3GIJJX77,1567
"com,twitter)/apralky/status/1817971585892106533",20240729171257,,https://web.archive.org/web/20240729171257/https://twitter.com/apralky/status/1817971585892106533,https://web.archive.org/web/20240729171257/https://twitter.com/apralky/status/1817971585892106533,https://twitter.com/apralky/status/1817971585892106533,https://twitter.com/apralky/status/1817971585892106533,,,,application/json,-,2SZMOZIMJW37W42EJSZSOQKBXKRII5D5,1634
"com,twitter)/apralky/status/1817670741141405724",20240728211730,,https://web.archive.org/web/20240728211730/https://twitter.com/apralky/status/1817670741141405724,https://web.archive.org/web/20240728211730/https://twitter.com/apralky/status/1817670741141405724,https://twitter.com/apralky/status/1817670741141405724,https://twitter.com/apralky/status/1817670741141405724,,,,application/json,-,I6NJACNR3AZDNORLAEPI6U3J3WL3ZC3E,1229
"com,twitter)/apralky/status/1817994755059462381",20240729184500,,https://web.archive.org/web/20240729184500/https://twitter.com/apralky/status/1817994755059462381,https://web.archive.org/web/20240729184500/https://twitter.com/apralky/status/1817994755059462381,https://twitter.com/apralky/status/1817994755059462381,https://twitter.com/apralky/status/1817994755059462381,,,,application/json,-,FCT675UST4CPDKWNHIOJ4AMYMOEJ2P45,917
"com,twitter)/apralky/status/1818148074742509901",20240730045415,,https://web.archive.org/web/20240730045415/https://twitter.com/apralky/status/1818148074742509901,https://web.archive.org/web/20240730045415/https://twitter.com/apralky/status/1818148074742509901,https://twitter.com/apralky/status/1818148074742509901,https://twitter.com/apralky/status/1818148074742509901,,,,application/json,-,ZFQ4NNJMIWXIHFKEEBZ267H6IESW7GQA,1973
"com,twitter)/apralky/status/1818708011818377588",20240731175914,,https://web.archive.org/web/20240731175914/https://twitter.com/apralky/status/1818708011818377588,https://web.archive.org/web/20240731175914/https://twitter.com/apralky/status/1818708011818377588,https://twitter.com/apralky/status/1818708011818377588,https://twitter.com/apralky/status/1818708011818377588,,,,application/json,-,MFXJM66ZR5N4BIYM3XQ7CWETDGEKRNCH,1359
"com,twitter)/apralky/status/1818507897740857803",20240731044403,,https://web.archive.org/web/20240731044403/https://twitter.com/apralky/status/1818507897740857803,https://web.archive.org/web/20240731044403/https://twitter.com/apralky/status/1818507897740857803,https://twitter.com/apralky/status/1818507897740857803,https://twitter.com/apralky/status/1818507897740857803,,,,application/json,-,RUWTQDU4QX6364JCXIQFOLQDPD4BOWXX,1068
"com,twitter)/apralky/status/1819477192147194266",20240802205541,,https://web.archive.org/web/20240802205541/https://twitter.com/apralky/status/1819477192147194266,https://web.archive.org/web/20240802205541/https://twitter.com/apralky/status/1819477192147194266,https://twitter.com/apralky/status/1819477192147194266,https://twitter.com/apralky/status/1819477192147194266,,,,application/json,-,APQNBVXEU32S5VFQQPIIRZVYDI7LWZNB,1413
"com,twitter)/apralky/status/1818738724395733234",20240731200117,,https://web.archive.org/web/20240731200117/https://twitter.com/apralky/status/1818738724395733234,https://web.archive.org/web/20240731200117/https://twitter.com/apralky/status/1818738724395733234,https://twitter.com/apralky/status/1818738724395733234,https://twitter.com/apralky/status/1818738724395733234,,,,application/json,-,32PI7DY5BDEB64T5XKENLBMGH7BXMQUV,942
"com,twitter)/apralky/status/1819481751875686506",20240802211348,,https://web.archive.org/web/20240802211348/https://twitter.com/apralky/status/1819481751875686506,https://web.archive.org/web/20240802211348/https://twitter.com/apralky/status/1819481751875686506,https://twitter.com/apralky/status/1819481751875686506,https://twitter.com/apralky/status/1819481751875686506,,,,application/json,-,YWRASORAVYX3HF2XZIAVZOHXIFCOZ3RB,1212
"com,twitter)/apralky/status/1819069345311478252",20240801175503,,https://web.archive.org/web/20240801175503/https://twitter.com/apralky/status/1819069345311478252,https://web.archive.org/web/20240801175503/https://twitter.com/apralky/status/1819069345311478252,https://twitter.com/apralky/status/1819069345311478252,https://twitter.com/apralky/status/1819069345311478252,,,,application/json,-,63H3XP4LDKOOZPJXEVZT32S5EIRPPUAQ,901
"com,twitter)/apralky/status/1819363966348370105",20240802132546,,https://web.archive.org/web/20240802132546/https://twitter.com/apralky/status/1819363966348370105,https://web.archive.org/web/20240802132546/https://twitter.com/apralky/status/1819363966348370105,https://twitter.com/apralky/status/1819363966348370105,https://twitter.com/apralky/status/1819363966348370105,,,,application/json,-,JCYMDQ6I525BTG3LX42CGXH2S22X6VUP,947
"com,twitter)/apralky/status/1819496280584081727",20240802221132,,https://web.archive.org/web/20240802221132/https://twitter.com/apralky/status/1819496280584081727,https://web.archive.org/web/20240802221132/https://twitter.com/apralky/status/1819496280584081727,https://twitter.com/apralky/status/1819496280584081727,https://twitter.com/apralky/status/1819496280584081727,,,,application/json,-,7YBGTPEFGFENVRZBQFK3PM526GSHGX7I,1415
"com,twitter)/apralky/status/1819427326716735929",20240802173732,,https://web.archive.org/web/20240802173732/https://twitter.com/apralky/status/1819427326716735929,https://web.archive.org/web/20240802173732/https://twitter.com/apralky/status/1819427326716735929,https://twitter.com/apralky/status/1819427326716735929,https://twitter.com/apralky/status/1819427326716735929,,,,application/json,-,VFEG56YTTIU3RGX23QMPGINRFVMSVB5X,1389
"com,twitter)/apralky/status/1819427440554340523",20240802173759,,https://web.archive.org/web/20240802173759/https://twitter.com/apralky/status/1819427440554340523,https://web.archive.org/web/20240802173759/https://twitter.com/apralky/status/1819427440554340523,https://twitter.com/apralky/status/1819427440554340523,https://twitter.com/apralky/status/1819427440554340523,,,,application/json,-,EAOTIY6QGH55GREWPB3DILPQNNXC3DOA,900
"com,twitter)/apralky/status/1819484249793482965",20240802212344,,https://web.archive.org/web/20240802212344/https://twitter.com/apralky/status/1819484249793482965,https://web.archive.org/web/20240802212344/https://twitter.com/apralky/status/1819484249793482965,https://twitter.com/apralky/status/1819484249793482965,https://twitter.com/apralky/status/1819484249793482965,,,,application/json,-,IJEZV5QNOBLP6V7NDLAJNMCSWPTTEM5J,908
"com,twitter)/apralky/status/1819836450092827125",20240803204315,,https://web.archive.org/web/20240803204315/https://twitter.com/apralky/status/1819836450092827125,https://web.archive.org/web/20240803204315/https://twitter.com/apralky/status/1819836450092827125,https://twitter.com/apralky/status/1819836450092827125,https://twitter.com/apralky/status/1819836450092827125,,,,application/json,-,U5UL2SKMXWZ5HTXFZGLZC3SAXMMPFUKA,1598
"com,twitter)/apralky/status/1820157553533141495",20240804175912,,https://web.archive.org/web/20240804175912/https://twitter.com/apralky/status/1820157553533141495,https://web.archive.org/web/20240804175912/https://twitter.com/apralky/status/1820157553533141495,https://twitter.com/apralky/status/1820157553533141495,https://twitter.com/apralky/status/1820157553533141495,,,,application/json,-,CN3JDTUOSF53GBOQSYOECHZHGCIJJ47U,980
"com,twitter)/apralky/status/1820158405895450783",20240804180235,,https://web.archive.org/web/20240804180235/https://twitter.com/apralky/status/1820158405895450783,https://web.archive.org/web/20240804180235/https://twitter.com/apralky/status/1820158405895450783,https://twitter.com/apralky/status/1820158405895450783,https://twitter.com/apralky/status/1820158405895450783,,,,application/json,-,XKTIA2SEV32MR5NUBQRPEOFR7ITC6QX7,1919
"com,twitter)/apralky/status/1819836871439991153",20240803204455,,https://web.archive.org/web/20240803204455/https://twitter.com/apralky/status/1819836871439991153,https://web.archive.org/web/20240803204455/https://twitter.com/apralky/status/1819836871439991153,https://twitter.com/apralky/status/1819836871439991153,https://twitter.com/apralky/status/1819836871439991153,,,,application/json,-,7L6SVGBAKMXDKRKPAFMI3AKZ53QFCL34,997
"com,twitter)/apralky/status/1820171948233519222",20240804185624,,https://web.archive.org/web/20240804185624/https://twitter.com/apralky/status/1820171948233519222,https://web.archive.org/web/20240804185624/https://twitter.com/apralky/status/1820171948233519222,https://twitter.com/apralky/status/1820171948233519222,https://twitter.com/apralky/status/1820171948233519222,,,,application/json,-,O5NYP3IS55HQPDCKLV6QROESNFLZDJZ2,1499
"com,twitter)/apralky/status/1819817368740061611",20240803192725,,https://web.archive.org/web/20240803192725/https://twitter.com/apralky/status/1819817368740061611,https://web.archive.org/web/20240803192725/https://twitter.com/apralky/status/1819817368740061611,https://twitter.com/apralky/status/1819817368740061611,https://twitter.com/apralky/status/1819817368740061611,,,,application/json,-,PHA2LUZ72MIY7TUOBXNGAK2UFRAYGDVH,1690
"com,twitter)/apralky/status/1819835808150700501",20240803204042,,https://web.archive.org/web/20240803204042/https://twitter.com/apralky/status/1819835808150700501,https://web.archive.org/web/20240803204042/https://twitter.com/apralky/status/1819835808150700501,https://twitter.com/apralky/status/1819835808150700501,https://twitter.com/apralky/status/1819835808150700501,,,,application/json,-,EIECKEH3QBEAOXEAFOTOK3HJHVTSN2O5,1698
"com,twitter)/apralky/status/1819802356252279218",20240803182746,,https://web.archive.org/web/20240803182746/https://twitter.com/apralky/status/1819802356252279218,https://web.archive.org/web/20240803182746/https://twitter.com/apralky/status/1819802356252279218,https://twitter.com/apralky/status/1819802356252279218,https://twitter.com/apralky/status/1819802356252279218,,,,application/json,-,DZKVLM2GXI65JFKQGFSQHEZWAOBBVXDD,896
"com,twitter)/apralky/status/1820181481408418245",20240804193417,,https://web.archive.org/web/20240804193417/https://twitter.com/apralky/status/1820181481408418245,https://web.archive.org/web/20240804193417/https://twitter.com/apralky/status/1820181481408418245,https://twitter.com/apralky/status/1820181481408418245,https://twitter.com/apralky/status/1820181481408418245,,,,application/json,-,5BU3EO5JU23FZFCCPWFVDI3AWYKLDKF2,1549
"com,twitter)/apralky/status/1820181532096548988",20240804193429,,https://web.archive.org/web/20240804193429/https://twitter.com/apralky/status/1820181532096548988,https://web.archive.org/web/20240804193429/https://twitter.com/apralky/status/1820181532096548988,https://twitter.com/apralky/status/1820181532096548988,https://twitter.com/apralky/status/1820181532096548988,,,,application/json,-,Q6NDHXRTQAZOU7QULTZHT6MAN2PWBEGN,2078
"com,twitter)/apralky/status/1820186381148406265",20240804195345,,https://web.archive.org/web/20240804195345/https://twitter.com/apralky/status/1820186381148406265,https://web.archive.org/web/20240804195345/https://twitter.com/apralky/status/1820186381148406265,https://twitter.com/apralky/status/1820186381148406265,https://twitter.com/apralky/status/1820186381148406265,,,,application/json,-,FWIF3UF4VWNSNMYID7NQ4AOBJZ5KXXDS,1272
"com,twitter)/apralky/status/1820174197148000682",20240804190520,,https://web.archive.org/web/20240804190520/https://twitter.com/apralky/status/1820174197148000682,https://web.archive.org/web/20240804190520/https://twitter.com/apralky/status/1820174197148000682,https://twitter.com/apralky/status/1820174197148000682,https://twitter.com/apralky/status/1820174197148000682,,,,application/json,-,26RPZRF5VBKIHQZYE5KLUCGDXDGDBCPT,1625
"com,twitter)/apralky/status/1820178132667871584",20240804192058,,https://web.archive.org/web/20240804192058/https://twitter.com/apralky/status/1820178132667871584,https://web.archive.org/web/20240804192058/https://twitter.com/apralky/status/1820178132667871584,https://twitter.com/apralky/status/1820178132667871584,https://twitter.com/apralky/status/1820178132667871584,,,,application/json,-,L5IF6VVTS6YHZSZUSMIIDBM2D3ISL3X5,1567
"com,twitter)/apralky/status/1820178553100501098",20240804192238,,https://web.archive.org/web/20240804192238/https://twitter.com/apralky/status/1820178553100501098,https://web.archive.org/web/20240804192238/https://twitter.com/apralky/status/1820178553100501098,https://twitter.com/apralky/status/1820178553100501098,https://twitter.com/apralky/status/1820178553100501098,,,,application/json,-,BIJFTJMSL3VLZ4UM4MP2T7YRCKEP74QB,1546
"com,twitter)/apralky/status/1820178993288560835",20240804192423,,https://web.archive.org/web/20240804192423/https://twitter.com/apralky/status/1820178993288560835,https://web.archive.org/web/20240804192423/https://twitter.com/apralky/status/1820178993288560835,https://twitter.com/apralky/status/1820178993288560835,https://twitter.com/apralky/status/1820178993288560835,,,,application/json,-,QZT3VOOIPUVVS2YBZNYAJDXGNB5E3DQ5,1499
"com,twitter)/apralky/status/1820687471832674524",20240806050454,,https://web.archive.org/web/20240806050454/https://twitter.com/apralky/status/1820687471832674524,https://web.archive.org/web/20240806050454/https://twitter.com/apralky/status/1820687471832674524,https://twitter.com/apralky/status/1820687471832674524,https://twitter.com/apralky/status/1820687471832674524,,,,application/json,-,KU5JDZPC7W3QXHTXDM4IKTLAB24T6Z3B,1514
"com,twitter)/apralky/status/1821044678470291457",20240807044419,,https://web.archive.org/web/20240807044419/https://twitter.com/apralky/status/1821044678470291457,https://web.archive.org/web/20240807044419/https://twitter.com/apralky/status/1821044678470291457,https://twitter.com/apralky/status/1821044678470291457,https://twitter.com/apralky/status/1821044678470291457,,,,application/json,-,2L6XRHWSB5FPSZRKCMVBGJN6QR4MZCYG,1627
"com,twitter)/apralky/status/1820688604659618010",20240806050924,,https://web.archive.org/web/20240806050924/https://twitter.com/apralky/status/1820688604659618010,https://web.archive.org/web/20240806050924/https://twitter.com/apralky/status/1820688604659618010,https://twitter.com/apralky/status/1820688604659618010,https://twitter.com/apralky/status/1820688604659618010,,,,application/json,-,63VCJYP43QSQZZO2HMO5XGCMW7XIQOSS,2181
"com,twitter)/apralky/status/1820184686913569134",20240804194701,,https://web.archive.org/web/20240804194701/https://twitter.com/apralky/status/1820184686913569134,https://web.archive.org/web/20240804194701/https://twitter.com/apralky/status/1820184686913569134,https://twitter.com/apralky/status/1820184686913569134,https://twitter.com/apralky/status/1820184686913569134,,,,application/json,-,Q4RD64MPG7KZ4OWOZ7XRM3FNIL647FYI,1634
"com,twitter)/apralky/status/1820471395933176161",20240805144618,,https://web.archive.org/web/20240805144618/https://twitter.com/apralky/status/1820471395933176161,https://web.archive.org/web/20240805144618/https://twitter.com/apralky/status/1820471395933176161,https://twitter.com/apralky/status/1820471395933176161,https://twitter.com/apralky/status/1820471395933176161,,,,application/json,-,IKKAUJ6S2YAIBFEEKJYABAUBKYQ4TU3I,1309
"com,twitter)/apralky/status/1820471476707008830",20240805144637,,https://web.archive.org/web/20240805144637/https://twitter.com/apralky/status/1820471476707008830,https://web.archive.org/web/20240805144637/https://twitter.com/apralky/status/1820471476707008830,https://twitter.com/apralky/status/1820471476707008830,https://twitter.com/apralky/status/1820471476707008830,,,,application/json,-,4ECT7TPWT7CGEIDZAUQDXXCACCINOGGO,1322
"com,twitter)/apralky/status/1822038787762831754",20240809223433,,https://web.archive.org/web/20240809223433/https://twitter.com/apralky/status/1822038787762831754,https://web.archive.org/web/20240809223433/https://twitter.com/apralky/status/1822038787762831754,https://twitter.com/apralky/status/1822038787762831754,https://twitter.com/apralky/status/1822038787762831754,,,,application/json,-,L6BK5JJCDCJN46MELIOBGOH47UO44LSU,878
"com,twitter)/apralky/status/1822058590485803502",20240809235314,,https://web.archive.org/web/20240809235314/https://twitter.com/apralky/status/1822058590485803502,https://web.archive.org/web/20240809235314/https://twitter.com/apralky/status/1822058590485803502,https://twitter.com/apralky/status/1822058590485803502,https://twitter.com/apralky/status/1822058590485803502,,,,application/json,-,NEBW2DURNFXI73NGVXTDAF25LINJXZT3,1311
"com,twitter)/apralky/status/1822059582979547206",20240809235711,,https://web.archive.org/web/20240809235711/https://twitter.com/apralky/status/1822059582979547206,https://web.archive.org/web/20240809235711/https://twitter.com/apralky/status/1822059582979547206,https://twitter.com/apralky/status/1822059582979547206,https://twitter.com/apralky/status/1822059582979547206,,,,application/json,-,HIB2574X2AHRWER7YHMZSR266IH44YMT,1396
"com,twitter)/apralky/status/1821766780282351670",20240809043341,,https://web.archive.org/web/20240809043341/https://twitter.com/apralky/status/1821766780282351670,https://web.archive.org/web/20240809043341/https://twitter.com/apralky/status/1821766780282351670,https://twitter.com/apralky/status/1821766780282351670,https://twitter.com/apralky/status/1821766780282351670,,,,application/json,-,OPBVH5CDDQ6NMGOHO542ZV52W2XUU7YP,1966
"com,twitter)/apralky/status/1822062691369824419",20240810000932,,https://web.archive.org/web/20240810000932/https://twitter.com/apralky/status/1822062691369824419,https://web.archive.org/web/20240810000932/https://twitter.com/apralky/status/1822062691369824419,https://twitter.com/apralky/status/1822062691369824419,https://twitter.com/apralky/status/1822062691369824419,,,,application/json,-,GL4F6VOYPMSNLVXDKVUKCSCJW7NKEI5Q,894
"com,twitter)/apralky/status/1821771011034927109",20240809045030,,https://web.archive.org/web/20240809045030/https://twitter.com/apralky/status/1821771011034927109,https://web.archive.org/web/20240809045030/https://twitter.com/apralky/status/1821771011034927109,https://twitter.com/apralky/status/1821771011034927109,https://twitter.com/apralky/status/1821771011034927109,,,,application/json,-,ZG5G3QHVSXSBU2Q4H4ZRRNIIGPEMMZ6X,1056
"com,twitter)/apralky/status/1821771339436360083",20240809045148,,https://web.archive.org/web/20240809045148/https://twitter.com/apralky/status/1821771339436360083,https://web.archive.org/web/20240809045148/https://twitter.com/apralky/status/1821771339436360083,https://twitter.com/apralky/status/1821771339436360083,https://twitter.com/apralky/status/1821771339436360083,,,,application/json,-,GMZC2VS5SUF3MOYHRC4XWEQTZUXOTGPF,1183
"com,twitter)/apralky/status/1822038755819110906",20240809223425,,https://web.archive.org/web/20240809223425/https://twitter.com/apralky/status/1822038755819110906,https://web.archive.org/web/20240809223425/https://twitter.com/apralky/status/1822038755819110906,https://twitter.com/apralky/status/1822038755819110906,https://twitter.com/apralky/status/1822038755819110906,,,,application/json,-,J3JRHX4K4WJC2NRIFJGRYTRVLYRFFTQ3,1480
"com,twitter)/apralky/status/1822038242754994599",20240809223223,,https://web.archive.org/web/20240809223223/https://twitter.com/apralky/status/1822038242754994599,https://web.archive.org/web/20240809223223/https://twitter.com/apralky/status/1822038242754994599,https://twitter.com/apralky/status/1822038242754994599,https://twitter.com/apralky/status/1822038242754994599,,,,application/json,-,FRT555PIJXXXIG3ZULAPYWQUSH5Q23JZ,1989
"com,twitter)/apralky/status/1822206745172680891",20240810094157,,https://web.archive.org/web/20240810094157/https://twitter.com/apralky/status/1822206745172680891,https://web.archive.org/web/20240810094157/https://twitter.com/apralky/status/1822206745172680891,https://twitter.com/apralky/status/1822206745172680891,https://twitter.com/apralky/status/1822206745172680891,,,,application/json,-,7WPWLQFBMJPB5IIFRSZKVMREOHTJIYCZ,2097
"com,twitter)/apralky/status/1822039019993067692",20240809223528,,https://web.archive.org/web/20240809223528/https://twitter.com/apralky/status/1822039019993067692,https://web.archive.org/web/20240809223528/https://twitter.com/apralky/status/1822039019993067692,https://twitter.com/apralky/status/1822039019993067692,https://twitter.com/apralky/status/1822039019993067692,,,,application/json,-,LUDTLQIJSHQHSHJYFKBHG4OTRW3MPUF2,923
"com,twitter)/apralky/status/1823066244385525915",20240812183718,,https://web.archive.org/web/20240812183718/https://twitter.com/apralky/status/1823066244385525915,https://web.archive.org/web/20240812183718/https://twitter.com/apralky/status/1823066244385525915,https://twitter.com/apralky/status/1823066244385525915,https://twitter.com/apralky/status/1823066244385525915,,,,application/json,-,O3TS5ZRQVVIV3UH54CW4ACVJLIXRYIAP,936
"com,twitter)/apralky/status/1823584081801572629",20240814045500,,https://web.archive.org/web/20240814045500/https://twitter.com/apralky/status/1823584081801572629,https://web.archive.org/web/20240814045500/https://twitter.com/apralky/status/1823584081801572629,https://twitter.com/apralky/status/1823584081801572629,https://twitter.com/apralky/status/1823584081801572629,,,,application/json,-,W7BCSHNISUEXNMN4TNVNR7YZTTY5MJEV,1410
"com,twitter)/apralky/status/1824537426100146177",20240816200315,,https://web.archive.org/web/20240816200315/https://twitter.com/apralky/status/1824537426100146177,https://web.archive.org/web/20240816200315/https://twitter.com/apralky/status/1824537426100146177,https://twitter.com/apralky/status/1824537426100146177,https://twitter.com/apralky/status/1824537426100146177,,,,application/json,-,P7IGJCGTNTDJ4WTPSLYFYUEWN4V5ESSB,1625
"com,twitter)/apralky/status/1825156466203832803",20240818130305,,https://web.archive.org/web/20240818130305/https://twitter.com/apralky/status/1825156466203832803,https://web.archive.org/web/20240818130305/https://twitter.com/apralky/status/1825156466203832803,https://twitter.com/apralky/status/1825156466203832803,https://twitter.com/apralky/status/1825156466203832803,,,,application/json,-,QYUBDCBGK4UQJSXFQHAGE4IYLJ3WIPB7,1452
"com,twitter)/apralky/status/1822720437782278426",20240811194311,,https://web.archive.org/web/20240811194311/https://twitter.com/apralky/status/1822720437782278426,https://web.archive.org/web/20240811194311/https://twitter.com/apralky/status/1822720437782278426,https://twitter.com/apralky/status/1822720437782278426,https://twitter.com/apralky/status/1822720437782278426,,,,application/json,-,DUKT636GG4SRFZMXCFJWLE7FECP4YOVR,1050
"com,twitter)/apralky/status/1822853988154245204",20240812043352,,https://web.archive.org/web/20240812043352/https://twitter.com/apralky/status/1822853988154245204,https://web.archive.org/web/20240812043352/https://twitter.com/apralky/status/1822853988154245204,https://twitter.com/apralky/status/1822853988154245204,https://twitter.com/apralky/status/1822853988154245204,,,,application/json,-,LN3EBKAIQ3K45UC7YKIIS4KJQI4PCBEF,1579
"com,twitter)/apralky/status/1825166309681725782",20240818134212,,https://web.archive.org/web/20240818134212/https://twitter.com/apralky/status/1825166309681725782,https://web.archive.org/web/20240818134212/https://twitter.com/apralky/status/1825166309681725782,https://twitter.com/apralky/status/1825166309681725782,https://twitter.com/apralky/status/1825166309681725782,,,,application/json,-,BF6BMP4WD66ZJW4W4U6BB4FEGQNVSBJ2,870
"com,twitter)/apralky/status/1825958977156649256",20240820181159,,https://web.archive.org/web/20240820181159/https://twitter.com/apralky/status/1825958977156649256,https://web.archive.org/web/20240820181159/https://twitter.com/apralky/status/1825958977156649256,https://twitter.com/apralky/status/1825958977156649256,https://twitter.com/apralky/status/1825958977156649256,,,,application/json,-,IQHMJQG52DIU3HOOPIJXT2X7EDZS5HUB,1216
"com,twitter)/apralky/status/1824519998087332034",20240816185400,,https://web.archive.org/web/20240816185400/https://twitter.com/apralky/status/1824519998087332034,https://web.archive.org/web/20240816185400/https://twitter.com/apralky/status/1824519998087332034,https://twitter.com/apralky/status/1824519998087332034,https://twitter.com/apralky/status/1824519998087332034,,,,application/json,-,2DVROWTXDCGYKYE7WDTBBS36ZRLI6D7W,1649
"com,twitter)/apralky/status/1824537464457007353",20240816200324,,https://web.archive.org/web/20240816200324/https://twitter.com/apralky/status/1824537464457007353,https://web.archive.org/web/20240816200324/https://twitter.com/apralky/status/1824537464457007353,https://twitter.com/apralky/status/1824537464457007353,https://twitter.com/apralky/status/1824537464457007353,,,,application/json,-,WP75YZERO5HJ4XCRKE274MWC33EAQDR7,1600
"com,twitter)/apralky/status/1826114618252837038",20240821043027,,https://web.archive.org/web/20240821043027/https://twitter.com/apralky/status/1826114618252837038,https://web.archive.org/web/20240821043027/https://twitter.com/apralky/status/1826114618252837038,https://twitter.com/apralky/status/1826114618252837038,https://twitter.com/apralky/status/1826114618252837038,,,,application/json,-,QHGAX7TJNOAVZL6R4TWES4NTYZ44VCOJ,1431
"com,twitter)/apralky/status/1825861525938016673",20240820114445,,https://web.archive.org/web/20240820114445/https://twitter.com/apralky/status/1825861525938016673,https://web.archive.org/web/20240820114445/https://twitter.com/apralky/status/1825861525938016673,https://twitter.com/apralky/status/1825861525938016673,https://twitter.com/apralky/status/1825861525938016673,,,,application/json,-,HO255UAICJO7ZXI5JIUE4T7PJC5HYPP4,1939
"com,twitter)/apralky/status/1827099068763369699",20240823214218,,https://web.archive.org/web/20240823214218/https://twitter.com/apralky/status/1827099068763369699,https://web.archive.org/web/20240823214218/https://twitter.com/apralky/status/1827099068763369699,https://twitter.com/apralky/status/1827099068763369699,https://twitter.com/apralky/status/1827099068763369699,,,,application/json,-,6CMBNLXBQG46RNM2WI3H3C2XH4QWFNNN,1540
"com,twitter)/apralky/status/1827139925726114236",20240824002439,,https://web.archive.org/web/20240824002439/https://twitter.com/apralky/status/1827139925726114236,https://web.archive.org/web/20240824002439/https://twitter.com/apralky/status/1827139925726114236,https://twitter.com/apralky/status/1827139925726114236,https://twitter.com/apralky/status/1827139925726114236,,,,application/json,-,LDAGVTCW3WXX2AW6X6HCVMM3RFUPBWPH,1442
"com,twitter)/apralky/status/1825942025499492557",20240820170437,,https://web.archive.org/web/20240820170437/https://twitter.com/apralky/status/1825942025499492557,https://web.archive.org/web/20240820170437/https://twitter.com/apralky/status/1825942025499492557,https://twitter.com/apralky/status/1825942025499492557,https://twitter.com/apralky/status/1825942025499492557,,,,application/json,-,S6AS6QGVTMIE7HCF6HRD3RETSH7U42H4,1421
"com,twitter)/apralky/status/1825409759341650031",20240819054935,,https://web.archive.org/web/20240819054935/https://twitter.com/apralky/status/1825409759341650031,https://web.archive.org/web/20240819054935/https://twitter.com/apralky/status/1825409759341650031,https://twitter.com/apralky/status/1825409759341650031,https://twitter.com/apralky/status/1825409759341650031,,,,application/json,-,ANH4UD43Q6K35FY4FBH2NTIXTGWXV5LC,898
"com,twitter)/apralky/status/1827719693362450821",20240825144826,,https://web.archive.org/web/20240825144826/https://twitter.com/apralky/status/1827719693362450821,https://web.archive.org/web/20240825144826/https://twitter.com/apralky/status/1827719693362450821,https://twitter.com/apralky/status/1827719693362450821,https://twitter.com/apralky/status/1827719693362450821,,,,application/json,-,Q6RNC7ESN64R5IBSUQPPAS72HCZLFBAC,1422
"com,twitter)/apralky/status/1829783992394019190",20240831073114,,https://web.archive.org/web/20240831073114/https://twitter.com/apralky/status/1829783992394019190,https://web.archive.org/web/20240831073114/https://twitter.com/apralky/status/1829783992394019190,https://twitter.com/apralky/status/1829783992394019190,https://twitter.com/apralky/status/1829783992394019190,,,,application/json,-,ZOIMZOIQPEV6M22F677AT5K5AI3Y5MEK,2006
"com,twitter)/apralky/status/1826704088563941769",20240822193247,,https://web.archive.org/web/20240822193247/https://twitter.com/apralky/status/1826704088563941769,https://web.archive.org/web/20240822193247/https://twitter.com/apralky/status/1826704088563941769,https://twitter.com/apralky/status/1826704088563941769,https://twitter.com/apralky/status/1826704088563941769,,,,application/json,-,CN6KEGUBTTMQYSSBT6R56WHCBCBJZMIO,1454
"com,twitter)/apralky/status/1832188066091463119",20240906224410,,https://web.archive.org/web/20240906224410/https://twitter.com/apralky/status/1832188066091463119,https://web.archive.org/web/20240906224410/https://twitter.com/apralky/status/1832188066091463119,https://twitter.com/apralky/status/1832188066091463119,https://twitter.com/apralky/status/1832188066091463119,,,,application/json,-,7GNOJWPTXRDUDFNYEJ66DKNT5SPKTVEL,1376
"com,twitter)/apralky/status/1832189046933573633",20240906224803,,https://web.archive.org/web/20240906224803/https://twitter.com/apralky/status/1832189046933573633,https://web.archive.org/web/20240906224803/https://twitter.com/apralky/status/1832189046933573633,https://twitter.com/apralky/status/1832189046933573633,https://twitter.com/apralky/status/1832189046933573633,,,,application/json,-,6THNY23S4VLBJPAJVRZBX5MZ45ZRRVG4,1368
"com,twitter)/apralky/status/1827727783184802244",20240825152035,,https://web.archive.org/web/20240825152035/https://twitter.com/apralky/status/1827727783184802244,https://web.archive.org/web/20240825152035/https://twitter.com/apralky/status/1827727783184802244,https://twitter.com/apralky/status/1827727783184802244,https://twitter.com/apralky/status/1827727783184802244,,,,application/json,-,ZUPB5ZBEJPS2JDTMDIIFN2FTIIBK3TZ4,1559
"com,twitter)/apralky/status/1829782195403096074",20240831072405,,https://web.archive.org/web/20240831072405/https://twitter.com/apralky/status/1829782195403096074,https://web.archive.org/web/20240831072405/https://twitter.com/apralky/status/1829782195403096074,https://twitter.com/apralky/status/1829782195403096074,https://twitter.com/apralky/status/1829782195403096074,,,,application/json,-,IZ4RVTYJNKEF2N7UVVXYLZWQJD5PXFLR,2125
"com,twitter)/apralky/status/1829784856802255117",20240831073440,,https://web.archive.org/web/20240831073440/https://twitter.com/apralky/status/1829784856802255117,https://web.archive.org/web/20240831073440/https://twitter.com/apralky/status/1829784856802255117,https://twitter.com/apralky/status/1829784856802255117,https://twitter.com/apralky/status/1829784856802255117,,,,application/json,-,AAR7J54DAZNKLICE36E25PNGZ4GKDVTK,1870
"com,twitter)/apralky/status/1834905213188157851",20240914104108,,https://web.archive.org/web/20240914104108/https://twitter.com/apralky/status/1834905213188157851,https://web.archive.org/web/20240914104108/https://twitter.com/apralky/status/1834905213188157851,https://twitter.com/apralky/status/1834905213188157851,https://twitter.com/apralky/status/1834905213188157851,,,,application/json,-,VQZKVVXSYHNJWA435FTE5R6KQI7IUTQC,1784
"com,twitter)/apralky/status/1837918261234614371",20240922181355,,https://web.archive.org/web/20240922181355/https://twitter.com/apralky/status/1837918261234614371,https://web.archive.org/web/20240922181355/https://twitter.com/apralky/status/1837918261234614371,https://twitter.com/apralky/status/1837918261234614371,https://twitter.com/apralky/status/1837918261234614371,,,,application/json,-,FWIZQJ2GCFIFD7CT6AJRAIFWSQFYATKZ,1380
"com,twitter)/apralky/status/1840341404800692561",20240929104237,,https://web.archive.org/web/20240929104237/https://twitter.com/apralky/status/1840341404800692561,https://web.archive.org/web/20240929104237/https://twitter.com/apralky/status/1840341404800692561,https://twitter.com/apralky/status/1840341404800692561,https://twitter.com/apralky/status/1840341404800692561,,,,application/json,-,E3PFW2ETVREN24CNO3A56R5IFHXZVTMH,1960
"com,twitter)/apralky/status/1833212505524736148",20240909183455,,https://web.archive.org/web/20240909183455/https://twitter.com/apralky/status/1833212505524736148,https://web.archive.org/web/20240909183455/https://twitter.com/apralky/status/1833212505524736148,https://twitter.com/apralky/status/1833212505524736148,https://twitter.com/apralky/status/1833212505524736148,,,,application/json,-,PMVMG5EBLQFJASASUJ3V5N5DE3WC6SYC,1241
"com,twitter)/apralky/status/1834903789368701239",20240914103528,,https://web.archive.org/web/20240914103528/https://twitter.com/apralky/status/1834903789368701239,https://web.archive.org/web/20240914103528/https://twitter.com/apralky/status/1834903789368701239,https://twitter.com/apralky/status/1834903789368701239,https://twitter.com/apralky/status/1834903789368701239,,,,application/json,-,3SZNCNLHH3IWJM5KUJPTQEPQI36VN4BQ,1449
"com,twitter)/apralky/status/1843580724852457904",20241008091431,,https://web.archive.org/web/20241008091431/https://twitter.com/apralky/status/1843580724852457904,https://web.archive.org/web/20241008091431/https://twitter.com/apralky/status/1843580724852457904,https://twitter.com/apralky/status/1843580724852457904,https://twitter.com/apralky/status/1843580724852457904,,,,application/json,-,PL4DLSUACFUATBZ2GLGULGPVQHXWKM6H,1527
"com,twitter)/apralky/status/1837918859031916933",20240922181617,,https://web.archive.org/web/20240922181617/https://twitter.com/apralky/status/1837918859031916933,https://web.archive.org/web/20240922181617/https://twitter.com/apralky/status/1837918859031916933,https://twitter.com/apralky/status/1837918859031916933,https://twitter.com/apralky/status/1837918859031916933,,,,application/json,-,WVBV6UCMMDTXQLV33V6P3TTA4BXZAIVA,1433
"com,twitter)/apralky/status/1843643452493574322",20241008132346,,https://web.archive.org/web/20241008132346/https://twitter.com/apralky/status/1843643452493574322,https://web.archive.org/web/20241008132346/https://twitter.com/apralky/status/1843643452493574322,https://twitter.com/apralky/status/1843643452493574322,https://twitter.com/apralky/status/1843643452493574322,,,,application/json,-,U6I7A73QEXRQGJIB5IKXPQ4FZEEGRBMZ,1527
"com,twitter)/apralky/status/1843754055073771608",20241008204316,,https://web.archive.org/web/20241008204316/https://twitter.com/apralky/status/1843754055073771608,https://web.archive.org/web/20241008204316/https://twitter.com/apralky/status/1843754055073771608,https://twitter.com/apralky/status/1843754055073771608,https://twitter.com/apralky/status/1843754055073771608,,,,application/json,-,6BEYJ66WCAWDKLH6R37CRT6KCYVANATI,1358
"com,twitter)/apralky/status/1840167617413140850",20240928231203,,https://web.archive.org/web/20240928231203/https://twitter.com/apralky/status/1840167617413140850,https://web.archive.org/web/20240928231203/https://twitter.com/apralky/status/1840167617413140850,https://twitter.com/apralky/status/1840167617413140850,https://twitter.com/apralky/status/1840167617413140850,,,,application/json,-,63H4XN3FA43TRPVUYHQ2SNPZT7YJMUVB,2177
"com,twitter)/apralky/status/1844063015840473238",20241009171058,,https://web.archive.org/web/20241009171058/https://twitter.com/apralky/status/1844063015840473238,https://web.archive.org/web/20241009171058/https://twitter.com/apralky/status/1844063015840473238,https://twitter.com/apralky/status/1844063015840473238,https://twitter.com/apralky/status/1844063015840473238,,,,application/json,-,BI7Q7S5T2TT56DIKHIUYA4U7ZLU3EKZA,924
"com,twitter)/apralky/status/1843581032492347892",20241008091544,,https://web.archive.org/web/20241008091544/https://twitter.com/apralky/status/1843581032492347892,https://web.archive.org/web/20241008091544/https://twitter.com/apralky/status/1843581032492347892,https://twitter.com/apralky/status/1843581032492347892,https://twitter.com/apralky/status/1843581032492347892,,,,application/json,-,L4AF2TVBZ7KG65S4UK452NYVTCGHB2A3,1411
"com,twitter)/apralky/status/1833576867992871384",20240910184246,,https://web.archive.org/web/20240910184246/https://twitter.com/apralky/status/1833576867992871384,https://web.archive.org/web/20240910184246/https://twitter.com/apralky/status/1833576867992871384,https://twitter.com/apralky/status/1833576867992871384,https://twitter.com/apralky/status/1833576867992871384,,,,application/json,-,FF27L2IY2VOCXDKY2XMLKLAFDKC3LIJF,1266
"com,twitter)/apralky/status/1846047827773870321",20241015043754,,https://web.archive.org/web/20241015043754/https://twitter.com/apralky/status/1846047827773870321,https://web.archive.org/web/20241015043754/https://twitter.com/apralky/status/1846047827773870321,https://twitter.com/apralky/status/1846047827773870321,https://twitter.com/apralky/status/1846047827773870321,,,,application/json,-,RUQGN7FWV6EUILETM4FJATFBPSF3J25J,1233
"com,twitter)/apralky/status/1847606065745060138",20241019114947,,https://web.archive.org/web/20241019114947/https://twitter.com/apralky/status/1847606065745060138,https://web.archive.org/web/20241019114947/https://twitter.com/apralky/status/1847606065745060138,https://twitter.com/apralky/status/1847606065745060138,https://twitter.com/apralky/status/1847606065745060138,,,,application/json,-,6OFMWD3SJ7YXJ5ZGVYDPCDFF76ELKSY2,2355
"com,twitter)/apralky/status/1847606296490504502",20241019115042,,https://web.archive.org/web/20241019115042/https://twitter.com/apralky/status/1847606296490504502,https://web.archive.org/web/20241019115042/https://twitter.com/apralky/status/1847606296490504502,https://twitter.com/apralky/status/1847606296490504502,https://twitter.com/apralky/status/1847606296490504502,,,,application/json,-,UC43JU7YSMVP4I52JSBBPP6WM5RAA3WG,1270
"com,twitter)/apralky/status/1844063015840473238",20241009171058,,https://web.archive.org/web/20241009171058/https://twitter.com/apralky/status/1844063015840473238,https://web.archive.org/web/20241009171058/https://twitter.com/apralky/status/1844063015840473238,https://twitter.com/apralky/status/1844063015840473238,https://twitter.com/apralky/status/1844063015840473238,,,,application/json,-,G7OVUHQF774I554AOQN5YAWQIBM4OSQO,1483
"com,twitter)/apralky/status/1844063015840473238",20241009171058,,https://web.archive.org/web/20241009171058/https://twitter.com/apralky/status/1844063015840473238,https://web.archive.org/web/20241009171058/https://twitter.com/apralky/status/1844063015840473238,https://twitter.com/apralky/status/1844063015840473238,https://twitter.com/apralky/status/1844063015840473238,,,,application/json,-,Q6P35FWBVTD7DEUBKRWDGUDZKOOM5CXX,914
"com,twitter)/apralky/status/1846047827773870321",20241015043754,,https://web.archive.org/web/20241015043754/https://twitter.com/apralky/status/1846047827773870321,https://web.archive.org/web/20241015043754/https://twitter.com/apralky/status/1846047827773870321,https://twitter.com/apralky/status/1846047827773870321,https://twitter.com/apralky/status/1846047827773870321,,,,application/json,-,JDIOIVWXGWVNBK3COOWNGX4DO5RLNTPC,1227
"com,twitter)/apralky/status/1847627065261949412",20241019131314,,https://web.archive.org/web/20241019131314/https://twitter.com/apralky/status/1847627065261949412,https://web.archive.org/web/20241019131314/https://twitter.com/apralky/status/1847627065261949412,https://twitter.com/apralky/status/1847627065261949412,https://twitter.com/apralky/status/1847627065261949412,,,,application/json,-,ZZ7BZ2IJA7SJ2MUEJG7SEFKULP6CRQX5,1490
"com,twitter)/apralky/status/1847606296490504502",20241019115042,,https://web.archive.org/web/20241019115042/https://twitter.com/apralky/status/1847606296490504502,https://web.archive.org/web/20241019115042/https://twitter.com/apralky/status/1847606296490504502,https://twitter.com/apralky/status/1847606296490504502,https://twitter.com/apralky/status/1847606296490504502,,,,application/json,-,HMS3FYMQGI3UKWGOARBM6SPV7XDEFYF4,2479
"com,twitter)/apralky/status/1847627314500194340",20241019131413,,https://web.archive.org/web/20241019131413/https://twitter.com/apralky/status/1847627314500194340,https://web.archive.org/web/20241019131413/https://twitter.com/apralky/status/1847627314500194340,https://twitter.com/apralky/status/1847627314500194340,https://twitter.com/apralky/status/1847627314500194340,,,,application/json,-,RII2QXJLKLJXKJV2OJSB3QJVCZTNDAWD,1291
"com,twitter)/apralky/status/1847606296490504502",20241019115042,,https://web.archive.org/web/20241019115042/https://twitter.com/apralky/status/1847606296490504502,https://web.archive.org/web/20241019115042/https://twitter.com/apralky/status/1847606296490504502,https://twitter.com/apralky/status/1847606296490504502,https://twitter.com/apralky/status/1847606296490504502,,,,application/json,-,YAD3ZPWPT4KZRF2P3J42QBIGWHZLNVBP,1275
"com,twitter)/apralky/status/1850110008999948367",20241026093934,,https://web.archive.org/web/20241026093934/https://twitter.com/apralky/status/1850110008999948367,https://web.archive.org/web/20241026093934/https://twitter.com/apralky/status/1850110008999948367,https://twitter.com/apralky/status/1850110008999948367,https://twitter.com/apralky/status/1850110008999948367,,,,application/json,-,JZ4WNQ3SKP4DNZ54DCVHFK3RWVADWFPU,1354
"com,twitter)/apralky/status/1847629854264742123",20241019132419,,https://web.archive.org/web/20241019132419/https://twitter.com/apralky/status/1847629854264742123,https://web.archive.org/web/20241019132419/https://twitter.com/apralky/status/1847629854264742123,https://twitter.com/apralky/status/1847629854264742123,https://twitter.com/apralky/status/1847629854264742123,,,,application/json,-,RUDC3XM5C6YFMULHZ3PANNEAPRWCBCOX,1549
"com,twitter)/apralky/status/1850110008999948367",20241026093934,,https://web.archive.org/web/20241026093934/https://twitter.com/apralky/status/1850110008999948367,https://web.archive.org/web/20241026093934/https://twitter.com/apralky/status/1850110008999948367,https://twitter.com/apralky/status/1850110008999948367,https://twitter.com/apralky/status/1850110008999948367,,,,application/json,-,OM7YJH4PASQRQAR42Z5AHODTIDAR5RKH,1344
"com,twitter)/apralky/status/1847627065261949412",20241019131314,,https://web.archive.org/web/20241019131314/https://twitter.com/apralky/status/1847627065261949412,https://web.archive.org/web/20241019131314/https://twitter.com/apralky/status/1847627065261949412,https://twitter.com/apralky/status/1847627065261949412,https://twitter.com/apralky/status/1847627065261949412,,,,application/json,-,H2LJDVKHINVY453KPIYCW3VQFZBBWWC2,1479
"com,twitter)/apralky/status/1847627314500194340",20241019131413,,https://web.archive.org/web/20241019131413/https://twitter.com/apralky/status/1847627314500194340,https://web.archive.org/web/20241019131413/https://twitter.com/apralky/status/1847627314500194340,https://twitter.com/apralky/status/1847627314500194340,https://twitter.com/apralky/status/1847627314500194340,,,,application/json,-,DZBYSS3BS6GIQNSSHFH5SFLN7PICB6NW,1299
"com,twitter)/apralky/status/1850110008999948367",20241026093934,,https://web.archive.org/web/20241026093934/https://twitter.com/apralky/status/1850110008999948367,https://web.archive.org/web/20241026093934/https://twitter.com/apralky/status/1850110008999948367,https://twitter.com/apralky/status/1850110008999948367,https://twitter.com/apralky/status/1850110008999948367,,,,application/json,-,YF6DNDZB52LL473XQSVTO5O6F76N3A3E,1340
"com,twitter)/apralky/status/1850163291751952855",20241026131117,,https://web.archive.org/web/20241026131117/https://twitter.com/apralky/status/1850163291751952855,https://web.archive.org/web/20241026131117/https://twitter.com/apralky/status/1850163291751952855,https://twitter.com/apralky/status/1850163291751952855,https://twitter.com/apralky/status/1850163291751952855,,,,application/json,-,EYQIG36GN5KFCMV2ZMYZ343JFWOXQES6,1579
"com,twitter)/apralky/status/1847667281674772484",20241019155302,,https://web.archive.org/web/20241019155302/https://twitter.com/apralky/status/1847667281674772484,https://web.archive.org/web/20241019155302/https://twitter.com/apralky/status/1847667281674772484,https://twitter.com/apralky/status/1847667281674772484,https://twitter.com/apralky/status/1847667281674772484,,,,application/json,-,LI3VIXLK6SQJDY44OKWTUIOSJZHRGN3X,1478
"com,twitter)/apralky/status/1847629854264742123",20241019132419,,https://web.archive.org/web/20241019132419/https://twitter.com/apralky/status/1847629854264742123,https://web.archive.org/web/20241019132419/https://twitter.com/apralky/status/1847629854264742123,https://twitter.com/apralky/status/1847629854264742123,https://twitter.com/apralky/status/1847629854264742123,,,,application/json,-,ERSACDS5QVVQHGMMW7EDW4GY5YFVBMIU,1544
"com,twitter)/apralky/status/1850167616897204349",20241026132828,,https://web.archive.org/web/20241026132828/https://twitter.com/apralky/status/1850167616897204349,https://web.archive.org/web/20241026132828/https://twitter.com/apralky/status/1850167616897204349,https://twitter.com/apralky/status/1850167616897204349,https://twitter.com/apralky/status/1850167616897204349,,,,application/json,-,MZWRDBOAVTPVH7WCRIKY2TNJQ4KFY4QV,1106
"com,twitter)/apralky/status/1850167616897204349",20241026132828,,https://web.archive.org/web/20241026132828/https://twitter.com/apralky/status/1850167616897204349,https://web.archive.org/web/20241026132828/https://twitter.com/apralky/status/1850167616897204349,https://twitter.com/apralky/status/1850167616897204349,https://twitter.com/apralky/status/1850167616897204349,,,,application/json,-,COHQHN7R3UZWQLFECJLHXOPLJ7SBQ35P,1113
"com,twitter)/apralky/status/1850110008999948367",20241026093934,,https://web.archive.org/web/20241026093934/https://twitter.com/apralky/status/1850110008999948367,https://web.archive.org/web/20241026093934/https://twitter.com/apralky/status/1850110008999948367,https://twitter.com/apralky/status/1850110008999948367,https://twitter.com/apralky/status/1850110008999948367,,,,application/json,-,V4HFSPVLHYNYG2EZ2A7SN35RLWWGW4BU,1352
"com,twitter)/apralky/status/1850217769880441138",20241026164746,,https://web.archive.org/web/20241026164746/https://twitter.com/apralky/status/1850217769880441138,https://web.archive.org/web/20241026164746/https://twitter.com/apralky/status/1850217769880441138,https://twitter.com/apralky/status/1850217769880441138,https://twitter.com/apralky/status/1850217769880441138,,,,application/json,-,N3ERXDCPHEOCLIRMK34QVLJQOYUKV5YB,1593
"com,twitter)/apralky/status/1850217769880441138",20241026164746,,https://web.archive.org/web/20241026164746/https://twitter.com/apralky/status/1850217769880441138,https://web.archive.org/web/20241026164746/https://twitter.com/apralky/status/1850217769880441138,https://twitter.com/apralky/status/1850217769880441138,https://twitter.com/apralky/status/1850217769880441138,,,,application/json,-,KLNSYJKEFEBZRNI2CWC7RE4IQLANHJ44,1376
"com,twitter)/apralky/status/1850163291751952855",20241026131117,,https://web.archive.org/web/20241026131117/https://twitter.com/apralky/status/1850163291751952855,https://web.archive.org/web/20241026131117/https://twitter.com/apralky/status/1850163291751952855,https://twitter.com/apralky/status/1850163291751952855,https://twitter.com/apralky/status/1850163291751952855,,,,application/json,-,WXHQBLTMNXLRFVRP6E6CVEROHKNJ2HDW,1377
"com,twitter)/apralky/status/1850163291751952855",20241026131117,,https://web.archive.org/web/20241026131117/https://twitter.com/apralky/status/1850163291751952855,https://web.archive.org/web/20241026131117/https://twitter.com/apralky/status/1850163291751952855,https://twitter.com/apralky/status/1850163291751952855,https://twitter.com/apralky/status/1850163291751952855,,,,application/json,-,6Y7ZQ6EB2A3JBUEIOQNRN7EI6CREU2Y5,1399
"com,twitter)/apralky/status/1850466966630183267",20241027091759,,https://web.archive.org/web/20241027091759/https://twitter.com/apralky/status/1850466966630183267,https://web.archive.org/web/20241027091759/https://twitter.com/apralky/status/1850466966630183267,https://twitter.com/apralky/status/1850466966630183267,https://twitter.com/apralky/status/1850466966630183267,,,,application/json,-,VNPOGZWZJ6S4WXGBCUTS7EJNNFGXE6QH,1246
"com,twitter)/apralky/status/1850466966630183267",20241027091759,,https://web.archive.org/web/20241027091759/https://twitter.com/apralky/status/1850466966630183267,https://web.archive.org/web/20241027091759/https://twitter.com/apralky/status/1850466966630183267,https://twitter.com/apralky/status/1850466966630183267,https://twitter.com/apralky/status/1850466966630183267,,,,application/json,-,Z5IJ2PZABIJHTFOAYKKOW7FNUUOQUGKW,1257
"com,twitter)/apralky/status/1850493649630408965",20241027110401,,https://web.archive.org/web/20241027110401/https://twitter.com/apralky/status/1850493649630408965,https://web.archive.org/web/20241027110401/https://twitter.com/apralky/status/1850493649630408965,https://twitter.com/apralky/status/1850493649630408965,https://twitter.com/apralky/status/1850493649630408965,,,,application/json,-,NESQVCO2JIPEHPS7W32K23B53RAHYGSX,1536
"com,twitter)/apralky/status/1850493649630408965",20241027110401,,https://web.archive.org/web/20241027110401/https://twitter.com/apralky/status/1850493649630408965,https://web.archive.org/web/20241027110401/https://twitter.com/apralky/status/1850493649630408965,https://twitter.com/apralky/status/1850493649630408965,https://twitter.com/apralky/status/1850493649630408965,,,,application/json,-,ONZG2IE3K65TGAE4IA5PHW3HLHYTV2VM,1365
"com,twitter)/apralky/status/1850217769880441138",20241026164746,,https://web.archive.org/web/20241026164746/https://twitter.com/apralky/status/1850217769880441138,https://web.archive.org/web/20241026164746/https://twitter.com/apralky/status/1850217769880441138,https://twitter.com/apralky/status/1850217769880441138,https://twitter.com/apralky/status/1850217769880441138,,,,application/json,-,TT2KLSTEQY4LT7SOSUCHR3KIHC5WB7SB,1383
"com,twitter)/apralky/status/1850499214318370963",20241027112607,,https://web.archive.org/web/20241027112607/https://twitter.com/apralky/status/1850499214318370963,https://web.archive.org/web/20241027112607/https://twitter.com/apralky/status/1850499214318370963,https://twitter.com/apralky/status/1850499214318370963,https://twitter.com/apralky/status/1850499214318370963,,,,application/json,-,AF4P6ZNPWUEQEL24RF2XOTGNX27MJDBJ,1426
"com,twitter)/apralky/status/1850229395748700421",20241026173358,,https://web.archive.org/web/20241026173358/https://twitter.com/apralky/status/1850229395748700421,https://web.archive.org/web/20241026173358/https://twitter.com/apralky/status/1850229395748700421,https://twitter.com/apralky/status/1850229395748700421,https://twitter.com/apralky/status/1850229395748700421,,,,application/json,-,WHOOKENAH2XW4RITKY26HBHAM3FTXGCI,1250
"com,twitter)/apralky/status/1850499214318370963",20241027112607,,https://web.archive.org/web/20241027112607/https://twitter.com/apralky/status/1850499214318370963,https://web.archive.org/web/20241027112607/https://twitter.com/apralky/status/1850499214318370963,https://twitter.com/apralky/status/1850499214318370963,https://twitter.com/apralky/status/1850499214318370963,,,,application/json,-,HNUII5HURRINCMC4VEX47WH45XSYO7BJ,1414
"com,twitter)/apralky/status/1850507002356617326",20241027115704,,https://web.archive.org/web/20241027115704/https://twitter.com/apralky/status/1850507002356617326,https://web.archive.org/web/20241027115704/https://twitter.com/apralky/status/1850507002356617326,https://twitter.com/apralky/status/1850507002356617326,https://twitter.com/apralky/status/1850507002356617326,,,,application/json,-,FQYUT4CUENQTUQGBTWFUPJOFTZP2C3PE,1469
"com,twitter)/apralky/status/1850498727762432098",20241027112411,,https://web.archive.org/web/20241027112411/https://twitter.com/apralky/status/1850498727762432098,https://web.archive.org/web/20241027112411/https://twitter.com/apralky/status/1850498727762432098,https://twitter.com/apralky/status/1850498727762432098,https://twitter.com/apralky/status/1850498727762432098,,,,application/json,-,GTR42L333YJUUQCGPN4VINF2ATMLEWWL,1167
"com,twitter)/apralky/status/1850493649630408965",20241027110401,,https://web.archive.org/web/20241027110401/https://twitter.com/apralky/status/1850493649630408965,https://web.archive.org/web/20241027110401/https://twitter.com/apralky/status/1850493649630408965,https://twitter.com/apralky/status/1850493649630408965,https://twitter.com/apralky/status/1850493649630408965,,,,application/json,-,7CLETEZZPJ7LAVUAALZFGKUM62BNWSC3,1362
"com,twitter)/apralky/status/1850493649630408965",20241027110401,,https://web.archive.org/web/20241027110401/https://twitter.com/apralky/status/1850493649630408965,https://web.archive.org/web/20241027110401/https://twitter.com/apralky/status/1850493649630408965,https://twitter.com/apralky/status/1850493649630408965,https://twitter.com/apralky/status/1850493649630408965,,,,application/json,-,PQMTBTZ6UVZ5EEP4BEBDGBCDJCCW23B6,1347
"com,twitter)/apralky/status/1850498727762432098",20241027112411,,https://web.archive.org/web/20241027112411/https://twitter.com/apralky/status/1850498727762432098,https://web.archive.org/web/20241027112411/https://twitter.com/apralky/status/1850498727762432098,https://twitter.com/apralky/status/1850498727762432098,https://twitter.com/apralky/status/1850498727762432098,,,,application/json,-,44PTFA5D5O6XXEOHUY6IKYT7UGABDM4K,1744
"com,twitter)/apralky/status/1850507554691948763",20241027115916,,https://web.archive.org/web/20241027115916/https://twitter.com/apralky/status/1850507554691948763,https://web.archive.org/web/20241027115916/https://twitter.com/apralky/status/1850507554691948763,https://twitter.com/apralky/status/1850507554691948763,https://twitter.com/apralky/status/1850507554691948763,,,,application/json,-,KARRTPAGQZMS6VO5KS7Q2JBWFGADPYIO,1396
"com,twitter)/apralky/status/1850507554691948763",20241027115916,,https://web.archive.org/web/20241027115916/https://twitter.com/apralky/status/1850507554691948763,https://web.archive.org/web/20241027115916/https://twitter.com/apralky/status/1850507554691948763,https://twitter.com/apralky/status/1850507554691948763,https://twitter.com/apralky/status/1850507554691948763,,,,application/json,-,G435XJDGXKEOVENEN7U2Q5TD2DJWWR7K,1204
"com,twitter)/apralky/status/1850510084708675968",20241027120919,,https://web.archive.org/web/20241027120919/https://twitter.com/apralky/status/1850510084708675968,https://web.archive.org/web/20241027120919/https://twitter.com/apralky/status/1850510084708675968,https://twitter.com/apralky/status/1850510084708675968,https://twitter.com/apralky/status/1850510084708675968,,,,application/json,-,2YJ5JVMEIRMCBGAGMGGH5GSEAGZ56YXL,1551
"com,twitter)/apralky/status/1850507002356617326",20241027115704,,https://web.archive.org/web/20241027115704/https://twitter.com/apralky/status/1850507002356617326,https://web.archive.org/web/20241027115704/https://twitter.com/apralky/status/1850507002356617326,https://twitter.com/apralky/status/1850507002356617326,https://twitter.com/apralky/status/1850507002356617326,,,,application/json,-,5JCLPTHH5LW5DS3AQUW5MMGBVRTUI4BN,1473
"com,twitter)/apralky/status/1850510084708675968",20241027120919,,https://web.archive.org/web/20241027120919/https://twitter.com/apralky/status/1850510084708675968,https://web.archive.org/web/20241027120919/https://twitter.com/apralky/status/1850510084708675968,https://twitter.com/apralky/status/1850510084708675968,https://twitter.com/apralky/status/1850510084708675968,,,,application/json,-,DBVXLGNFL7QH7QC6KNNWW6DPOJIAFULB,1327
"com,twitter)/apralky/status/1850510084708675968",20241027120919,,https://web.archive.org/web/20241027120919/https://twitter.com/apralky/status/1850510084708675968,https://web.archive.org/web/20241027120919/https://twitter.com/apralky/status/1850510084708675968,https://twitter.com/apralky/status/1850510084708675968,https://twitter.com/apralky/status/1850510084708675968,,,,application/json,-,VB53QRGI3RAP47ONYDMKFYXZP7I6J6IH,1327
"com,twitter)/apralky/status/1850507554691948763",20241027115916,,https://web.archive.org/web/20241027115916/https://twitter.com/apralky/status/1850507554691948763,https://web.archive.org/web/20241027115916/https://twitter.com/apralky/status/1850507554691948763,https://twitter.com/apralky/status/1850507554691948763,https://twitter.com/apralky/status/1850507554691948763,,,,application/json,-,FFBC4XEU2DAGEN32XRRB7T2RG6TEAH46,1190
"com,twitter)/apralky/status/1850507554691948763",20241027115916,,https://web.archive.org/web/20241027115916/https://twitter.com/apralky/status/1850507554691948763,https://web.archive.org/web/20241027115916/https://twitter.com/apralky/status/1850507554691948763,https://twitter.com/apralky/status/1850507554691948763,https://twitter.com/apralky/status/1850507554691948763,,,,application/json,-,LBYRTXN7Q6ZNQAB7BR7IRBAYSZH6TCS5,1201
"com,twitter)/apralky/status/1850507554691948763",20241027115916,,https://web.archive.org/web/20241027115916/https://twitter.com/apralky/status/1850507554691948763,https://web.archive.org/web/20241027115916/https://twitter.com/apralky/status/1850507554691948763,https://twitter.com/apralky/status/1850507554691948763,https://twitter.com/apralky/status/1850507554691948763,,,,application/json,-,YB6TDQSL5VBUMWEZYGIKCTSWYUUCMAPY,1204
"com,twitter)/apralky/status/1850510084708675968",20241027120919,,https://web.archive.org/web/20241027120919/https://twitter.com/apralky/status/1850510084708675968,https://web.archive.org/web/20241027120919/https://twitter.com/apralky/status/1850510084708675968,https://twitter.com/apralky/status/1850510084708675968,https://twitter.com/apralky/status/1850510084708675968,,,,application/json,-,L37R6S73Z4MDWZ243EUXAYZAK5MTLPND,1310
"com,twitter)/apralky/status/1850511314059149670",20241027121412,,https://web.archive.org/web/20241027121412/https://twitter.com/apralky/status/1850511314059149670,https://web.archive.org/web/20241027121412/https://twitter.com/apralky/status/1850511314059149670,https://twitter.com/apralky/status/1850511314059149670,https://twitter.com/apralky/status/1850511314059149670,,,,application/json,-,FDF5AW2OEZH2ZOW5CS7HJ2QLSRKLKGNI,1203
"com,twitter)/apralky/status/1850511314059149670",20241027121412,,https://web.archive.org/web/20241027121412/https://twitter.com/apralky/status/1850511314059149670,https://web.archive.org/web/20241027121412/https://twitter.com/apralky/status/1850511314059149670,https://twitter.com/apralky/status/1850511314059149670,https://twitter.com/apralky/status/1850511314059149670,,,,application/json,-,OMZEUOXAHJL7FOHJRZAYEW7U72VFV6WA,1207
"com,twitter)/apralky/status/1850510835900158042",20241027121218,,https://web.archive.org/web/20241027121218/https://twitter.com/apralky/status/1850510835900158042,https://web.archive.org/web/20241027121218/https://twitter.com/apralky/status/1850510835900158042,https://twitter.com/apralky/status/1850510835900158042,https://twitter.com/apralky/status/1850510835900158042,,,,application/json,-,FOTLMSYSB4GNATFHCHI4JLU7SOUUHQTE,1170
"com,twitter)/apralky/status/1850510835900158042",20241027121218,,https://web.archive.org/web/20241027121218/https://twitter.com/apralky/status/1850510835900158042,https://web.archive.org/web/20241027121218/https://twitter.com/apralky/status/1850510835900158042,https://twitter.com/apralky/status/1850510835900158042,https://twitter.com/apralky/status/1850510835900158042,,,,application/json,-,LEPXZH7D6QI7DTMLIONKCBGU2D4HHCAI,1641
"com,twitter)/apralky/status/1850510835900158042",20241027121218,,https://web.archive.org/web/20241027121218/https://twitter.com/apralky/status/1850510835900158042,https://web.archive.org/web/20241027121218/https://twitter.com/apralky/status/1850510835900158042,https://twitter.com/apralky/status/1850510835900158042,https://twitter.com/apralky/status/1850510835900158042,,,,application/json,-,SGRMBHWC2PZSQ3AQ4VNK3LVOFJ7UOJYK,1164
"com,twitter)/apralky/status/1854027150577263098",20241106050453,,https://web.archive.org/web/20241106050453/https://twitter.com/apralky/status/1854027150577263098,https://web.archive.org/web/20241106050453/https://twitter.com/apralky/status/1854027150577263098,https://twitter.com/apralky/status/1854027150577263098,https://twitter.com/apralky/status/1854027150577263098,,,,application/json,-,3RGVLTUTIYZ4G2ZT44WIPLYWZYRVR26F,1502
"com,twitter)/apralky/status/1854027939119063072",20241106050801,,https://web.archive.org/web/20241106050801/https://twitter.com/apralky/status/1854027939119063072,https://web.archive.org/web/20241106050801/https://twitter.com/apralky/status/1854027939119063072,https://twitter.com/apralky/status/1854027939119063072,https://twitter.com/apralky/status/1854027939119063072,,,,application/json,-,5URH7K6OP7DG6SHDBQ5XQX76JT5QT2NO,1780
"com,twitter)/apralky/status/1850511314059149670",20241027121412,,https://web.archive.org/web/20241027121412/https://twitter.com/apralky/status/1850511314059149670,https://web.archive.org/web/20241027121412/https://twitter.com/apralky/status/1850511314059149670,https://twitter.com/apralky/status/1850511314059149670,https://twitter.com/apralky/status/1850511314059149670,,,,application/json,-,IDDWWC4WC6P27QN2QOWKJL34TOS5ATCI,1210
"com,twitter)/apralky/status/1854027191094317139",20241106050503,,https://web.archive.org/web/20241106050503/https://twitter.com/apralky/status/1854027191094317139,https://web.archive.org/web/20241106050503/https://twitter.com/apralky/status/1854027191094317139,https://twitter.com/apralky/status/1854027191094317139,https://twitter.com/apralky/status/1854027191094317139,,,,application/json,-,TJRTPDI4RSV7KSERSZ6ARB7RULBJFAQS,1273
"com,twitter)/apralky/status/1854032428743962779",20241106052551,,https://web.archive.org/web/20241106052551/https://twitter.com/apralky/status/1854032428743962779,https://web.archive.org/web/20241106052551/https://twitter.com/apralky/status/1854032428743962779,https://twitter.com/apralky/status/1854032428743962779,https://twitter.com/apralky/status/1854032428743962779,,,,application/json,-,SXAR4AQJD6AURZL56HQJLBEGATP2LCLT,1858
"com,twitter)/apralky/status/1850511314059149670",20241027121412,,https://web.archive.org/web/20241027121412/https://twitter.com/apralky/status/1850511314059149670,https://web.archive.org/web/20241027121412/https://twitter.com/apralky/status/1850511314059149670,https://twitter.com/apralky/status/1850511314059149670,https://twitter.com/apralky/status/1850511314059149670,,,,application/json,-,V2OAR5X2O4NOKSWCTCXIFEBUA4SO76V5,1174
"com,twitter)/apralky/status/1854042211345670209",20241106060444,,https://web.archive.org/web/20241106060444/https://twitter.com/apralky/status/1854042211345670209,https://web.archive.org/web/20241106060444/https://twitter.com/apralky/status/1854042211345670209,https://twitter.com/apralky/status/1854042211345670209,https://twitter.com/apralky/status/1854042211345670209,,,,application/json,-,D3QO7NXVGUI2EF7CVR63H6MGYC4PU3VB,862
"com,twitter)/apralky/status/1854042533975687234",20241106060601,,https://web.archive.org/web/20241106060601/https://twitter.com/apralky/status/1854042533975687234,https://web.archive.org/web/20241106060601/https://twitter.com/apralky/status/1854042533975687234,https://twitter.com/apralky/status/1854042533975687234,https://twitter.com/apralky/status/1854042533975687234,,,,application/json,-,L7BC33RMDHHR5FNOY76ROUV3NVIVK6BY,1430
"com,twitter)/apralky/status/1857944471297524018",20241117003055,,https://web.archive.org/web/20241117003055/https://twitter.com/apralky/status/1857944471297524018,https://web.archive.org/web/20241117003055/https://twitter.com/apralky/status/1857944471297524018,https://twitter.com/apralky/status/1857944471297524018,https://twitter.com/apralky/status/1857944471297524018,,,,application/json,-,4ZOTK6WK2NI2HHUJLIMHOKMBPT7MVMO2,1934
"com,twitter)/apralky/status/1852458247481147483",20241101211037,,https://web.archive.org/web/20241101211037/https://twitter.com/apralky/status/1852458247481147483,https://web.archive.org/web/20241101211037/https://twitter.com/apralky/status/1852458247481147483,https://twitter.com/apralky/status/1852458247481147483,https://twitter.com/apralky/status/1852458247481147483,,,,application/json,-,NFKHR2PYV5OLLFK2HDU3XUUM4XW2CXZU,2113
"com,twitter)/apralky/status/1857950087974166874",20241117005314,,https://web.archive.org/web/20241117005314/https://twitter.com/apralky/status/1857950087974166874,https://web.archive.org/web/20241117005314/https://twitter.com/apralky/status/1857950087974166874,https://twitter.com/apralky/status/1857950087974166874,https://twitter.com/apralky/status/1857950087974166874,,,,application/json,-,EMWF57C7W5NCWF5JXNUULNSSNHVZFPAB,1532
"com,twitter)/apralky/status/1857950451993334023",20241117005441,,https://web.archive.org/web/20241117005441/https://twitter.com/apralky/status/1857950451993334023,https://web.archive.org/web/20241117005441/https://twitter.com/apralky/status/1857950451993334023,https://twitter.com/apralky/status/1857950451993334023,https://twitter.com/apralky/status/1857950451993334023,,,,application/json,-,KJ7S7L3RUFU5IEEEOPBF43EX7NARDGZA,1517
"com,twitter)/apralky/status/1858198826424684769",20241117172138,,https://web.archive.org/web/20241117172138/https://twitter.com/apralky/status/1858198826424684769,https://web.archive.org/web/20241117172138/https://twitter.com/apralky/status/1858198826424684769,https://twitter.com/apralky/status/1858198826424684769,https://twitter.com/apralky/status/1858198826424684769,,,,application/json,-,FRIKHUSK7ZTJWIBZ4D7QOMU2KT33GJUW,1493
"com,twitter)/apralky/status/1868900560499622262",20241217060630,,https://web.archive.org/web/20241217060630/https://twitter.com/apralky/status/1868900560499622262,https://web.archive.org/web/20241217060630/https://twitter.com/apralky/status/1868900560499622262,https://twitter.com/apralky/status/1868900560499622262,https://twitter.com/apralky/status/1868900560499622262,,,,application/json,-,H33TTHDKYE5NQ3SRWDPG6V5QYY7FCKMH,2128
"com,twitter)/apralky/status/1866783229191262250",20241211095259,,https://web.archive.org/web/20241211095259/https://twitter.com/apralky/status/1866783229191262250,https://web.archive.org/web/20241211095259/https://twitter.com/apralky/status/1866783229191262250,https://twitter.com/apralky/status/1866783229191262250,https://twitter.com/apralky/status/1866783229191262250,,,,application/json,-,RCZDMLPAIE6MBU6WF77H3ZQZUK6ITZO5,1534
"com,twitter)/apralky/status/1858120469200707764",20241117121016,,https://web.archive.org/web/20241117121016/https://twitter.com/apralky/status/1858120469200707764,https://web.archive.org/web/20241117121016/https://twitter.com/apralky/status/1858120469200707764,https://twitter.com/apralky/status/1858120469200707764,https://twitter.com/apralky/status/1858120469200707764,,,,application/json,-,4TECM624T5INKQ3KQEQKYWPYISIFS7SD,1870
"com,twitter)/apralky/status/1858198878077530233",20241117172150,,https://web.archive.org/web/20241117172150/https://twitter.com/apralky/status/1858198878077530233,https://web.archive.org/web/20241117172150/https://twitter.com/apralky/status/1858198878077530233,https://twitter.com/apralky/status/1858198878077530233,https://twitter.com/apralky/status/1858198878077530233,,,,application/json,-,DUWK6LSPNMZD2FWG6B2DI463MUPLQUY3,1198
"com,twitter)/apralky/status/1858277756385345614",20241117223516,,https://web.archive.org/web/20241117223516/https://twitter.com/apralky/status/1858277756385345614,https://web.archive.org/web/20241117223516/https://twitter.com/apralky/status/1858277756385345614,https://twitter.com/apralky/status/1858277756385345614,https://twitter.com/apralky/status/1858277756385345614,,,,application/json,-,XN4JGWP5AG6FYKMK5FUN5LNSJF4TMRU7,1388
"com,twitter)/apralky/status/1859930643427393570",20241122120315,,https://web.archive.org/web/20241122120315/https://twitter.com/apralky/status/1859930643427393570,https://web.archive.org/web/20241122120315/https://twitter.com/apralky/status/1859930643427393570,https://twitter.com/apralky/status/1859930643427393570,https://twitter.com/apralky/status/1859930643427393570,,,,application/json,-,6P2A2Q4DQUHSI7OEEPUF65JJQ7JE3WCK,1507
"com,twitter)/apralky/status/1868753332166377950",20241216202128,,https://web.archive.org/web/20241216202128/https://twitter.com/apralky/status/1868753332166377950,https://web.archive.org/web/20241216202128/https://twitter.com/apralky/status/1868753332166377950,https://twitter.com/apralky/status/1868753332166377950,https://twitter.com/apralky/status/1868753332166377950,,,,application/json,-,4ZIXLBBOKLVC3RYGBWKJQZ3EL2C6VGOK,1374
"com,twitter)/apralky/status/1868898610110513438",20241217055845,,https://web.archive.org/web/20241217055845/https://twitter.com/apralky/status/1868898610110513438,https://web.archive.org/web/20241217055845/https://twitter.com/apralky/status/1868898610110513438,https://twitter.com/apralky/status/1868898610110513438,https://twitter.com/apralky/status/1868898610110513438,,,,application/json,-,24OFMLLUK2XW4PELENZJWMT5K7TRWJN4,1369
"com,twitter)/apralky/status/1871924792603107753",20241225142343,,https://web.archive.org/web/20241225142343/https://twitter.com/apralky/status/1871924792603107753,https://web.archive.org/web/20241225142343/https://twitter.com/apralky/status/1871924792603107753,https://twitter.com/apralky/status/1871924792603107753,https://twitter.com/apralky/status/1871924792603107753,,,,application/json,-,2TAMCGVUDPCQKBBYHLYSMJDT6GU3KV35,1369
"com,twitter)/apralky/status/1872062972119618015",20241225233248,,https://web.archive.org/web/20241225233248/https://twitter.com/apralky/status/1872062972119618015,https://web.archive.org/web/20241225233248/https://twitter.com/apralky/status/1872062972119618015,https://twitter.com/apralky/status/1872062972119618015,https://twitter.com/apralky/status/1872062972119618015,,,,application/json,-,V6NMF2AYCQEJFC4RTUZVETU2V6P6SAIP,1391
"com,twitter)/apralky/status/1871078060059201674",20241223061907,,https://web.archive.org/web/20241223061907/https://twitter.com/apralky/status/1871078060059201674,https://web.archive.org/web/20241223061907/https://twitter.com/apralky/status/1871078060059201674,https://twitter.com/apralky/status/1871078060059201674,https://twitter.com/apralky/status/1871078060059201674,,,,application/json,-,2AMMRY5CTLAPHXLWXE3HIDESWBSCTUPE,1548
"com,twitter)/apralky/status/1871934137260748836",20241225150051,,https://web.archive.org/web/20241225150051/https://twitter.com/apralky/status/1871934137260748836,https://web.archive.org/web/20241225150051/https://twitter.com/apralky/status/1871934137260748836,https://twitter.com/apralky/status/1871934137260748836,https://twitter.com/apralky/status/1871934137260748836,,,,application/json,-,G5EQEKDPYCFCYDME3KAI7X5YEVJTYK7Y,2266
"com,twitter)/apralky/status/1864548658462503042",20241205055336,,https://web.archive.org/web/20241205055336/https://twitter.com/apralky/status/1864548658462503042,https://web.archive.org/web/20241205055336/https://twitter.com/apralky/status/1864548658462503042,https://twitter.com/apralky/status/1864548658462503042,https://twitter.com/apralky/status/1864548658462503042,,,,application/json,-,MEARZBIB7ZK2JROWCEMWOMJA4VYLAH4E,1230
"com,twitter)/apralky/status/1871750796075004301",20241225025219,,https://web.archive.org/web/20241225025219/https://twitter.com/apralky/status/1871750796075004301,https://web.archive.org/web/20241225025219/https://twitter.com/apralky/status/1871750796075004301,https://twitter.com/apralky/status/1871750796075004301,https://twitter.com/apralky/status/1871750796075004301,,,,application/json,-,JUQIS5MMRSRN7SON2BAT5Z2FTGXASBRS,1455
"com,twitter)/apralky/status/1872642599674327258",20241227135602,,https://web.archive.org/web/20241227135602/https://twitter.com/apralky/status/1872642599674327258,https://web.archive.org/web/20241227135602/https://twitter.com/apralky/status/1872642599674327258,https://twitter.com/apralky/status/1872642599674327258,https://twitter.com/apralky/status/1872642599674327258,,,,application/json,-,4HGFJ7MZZSESZV3RPPJQ42EXTI33TUKA,1364
"com,twitter)/apralky/status/1872335664953626788",20241226173623,,https://web.archive.org/web/20241226173623/https://twitter.com/apralky/status/1872335664953626788,https://web.archive.org/web/20241226173623/https://twitter.com/apralky/status/1872335664953626788,https://twitter.com/apralky/status/1872335664953626788,https://twitter.com/apralky/status/1872335664953626788,,,,application/json,-,V5ZQ6EMZCJYHLNE5FWOS44JPRQAGBXDL,1539
"com,twitter)/apralky/status/1872644251508785397",20241227140236,,https://web.archive.org/web/20241227140236/https://twitter.com/apralky/status/1872644251508785397,https://web.archive.org/web/20241227140236/https://twitter.com/apralky/status/1872644251508785397,https://twitter.com/apralky/status/1872644251508785397,https://twitter.com/apralky/status/1872644251508785397,,,,application/json,-,XW4CZACWMZN3U3UJJQITPDRSQGFWB2DJ,935
"com,twitter)/apralky/status/1872064848596750437",20241225234015,,https://web.archive.org/web/20241225234015/https://twitter.com/apralky/status/1872064848596750437,https://web.archive.org/web/20241225234015/https://twitter.com/apralky/status/1872064848596750437,https://twitter.com/apralky/status/1872064848596750437,https://twitter.com/apralky/status/1872064848596750437,,,,application/json,-,MUSFKK46Z4YSFVRZPTXV7EAMTMRUKAP7,2973
"com,twitter)/apralky/status/1872475427165675804",20241227025145,,https://web.archive.org/web/20241227025145/https://twitter.com/apralky/status/1872475427165675804,https://web.archive.org/web/20241227025145/https://twitter.com/apralky/status/1872475427165675804,https://twitter.com/apralky/status/1872475427165675804,https://twitter.com/apralky/status/1872475427165675804,,,,application/json,-,RSN7Q34GYY7IZXGPMWID7RZMWJHST5ZK,3218
"com,twitter)/apralky/status/1872336002741932502",20241226173744,,https://web.archive.org/web/20241226173744/https://twitter.com/apralky/status/1872336002741932502,https://web.archive.org/web/20241226173744/https://twitter.com/apralky/status/1872336002741932502,https://twitter.com/apralky/status/1872336002741932502,https://twitter.com/apralky/status/1872336002741932502,,,,application/json,-,XTP4Y5WBCQKW5MWOVBSTHRQBM2L6IA7R,1579
"com,twitter)/apralky/status/1872639980927123696",20241227134538,,https://web.archive.org/web/20241227134538/https://twitter.com/apralky/status/1872639980927123696,https://web.archive.org/web/20241227134538/https://twitter.com/apralky/status/1872639980927123696,https://twitter.com/apralky/status/1872639980927123696,https://twitter.com/apralky/status/1872639980927123696,,,,application/json,-,CUJ6JEP4M5MWRMXC6GFZ3VSUFBV6M52Y,1622
"com,twitter)/apralky/status/1872642548013122015",20241227135550,,https://web.archive.org/web/20241227135550/https://twitter.com/apralky/status/1872642548013122015,https://web.archive.org/web/20241227135550/https://twitter.com/apralky/status/1872642548013122015,https://twitter.com/apralky/status/1872642548013122015,https://twitter.com/apralky/status/1872642548013122015,,,,application/json,-,CN2HHUPRUDI3LTEDB6EZ56F7SU3PYHRM,1501
"com,twitter)/apralky/status/1873006200259838265",20241228140051,,https://web.archive.org/web/20241228140051/https://twitter.com/apralky/status/1873006200259838265,https://web.archive.org/web/20241228140051/https://twitter.com/apralky/status/1873006200259838265,https://twitter.com/apralky/status/1873006200259838265,https://twitter.com/apralky/status/1873006200259838265,,,,application/json,-,WFVICDTHYFW6VLTOJN5A2W4DHYIJCHP5,1540
"com,twitter)/apralky/status/1872697105170739485",20241227173237,,https://web.archive.org/web/20241227173237/https://twitter.com/apralky/status/1872697105170739485,https://web.archive.org/web/20241227173237/https://twitter.com/apralky/status/1872697105170739485,https://twitter.com/apralky/status/1872697105170739485,https://twitter.com/apralky/status/1872697105170739485,,,,application/json,-,W54FWK3U6IZB42GS7V54A4PQNR2G4LNY,1985
"com,twitter)/apralky/status/1873082645862859131",20241228190437,,https://web.archive.org/web/20241228190437/https://twitter.com/apralky/status/1873082645862859131,https://web.archive.org/web/20241228190437/https://twitter.com/apralky/status/1873082645862859131,https://twitter.com/apralky/status/1873082645862859131,https://twitter.com/apralky/status/1873082645862859131,,,,application/json,-,OCEEPJUF7Y4SAM745PTZCAG3356F6NTA,1439
"com,twitter)/apralky/status/1872756321944256617",20241227212755,,https://web.archive.org/web/20241227212755/https://twitter.com/apralky/status/1872756321944256617,https://web.archive.org/web/20241227212755/https://twitter.com/apralky/status/1872756321944256617,https://twitter.com/apralky/status/1872756321944256617,https://twitter.com/apralky/status/1872756321944256617,,,,application/json,-,TADEI46EASVBP5QPJCYETTSZ3XKEIJGD,1914
"com,twitter)/apralky/status/1873397571261284666",20241229155601,,https://web.archive.org/web/20241229155601/https://twitter.com/apralky/status/1873397571261284666,https://web.archive.org/web/20241229155601/https://twitter.com/apralky/status/1873397571261284666,https://twitter.com/apralky/status/1873397571261284666,https://twitter.com/apralky/status/1873397571261284666,,,,application/json,-,6AW4F45CY342TRAOOUEJFJ2FX4H5UHI4,1461
"com,twitter)/apralky/status/1873029896005664984",20241228153501,,https://web.archive.org/web/20241228153501/https://twitter.com/apralky/status/1873029896005664984,https://web.archive.org/web/20241228153501/https://twitter.com/apralky/status/1873029896005664984,https://twitter.com/apralky/status/1873029896005664984,https://twitter.com/apralky/status/1873029896005664984,,,,application/json,-,QD6F4GGT5SXAODMV32536AUZHY7ZP6A4,2453
"com,twitter)/apralky/status/1873295902401769924",20241229091201,,https://web.archive.org/web/20241229091201/https://twitter.com/apralky/status/1873295902401769924,https://web.archive.org/web/20241229091201/https://twitter.com/apralky/status/1873295902401769924,https://twitter.com/apralky/status/1873295902401769924,https://twitter.com/apralky/status/1873295902401769924,,,,application/json,-,O3LGMCRGKE2Q3H6KIPVUXBBP5PQO3PT2,902
"com,twitter)/apralky/status/1873166279110267185",20241229003657,,https://web.archive.org/web/20241229003657/https://twitter.com/apralky/status/1873166279110267185,https://web.archive.org/web/20241229003657/https://twitter.com/apralky/status/1873166279110267185,https://twitter.com/apralky/status/1873166279110267185,https://twitter.com/apralky/status/1873166279110267185,,,,application/json,-,ZBEFLKUP2W4RACZH6RJVAIZYAOXJSVFQ,1410
"com,twitter)/apralky/status/1873084854755270970",20241228191324,,https://web.archive.org/web/20241228191324/https://twitter.com/apralky/status/1873084854755270970,https://web.archive.org/web/20241228191324/https://twitter.com/apralky/status/1873084854755270970,https://twitter.com/apralky/status/1873084854755270970,https://twitter.com/apralky/status/1873084854755270970,,,,application/json,-,CYOXV3VNO7I5ENSE5N26IXHVZS4EPEDT,1582
"com,twitter)/apralky/status/1873093278863909375",20241228194652,,https://web.archive.org/web/20241228194652/https://twitter.com/apralky/status/1873093278863909375,https://web.archive.org/web/20241228194652/https://twitter.com/apralky/status/1873093278863909375,https://twitter.com/apralky/status/1873093278863909375,https://twitter.com/apralky/status/1873093278863909375,,,,application/json,-,ESGU2DX244EDANF5TXC62PLVGOMW5FYM,2176
"com,twitter)/apralky/status/1873409822965588469",20241229164442,,https://web.archive.org/web/20241229164442/https://twitter.com/apralky/status/1873409822965588469,https://web.archive.org/web/20241229164442/https://twitter.com/apralky/status/1873409822965588469,https://twitter.com/apralky/status/1873409822965588469,https://twitter.com/apralky/status/1873409822965588469,,,,application/json,-,UYZS63WMDFZPZS6YHMLBQMIS7HPBMLMG,2220
"com,twitter)/apralky/status/1873206499033661646",20241229031646,,https://web.archive.org/web/20241229031646/https://twitter.com/apralky/status/1873206499033661646,https://web.archive.org/web/20241229031646/https://twitter.com/apralky/status/1873206499033661646,https://twitter.com/apralky/status/1873206499033661646,https://twitter.com/apralky/status/1873206499033661646,,,,application/json,-,P47XZ64HAAIUOTQ7LIPYHHEZIEFVR5UG,1353
"com,twitter)/apralky/status/1873442674331865100",20241229185515,,https://web.archive.org/web/20241229185515/https://twitter.com/apralky/status/1873442674331865100,https://web.archive.org/web/20241229185515/https://twitter.com/apralky/status/1873442674331865100,https://twitter.com/apralky/status/1873442674331865100,https://twitter.com/apralky/status/1873442674331865100,,,,application/json,-,WTVMLR2UK4BKPSNNARAUODAALJUKN36I,1377
"com,twitter)/apralky/status/1873708317304111572",20241230123049,,https://web.archive.org/web/20241230123049/https://twitter.com/apralky/status/1873708317304111572,https://web.archive.org/web/20241230123049/https://twitter.com/apralky/status/1873708317304111572,https://twitter.com/apralky/status/1873708317304111572,https://twitter.com/apralky/status/1873708317304111572,,,,application/json,-,N5XR2R6CI2NNIRLNS3EF3KEPKYJHWHPX,1573
"com,twitter)/apralky/status/1873472903859360006",20241229205522,,https://web.archive.org/web/20241229205522/https://twitter.com/apralky/status/1873472903859360006,https://web.archive.org/web/20241229205522/https://twitter.com/apralky/status/1873472903859360006,https://twitter.com/apralky/status/1873472903859360006,https://twitter.com/apralky/status/1873472903859360006,,,,application/json,-,YLYA5XIFMR7M6RPU4ZC557UD6USL7I44,1377
"com,twitter)/apralky/status/1873421030737473775",20241229172914,,https://web.archive.org/web/20241229172914/https://twitter.com/apralky/status/1873421030737473775,https://web.archive.org/web/20241229172914/https://twitter.com/apralky/status/1873421030737473775,https://twitter.com/apralky/status/1873421030737473775,https://twitter.com/apralky/status/1873421030737473775,,,,application/json,-,XBHBAX2PEP63RONJUDILMUGAWPG4K4IL,1559
"com,twitter)/apralky/status/1873423658024059329",20241229173941,,https://web.archive.org/web/20241229173941/https://twitter.com/apralky/status/1873423658024059329,https://web.archive.org/web/20241229173941/https://twitter.com/apralky/status/1873423658024059329,https://twitter.com/apralky/status/1873423658024059329,https://twitter.com/apralky/status/1873423658024059329,,,,application/json,-,WMG4HDJQHGM6ATYMY5XXSITVPLOQ4AWS,1869
"com,twitter)/apralky/status/1873810288337990073",20241230191601,,https://web.archive.org/web/20241230191601/https://twitter.com/apralky/status/1873810288337990073,https://web.archive.org/web/20241230191601/https://twitter.com/apralky/status/1873810288337990073,https://twitter.com/apralky/status/1873810288337990073,https://twitter.com/apralky/status/1873810288337990073,,,,application/json,-,ATHHBJZ4DZW7SAPIG6UNEQE5E76NS6DV,1461
"com,twitter)/apralky/status/1873969040491962398",20241231054650,,https://web.archive.org/web/20241231054650/https://twitter.com/apralky/status/1873969040491962398,https://web.archive.org/web/20241231054650/https://twitter.com/apralky/status/1873969040491962398,https://twitter.com/apralky/status/1873969040491962398,https://twitter.com/apralky/status/1873969040491962398,,,,application/json,-,K4CK7UYGFTGQUVK4JUC2FTBCWE7O73WD,1707
"com,twitter)/apralky/status/1873708755319435355",20241230123233,,https://web.archive.org/web/20241230123233/https://twitter.com/apralky/status/1873708755319435355,https://web.archive.org/web/20241230123233/https://twitter.com/apralky/status/1873708755319435355,https://twitter.com/apralky/status/1873708755319435355,https://twitter.com/apralky/status/1873708755319435355,,,,application/json,-,Y2W2CVJ6EDVFLVCTRYSKBV33LG7W5YQE,1360
"com,twitter)/apralky/status/1873744313651540032",20241230145351,,https://web.archive.org/web/20241230145351/https://twitter.com/apralky/status/1873744313651540032,https://web.archive.org/web/20241230145351/https://twitter.com/apralky/status/1873744313651540032,https://twitter.com/apralky/status/1873744313651540032,https://twitter.com/apralky/status/1873744313651540032,,,,application/json,-,ASFCGGWOXOV2LFB5QZCOPAPCNXIRSCTG,1173
"com,twitter)/apralky/status/1873808188048654777",20241230190740,,https://web.archive.org/web/20241230190740/https://twitter.com/apralky/status/1873808188048654777,https://web.archive.org/web/20241230190740/https://twitter.com/apralky/status/1873808188048654777,https://twitter.com/apralky/status/1873808188048654777,https://twitter.com/apralky/status/1873808188048654777,,,,application/json,-,O3OUJ2TJHXDLSQZDYHTP2B56BYILNK2M,2121
"com,twitter)/apralky/status/1873977864170988025",20241231062154,,https://web.archive.org/web/20241231062154/https://twitter.com/apralky/status/1873977864170988025,https://web.archive.org/web/20241231062154/https://twitter.com/apralky/status/1873977864170988025,https://twitter.com/apralky/status/1873977864170988025,https://twitter.com/apralky/status/1873977864170988025,,,,application/json,-,RJXMSO2HNCO7H6BPENAT6YESTSP2BIP4,1202
"com,twitter)/apralky/status/1873978514468462672",20241231062429,,https://web.archive.org/web/20241231062429/https://twitter.com/apralky/status/1873978514468462672,https://web.archive.org/web/20241231062429/https://twitter.com/apralky/status/1873978514468462672,https://twitter.com/apralky/status/1873978514468462672,https://twitter.com/apralky/status/1873978514468462672,,,,application/json,-,3HFHT3B6ACALEMOM723SHL2LSM6DHI2N,1835
"com,twitter)/apralky/status/1873809804831187136",20241230191405,,https://web.archive.org/web/20241230191405/https://twitter.com/apralky/status/1873809804831187136,https://web.archive.org/web/20241230191405/https://twitter.com/apralky/status/1873809804831187136,https://twitter.com/apralky/status/1873809804831187136,https://twitter.com/apralky/status/1873809804831187136,,,,application/json,-,ZCRFRB5JDFWQHPWSKG4KO35J4QTU5BUV,1440
"com,twitter)/apralky/status/1874013374994133345",20241231084300,,https://web.archive.org/web/20241231084300/https://twitter.com/apralky/status/1874013374994133345,https://web.archive.org/web/20241231084300/https://twitter.com/apralky/status/1874013374994133345,https://twitter.com/apralky/status/1874013374994133345,https://twitter.com/apralky/status/1874013374994133345,,,,application/json,-,CTXPTC2EM2DBSLTAAR4GOHSVPPBSPR2X,1378
"com,twitter)/apralky/status/1874019413508362706",20241231090700,,https://web.archive.org/web/20241231090700/https://twitter.com/apralky/status/1874019413508362706,https://web.archive.org/web/20241231090700/https://twitter.com/apralky/status/1874019413508362706,https://twitter.com/apralky/status/1874019413508362706,https://twitter.com/apralky/status/1874019413508362706,,,,application/json,-,LQB5LPSBLVP3CEWVCXONKEWICORFAQYY,1480
"com,twitter)/apralky/status/1873976334466334998",20241231061549,,https://web.archive.org/web/20241231061549/https://twitter.com/apralky/status/1873976334466334998,https://web.archive.org/web/20241231061549/https://twitter.com/apralky/status/1873976334466334998,https://twitter.com/apralky/status/1873976334466334998,https://twitter.com/apralky/status/1873976334466334998,,,,application/json,-,E7XRWUS22QA2HC7R7UKZLE423XN45MUP,1571
"com,twitter)/apralky/status/1874023701987156314",20241231092402,,https://web.archive.org/web/20241231092402/https://twitter.com/apralky/status/1874023701987156314,https://web.archive.org/web/20241231092402/https://twitter.com/apralky/status/1874023701987156314,https://twitter.com/apralky/status/1874023701987156314,https://twitter.com/apralky/status/1874023701987156314,,,,application/json,-,HUA5PMXSXAT2UQE42DHRYAVK7BF5L3TQ,1012
"com,twitter)/apralky/status/1874019169949409738",20241231090602,,https://web.archive.org/web/20241231090602/https://twitter.com/apralky/status/1874019169949409738,https://web.archive.org/web/20241231090602/https://twitter.com/apralky/status/1874019169949409738,https://twitter.com/apralky/status/1874019169949409738,https://twitter.com/apralky/status/1874019169949409738,,,,application/json,-,74E3RUFMLDILPBBL2JGJVNGJQTBZL53L,1330
"com,twitter)/apralky/status/1873972126103069185",20241231055906,,https://web.archive.org/web/20241231055906/https://twitter.com/apralky/status/1873972126103069185,https://web.archive.org/web/20241231055906/https://twitter.com/apralky/status/1873972126103069185,https://twitter.com/apralky/status/1873972126103069185,https://twitter.com/apralky/status/1873972126103069185,,,,application/json,-,KSWDBERYRVWF3WE2JLU44K3CMMUJH7GV,1850
"com,twitter)/apralky/status/1874025559040356710",20241231093125,,https://web.archive.org/web/20241231093125/https://twitter.com/apralky/status/1874025559040356710,https://web.archive.org/web/20241231093125/https://twitter.com/apralky/status/1874025559040356710,https://twitter.com/apralky/status/1874025559040356710,https://twitter.com/apralky/status/1874025559040356710,,,,application/json,-,2YL536SYP6HRSOCIYCKTH7PCJPR5GDDR,1278
"com,twitter)/apralky/status/1874034531826884627",20241231100704,,https://web.archive.org/web/20241231100704/https://twitter.com/apralky/status/1874034531826884627,https://web.archive.org/web/20241231100704/https://twitter.com/apralky/status/1874034531826884627,https://twitter.com/apralky/status/1874034531826884627,https://twitter.com/apralky/status/1874034531826884627,,,,application/json,-,T4OJFRGOALKEK6HY7QDIDYIGWB2M444Y,2807
"com,twitter)/apralky/status/1874021988404256846",20241231091714,,https://web.archive.org/web/20241231091714/https://twitter.com/apralky/status/1874021988404256846,https://web.archive.org/web/20241231091714/https://twitter.com/apralky/status/1874021988404256846,https://twitter.com/apralky/status/1874021988404256846,https://twitter.com/apralky/status/1874021988404256846,,,,application/json,-,RGDI2FLNNXRMGHWCIV5MXH6GT6OPYEP5,1121
"com,twitter)/apralky/status/1874048291446337545",20241231110145,,https://web.archive.org/web/20241231110145/https://twitter.com/apralky/status/1874048291446337545,https://web.archive.org/web/20241231110145/https://twitter.com/apralky/status/1874048291446337545,https://twitter.com/apralky/status/1874048291446337545,https://twitter.com/apralky/status/1874048291446337545,,,,application/json,-,RJ6HVZZB73D6EPDLWJPPI4MUC6FMVFVC,1484
"com,twitter)/apralky/status/1874020190230634826",20241231091005,,https://web.archive.org/web/20241231091005/https://twitter.com/apralky/status/1874020190230634826,https://web.archive.org/web/20241231091005/https://twitter.com/apralky/status/1874020190230634826,https://twitter.com/apralky/status/1874020190230634826,https://twitter.com/apralky/status/1874020190230634826,,,,application/json,-,4EBE6V4UBHA7ORHMRWL6E5DV64MI3SRB,1491
"com,twitter)/apralky/status/1874021153934811442",20241231091355,,https://web.archive.org/web/20241231091355/https://twitter.com/apralky/status/1874021153934811442,https://web.archive.org/web/20241231091355/https://twitter.com/apralky/status/1874021153934811442,https://twitter.com/apralky/status/1874021153934811442,https://twitter.com/apralky/status/1874021153934811442,,,,application/json,-,AEBHTKLVUKYDISXOZI5GDXXZP6JNVVJZ,1219
"com,twitter)/apralky/status/1874050056510480685",20241231110846,,https://web.archive.org/web/20241231110846/https://twitter.com/apralky/status/1874050056510480685,https://web.archive.org/web/20241231110846/https://twitter.com/apralky/status/1874050056510480685,https://twitter.com/apralky/status/1874050056510480685,https://twitter.com/apralky/status/1874050056510480685,,,,application/json,-,BS5V2CF4DY2ULCKI6EA2XGEO4HQSAQ63,1079
"com,twitter)/apralky/status/1874050364842139866",20241231110959,,https://web.archive.org/web/20241231110959/https://twitter.com/apralky/status/1874050364842139866,https://web.archive.org/web/20241231110959/https://twitter.com/apralky/status/1874050364842139866,https://twitter.com/apralky/status/1874050364842139866,https://twitter.com/apralky/status/1874050364842139866,,,,application/json,-,T3AP5W7P4LXIPDPZFX56ZL2DQSBC7WBQ,1684
"com,twitter)/apralky/status/1874047408113647645",20241231105814,,https://web.archive.org/web/20241231105814/https://twitter.com/apralky/status/1874047408113647645,https://web.archive.org/web/20241231105814/https://twitter.com/apralky/status/1874047408113647645,https://twitter.com/apralky/status/1874047408113647645,https://twitter.com/apralky/status/1874047408113647645,,,,application/json,-,SMBGG7HVQINQPTYI27M6R7F4EQ74F2I4,1282
"com,twitter)/apralky/status/1874064009198182470",20241231120412,,https://web.archive.org/web/20241231120412/https://twitter.com/apralky/status/1874064009198182470,https://web.archive.org/web/20241231120412/https://twitter.com/apralky/status/1874064009198182470,https://twitter.com/apralky/status/1874064009198182470,https://twitter.com/apralky/status/1874064009198182470,,,,application/json,-,2E6N4266MQHZZG7EJ4XMO4UWRDCRD4UX,1347
"com,twitter)/apralky/status/1874062155517222989",20241231115650,,https://web.archive.org/web/20241231115650/https://twitter.com/apralky/status/1874062155517222989,https://web.archive.org/web/20241231115650/https://twitter.com/apralky/status/1874062155517222989,https://twitter.com/apralky/status/1874062155517222989,https://twitter.com/apralky/status/1874062155517222989,,,,application/json,-,YBWSWXI3XCP6WBS6JEFU3OQTQZXVU7XC,1548
"com,twitter)/apralky/status/1874068327607525515",20241231122122,,https://web.archive.org/web/20241231122122/https://twitter.com/apralky/status/1874068327607525515,https://web.archive.org/web/20241231122122/https://twitter.com/apralky/status/1874068327607525515,https://twitter.com/apralky/status/1874068327607525515,https://twitter.com/apralky/status/1874068327607525515,,,,application/json,-,KCKN46PXYLROP4XMC6FYIMJY3BPLCS6U,1466
"com,twitter)/apralky/status/1874038309347090834",20241231102205,,https://web.archive.org/web/20241231102205/https://twitter.com/apralky/status/1874038309347090834,https://web.archive.org/web/20241231102205/https://twitter.com/apralky/status/1874038309347090834,https://twitter.com/apralky/status/1874038309347090834,https://twitter.com/apralky/status/1874038309347090834,,,,application/json,-,PKUPZ32ENJ4XADFY7SISGMM5TP44ITVB,1646
"com,twitter)/apralky/status/1874069760499138675",20241231122704,,https://web.archive.org/web/20241231122704/https://twitter.com/apralky/status/1874069760499138675,https://web.archive.org/web/20241231122704/https://twitter.com/apralky/status/1874069760499138675,https://twitter.com/apralky/status/1874069760499138675,https://twitter.com/apralky/status/1874069760499138675,,,,application/json,-,PCCJFGH4U6F4NLGIJKWPXBNP2533RTYW,1209
"com,twitter)/apralky/status/1874100101381316627",20241231142737,,https://web.archive.org/web/20241231142737/https://twitter.com/apralky/status/1874100101381316627,https://web.archive.org/web/20241231142737/https://twitter.com/apralky/status/1874100101381316627,https://twitter.com/apralky/status/1874100101381316627,https://twitter.com/apralky/status/1874100101381316627,,,,application/json,-,5DIKWZCP73OC5WO6I75WUFSNMQVRDFIR,1323
"com,twitter)/apralky/status/1874073092097794250",20241231124018,,https://web.archive.org/web/20241231124018/https://twitter.com/apralky/status/1874073092097794250,https://web.archive.org/web/20241231124018/https://twitter.com/apralky/status/1874073092097794250,https://twitter.com/apralky/status/1874073092097794250,https://twitter.com/apralky/status/1874073092097794250,,,,application/json,-,TOKM2RKKZFIPZ33GQRVSJZRBZAMQEVBY,931
"com,twitter)/apralky/status/1874090645729796176",20241231135003,,https://web.archive.org/web/20241231135003/https://twitter.com/apralky/status/1874090645729796176,https://web.archive.org/web/20241231135003/https://twitter.com/apralky/status/1874090645729796176,https://twitter.com/apralky/status/1874090645729796176,https://twitter.com/apralky/status/1874090645729796176,,,,application/json,-,5NFTV32LSEAAUF7LLJR6WQZ4JPAIYG6F,1937
"com,twitter)/apralky/status/1874095725682057505",20241231141014,,https://web.archive.org/web/20241231141014/https://twitter.com/apralky/status/1874095725682057505,https://web.archive.org/web/20241231141014/https://twitter.com/apralky/status/1874095725682057505,https://twitter.com/apralky/status/1874095725682057505,https://twitter.com/apralky/status/1874095725682057505,,,,application/json,-,WVH37NU5Z4QWYOWHBPWZVQTTWYAJVRWL,1667
"com,twitter)/apralky/status/1874106139664588818",20241231145137,,https://web.archive.org/web/20241231145137/https://twitter.com/apralky/status/1874106139664588818,https://web.archive.org/web/20241231145137/https://twitter.com/apralky/status/1874106139664588818,https://twitter.com/apralky/status/1874106139664588818,https://twitter.com/apralky/status/1874106139664588818,,,,application/json,-,THSPUSHO4PMUW7LPEOCPQXX3LMT2RUHO,1971
"com,twitter)/apralky/status/1874102397846589596",20241231143645,,https://web.archive.org/web/20241231143645/https://twitter.com/apralky/status/1874102397846589596,https://web.archive.org/web/20241231143645/https://twitter.com/apralky/status/1874102397846589596,https://twitter.com/apralky/status/1874102397846589596,https://twitter.com/apralky/status/1874102397846589596,,,,application/json,-,5D7CIMLMWLIM57OZAGEPTSE2E2KFIQZI,1675
"com,twitter)/apralky/status/1874103496947228747",20241231144107,,https://web.archive.org/web/20241231144107/https://twitter.com/apralky/status/1874103496947228747,https://web.archive.org/web/20241231144107/https://twitter.com/apralky/status/1874103496947228747,https://twitter.com/apralky/status/1874103496947228747,https://twitter.com/apralky/status/1874103496947228747,,,,application/json,-,SE3K6LQKJTT4BPRW6G3W46WQNTGXCKRE,1719
"com,twitter)/apralky/status/1874076056766079237",20241231125205,,https://web.archive.org/web/20241231125205/https://twitter.com/apralky/status/1874076056766079237,https://web.archive.org/web/20241231125205/https://twitter.com/apralky/status/1874076056766079237,https://twitter.com/apralky/status/1874076056766079237,https://twitter.com/apralky/status/1874076056766079237,,,,application/json,-,XPG3BDYZ3RXVHWO25AEL3VO6EG5LOYOD,1384
"com,twitter)/apralky/status/1874108852544934157",20241231150224,,https://web.archive.org/web/20241231150224/https://twitter.com/apralky/status/1874108852544934157,https://web.archive.org/web/20241231150224/https://twitter.com/apralky/status/1874108852544934157,https://twitter.com/apralky/status/1874108852544934157,https://twitter.com/apralky/status/1874108852544934157,,,,application/json,-,F42NZ4B4R4GEMCQYBY5ANY442PCRL2I6,1833
"com,twitter)/apralky/status/1874106225585250546",20241231145158,,https://web.archive.org/web/20241231145158/https://twitter.com/apralky/status/1874106225585250546,https://web.archive.org/web/20241231145158/https://twitter.com/apralky/status/1874106225585250546,https://twitter.com/apralky/status/1874106225585250546,https://twitter.com/apralky/status/1874106225585250546,,,,application/json,-,453FFJQLYFYRHEIRXG42GA5WMS3UW7CC,1514
"com,twitter)/apralky/status/1874107456617668980",20241231145651,,https://web.archive.org/web/20241231145651/https://twitter.com/apralky/status/1874107456617668980,https://web.archive.org/web/20241231145651/https://twitter.com/apralky/status/1874107456617668980,https://twitter.com/apralky/status/1874107456617668980,https://twitter.com/apralky/status/1874107456617668980,,,,application/json,-,6KHQKFCG7B3RCAWLCEPYAPPNFXVYGRKM,1469
"com,twitter)/apralky/status/1874111857101070390",20241231151420,,https://web.archive.org/web/20241231151420/https://twitter.com/apralky/status/1874111857101070390,https://web.archive.org/web/20241231151420/https://twitter.com/apralky/status/1874111857101070390,https://twitter.com/apralky/status/1874111857101070390,https://twitter.com/apralky/status/1874111857101070390,,,,application/json,-,LURJU77LQVCPJDALP7YTTPTMF5MSSYN3,1623
"com,twitter)/apralky/status/1874108468933918883",20241231150052,,https://web.archive.org/web/20241231150052/https://twitter.com/apralky/status/1874108468933918883,https://web.archive.org/web/20241231150052/https://twitter.com/apralky/status/1874108468933918883,https://twitter.com/apralky/status/1874108468933918883,https://twitter.com/apralky/status/1874108468933918883,,,,application/json,-,WEPWUVQAQRECEZIGYYSPG65TOJ27QJVS,1423
"com,twitter)/apralky/status/1874154740017447100",20241231180444,,https://web.archive.org/web/20241231180444/https://twitter.com/apralky/status/1874154740017447100,https://web.archive.org/web/20241231180444/https://twitter.com/apralky/status/1874154740017447100,https://twitter.com/apralky/status/1874154740017447100,https://twitter.com/apralky/status/1874154740017447100,,,,application/json,-,KLABYFNOD7X4LFPNQD7K2UEMKG4ATULG,1471
"com,twitter)/apralky/status/1874160374465126656",20241231182708,,https://web.archive.org/web/20241231182708/https://twitter.com/apralky/status/1874160374465126656,https://web.archive.org/web/20241231182708/https://twitter.com/apralky/status/1874160374465126656,https://twitter.com/apralky/status/1874160374465126656,https://twitter.com/apralky/status/1874160374465126656,,,,application/json,-,33YNN2353JAKWWFQYZORJTLOBISX223I,1476
"com,twitter)/apralky/status/1874125501406863491",20241231160833,,https://web.archive.org/web/20241231160833/https://twitter.com/apralky/status/1874125501406863491,https://web.archive.org/web/20241231160833/https://twitter.com/apralky/status/1874125501406863491,https://twitter.com/apralky/status/1874125501406863491,https://twitter.com/apralky/status/1874125501406863491,,,,application/json,-,LKW65JO46FUACPGT4BPGGTVFEKOJENNJ,1536
"com,twitter)/apralky/status/1874119117055410195",20241231154311,,https://web.archive.org/web/20241231154311/https://twitter.com/apralky/status/1874119117055410195,https://web.archive.org/web/20241231154311/https://twitter.com/apralky/status/1874119117055410195,https://twitter.com/apralky/status/1874119117055410195,https://twitter.com/apralky/status/1874119117055410195,,,,application/json,-,ULKY7YOB34OQF4QBCP3RKIJ236YOGSHO,1292
"com,twitter)/apralky/status/1874153711356043327",20241231180039,,https://web.archive.org/web/20241231180039/https://twitter.com/apralky/status/1874153711356043327,https://web.archive.org/web/20241231180039/https://twitter.com/apralky/status/1874153711356043327,https://twitter.com/apralky/status/1874153711356043327,https://twitter.com/apralky/status/1874153711356043327,,,,application/json,-,XX5WFP3TPU2QYMF3RNOOYSM5TDD2PBWL,1507
"com,twitter)/apralky/status/1874152708820918731",20241231175640,,https://web.archive.org/web/20241231175640/https://twitter.com/apralky/status/1874152708820918731,https://web.archive.org/web/20241231175640/https://twitter.com/apralky/status/1874152708820918731,https://twitter.com/apralky/status/1874152708820918731,https://twitter.com/apralky/status/1874152708820918731,,,,application/json,-,IB2CVIKKF5JAEPCSZAZS237KGUDOD4CX,1482
"com,twitter)/apralky/status/1874152551396106629",20241231175602,,https://web.archive.org/web/20241231175602/https://twitter.com/apralky/status/1874152551396106629,https://web.archive.org/web/20241231175602/https://twitter.com/apralky/status/1874152551396106629,https://twitter.com/apralky/status/1874152551396106629,https://twitter.com/apralky/status/1874152551396106629,,,,application/json,-,Y4BRNQ7WANJ7U5LGAD44GLESDCRPLU4M,1340
"com,twitter)/apralky/status/1874154164974215675",20241231180227,,https://web.archive.org/web/20241231180227/https://twitter.com/apralky/status/1874154164974215675,https://web.archive.org/web/20241231180227/https://twitter.com/apralky/status/1874154164974215675,https://twitter.com/apralky/status/1874154164974215675,https://twitter.com/apralky/status/1874154164974215675,,,,application/json,-,E5SUNUN6GVK63NU3E5BBT7NSCXWB6RMN,1277
"com,twitter)/apralky/status/1874125198208995411",20241231160721,,https://web.archive.org/web/20241231160721/https://twitter.com/apralky/status/1874125198208995411,https://web.archive.org/web/20241231160721/https://twitter.com/apralky/status/1874125198208995411,https://twitter.com/apralky/status/1874125198208995411,https://twitter.com/apralky/status/1874125198208995411,,,,application/json,-,E5233KQDZYJDBJTVBLXECW5CUA27JRFY,1122
"com,twitter)/apralky/status/1874154848540909810",20241231180510,,https://web.archive.org/web/20241231180510/https://twitter.com/apralky/status/1874154848540909810,https://web.archive.org/web/20241231180510/https://twitter.com/apralky/status/1874154848540909810,https://twitter.com/apralky/status/1874154848540909810,https://twitter.com/apralky/status/1874154848540909810,,,,application/json,-,47P2NPMOAGL2M4UZ4JIPJGN563CKUEMH,1869
"com,twitter)/apralky/status/1874160747548447206",20241231182837,,https://web.archive.org/web/20241231182837/https://twitter.com/apralky/status/1874160747548447206,https://web.archive.org/web/20241231182837/https://twitter.com/apralky/status/1874160747548447206,https://twitter.com/apralky/status/1874160747548447206,https://twitter.com/apralky/status/1874160747548447206,,,,application/json,-,DIRY6RY7GRWAK7YF5GOLR47JKEFPACO2,2238
"com,twitter)/apralky/status/1874161936902086954",20241231183320,,https://web.archive.org/web/20241231183320/https://twitter.com/apralky/status/1874161936902086954,https://web.archive.org/web/20241231183320/https://twitter.com/apralky/status/1874161936902086954,https://twitter.com/apralky/status/1874161936902086954,https://twitter.com/apralky/status/1874161936902086954,,,,application/json,-,KDWDGUDMPEBYJMWY5ELCYQNK6AT2AYQF,1364
"com,twitter)/apralky/status/1874172209356562778",20241231191409,,https://web.archive.org/web/20241231191409/https://twitter.com/apralky/status/1874172209356562778,https://web.archive.org/web/20241231191409/https://twitter.com/apralky/status/1874172209356562778,https://twitter.com/apralky/status/1874172209356562778,https://twitter.com/apralky/status/1874172209356562778,,,,application/json,-,PTOVTRJFWK4H5P4TG542BYY2KB5N5UHZ,1244
"com,twitter)/apralky/status/1874173735277854965",20241231192013,,https://web.archive.org/web/20241231192013/https://twitter.com/apralky/status/1874173735277854965,https://web.archive.org/web/20241231192013/https://twitter.com/apralky/status/1874173735277854965,https://twitter.com/apralky/status/1874173735277854965,https://twitter.com/apralky/status/1874173735277854965,,,,application/json,-,A36RC37HPA7HLJ6EUAKY6HVXHIIREV7Y,1671
"com,twitter)/apralky/status/1874168747487092868",20241231190024,,https://web.archive.org/web/20241231190024/https://twitter.com/apralky/status/1874168747487092868,https://web.archive.org/web/20241231190024/https://twitter.com/apralky/status/1874168747487092868,https://twitter.com/apralky/status/1874168747487092868,https://twitter.com/apralky/status/1874168747487092868,,,,application/json,-,SYNURHOU4V2LMHRRLVSEWNXIWGJ7WC5R,1624
"com,twitter)/apralky/status/1874173142073233642",20241231191752,,https://web.archive.org/web/20241231191752/https://twitter.com/apralky/status/1874173142073233642,https://web.archive.org/web/20241231191752/https://twitter.com/apralky/status/1874173142073233642,https://twitter.com/apralky/status/1874173142073233642,https://twitter.com/apralky/status/1874173142073233642,,,,application/json,-,PEZ6CNPOC6GWN4Q27IA3IS44IENFBDB2,1377
"com,twitter)/apralky/status/1874173968665763970",20241231192109,,https://web.archive.org/web/20241231192109/https://twitter.com/apralky/status/1874173968665763970,https://web.archive.org/web/20241231192109/https://twitter.com/apralky/status/1874173968665763970,https://twitter.com/apralky/status/1874173968665763970,https://twitter.com/apralky/status/1874173968665763970,,,,application/json,-,PIKUHHV76TGB4WLXNRLCBLKPUXVKMAYU,1282
"com,twitter)/apralky/status/1874170893586620593",20241231190856,,https://web.archive.org/web/20241231190856/https://twitter.com/apralky/status/1874170893586620593,https://web.archive.org/web/20241231190856/https://twitter.com/apralky/status/1874170893586620593,https://twitter.com/apralky/status/1874170893586620593,https://twitter.com/apralky/status/1874170893586620593,,,,application/json,-,4QIWFDTPWCZNL4UVVCOOGBDVG7JNEDT3,1559
"com,twitter)/apralky/status/1874171327273464266",20241231191039,,https://web.archive.org/web/20241231191039/https://twitter.com/apralky/status/1874171327273464266,https://web.archive.org/web/20241231191039/https://twitter.com/apralky/status/1874171327273464266,https://twitter.com/apralky/status/1874171327273464266,https://twitter.com/apralky/status/1874171327273464266,,,,application/json,-,KNJOYJOYXYUCGG6WXDKBHBWKFMZWF5UZ,1510
"com,twitter)/apralky/status/1874179043823935930",20241231194119,,https://web.archive.org/web/20241231194119/https://twitter.com/apralky/status/1874179043823935930,https://web.archive.org/web/20241231194119/https://twitter.com/apralky/status/1874179043823935930,https://twitter.com/apralky/status/1874179043823935930,https://twitter.com/apralky/status/1874179043823935930,,,,application/json,-,4TTGKR7NT53ULJ7IOW5CP3XYTQDZ7KZU,1373
"com,twitter)/apralky/status/1874171284969709690",20241231191029,,https://web.archive.org/web/20241231191029/https://twitter.com/apralky/status/1874171284969709690,https://web.archive.org/web/20241231191029/https://twitter.com/apralky/status/1874171284969709690,https://twitter.com/apralky/status/1874171284969709690,https://twitter.com/apralky/status/1874171284969709690,,,,application/json,-,ZYCJRODTAZMRILMUFLN5G4HOPTEQYCAL,1374
"com,twitter)/apralky/status/1874174030716297715",20241231192124,,https://web.archive.org/web/20241231192124/https://twitter.com/apralky/status/1874174030716297715,https://web.archive.org/web/20241231192124/https://twitter.com/apralky/status/1874174030716297715,https://twitter.com/apralky/status/1874174030716297715,https://twitter.com/apralky/status/1874174030716297715,,,,application/json,-,NMQ7WTX7MMTDWXXVLSV2IWZGML7RCGXA,1901
"com,twitter)/apralky/status/1874182498919604633",20241231195503,,https://web.archive.org/web/20241231195503/https://twitter.com/apralky/status/1874182498919604633,https://web.archive.org/web/20241231195503/https://twitter.com/apralky/status/1874182498919604633,https://twitter.com/apralky/status/1874182498919604633,https://twitter.com/apralky/status/1874182498919604633,,,,application/json,-,R456JDN4B632VUOTVACI6LMRNNTKPFMU,1314
"com,twitter)/apralky/status/1874174130712657931",20241231192147,,https://web.archive.org/web/20241231192147/https://twitter.com/apralky/status/1874174130712657931,https://web.archive.org/web/20241231192147/https://twitter.com/apralky/status/1874174130712657931,https://twitter.com/apralky/status/1874174130712657931,https://twitter.com/apralky/status/1874174130712657931,,,,application/json,-,BOCFBZ6F465H5BBM6MNAUZTZYMQUUIQ7,1562
"com,twitter)/apralky/status/1874178450405417139",20241231193857,,https://web.archive.org/web/20241231193857/https://twitter.com/apralky/status/1874178450405417139,https://web.archive.org/web/20241231193857/https://twitter.com/apralky/status/1874178450405417139,https://twitter.com/apralky/status/1874178450405417139,https://twitter.com/apralky/status/1874178450405417139,,,,application/json,-,UH5XXVFUOGEF3XHOA7OABSWVSFJEOKGH,1391
"com,twitter)/apralky/status/1874175487897198688",20241231192711,,https://web.archive.org/web/20241231192711/https://twitter.com/apralky/status/1874175487897198688,https://web.archive.org/web/20241231192711/https://twitter.com/apralky/status/1874175487897198688,https://twitter.com/apralky/status/1874175487897198688,https://twitter.com/apralky/status/1874175487897198688,,,,application/json,-,6MLOC3OYRBH3JUJBD6WWFSOMPFGXVO3Y,1702
"com,twitter)/apralky/status/1874178540322836957",20241231193919,,https://web.archive.org/web/20241231193919/https://twitter.com/apralky/status/1874178540322836957,https://web.archive.org/web/20241231193919/https://twitter.com/apralky/status/1874178540322836957,https://twitter.com/apralky/status/1874178540322836957,https://twitter.com/apralky/status/1874178540322836957,,,,application/json,-,2NAPYDPHR4K4GUSZBLEN4FRL3W4RU2KY,1531
"com,twitter)/apralky/status/1874185895521509450",20241231200832,,https://web.archive.org/web/20241231200832/https://twitter.com/apralky/status/1874185895521509450,https://web.archive.org/web/20241231200832/https://twitter.com/apralky/status/1874185895521509450,https://twitter.com/apralky/status/1874185895521509450,https://twitter.com/apralky/status/1874185895521509450,,,,application/json,-,F6DCKOSXKOW3OD645SUN7MGUZ2JJRJT2,1463
"com,twitter)/apralky/status/1874184435379429411",20241231200244,,https://web.archive.org/web/20241231200244/https://twitter.com/apralky/status/1874184435379429411,https://web.archive.org/web/20241231200244/https://twitter.com/apralky/status/1874184435379429411,https://twitter.com/apralky/status/1874184435379429411,https://twitter.com/apralky/status/1874184435379429411,,,,application/json,-,DE6FDIGIM46MZKIJWDV4EJREYOAQNUNT,1992
"com,twitter)/apralky/status/1874188608133095701",20241231201919,,https://web.archive.org/web/20241231201919/https://twitter.com/apralky/status/1874188608133095701,https://web.archive.org/web/20241231201919/https://twitter.com/apralky/status/1874188608133095701,https://twitter.com/apralky/status/1874188608133095701,https://twitter.com/apralky/status/1874188608133095701,,,,application/json,-,O2YNAIDGINKIAO6TARXGJEGMWOXP5B4G,1906
"com,twitter)/apralky/status/1874183146255900749",20241231195737,,https://web.archive.org/web/20241231195737/https://twitter.com/apralky/status/1874183146255900749,https://web.archive.org/web/20241231195737/https://twitter.com/apralky/status/1874183146255900749,https://twitter.com/apralky/status/1874183146255900749,https://twitter.com/apralky/status/1874183146255900749,,,,application/json,-,25NE66JNLLRJYHHWNRUVWWC7UWWNQGSW,1942
"com,twitter)/apralky/status/1874183957379678638",20241231200050,,https://web.archive.org/web/20241231200050/https://twitter.com/apralky/status/1874183957379678638,https://web.archive.org/web/20241231200050/https://twitter.com/apralky/status/1874183957379678638,https://twitter.com/apralky/status/1874183957379678638,https://twitter.com/apralky/status/1874183957379678638,,,,application/json,-,YF4EFO6EB5EQ3GRYU57OS76ZASXWKZVC,1471
"com,twitter)/apralky/status/1874191994140147830",20241231203246,,https://web.archive.org/web/20241231203246/https://twitter.com/apralky/status/1874191994140147830,https://web.archive.org/web/20241231203246/https://twitter.com/apralky/status/1874191994140147830,https://twitter.com/apralky/status/1874191994140147830,https://twitter.com/apralky/status/1874191994140147830,,,,application/json,-,AC4DGVLINS6EFROFH5TR336BJV4F3L7W,1920
"com,twitter)/apralky/status/1874194905343668468",20241231204420,,https://web.archive.org/web/20241231204420/https://twitter.com/apralky/status/1874194905343668468,https://web.archive.org/web/20241231204420/https://twitter.com/apralky/status/1874194905343668468,https://twitter.com/apralky/status/1874194905343668468,https://twitter.com/apralky/status/1874194905343668468,,,,application/json,-,BWIAHBVSPAP5VUXIYJVUAJXIVSPF6FVR,1370
"com,twitter)/apralky/status/1874196084693885170",20241231204902,,https://web.archive.org/web/20241231204902/https://twitter.com/apralky/status/1874196084693885170,https://web.archive.org/web/20241231204902/https://twitter.com/apralky/status/1874196084693885170,https://twitter.com/apralky/status/1874196084693885170,https://twitter.com/apralky/status/1874196084693885170,,,,application/json,-,NCTVRYTJXWY7BWNVNPKLXMCDVCZ6ZZT2,1095
"com,twitter)/apralky/status/1874196187068457189",20241231204926,,https://web.archive.org/web/20241231204926/https://twitter.com/apralky/status/1874196187068457189,https://web.archive.org/web/20241231204926/https://twitter.com/apralky/status/1874196187068457189,https://twitter.com/apralky/status/1874196187068457189,https://twitter.com/apralky/status/1874196187068457189,,,,application/json,-,ELWQ7TTCG67DZMVWTF5M2JTZHHA3B7IA,1431
"com,twitter)/apralky/status/1874189586920071496",20241231202312,,https://web.archive.org/web/20241231202312/https://twitter.com/apralky/status/1874189586920071496,https://web.archive.org/web/20241231202312/https://twitter.com/apralky/status/1874189586920071496,https://twitter.com/apralky/status/1874189586920071496,https://twitter.com/apralky/status/1874189586920071496,,,,application/json,-,6TDYEOBS5E7GEVPDMRDKIQCHJDFJSKKP,2577
"com,twitter)/apralky/status/1874190217428820077",20241231202543,,https://web.archive.org/web/20241231202543/https://twitter.com/apralky/status/1874190217428820077,https://web.archive.org/web/20241231202543/https://twitter.com/apralky/status/1874190217428820077,https://twitter.com/apralky/status/1874190217428820077,https://twitter.com/apralky/status/1874190217428820077,,,,application/json,-,XEQNGRW2BWT5NU4QGG3OLEMJ6RNWRQ2U,2029
"com,twitter)/apralky/status/1874192428212904221",20241231203430,,https://web.archive.org/web/20241231203430/https://twitter.com/apralky/status/1874192428212904221,https://web.archive.org/web/20241231203430/https://twitter.com/apralky/status/1874192428212904221,https://twitter.com/apralky/status/1874192428212904221,https://twitter.com/apralky/status/1874192428212904221,,,,application/json,-,VMBEULYPCPOAYD2KDTW6H2LF6XV4HIQQ,1449
"com,twitter)/apralky/status/1874197527312163277",20241231205446,,https://web.archive.org/web/20241231205446/https://twitter.com/apralky/status/1874197527312163277,https://web.archive.org/web/20241231205446/https://twitter.com/apralky/status/1874197527312163277,https://twitter.com/apralky/status/1874197527312163277,https://twitter.com/apralky/status/1874197527312163277,,,,application/json,-,BMCKQLQJLQAC6IAD4KHA4YMCNCHF4Q5H,1380
"com,twitter)/apralky/status/1874199854995693927",20241231210401,,https://web.archive.org/web/20241231210401/https://twitter.com/apralky/status/1874199854995693927,https://web.archive.org/web/20241231210401/https://twitter.com/apralky/status/1874199854995693927,https://twitter.com/apralky/status/1874199854995693927,https://twitter.com/apralky/status/1874199854995693927,,,,application/json,-,LBPFI6WXAKFIT6K5NARIOW5PU66V5B6P,1519
"com,twitter)/apralky/status/1874190771047559632",20241231202755,,https://web.archive.org/web/20241231202755/https://twitter.com/apralky/status/1874190771047559632,https://web.archive.org/web/20241231202755/https://twitter.com/apralky/status/1874190771047559632,https://twitter.com/apralky/status/1874190771047559632,https://twitter.com/apralky/status/1874190771047559632,,,,application/json,-,RCKIFYZWQXPYWVL5ERUNP3J7JNOZQNMW,1557
"com,twitter)/apralky/status/1874200500943638902",20241231210635,,https://web.archive.org/web/20241231210635/https://twitter.com/apralky/status/1874200500943638902,https://web.archive.org/web/20241231210635/https://twitter.com/apralky/status/1874200500943638902,https://twitter.com/apralky/status/1874200500943638902,https://twitter.com/apralky/status/1874200500943638902,,,,application/json,-,MWMPPBWNKVQYM6PZYVJVFZTLLG56THXR,1351
"com,twitter)/apralky/status/1874203075776487653",20241231211648,,https://web.archive.org/web/20241231211648/https://twitter.com/apralky/status/1874203075776487653,https://web.archive.org/web/20241231211648/https://twitter.com/apralky/status/1874203075776487653,https://twitter.com/apralky/status/1874203075776487653,https://twitter.com/apralky/status/1874203075776487653,,,,application/json,-,UYQU3FZRIQVYOJCXQ4H4PNZI7VUSBWNA,1440
"com,twitter)/apralky/status/1874203700433916189",20241231211917,,https://web.archive.org/web/20241231211917/https://twitter.com/apralky/status/1874203700433916189,https://web.archive.org/web/20241231211917/https://twitter.com/apralky/status/1874203700433916189,https://twitter.com/apralky/status/1874203700433916189,https://twitter.com/apralky/status/1874203700433916189,,,,application/json,-,GAQ4LEWURELFCQSFLW6CYHNYTLFIAAIQ,1233
"com,twitter)/apralky/status/1874196768801644942",20241231205145,,https://web.archive.org/web/20241231205145/https://twitter.com/apralky/status/1874196768801644942,https://web.archive.org/web/20241231205145/https://twitter.com/apralky/status/1874196768801644942,https://twitter.com/apralky/status/1874196768801644942,https://twitter.com/apralky/status/1874196768801644942,,,,application/json,-,3EFBIDMMGA43DX5RA5VY6XPPYZGV5RGI,1372
"com,twitter)/apralky/status/1874202904573468698",20241231211608,,https://web.archive.org/web/20241231211608/https://twitter.com/apralky/status/1874202904573468698,https://web.archive.org/web/20241231211608/https://twitter.com/apralky/status/1874202904573468698,https://twitter.com/apralky/status/1874202904573468698,https://twitter.com/apralky/status/1874202904573468698,,,,application/json,-,HHZGRG4ZNZ5K5XLUEPJ6Q5ZEHBT2XPVW,1287
"com,twitter)/apralky/status/1874203590476316886",20241231211851,,https://web.archive.org/web/20241231211851/https://twitter.com/apralky/status/1874203590476316886,https://web.archive.org/web/20241231211851/https://twitter.com/apralky/status/1874203590476316886,https://twitter.com/apralky/status/1874203590476316886,https://twitter.com/apralky/status/1874203590476316886,,,,application/json,-,6LCTJEKIDFRPKBYXPV65DTZQYKJ5YT62,1267
"com,twitter)/apralky/status/1874205465963560981",20241231212618,,https://web.archive.org/web/20241231212618/https://twitter.com/apralky/status/1874205465963560981,https://web.archive.org/web/20241231212618/https://twitter.com/apralky/status/1874205465963560981,https://twitter.com/apralky/status/1874205465963560981,https://twitter.com/apralky/status/1874205465963560981,,,,application/json,-,BBX7QE6BA67TEWJFSSN6YT6FODXN5VQD,1700
"com,twitter)/apralky/status/1874206322859889077",20241231212943,,https://web.archive.org/web/20241231212943/https://twitter.com/apralky/status/1874206322859889077,https://web.archive.org/web/20241231212943/https://twitter.com/apralky/status/1874206322859889077,https://twitter.com/apralky/status/1874206322859889077,https://twitter.com/apralky/status/1874206322859889077,,,,application/json,-,JN3GN3WFCF4VELLBF5DG7UPXIKXYM3X2,1955
"com,twitter)/apralky/status/1874206144232923161",20241231212900,,https://web.archive.org/web/20241231212900/https://twitter.com/apralky/status/1874206144232923161,https://web.archive.org/web/20241231212900/https://twitter.com/apralky/status/1874206144232923161,https://twitter.com/apralky/status/1874206144232923161,https://twitter.com/apralky/status/1874206144232923161,,,,application/json,-,EN7MCEQSWQQFN44YYPUNKAIE6KZQZGSG,898
