archived_urlkey,archived_timestamp,parsed_archived_timestamp,archived_tweet_url,parsed_archived_tweet_url,original_tweet_url,parsed_tweet_url,available_tweet_text,available_tweet_is_RT,available_tweet_info,archived_mimetype,archived_statuscode,archived_digest,archived_length
"com,twitter)/gcrclassic/status/1484118660696449029",20220516004511,,https://web.archive.org/web/20220516004511/https://twitter.com/GCRClassic/status/1484118660696449029,https://web.archive.org/web/20220516004511/https://twitter.com/gcrclassic/status/1484118660696449029,https://twitter.com/GCRClassic/status/1484118660696449029,https://twitter.com/gcrclassic/status/1484118660696449029,,,,text/html,200,5CANWI3FFJM4KP7DWODLBLMRPPBNBKIF,6788
"com,twitter)/gcrclassic/status/1484307047063511041",20220120233419,,https://web.archive.org/web/20220120233419/https://twitter.com/GCRClassic/status/1484307047063511041,https://web.archive.org/web/20220120233419/https://twitter.com/gcrclassic/status/1484307047063511041,https://twitter.com/GCRClassic/status/1484307047063511041,https://twitter.com/gcrclassic/status/1484307047063511041,,,,text/html,200,5YJUR5HTFQIINH3PT2HXWK3KWEWRFAMU,4489
"com,twitter)/gcrclassic/status/1484305970864230403",20220120233029,,https://web.archive.org/web/20220120233029/https://twitter.com/GCRClassic/status/1484305970864230403,https://web.archive.org/web/20220120233029/https://twitter.com/gcrclassic/status/1484305970864230403,https://twitter.com/GCRClassic/status/1484305970864230403,https://twitter.com/gcrclassic/status/1484305970864230403,,,,text/html,200,U6Z5Q3HCSECMQFX7LV23IQ3J3HGID2NL,4033
"com,twitter)/gcrclassic/status/1484312663643488257",20220122195217,,https://web.archive.org/web/20220122195217/https://twitter.com/GCRClassic/status/1484312663643488257,https://web.archive.org/web/20220122195217/https://twitter.com/gcrclassic/status/1484312663643488257,https://twitter.com/GCRClassic/status/1484312663643488257,https://twitter.com/gcrclassic/status/1484312663643488257,,,,text/html,200,OY7AZXOGZS7HDYRI3F4QDT4YFHGRH5ET,18847
"com,twitter)/gcrclassic/status/1484306782725951491",20220120233315,,https://web.archive.org/web/20220120233315/https://twitter.com/GCRClassic/status/1484306782725951491,https://web.archive.org/web/20220120233315/https://twitter.com/gcrclassic/status/1484306782725951491,https://twitter.com/GCRClassic/status/1484306782725951491,https://twitter.com/gcrclassic/status/1484306782725951491,,,,text/html,200,BKY2GL2TEKTL6QFHN6TF6FVAMEHF6PKY,4610
"com,twitter)/gcrclassic/status/1484307047063511041",20220122195120,,https://web.archive.org/web/20220122195120/https://twitter.com/GCRClassic/status/1484307047063511041,https://web.archive.org/web/20220122195120/https://twitter.com/gcrclassic/status/1484307047063511041,https://twitter.com/GCRClassic/status/1484307047063511041,https://twitter.com/gcrclassic/status/1484307047063511041,,,,text/html,404,G6RG2NDGGYUP77O6C7DSSHFSYEQM4L4Q,2722
"com,twitter)/gcrclassic/status/1484312663643488257",20220120235638,,https://web.archive.org/web/20220120235638/https://twitter.com/GCRClassic/status/1484312663643488257,https://web.archive.org/web/20220120235638/https://twitter.com/gcrclassic/status/1484312663643488257,https://twitter.com/GCRClassic/status/1484312663643488257,https://twitter.com/gcrclassic/status/1484312663643488257,,,,text/html,200,3IOURXXL3RDHFRYHW2JFSVMC42P5HQSD,5655
"com,twitter)/gcrclassic/status/1484176086128807936",20220120144959,,https://web.archive.org/web/20220120144959/https://twitter.com/GCRClassic/status/1484176086128807936,https://web.archive.org/web/20220120144959/https://twitter.com/gcrclassic/status/1484176086128807936,https://twitter.com/GCRClassic/status/1484176086128807936,https://twitter.com/gcrclassic/status/1484176086128807936,,,,text/html,200,QFLNECBPT62TGV4FJW7ZT45PDVS2JKIV,3942
"com,twitter)/gcrclassic/status/1484302343487340546",20220120231543,,https://web.archive.org/web/20220120231543/https://twitter.com/GCRClassic/status/1484302343487340546,https://web.archive.org/web/20220120231543/https://twitter.com/gcrclassic/status/1484302343487340546,https://twitter.com/GCRClassic/status/1484302343487340546,https://twitter.com/gcrclassic/status/1484302343487340546,,,,text/html,200,RRINIOQZL6GIMCWDRHSDN42GYQFK7HHU,4171
"com,twitter)/gcrclassic/status/1484118660696449029",20220120110605,,https://web.archive.org/web/20220120110605/https://twitter.com/GCRClassic/status/1484118660696449029,https://web.archive.org/web/20220120110605/https://twitter.com/gcrclassic/status/1484118660696449029,https://twitter.com/GCRClassic/status/1484118660696449029,https://twitter.com/gcrclassic/status/1484118660696449029,,,,text/html,200,ARL55BUJM65RFJWASOTP4UKK7Z5QLCPV,4440
"com,twitter)/gcrclassic/status/1484312663643488257",20220406222423,,https://web.archive.org/web/20220406222423/https://twitter.com/GCRClassic/status/1484312663643488257,https://web.archive.org/web/20220406222423/https://twitter.com/gcrclassic/status/1484312663643488257,https://twitter.com/GCRClassic/status/1484312663643488257,https://twitter.com/gcrclassic/status/1484312663643488257,,,,text/html,200,ICWEGDYXPLQM3LHSFSR6T2SQMYIWDWYJ,7215
"com,twitter)/gcrclassic/status/1484312663643488257",20220510224130,,https://web.archive.org/web/20220510224130/https://twitter.com/GCRClassic/status/1484312663643488257,https://web.archive.org/web/20220510224130/https://twitter.com/gcrclassic/status/1484312663643488257,https://twitter.com/GCRClassic/status/1484312663643488257,https://twitter.com/gcrclassic/status/1484312663643488257,,,,text/html,200,Y5BDPXJECPM7KDES6L5WXAFZ3RMSTARH,6295
"com,twitter)/gcrclassic/status/1484312663643488257",20220527084051,,https://web.archive.org/web/20220527084051/https://twitter.com/GCRClassic/status/1484312663643488257,https://web.archive.org/web/20220527084051/https://twitter.com/gcrclassic/status/1484312663643488257,https://twitter.com/GCRClassic/status/1484312663643488257,https://twitter.com/gcrclassic/status/1484312663643488257,,,,text/html,200,5JBOOKDIKO4NVR3JYQ36VA5PQK6RJZYD,7590
"com,twitter)/gcrclassic/status/1484312663643488257",20220404085305,,https://web.archive.org/web/20220404085305/https://twitter.com/GCRClassic/status/1484312663643488257,https://web.archive.org/web/20220404085305/https://twitter.com/gcrclassic/status/1484312663643488257,https://twitter.com/GCRClassic/status/1484312663643488257,https://twitter.com/gcrclassic/status/1484312663643488257,,,,text/html,200,JNXRNU3XRD2I54L5Q3TVW3AAYMFVX6NC,69542
"com,twitter)/gcrclassic/status/1484319567602016257",20220121001948,,https://web.archive.org/web/20220121001948/https://twitter.com/GCRClassic/status/1484319567602016257,https://web.archive.org/web/20220121001948/https://twitter.com/gcrclassic/status/1484319567602016257,https://twitter.com/GCRClassic/status/1484319567602016257,https://twitter.com/gcrclassic/status/1484319567602016257,,,,text/html,200,HOJSA3SYPJLYB5TK7GD3424YFCF45L2G,3858
"com,twitter)/gcrclassic/status/1484312663643488257",20220703215654,,https://web.archive.org/web/20220703215654/https://twitter.com/GCRClassic/status/1484312663643488257,https://web.archive.org/web/20220703215654/https://twitter.com/gcrclassic/status/1484312663643488257,https://twitter.com/GCRClassic/status/1484312663643488257,https://twitter.com/gcrclassic/status/1484312663643488257,,,,text/html,200,WUMQLWULQ7VQEGDZ7QWJAJ63376YBTWM,5874
"com,twitter)/gcrclassic/status/1484312663643488257",20220715204428,,https://web.archive.org/web/20220715204428/https://twitter.com/GCRClassic/status/1484312663643488257,https://web.archive.org/web/20220715204428/https://twitter.com/gcrclassic/status/1484312663643488257,https://twitter.com/GCRClassic/status/1484312663643488257,https://twitter.com/gcrclassic/status/1484312663643488257,,,,text/html,200,SLKM2DEKXYWLO6Y65UU372EMUZ4F2DDH,69101
"com,twitter)/gcrclassic/status/1484312663643488257",20220721035841,,https://web.archive.org/web/20220721035841/https://twitter.com/GCRClassic/status/1484312663643488257,https://web.archive.org/web/20220721035841/https://twitter.com/gcrclassic/status/1484312663643488257,https://twitter.com/GCRClassic/status/1484312663643488257,https://twitter.com/gcrclassic/status/1484312663643488257,,,,text/html,200,V4ZEN2D62NNS3NDX2MUL642BQULASA37,69104
"com,twitter)/gcrclassic/status/1484314032618176513",20220121000205,,https://web.archive.org/web/20220121000205/https://twitter.com/GCRClassic/status/1484314032618176513,https://web.archive.org/web/20220121000205/https://twitter.com/gcrclassic/status/1484314032618176513,https://twitter.com/GCRClassic/status/1484314032618176513,https://twitter.com/gcrclassic/status/1484314032618176513,,,,text/html,200,A6WQ47K57KPQSY7YQC5KYH6LWM46FLL2,3938
"com,twitter)/gcrclassic/status/1484319567602016257",20220122195224,,https://web.archive.org/web/20220122195224/https://twitter.com/GCRClassic/status/1484319567602016257,https://web.archive.org/web/20220122195224/https://twitter.com/gcrclassic/status/1484319567602016257,https://twitter.com/GCRClassic/status/1484319567602016257,https://twitter.com/gcrclassic/status/1484319567602016257,,,,text/html,404,G6RG2NDGGYUP77O6C7DSSHFSYEQM4L4Q,2716
"com,twitter)/gcrclassic/status/1484320981942296581",20220121002947,,https://web.archive.org/web/20220121002947/https://twitter.com/GCRClassic/status/1484320981942296581,https://web.archive.org/web/20220121002947/https://twitter.com/gcrclassic/status/1484320981942296581,https://twitter.com/GCRClassic/status/1484320981942296581,https://twitter.com/gcrclassic/status/1484320981942296581,,,,text/html,200,O2QY63JHCI3HLR3EII6T6PHVZTLYVGJ4,5137
"com,twitter)/gcrclassic/status/1484323573044944897",20220121004016,,https://web.archive.org/web/20220121004016/https://twitter.com/GCRClassic/status/1484323573044944897,https://web.archive.org/web/20220121004016/https://twitter.com/gcrclassic/status/1484323573044944897,https://twitter.com/GCRClassic/status/1484323573044944897,https://twitter.com/gcrclassic/status/1484323573044944897,,,,text/html,200,QXDL7FW32ILPKNAA6FSSOV3MMS7NQZTP,4215
"com,twitter)/gcrclassic/status/1484322790509453314",20220121003651,,https://web.archive.org/web/20220121003651/https://twitter.com/GCRClassic/status/1484322790509453314,https://web.archive.org/web/20220121003651/https://twitter.com/gcrclassic/status/1484322790509453314,https://twitter.com/GCRClassic/status/1484322790509453314,https://twitter.com/gcrclassic/status/1484322790509453314,,,,text/html,200,FITYX7QWF6RBZ2MTGTWXHHH42A2EODKR,4424
"com,twitter)/gcrclassic/status/1484323099663233027",20220121003811,,https://web.archive.org/web/20220121003811/https://twitter.com/GCRClassic/status/1484323099663233027,https://web.archive.org/web/20220121003811/https://twitter.com/gcrclassic/status/1484323099663233027,https://twitter.com/GCRClassic/status/1484323099663233027,https://twitter.com/gcrclassic/status/1484323099663233027,,,,text/html,200,HR5VASKD7W4OTRO565BTFSUBDUEJZGHW,3786
"com,twitter)/gcrclassic/status/1484325505717264392",20220121004740,,https://web.archive.org/web/20220121004740/https://twitter.com/GCRClassic/status/1484325505717264392,https://web.archive.org/web/20220121004740/https://twitter.com/gcrclassic/status/1484325505717264392,https://twitter.com/GCRClassic/status/1484325505717264392,https://twitter.com/gcrclassic/status/1484325505717264392,,,,text/html,200,R2IIRFS5UKN3EZVZMZZ67DZT266R4LXE,4285
"com,twitter)/gcrclassic/status/1484369859194470401",20220121034406,,https://web.archive.org/web/20220121034406/https://twitter.com/GCRClassic/status/1484369859194470401,https://web.archive.org/web/20220121034406/https://twitter.com/gcrclassic/status/1484369859194470401,https://twitter.com/GCRClassic/status/1484369859194470401,https://twitter.com/gcrclassic/status/1484369859194470401,,,,text/html,200,AGILV47AVNEBHG7KL47YZ667YFOAKYY3,4922
"com,twitter)/gcrclassic/status/1484371098397384714",20220121034858,,https://web.archive.org/web/20220121034858/https://twitter.com/GCRClassic/status/1484371098397384714,https://web.archive.org/web/20220121034858/https://twitter.com/gcrclassic/status/1484371098397384714,https://twitter.com/GCRClassic/status/1484371098397384714,https://twitter.com/gcrclassic/status/1484371098397384714,,,,text/html,200,PGQ4VIGVNZUKVDT7FQXQCOKAQUCT743S,4408
"com,twitter)/gcrclassic/status/1484374710670352390",20220121040316,,https://web.archive.org/web/20220121040316/https://twitter.com/GCRClassic/status/1484374710670352390,https://web.archive.org/web/20220121040316/https://twitter.com/gcrclassic/status/1484374710670352390,https://twitter.com/GCRClassic/status/1484374710670352390,https://twitter.com/gcrclassic/status/1484374710670352390,,,,text/html,200,ZCGEERE74G7W4LAUORY4SEHK4DL4PFOA,3965
"com,twitter)/gcrclassic/status/1484383982221463552",20220121044004,,https://web.archive.org/web/20220121044004/https://twitter.com/GCRClassic/status/1484383982221463552,https://web.archive.org/web/20220121044004/https://twitter.com/gcrclassic/status/1484383982221463552,https://twitter.com/GCRClassic/status/1484383982221463552,https://twitter.com/gcrclassic/status/1484383982221463552,,,,text/html,200,NAIUN4OAMYD5BHVULSBHQGZWVCL7N2PS,5056
"com,twitter)/gcrclassic/status/1484382669391679488",20220121043502,,https://web.archive.org/web/20220121043502/https://twitter.com/GCRClassic/status/1484382669391679488,https://web.archive.org/web/20220121043502/https://twitter.com/gcrclassic/status/1484382669391679488,https://twitter.com/GCRClassic/status/1484382669391679488,https://twitter.com/gcrclassic/status/1484382669391679488,,,,text/html,200,ZJ2NEZPZIAJF5CLP3OFO3UC4GMEIL76N,4338
"com,twitter)/gcrclassic/status/1484384948924653571",20220121044352,,https://web.archive.org/web/20220121044352/https://twitter.com/GCRClassic/status/1484384948924653571,https://web.archive.org/web/20220121044352/https://twitter.com/gcrclassic/status/1484384948924653571,https://twitter.com/GCRClassic/status/1484384948924653571,https://twitter.com/gcrclassic/status/1484384948924653571,,,,text/html,200,26BWQZEF54X5XGSYVWPGVGV7EJGFU65O,4874
"com,twitter)/gcrclassic/status/1484386346114420736",20220121044603,,https://web.archive.org/web/20220121044603/https://twitter.com/GCRClassic/status/1484386346114420736,https://web.archive.org/web/20220121044603/https://twitter.com/gcrclassic/status/1484386346114420736,https://twitter.com/GCRClassic/status/1484386346114420736,https://twitter.com/gcrclassic/status/1484386346114420736,,,,text/html,200,OQP7MZZOLO2EDUBSLJFVWBP43SCJ4JJ3,5337
"com,twitter)/gcrclassic/status/1484386593217544194",20220121045227,,https://web.archive.org/web/20220121045227/https://twitter.com/GCRClassic/status/1484386593217544194,https://web.archive.org/web/20220121045227/https://twitter.com/gcrclassic/status/1484386593217544194,https://twitter.com/GCRClassic/status/1484386593217544194,https://twitter.com/gcrclassic/status/1484386593217544194,,,,text/html,200,WODHNZ6Z6O66WO3HS5OT4L5ADI5SNDMP,5700
"com,twitter)/gcrclassic/status/1484387480778338309",20220121044848,,https://web.archive.org/web/20220121044848/https://twitter.com/GCRClassic/status/1484387480778338309,https://web.archive.org/web/20220121044848/https://twitter.com/gcrclassic/status/1484387480778338309,https://twitter.com/GCRClassic/status/1484387480778338309,https://twitter.com/gcrclassic/status/1484387480778338309,,,,application/json,-,Y3IUTWU5PSK7PBOEVP5UAVKJMWI7DT4H,1413
"com,twitter)/gcrclassic/status/1484394682562007042",20220121052216,,https://web.archive.org/web/20220121052216/https://twitter.com/GCRClassic/status/1484394682562007042,https://web.archive.org/web/20220121052216/https://twitter.com/gcrclassic/status/1484394682562007042,https://twitter.com/GCRClassic/status/1484394682562007042,https://twitter.com/gcrclassic/status/1484394682562007042,,,,text/html,200,XYHK2F2AS4NV775IS6O2RXUDCDDKLKWD,6694
"com,twitter)/gcrclassic/status/1484409070392070146",20220121061940,,https://web.archive.org/web/20220121061940/https://twitter.com/GCRClassic/status/1484409070392070146,https://web.archive.org/web/20220121061940/https://twitter.com/gcrclassic/status/1484409070392070146,https://twitter.com/GCRClassic/status/1484409070392070146,https://twitter.com/gcrclassic/status/1484409070392070146,,,,text/html,200,QATRKWHVJSDH4JCXVX2MHAWGXY5UGMGZ,3721
"com,twitter)/gcrclassic/status/1484396574776217603",20220121053012,,https://web.archive.org/web/20220121053012/https://twitter.com/GCRClassic/status/1484396574776217603,https://web.archive.org/web/20220121053012/https://twitter.com/gcrclassic/status/1484396574776217603,https://twitter.com/GCRClassic/status/1484396574776217603,https://twitter.com/gcrclassic/status/1484396574776217603,,,,text/html,200,YLT75QYVGOIVZWVIZ5MUYU64RP2LXUU6,3910
"com,twitter)/gcrclassic/status/1484387940503543811",20220121045547,,https://web.archive.org/web/20220121045547/https://twitter.com/GCRClassic/status/1484387940503543811,https://web.archive.org/web/20220121045547/https://twitter.com/gcrclassic/status/1484387940503543811,https://twitter.com/GCRClassic/status/1484387940503543811,https://twitter.com/gcrclassic/status/1484387940503543811,,,,text/html,200,IGLPKFLQD3QZWITFEXLHUMORWUOGK3RR,4759
"com,twitter)/gcrclassic/status/1484411050137116672",20220121062423,,https://web.archive.org/web/20220121062423/https://twitter.com/GCRClassic/status/1484411050137116672,https://web.archive.org/web/20220121062423/https://twitter.com/gcrclassic/status/1484411050137116672,https://twitter.com/GCRClassic/status/1484411050137116672,https://twitter.com/gcrclassic/status/1484411050137116672,,,,text/html,200,352PQ4HFGVF4LPHPWJV6QSJ5NTHOBYCX,4932
"com,twitter)/gcrclassic/status/1484387480778338309",20220121045358,,https://web.archive.org/web/20220121045358/https://twitter.com/GCRClassic/status/1484387480778338309,https://web.archive.org/web/20220121045358/https://twitter.com/gcrclassic/status/1484387480778338309,https://twitter.com/GCRClassic/status/1484387480778338309,https://twitter.com/gcrclassic/status/1484387480778338309,,,,text/html,200,F4FF3WV6CSALOZL5SIE7ITD5JPD5D7I5,3807
"com,twitter)/gcrclassic/status/1484411050137116672",20220510224144,,https://web.archive.org/web/20220510224144/https://twitter.com/GCRClassic/status/1484411050137116672,https://web.archive.org/web/20220510224144/https://twitter.com/gcrclassic/status/1484411050137116672,https://twitter.com/GCRClassic/status/1484411050137116672,https://twitter.com/gcrclassic/status/1484411050137116672,,,,text/html,200,WNNEKTWTIWAUQDTZETKWFDZ2ZQJPOIC4,6824
"com,twitter)/gcrclassic/status/1484411050137116672",20220522001203,,https://web.archive.org/web/20220522001203/https://twitter.com/GCRClassic/status/1484411050137116672,https://web.archive.org/web/20220522001203/https://twitter.com/gcrclassic/status/1484411050137116672,https://twitter.com/GCRClassic/status/1484411050137116672,https://twitter.com/gcrclassic/status/1484411050137116672,,,,text/html,200,W4LXTOKCG2JCVKK5Z3GG6DBRRRKVTQGW,7151
"com,twitter)/gcrclassic/status/1484411050137116672",20220731100933,,https://web.archive.org/web/20220731100933/https://twitter.com/GCRClassic/status/1484411050137116672,https://web.archive.org/web/20220731100933/https://twitter.com/gcrclassic/status/1484411050137116672,https://twitter.com/GCRClassic/status/1484411050137116672,https://twitter.com/gcrclassic/status/1484411050137116672,,,,text/html,200,PVXJUHCXYNDYEXOMR7MV7UAI3645EDW2,75380
"com,twitter)/gcrclassic/status/1484411050137116672",20220605110150,,https://web.archive.org/web/20220605110150/https://twitter.com/GCRClassic/status/1484411050137116672,https://web.archive.org/web/20220605110150/https://twitter.com/gcrclassic/status/1484411050137116672,https://twitter.com/GCRClassic/status/1484411050137116672,https://twitter.com/gcrclassic/status/1484411050137116672,,,,text/html,200,AYR6N4GU6CA5PXXHEYR3TILXPVO2NQYA,7202
"com,twitter)/gcrclassic/status/1484411050137116672",20220719193314,,https://web.archive.org/web/20220719193314/https://twitter.com/GCRClassic/status/1484411050137116672,https://web.archive.org/web/20220719193314/https://twitter.com/gcrclassic/status/1484411050137116672,https://twitter.com/GCRClassic/status/1484411050137116672,https://twitter.com/gcrclassic/status/1484411050137116672,,,,text/html,200,3HNURBN2PCQQXYETNTDMEWEKIR6EYHAF,75045
"com,twitter)/gcrclassic/status/1484411050137116672",20220809165144,,https://web.archive.org/web/20220809165144/https://twitter.com/GCRClassic/status/1484411050137116672,https://web.archive.org/web/20220809165144/https://twitter.com/gcrclassic/status/1484411050137116672,https://twitter.com/GCRClassic/status/1484411050137116672,https://twitter.com/gcrclassic/status/1484411050137116672,,,,text/html,200,V3QUZZNTKRCWR7NGC4VLXPQA7MOY7WT4,75246
"com,twitter)/gcrclassic/status/1484411050137116672",20220807165104,,https://web.archive.org/web/20220807165104/https://twitter.com/GCRClassic/status/1484411050137116672,https://web.archive.org/web/20220807165104/https://twitter.com/gcrclassic/status/1484411050137116672,https://twitter.com/GCRClassic/status/1484411050137116672,https://twitter.com/gcrclassic/status/1484411050137116672,,,,text/html,200,ILRXNBJZ3KNSOURJQANL34WF6VPITUIL,75209
"com,twitter)/gcrclassic/status/1484411050137116672",20220714151424,,https://web.archive.org/web/20220714151424/https://twitter.com/GCRClassic/status/1484411050137116672,https://web.archive.org/web/20220714151424/https://twitter.com/gcrclassic/status/1484411050137116672,https://twitter.com/GCRClassic/status/1484411050137116672,https://twitter.com/gcrclassic/status/1484411050137116672,,,,text/html,200,FAYPU2TODT3XSWTTIZRPL5JZRKLM23V6,6642
"com,twitter)/gcrclassic/status/1484411050137116672",20220320143105,,https://web.archive.org/web/20220320143105/https://twitter.com/GCRClassic/status/1484411050137116672,https://web.archive.org/web/20220320143105/https://twitter.com/gcrclassic/status/1484411050137116672,https://twitter.com/GCRClassic/status/1484411050137116672,https://twitter.com/gcrclassic/status/1484411050137116672,,,,text/html,200,F3VIH6VD3PH52WN4DF5LOXT7ELTHFMPN,6305
"com,twitter)/gcrclassic/status/1484411050137116672",20220801201612,,https://web.archive.org/web/20220801201612/https://twitter.com/GCRClassic/status/1484411050137116672,https://web.archive.org/web/20220801201612/https://twitter.com/gcrclassic/status/1484411050137116672,https://twitter.com/GCRClassic/status/1484411050137116672,https://twitter.com/gcrclassic/status/1484411050137116672,,,,text/html,200,TBAXJBGIX2YCHIG55UEXLRPDHLO6WUBE,75347
"com,twitter)/gcrclassic/status/1484411050137116672",20220816052253,,https://web.archive.org/web/20220816052253/https://twitter.com/GCRClassic/status/1484411050137116672,https://web.archive.org/web/20220816052253/https://twitter.com/gcrclassic/status/1484411050137116672,https://twitter.com/GCRClassic/status/1484411050137116672,https://twitter.com/gcrclassic/status/1484411050137116672,,,,text/html,200,6WDWAVYZOM2L5FKB2WCHWKUWIMFQC3AB,75720
"com,twitter)/gcrclassic/status/1484411050137116672",20220831053643,,https://web.archive.org/web/20220831053643/https://twitter.com/GCRClassic/status/1484411050137116672,https://web.archive.org/web/20220831053643/https://twitter.com/gcrclassic/status/1484411050137116672,https://twitter.com/GCRClassic/status/1484411050137116672,https://twitter.com/gcrclassic/status/1484411050137116672,,,,text/html,200,OY5FQPTC6DZNNF2NEGBJ3EQ63BJMFLIR,76763
"com,twitter)/gcrclassic/status/1484411050137116672",20221126070633,,https://web.archive.org/web/20221126070633/https://twitter.com/GCRClassic/status/1484411050137116672,https://web.archive.org/web/20221126070633/https://twitter.com/gcrclassic/status/1484411050137116672,https://twitter.com/GCRClassic/status/1484411050137116672,https://twitter.com/gcrclassic/status/1484411050137116672,,,,text/html,200,RNEYQJHQVQBL336PA7CZ37TGW3QJKUHU,18860
"com,twitter)/gcrclassic/status/1484411050137116672",20220829073846,,https://web.archive.org/web/20220829073846/https://twitter.com/GCRClassic/status/1484411050137116672,https://web.archive.org/web/20220829073846/https://twitter.com/gcrclassic/status/1484411050137116672,https://twitter.com/GCRClassic/status/1484411050137116672,https://twitter.com/gcrclassic/status/1484411050137116672,,,,text/html,200,WTKGKNYMHJELZUKXFZF4UCA4WRBUZRKE,75460
"com,twitter)/gcrclassic/status/1484414681834045442",20220121064440,,https://web.archive.org/web/20220121064440/https://twitter.com/GCRClassic/status/1484414681834045442,https://web.archive.org/web/20220121064440/https://twitter.com/gcrclassic/status/1484414681834045442,https://twitter.com/GCRClassic/status/1484414681834045442,https://twitter.com/gcrclassic/status/1484414681834045442,,,,text/html,200,4DAPRD2ZC7WHFY4UQRNWVVSXRWCEXNYW,6611
"com,twitter)/gcrclassic/status/1484416579949502465",20220121064934,,https://web.archive.org/web/20220121064934/https://twitter.com/GCRClassic/status/1484416579949502465,https://web.archive.org/web/20220121064934/https://twitter.com/gcrclassic/status/1484416579949502465,https://twitter.com/GCRClassic/status/1484416579949502465,https://twitter.com/gcrclassic/status/1484416579949502465,,,,text/html,200,AOZBX5B7HVUGCFWHQIRO5BNQLY6MHW6E,5080
"com,twitter)/gcrclassic/status/1484415476914659330",20220121064113,,https://web.archive.org/web/20220121064113/https://twitter.com/GCRClassic/status/1484415476914659330,https://web.archive.org/web/20220121064113/https://twitter.com/gcrclassic/status/1484415476914659330,https://twitter.com/GCRClassic/status/1484415476914659330,https://twitter.com/gcrclassic/status/1484415476914659330,,,,text/html,200,GBSOAEANWJAG5OSCCAHEA7SESRXS5DKG,3851
"com,twitter)/gcrclassic/status/1484422269799739392",20220121071208,,https://web.archive.org/web/20220121071208/https://twitter.com/GCRClassic/status/1484422269799739392,https://web.archive.org/web/20220121071208/https://twitter.com/gcrclassic/status/1484422269799739392,https://twitter.com/GCRClassic/status/1484422269799739392,https://twitter.com/gcrclassic/status/1484422269799739392,,,,text/html,200,ZHLCMMOY4QWNDHRPMJ53EF4HP746JW2W,4651
"com,twitter)/gcrclassic/status/1484412243219464196",20220121063222,,https://web.archive.org/web/20220121063222/https://twitter.com/GCRClassic/status/1484412243219464196,https://web.archive.org/web/20220121063222/https://twitter.com/gcrclassic/status/1484412243219464196,https://twitter.com/GCRClassic/status/1484412243219464196,https://twitter.com/gcrclassic/status/1484412243219464196,,,,text/html,200,4XQU4CK27RXDLISYQJLFEAPVQCMRJ3DI,5966
"com,twitter)/gcrclassic/status/1484417030556164096",20220121065117,,https://web.archive.org/web/20220121065117/https://twitter.com/GCRClassic/status/1484417030556164096,https://web.archive.org/web/20220121065117/https://twitter.com/gcrclassic/status/1484417030556164096,https://twitter.com/GCRClassic/status/1484417030556164096,https://twitter.com/gcrclassic/status/1484417030556164096,,,,text/html,200,IVNGLKL5A4SZ4P2ES73SEXUALWPGVY7D,5099
"com,twitter)/gcrclassic/status/1484423760740552707",20220121071805,,https://web.archive.org/web/20220121071805/https://twitter.com/GCRClassic/status/1484423760740552707,https://web.archive.org/web/20220121071805/https://twitter.com/gcrclassic/status/1484423760740552707,https://twitter.com/GCRClassic/status/1484423760740552707,https://twitter.com/gcrclassic/status/1484423760740552707,,,,text/html,200,XH5JY4AERWQALXJUNHYFVYB2Z2AOJBBP,4893
"com,twitter)/gcrclassic/status/1484423760740552707",20220320143136,,https://web.archive.org/web/20220320143136/https://twitter.com/GCRClassic/status/1484423760740552707,https://web.archive.org/web/20220320143136/https://twitter.com/gcrclassic/status/1484423760740552707,https://twitter.com/GCRClassic/status/1484423760740552707,https://twitter.com/gcrclassic/status/1484423760740552707,,,,text/html,200,MAH7PFPVVFGQ3LKZVZTJEACVKNLWPS7V,6669
"com,twitter)/gcrclassic/status/1484423760740552707",20220423065814,,https://web.archive.org/web/20220423065814/https://twitter.com/GCRClassic/status/1484423760740552707,https://web.archive.org/web/20220423065814/https://twitter.com/gcrclassic/status/1484423760740552707,https://twitter.com/GCRClassic/status/1484423760740552707,https://twitter.com/gcrclassic/status/1484423760740552707,,,,text/html,200,PG3JZEYW2QJIUCQL2DUVQ4AIVU6VV5BW,9782
"com,twitter)/gcrclassic/status/1484423760740552707",20220510224251,,https://web.archive.org/web/20220510224251/https://twitter.com/GCRClassic/status/1484423760740552707,https://web.archive.org/web/20220510224251/https://twitter.com/gcrclassic/status/1484423760740552707,https://twitter.com/GCRClassic/status/1484423760740552707,https://twitter.com/gcrclassic/status/1484423760740552707,,,,text/html,200,OWE2R3ZXLKQJF5UYUP6KYLEWTRBBIJ64,7238
"com,twitter)/gcrclassic/status/1484423760740552707",20220516004917,,https://web.archive.org/web/20220516004917/https://twitter.com/GCRClassic/status/1484423760740552707,https://web.archive.org/web/20220516004917/https://twitter.com/gcrclassic/status/1484423760740552707,https://twitter.com/GCRClassic/status/1484423760740552707,https://twitter.com/gcrclassic/status/1484423760740552707,,,,text/html,200,DWCWRUAT44YVB7JXHD3TSCLRZKXWOKKS,7461
"com,twitter)/gcrclassic/status/1484645463953453061",20220121215816,,https://web.archive.org/web/20220121215816/https://twitter.com/GCRClassic/status/1484645463953453061,https://web.archive.org/web/20220121215816/https://twitter.com/gcrclassic/status/1484645463953453061,https://twitter.com/GCRClassic/status/1484645463953453061,https://twitter.com/gcrclassic/status/1484645463953453061,,,,text/html,200,3BXLL3FM4CWQ43CUN2EJBKPLRWQQWPCN,5548
"com,twitter)/gcrclassic/status/1484423760740552707",20220617134347,,https://web.archive.org/web/20220617134347/https://twitter.com/GCRClassic/status/1484423760740552707,https://web.archive.org/web/20220617134347/https://twitter.com/gcrclassic/status/1484423760740552707,https://twitter.com/GCRClassic/status/1484423760740552707,https://twitter.com/gcrclassic/status/1484423760740552707,,,,text/html,200,7FBHBPLRMNRXCLGQE7RCGEQEJ7D2X32U,7384
"com,twitter)/gcrclassic/status/1484423760740552707",20220630193150,,https://web.archive.org/web/20220630193150/https://twitter.com/GCRClassic/status/1484423760740552707,https://web.archive.org/web/20220630193150/https://twitter.com/gcrclassic/status/1484423760740552707,https://twitter.com/GCRClassic/status/1484423760740552707,https://twitter.com/gcrclassic/status/1484423760740552707,,,,text/html,200,QLKJXTFTTJATOTJZ5U4PH7RJ6D4N64IS,6413
"com,twitter)/gcrclassic/status/1484423760740552707",20220527084014,,https://web.archive.org/web/20220527084014/https://twitter.com/GCRClassic/status/1484423760740552707,https://web.archive.org/web/20220527084014/https://twitter.com/gcrclassic/status/1484423760740552707,https://twitter.com/GCRClassic/status/1484423760740552707,https://twitter.com/gcrclassic/status/1484423760740552707,,,,text/html,200,OFDHHH6MI6EESMHYLPSVL3DZPC2Z4XFR,8398
"com,twitter)/gcrclassic/status/1484645463953453061",20220420052121,,https://web.archive.org/web/20220420052121/https://twitter.com/GCRClassic/status/1484645463953453061,https://web.archive.org/web/20220420052121/https://twitter.com/gcrclassic/status/1484645463953453061,https://twitter.com/GCRClassic/status/1484645463953453061,https://twitter.com/gcrclassic/status/1484645463953453061,,,,text/html,200,S32GNYFUS3DVG4T3NUIVDDRPAFZTX72X,7520
"com,twitter)/gcrclassic/status/1484645463953453061",20220422052150,,https://web.archive.org/web/20220422052150/https://twitter.com/GCRClassic/status/1484645463953453061,https://web.archive.org/web/20220422052150/https://twitter.com/gcrclassic/status/1484645463953453061,https://twitter.com/GCRClassic/status/1484645463953453061,https://twitter.com/gcrclassic/status/1484645463953453061,,,,text/html,200,QFFXDVI7C6KV2NWTYR4OBY33M2BWTSWE,6988
"com,twitter)/gcrclassic/status/1484645463953453061",20220430203229,,https://web.archive.org/web/20220430203229/https://twitter.com/GCRClassic/status/1484645463953453061,https://web.archive.org/web/20220430203229/https://twitter.com/gcrclassic/status/1484645463953453061,https://twitter.com/GCRClassic/status/1484645463953453061,https://twitter.com/gcrclassic/status/1484645463953453061,,,,text/html,200,XXNTCTPX5PUAQOPVCD5OVJ6APBGK4TBX,13870
"com,twitter)/gcrclassic/status/1484645463953453061",20220502203228,,https://web.archive.org/web/20220502203228/https://twitter.com/GCRClassic/status/1484645463953453061,https://web.archive.org/web/20220502203228/https://twitter.com/gcrclassic/status/1484645463953453061,https://twitter.com/GCRClassic/status/1484645463953453061,https://twitter.com/gcrclassic/status/1484645463953453061,,,,text/html,200,5YULQVPU3ZI64ENRHQRQ5HXB7IBDBAGK,7299
"com,twitter)/gcrclassic/status/1484645463953453061",20220516052039,,https://web.archive.org/web/20220516052039/https://twitter.com/GCRClassic/status/1484645463953453061,https://web.archive.org/web/20220516052039/https://twitter.com/gcrclassic/status/1484645463953453061,https://twitter.com/GCRClassic/status/1484645463953453061,https://twitter.com/gcrclassic/status/1484645463953453061,,,,text/html,200,MFURUFIBSSGT4QTMY232FEKZTSEIMUIZ,7139
"com,twitter)/gcrclassic/status/1484645463953453061",20220516004534,,https://web.archive.org/web/20220516004534/https://twitter.com/GCRClassic/status/1484645463953453061,https://web.archive.org/web/20220516004534/https://twitter.com/gcrclassic/status/1484645463953453061,https://twitter.com/GCRClassic/status/1484645463953453061,https://twitter.com/gcrclassic/status/1484645463953453061,,,,text/html,200,PGKO7UWWP4KC7KS7SSFE2RYKMGDLXWVG,7097
"com,twitter)/gcrclassic/status/1484645463953453061",20220511070617,,https://web.archive.org/web/20220511070617/https://twitter.com/GCRClassic/status/1484645463953453061,https://web.archive.org/web/20220511070617/https://twitter.com/gcrclassic/status/1484645463953453061,https://twitter.com/GCRClassic/status/1484645463953453061,https://twitter.com/gcrclassic/status/1484645463953453061,,,,text/html,200,GBRAC3OR4ASY2IERZSUCGNZJMKJZGVAE,7169
"com,twitter)/gcrclassic/status/1484645463953453061",20220724194531,,https://web.archive.org/web/20220724194531/https://twitter.com/GCRClassic/status/1484645463953453061,https://web.archive.org/web/20220724194531/https://twitter.com/gcrclassic/status/1484645463953453061,https://twitter.com/GCRClassic/status/1484645463953453061,https://twitter.com/gcrclassic/status/1484645463953453061,,,,text/html,200,FL7GP63AXVMTNTI7JSH6ZTMOLOSFPGUN,81302
"com,twitter)/gcrclassic/status/1484645463953453061",20220730054250,,https://web.archive.org/web/20220730054250/https://twitter.com/GCRClassic/status/1484645463953453061,https://web.archive.org/web/20220730054250/https://twitter.com/gcrclassic/status/1484645463953453061,https://twitter.com/GCRClassic/status/1484645463953453061,https://twitter.com/gcrclassic/status/1484645463953453061,,,,text/html,200,FVNHHW47IRK3UTAFJVVZOVHEDOTMUUOG,81522
"com,twitter)/gcrclassic/status/1484647173321068548",20220121220601,,https://web.archive.org/web/20220121220601/https://twitter.com/GCRClassic/status/1484647173321068548,https://web.archive.org/web/20220121220601/https://twitter.com/gcrclassic/status/1484647173321068548,https://twitter.com/GCRClassic/status/1484647173321068548,https://twitter.com/gcrclassic/status/1484647173321068548,,,,text/html,200,IVNPVSGDQCPCBAUII2GKS6SGLZG6EIYZ,6397
"com,twitter)/gcrclassic/status/1484645463953453061",20220731180114,,https://web.archive.org/web/20220731180114/https://twitter.com/GCRClassic/status/1484645463953453061,https://web.archive.org/web/20220731180114/https://twitter.com/gcrclassic/status/1484645463953453061,https://twitter.com/GCRClassic/status/1484645463953453061,https://twitter.com/gcrclassic/status/1484645463953453061,,,,text/html,200,2X5ZG5WHDC7XICR6UV4HEX6K6E5MNF5W,81528
"com,twitter)/gcrclassic/status/1484647173321068548",20220511080745,,https://web.archive.org/web/20220511080745/https://twitter.com/GCRClassic/status/1484647173321068548,https://web.archive.org/web/20220511080745/https://twitter.com/gcrclassic/status/1484647173321068548,https://twitter.com/GCRClassic/status/1484647173321068548,https://twitter.com/gcrclassic/status/1484647173321068548,,,,text/html,200,HRRSFF2XNHUH2LDM3CWEZEMPT34VEV3F,6844
"com,twitter)/gcrclassic/status/1484647173321068548",20220728091835,,https://web.archive.org/web/20220728091835/https://twitter.com/GCRClassic/status/1484647173321068548,https://web.archive.org/web/20220728091835/https://twitter.com/gcrclassic/status/1484647173321068548,https://twitter.com/GCRClassic/status/1484647173321068548,https://twitter.com/gcrclassic/status/1484647173321068548,,,,text/html,200,6JHLDECIGCSEIBMZ24I3KV3ZHXEVLPUH,68670
"com,twitter)/gcrclassic/status/1484648010340515840",20220121220907,,https://web.archive.org/web/20220121220907/https://twitter.com/GCRClassic/status/1484648010340515840,https://web.archive.org/web/20220121220907/https://twitter.com/gcrclassic/status/1484648010340515840,https://twitter.com/GCRClassic/status/1484648010340515840,https://twitter.com/gcrclassic/status/1484648010340515840,,,,text/html,200,BARCIPQB7SB6INQMUOFDBHGDPSX2DXMX,4271
"com,twitter)/gcrclassic/status/1484875149421723651",20220122130806,,https://web.archive.org/web/20220122130806/https://twitter.com/GCRClassic/status/1484875149421723651,https://web.archive.org/web/20220122130806/https://twitter.com/gcrclassic/status/1484875149421723651,https://twitter.com/GCRClassic/status/1484875149421723651,https://twitter.com/gcrclassic/status/1484875149421723651,,,,text/html,200,MAH5U7GZHIRDO7JEBMHS7HOUABH4E6EB,4788
"com,twitter)/gcrclassic/status/1484649376341544961",20220511080818,,https://web.archive.org/web/20220511080818/https://twitter.com/GCRClassic/status/1484649376341544961,https://web.archive.org/web/20220511080818/https://twitter.com/gcrclassic/status/1484649376341544961,https://twitter.com/GCRClassic/status/1484649376341544961,https://twitter.com/gcrclassic/status/1484649376341544961,,,,text/html,200,LNTJZX66YMRRFY35IQTVDCBU4LH4FSL6,8499
"com,twitter)/gcrclassic/status/1485687608676081665",20220124190015,,https://web.archive.org/web/20220124190015/https://twitter.com/GCRClassic/status/1485687608676081665,https://web.archive.org/web/20220124190015/https://twitter.com/gcrclassic/status/1485687608676081665,https://twitter.com/GCRClassic/status/1485687608676081665,https://twitter.com/gcrclassic/status/1485687608676081665,,,,text/html,200,45XDFHFYGTFHAAXK23ELWGTSDIPT2RVW,6224
"com,twitter)/gcrclassic/status/1484652809077370889",20220121222824,,https://web.archive.org/web/20220121222824/https://twitter.com/GCRClassic/status/1484652809077370889,https://web.archive.org/web/20220121222824/https://twitter.com/gcrclassic/status/1484652809077370889,https://twitter.com/GCRClassic/status/1484652809077370889,https://twitter.com/gcrclassic/status/1484652809077370889,,,,text/html,302,HOCN5YNKX3UE4PEGAQUUFNIEGEB6OWAR,506
"com,twitter)/gcrclassic/status/1484649376341544961",20220121221435,,https://web.archive.org/web/20220121221435/https://twitter.com/GCRClassic/status/1484649376341544961,https://web.archive.org/web/20220121221435/https://twitter.com/gcrclassic/status/1484649376341544961,https://twitter.com/GCRClassic/status/1484649376341544961,https://twitter.com/gcrclassic/status/1484649376341544961,,,,text/html,200,DUVKYTS5MJDJUXM6XBFQC5LXHZ5RBJMS,3931
"com,twitter)/gcrclassic/status/1485043639181000705",20220123001639,,https://web.archive.org/web/20220123001639/https://twitter.com/GCRClassic/status/1485043639181000705,https://web.archive.org/web/20220123001639/https://twitter.com/gcrclassic/status/1485043639181000705,https://twitter.com/GCRClassic/status/1485043639181000705,https://twitter.com/gcrclassic/status/1485043639181000705,,,,text/html,200,4WX2BA74CBCV77LR62BCZR6TZT6TE65V,4356
"com,twitter)/gcrclassic/status/1485785778940747778",20220125013021,,https://web.archive.org/web/20220125013021/https://twitter.com/GCRClassic/status/1485785778940747778,https://web.archive.org/web/20220125013021/https://twitter.com/gcrclassic/status/1485785778940747778,https://twitter.com/GCRClassic/status/1485785778940747778,https://twitter.com/gcrclassic/status/1485785778940747778,,,,text/html,200,R67KHG35C42S3OIUSQUVXK4B3D65Y3AB,5434
"com,twitter)/gcrclassic/status/1485785778940747778",20220507084427,,https://web.archive.org/web/20220507084427/https://twitter.com/GCRClassic/status/1485785778940747778,https://web.archive.org/web/20220507084427/https://twitter.com/gcrclassic/status/1485785778940747778,https://twitter.com/GCRClassic/status/1485785778940747778,https://twitter.com/gcrclassic/status/1485785778940747778,,,,text/html,200,QCWCNDG5F5KO3KMU5UP52IBA3N5P5FWW,7947
"com,twitter)/gcrclassic/status/1486091920602542084",20220125214319,,https://web.archive.org/web/20220125214319/https://twitter.com/GCRClassic/status/1486091920602542084,https://web.archive.org/web/20220125214319/https://twitter.com/gcrclassic/status/1486091920602542084,https://twitter.com/GCRClassic/status/1486091920602542084,https://twitter.com/gcrclassic/status/1486091920602542084,,,,text/html,200,OAWHGLTGZAE7H6SVTV5CISE2E2KMORFT,5159
"com,twitter)/gcrclassic/status/1486567942120779780",20220127051820,,https://web.archive.org/web/20220127051820/https://twitter.com/GCRClassic/status/1486567942120779780,https://web.archive.org/web/20220127051820/https://twitter.com/gcrclassic/status/1486567942120779780,https://twitter.com/GCRClassic/status/1486567942120779780,https://twitter.com/gcrclassic/status/1486567942120779780,,,,text/html,200,H5ZHQKO3P3AX3EANR4MV7DVCUR5MWZPQ,4029
"com,twitter)/gcrclassic/status/1485785778940747778",20220516052057,,https://web.archive.org/web/20220516052057/https://twitter.com/GCRClassic/status/1485785778940747778,https://web.archive.org/web/20220516052057/https://twitter.com/gcrclassic/status/1485785778940747778,https://twitter.com/GCRClassic/status/1485785778940747778,https://twitter.com/gcrclassic/status/1485785778940747778,,,,text/html,200,LGXB3TGKFVL6LSXGYY7TAGGEGLO5E5XZ,7390
"com,twitter)/gcrclassic/status/1486091920602542084",20220516004502,,https://web.archive.org/web/20220516004502/https://twitter.com/GCRClassic/status/1486091920602542084,https://web.archive.org/web/20220516004502/https://twitter.com/gcrclassic/status/1486091920602542084,https://twitter.com/GCRClassic/status/1486091920602542084,https://twitter.com/gcrclassic/status/1486091920602542084,,,,text/html,200,UOFMZLO2V25PDK3LC5NYWUBOUNWQ4YND,7245
"com,twitter)/gcrclassic/status/1486556689163857923",20220127042901,,https://web.archive.org/web/20220127042901/https://twitter.com/GCRClassic/status/1486556689163857923,https://web.archive.org/web/20220127042901/https://twitter.com/gcrclassic/status/1486556689163857923,https://twitter.com/GCRClassic/status/1486556689163857923,https://twitter.com/gcrclassic/status/1486556689163857923,,,,text/html,200,325X2ADAA3OASUWKDXVMHEBNWMY3KLUT,4337
"com,twitter)/gcrclassic/status/1486577549727698948",20220127055626,,https://web.archive.org/web/20220127055626/https://twitter.com/GCRClassic/status/1486577549727698948,https://web.archive.org/web/20220127055626/https://twitter.com/gcrclassic/status/1486577549727698948,https://twitter.com/GCRClassic/status/1486577549727698948,https://twitter.com/gcrclassic/status/1486577549727698948,,,,text/html,200,5P42V6B2PJZWRJ7L2QYTPUANPJGMNXEW,4132
"com,twitter)/gcrclassic/status/1486645737446416387",20220127102729,,https://web.archive.org/web/20220127102729/https://twitter.com/GCRClassic/status/1486645737446416387,https://web.archive.org/web/20220127102729/https://twitter.com/gcrclassic/status/1486645737446416387,https://twitter.com/GCRClassic/status/1486645737446416387,https://twitter.com/gcrclassic/status/1486645737446416387,,,,text/html,200,N2IFXM5AOVPTVDM7JGXFF5VAJ2XW4WAR,7579
"com,twitter)/gcrclassic/status/1486576985853865985",20220127055332,,https://web.archive.org/web/20220127055332/https://twitter.com/GCRClassic/status/1486576985853865985,https://web.archive.org/web/20220127055332/https://twitter.com/gcrclassic/status/1486576985853865985,https://twitter.com/GCRClassic/status/1486576985853865985,https://twitter.com/gcrclassic/status/1486576985853865985,,,,text/html,200,V7WERLUJ544MD6Z35AZBGMOFLYHVTAYY,4559
"com,twitter)/gcrclassic/status/1486646309264183311",20220127103200,,https://web.archive.org/web/20220127103200/https://twitter.com/GCRClassic/status/1486646309264183311,https://web.archive.org/web/20220127103200/https://twitter.com/gcrclassic/status/1486646309264183311,https://twitter.com/GCRClassic/status/1486646309264183311,https://twitter.com/gcrclassic/status/1486646309264183311,,,,text/html,200,RJ3JW2XLYDKX5PL2KVOEZGLEPQ3I7A5T,4838
"com,twitter)/gcrclassic/status/1486710689372815360",20220127144140,,https://web.archive.org/web/20220127144140/https://twitter.com/GCRClassic/status/1486710689372815360,https://web.archive.org/web/20220127144140/https://twitter.com/gcrclassic/status/1486710689372815360,https://twitter.com/GCRClassic/status/1486710689372815360,https://twitter.com/gcrclassic/status/1486710689372815360,,,,text/html,200,WW66KGGHI34MBUTWT74S5U4A6JPADQ5K,4465
"com,twitter)/gcrclassic/status/1486710903357718530",20220127144630,,https://web.archive.org/web/20220127144630/https://twitter.com/GCRClassic/status/1486710903357718530,https://web.archive.org/web/20220127144630/https://twitter.com/gcrclassic/status/1486710903357718530,https://twitter.com/GCRClassic/status/1486710903357718530,https://twitter.com/gcrclassic/status/1486710903357718530,,,,text/html,302,SWRKWWQYOKX3X645MXUB4QFJLZTXYMCY,520
"com,twitter)/gcrclassic/status/1486713965992239105",20220127145849,,https://web.archive.org/web/20220127145849/https://twitter.com/GCRClassic/status/1486713965992239105,https://web.archive.org/web/20220127145849/https://twitter.com/gcrclassic/status/1486713965992239105,https://twitter.com/GCRClassic/status/1486713965992239105,https://twitter.com/gcrclassic/status/1486713965992239105,,,,text/html,200,5WK7WHLT2IU6NWCDUAI2SY4XETDQQKUW,7225
"com,twitter)/gcrclassic/status/1487794994958290951",20220130143637,,https://web.archive.org/web/20220130143637/https://twitter.com/GCRClassic/status/1487794994958290951,https://web.archive.org/web/20220130143637/https://twitter.com/gcrclassic/status/1487794994958290951,https://twitter.com/GCRClassic/status/1487794994958290951,https://twitter.com/gcrclassic/status/1487794994958290951,,,,text/html,200,5EWWQWYKTH5XGRMOK2HH34MIGOGVA4XT,5202
"com,twitter)/gcrclassic/status/1487413308328185857",20220129131732,,https://web.archive.org/web/20220129131732/https://twitter.com/GCRClassic/status/1487413308328185857,https://web.archive.org/web/20220129131732/https://twitter.com/gcrclassic/status/1487413308328185857,https://twitter.com/GCRClassic/status/1487413308328185857,https://twitter.com/gcrclassic/status/1487413308328185857,,,,text/html,200,DXSQD6CBZHAUDKBL2RJLBJZU2EKA6UVK,4444
"com,twitter)/gcrclassic/status/1487414149596561410",20220129131703,,https://web.archive.org/web/20220129131703/https://twitter.com/GCRClassic/status/1487414149596561410,https://web.archive.org/web/20220129131703/https://twitter.com/gcrclassic/status/1487414149596561410,https://twitter.com/GCRClassic/status/1487414149596561410,https://twitter.com/gcrclassic/status/1487414149596561410,,,,text/html,200,Z67I4LNOFOSEZ4AWK3JDXCGG6Q5T5Q6X,4709
"com,twitter)/gcrclassic/status/1487794994958290951",20220516004605,,https://web.archive.org/web/20220516004605/https://twitter.com/GCRClassic/status/1487794994958290951,https://web.archive.org/web/20220516004605/https://twitter.com/gcrclassic/status/1487794994958290951,https://twitter.com/GCRClassic/status/1487794994958290951,https://twitter.com/gcrclassic/status/1487794994958290951,,,,text/html,200,I2Y4N7WEIETOSESPNSVAINP3NKV72MTL,6852
"com,twitter)/gcrclassic/status/1487796131434225667",20220130143842,,https://web.archive.org/web/20220130143842/https://twitter.com/GCRClassic/status/1487796131434225667,https://web.archive.org/web/20220130143842/https://twitter.com/gcrclassic/status/1487796131434225667,https://twitter.com/GCRClassic/status/1487796131434225667,https://twitter.com/gcrclassic/status/1487796131434225667,,,,text/html,200,L2K3KQZBIS24EQRSYFS73MQV43NTZRAU,4639
"com,twitter)/gcrclassic/status/1487796131434225667",20220516005151,,https://web.archive.org/web/20220516005151/https://twitter.com/GCRClassic/status/1487796131434225667,https://web.archive.org/web/20220516005151/https://twitter.com/gcrclassic/status/1487796131434225667,https://twitter.com/GCRClassic/status/1487796131434225667,https://twitter.com/gcrclassic/status/1487796131434225667,,,,text/html,200,QZVTON6VH4MXQX4E57AGVT72PWXC6SFH,7868
"com,twitter)/gcrclassic/status/1487797885223596032",20220130144544,,https://web.archive.org/web/20220130144544/https://twitter.com/GCRClassic/status/1487797885223596032,https://web.archive.org/web/20220130144544/https://twitter.com/gcrclassic/status/1487797885223596032,https://twitter.com/GCRClassic/status/1487797885223596032,https://twitter.com/gcrclassic/status/1487797885223596032,,,,text/html,200,YORWPGG7FO56XIBL4SJJLITHX6E3FOS7,4922
"com,twitter)/gcrclassic/status/1487799298599358466",20220130145115,,https://web.archive.org/web/20220130145115/https://twitter.com/GCRClassic/status/1487799298599358466,https://web.archive.org/web/20220130145115/https://twitter.com/gcrclassic/status/1487799298599358466,https://twitter.com/GCRClassic/status/1487799298599358466,https://twitter.com/gcrclassic/status/1487799298599358466,,,,text/html,200,ZPZMYE4OLXTZRSPZKBR5ILZACN3OPEF4,4504
"com,twitter)/gcrclassic/status/1488577608358977540",20220201182406,,https://web.archive.org/web/20220201182406/https://twitter.com/GCRClassic/status/1488577608358977540,https://web.archive.org/web/20220201182406/https://twitter.com/gcrclassic/status/1488577608358977540,https://twitter.com/GCRClassic/status/1488577608358977540,https://twitter.com/gcrclassic/status/1488577608358977540,,,,text/html,200,5D6GL46TKQ2YXJ2GEFOQAQAOKSFYXIMY,5501
"com,twitter)/gcrclassic/status/1487799849542168583",20220130145544,,https://web.archive.org/web/20220130145544/https://twitter.com/GCRClassic/status/1487799849542168583,https://web.archive.org/web/20220130145544/https://twitter.com/gcrclassic/status/1487799849542168583,https://twitter.com/GCRClassic/status/1487799849542168583,https://twitter.com/gcrclassic/status/1487799849542168583,,,,text/html,200,LIIPACGICZNRBVRD7BRM5DB2PNHDATWY,5030
"com,twitter)/gcrclassic/status/1488577076592619525",20220201181947,,https://web.archive.org/web/20220201181947/https://twitter.com/GCRClassic/status/1488577076592619525,https://web.archive.org/web/20220201181947/https://twitter.com/gcrclassic/status/1488577076592619525,https://twitter.com/GCRClassic/status/1488577076592619525,https://twitter.com/gcrclassic/status/1488577076592619525,,,,text/html,200,JCIBKLQVNZIC6ZLU5GRNAGV5BAIBOKWI,5770
"com,twitter)/gcrclassic/status/1488588223861379077",20220516004452,,https://web.archive.org/web/20220516004452/https://twitter.com/GCRClassic/status/1488588223861379077,https://web.archive.org/web/20220516004452/https://twitter.com/gcrclassic/status/1488588223861379077,https://twitter.com/GCRClassic/status/1488588223861379077,https://twitter.com/gcrclassic/status/1488588223861379077,,,,text/html,200,X5DMUYW3IQ4VEOHAOK7S7GLBDYXKQEYS,7169
"com,twitter)/gcrclassic/status/1488588223861379077",20220201190157,,https://web.archive.org/web/20220201190157/https://twitter.com/GCRClassic/status/1488588223861379077,https://web.archive.org/web/20220201190157/https://twitter.com/gcrclassic/status/1488588223861379077,https://twitter.com/GCRClassic/status/1488588223861379077,https://twitter.com/gcrclassic/status/1488588223861379077,,,,text/html,200,WT767HRVDE7R5OZCXEQLFTWTY2GSXYHC,6125
"com,twitter)/gcrclassic/status/1487809282380869634",20220130153059,,https://web.archive.org/web/20220130153059/https://twitter.com/GCRClassic/status/1487809282380869634,https://web.archive.org/web/20220130153059/https://twitter.com/gcrclassic/status/1487809282380869634,https://twitter.com/GCRClassic/status/1487809282380869634,https://twitter.com/gcrclassic/status/1487809282380869634,,,,text/html,200,Q6X2DIJ2L77XBNIL6PY5YSPYQ4TFJ3FG,4012
"com,twitter)/gcrclassic/status/1488588573280555011",20220201190738,,https://web.archive.org/web/20220201190738/https://twitter.com/GCRClassic/status/1488588573280555011,https://web.archive.org/web/20220201190738/https://twitter.com/gcrclassic/status/1488588573280555011,https://twitter.com/GCRClassic/status/1488588573280555011,https://twitter.com/gcrclassic/status/1488588573280555011,,,,text/html,200,XFCG34N4HEVKJGX2ZXRM3FYKJXKJ6ZYR,5233
"com,twitter)/gcrclassic/status/1488589495083716612",20220201191113,,https://web.archive.org/web/20220201191113/https://twitter.com/GCRClassic/status/1488589495083716612,https://web.archive.org/web/20220201191113/https://twitter.com/gcrclassic/status/1488589495083716612,https://twitter.com/GCRClassic/status/1488589495083716612,https://twitter.com/gcrclassic/status/1488589495083716612,,,,text/html,200,UROMWMIFD72HXWJDVIU2JC7XCNMKKHYZ,5505
"com,twitter)/gcrclassic/status/1488602226134237186",20220201200150,,https://web.archive.org/web/20220201200150/https://twitter.com/GCRClassic/status/1488602226134237186,https://web.archive.org/web/20220201200150/https://twitter.com/gcrclassic/status/1488602226134237186,https://twitter.com/GCRClassic/status/1488602226134237186,https://twitter.com/gcrclassic/status/1488602226134237186,,,,text/html,200,SZ6ULDBOCRCQQAFX3YBXNM5OPALRL5JX,4963
"com,twitter)/gcrclassic/status/1489100060986118147",20220203050001,,https://web.archive.org/web/20220203050001/https://twitter.com/GCRClassic/status/1489100060986118147,https://web.archive.org/web/20220203050001/https://twitter.com/gcrclassic/status/1489100060986118147,https://twitter.com/GCRClassic/status/1489100060986118147,https://twitter.com/gcrclassic/status/1489100060986118147,,,,text/html,200,GEJAWNKTANWQZNISPI5SGNFFL5ELYOZQ,4771
"com,twitter)/gcrclassic/status/1489770038911508488",20220205011744,,https://web.archive.org/web/20220205011744/https://twitter.com/GCRClassic/status/1489770038911508488,https://web.archive.org/web/20220205011744/https://twitter.com/gcrclassic/status/1489770038911508488,https://twitter.com/GCRClassic/status/1489770038911508488,https://twitter.com/gcrclassic/status/1489770038911508488,,,,text/html,200,A4QWVHSI73GRW6QXDOKLFIW3QPMMHX7N,4221
"com,twitter)/gcrclassic/status/1489770740165623815",20220205012505,,https://web.archive.org/web/20220205012505/https://twitter.com/GCRClassic/status/1489770740165623815,https://web.archive.org/web/20220205012505/https://twitter.com/gcrclassic/status/1489770740165623815,https://twitter.com/GCRClassic/status/1489770740165623815,https://twitter.com/gcrclassic/status/1489770740165623815,,,,text/html,200,QP6V44R6L7LOSC2AQGHW47QLRQ7HBWEM,3915
"com,twitter)/gcrclassic/status/1490205266213851140",20220206060758,,https://web.archive.org/web/20220206060758/https://twitter.com/GCRClassic/status/1490205266213851140,https://web.archive.org/web/20220206060758/https://twitter.com/gcrclassic/status/1490205266213851140,https://twitter.com/GCRClassic/status/1490205266213851140,https://twitter.com/gcrclassic/status/1490205266213851140,,,,text/html,200,U7IELFFRIVFVGXMPVKU7GVOVESBPEJKV,5117
"com,twitter)/gcrclassic/status/1489102242707820546",20220203050846,,https://web.archive.org/web/20220203050846/https://twitter.com/GCRClassic/status/1489102242707820546,https://web.archive.org/web/20220203050846/https://twitter.com/gcrclassic/status/1489102242707820546,https://twitter.com/GCRClassic/status/1489102242707820546,https://twitter.com/gcrclassic/status/1489102242707820546,,,,text/html,200,UOT6VT2BMMWI5RYBC3BCUNKUYP3QR7GV,4510
"com,twitter)/gcrclassic/status/1490207887720914945",20220206062206,,https://web.archive.org/web/20220206062206/https://twitter.com/GCRClassic/status/1490207887720914945,https://web.archive.org/web/20220206062206/https://twitter.com/gcrclassic/status/1490207887720914945,https://twitter.com/GCRClassic/status/1490207887720914945,https://twitter.com/gcrclassic/status/1490207887720914945,,,,text/html,200,5AFK2UP3X5ZE2IWOT4MUKVXWCSTH4DF7,5522
"com,twitter)/gcrclassic/status/1490211179301584896",20220206063519,,https://web.archive.org/web/20220206063519/https://twitter.com/GCRClassic/status/1490211179301584896,https://web.archive.org/web/20220206063519/https://twitter.com/gcrclassic/status/1490211179301584896,https://twitter.com/GCRClassic/status/1490211179301584896,https://twitter.com/gcrclassic/status/1490211179301584896,,,,text/html,200,BG7NRPRAYDT3URR3DRZ4JVC4WP73WU5M,4933
"com,twitter)/gcrclassic/status/1490205943820390406",20220206061425,,https://web.archive.org/web/20220206061425/https://twitter.com/GCRClassic/status/1490205943820390406,https://web.archive.org/web/20220206061425/https://twitter.com/gcrclassic/status/1490205943820390406,https://twitter.com/GCRClassic/status/1490205943820390406,https://twitter.com/gcrclassic/status/1490205943820390406,,,,text/html,200,RNTXNN6A3P5M7LKGPGB42ZILSQPFZVW5,4061
"com,twitter)/gcrclassic/status/1490215654456233984",20220206065302,,https://web.archive.org/web/20220206065302/https://twitter.com/GCRClassic/status/1490215654456233984,https://web.archive.org/web/20220206065302/https://twitter.com/gcrclassic/status/1490215654456233984,https://twitter.com/GCRClassic/status/1490215654456233984,https://twitter.com/gcrclassic/status/1490215654456233984,,,,text/html,200,OC5SIUTXU6I34KSAG2GSSWMQBP7S3SXI,4496
"com,twitter)/gcrclassic/status/1490212901361266691",20220206064214,,https://web.archive.org/web/20220206064214/https://twitter.com/GCRClassic/status/1490212901361266691,https://web.archive.org/web/20220206064214/https://twitter.com/gcrclassic/status/1490212901361266691,https://twitter.com/GCRClassic/status/1490212901361266691,https://twitter.com/gcrclassic/status/1490212901361266691,,,,text/html,200,IYGHO4BG4DMVSC34N55BY3ZEJVV7MZGV,3893
"com,twitter)/gcrclassic/status/1490216122821586945",20220206065453,,https://web.archive.org/web/20220206065453/https://twitter.com/GCRClassic/status/1490216122821586945,https://web.archive.org/web/20220206065453/https://twitter.com/gcrclassic/status/1490216122821586945,https://twitter.com/GCRClassic/status/1490216122821586945,https://twitter.com/gcrclassic/status/1490216122821586945,,,,text/html,200,XNRWWX2JHXAC2RY2XC62CG235MIAY7QP,3884
"com,twitter)/gcrclassic/status/1490438253165563905",20220206214019,,https://web.archive.org/web/20220206214019/https://twitter.com/GCRClassic/status/1490438253165563905,https://web.archive.org/web/20220206214019/https://twitter.com/gcrclassic/status/1490438253165563905,https://twitter.com/GCRClassic/status/1490438253165563905,https://twitter.com/gcrclassic/status/1490438253165563905,,,,text/html,200,C5QVDSAPKDO7Q4QGZQWY32OLP2SKROUB,6251
"com,twitter)/gcrclassic/status/1490438253165563905",20220506020428,,https://web.archive.org/web/20220506020428/https://twitter.com/GCRClassic/status/1490438253165563905,https://web.archive.org/web/20220506020428/https://twitter.com/gcrclassic/status/1490438253165563905,https://twitter.com/GCRClassic/status/1490438253165563905,https://twitter.com/gcrclassic/status/1490438253165563905,,,,text/html,200,NZ6I3HHYFPZBMWFV636CRKHDYH66IMC2,8114
"com,twitter)/gcrclassic/status/1490438253165563905",20220513181257,,https://web.archive.org/web/20220513181257/https://twitter.com/GCRClassic/status/1490438253165563905,https://web.archive.org/web/20220513181257/https://twitter.com/gcrclassic/status/1490438253165563905,https://twitter.com/GCRClassic/status/1490438253165563905,https://twitter.com/gcrclassic/status/1490438253165563905,,,,text/html,200,W6MNIU5MD6LNDORV7SPZNYLGET3HW74S,7651
"com,twitter)/gcrclassic/status/1490438253165563905",20220407224122,,https://web.archive.org/web/20220407224122/https://twitter.com/GCRClassic/status/1490438253165563905,https://web.archive.org/web/20220407224122/https://twitter.com/gcrclassic/status/1490438253165563905,https://twitter.com/GCRClassic/status/1490438253165563905,https://twitter.com/gcrclassic/status/1490438253165563905,,,,text/html,200,VFLDWRFIWPHT4JP3XUMX325YWUXNU3KJ,9486
"com,twitter)/gcrclassic/status/1490438253165563905",20220508020121,,https://web.archive.org/web/20220508020121/https://twitter.com/GCRClassic/status/1490438253165563905,https://web.archive.org/web/20220508020121/https://twitter.com/gcrclassic/status/1490438253165563905,https://twitter.com/GCRClassic/status/1490438253165563905,https://twitter.com/gcrclassic/status/1490438253165563905,,,,text/html,200,VZ2XTB3XGN22E5RWOCUYKJYQTOUAV253,7513
"com,twitter)/gcrclassic/status/1490438253165563905",20220527112022,,https://web.archive.org/web/20220527112022/https://twitter.com/GCRClassic/status/1490438253165563905,https://web.archive.org/web/20220527112022/https://twitter.com/gcrclassic/status/1490438253165563905,https://twitter.com/GCRClassic/status/1490438253165563905,https://twitter.com/gcrclassic/status/1490438253165563905,,,,text/html,200,K7SBKCY2NTAPNVHLZAITYSTL4GKQYXTS,8823
"com,twitter)/gcrclassic/status/1490438253165563905",20220516004525,,https://web.archive.org/web/20220516004525/https://twitter.com/GCRClassic/status/1490438253165563905,https://web.archive.org/web/20220516004525/https://twitter.com/gcrclassic/status/1490438253165563905,https://twitter.com/GCRClassic/status/1490438253165563905,https://twitter.com/gcrclassic/status/1490438253165563905,,,,text/html,200,XT5P5NHOVBA5AYOWVERSHYBYREJJXM3Q,7665
"com,twitter)/gcrclassic/status/1490438253165563905",20220518075603,,https://web.archive.org/web/20220518075603/https://twitter.com/GCRClassic/status/1490438253165563905,https://web.archive.org/web/20220518075603/https://twitter.com/gcrclassic/status/1490438253165563905,https://twitter.com/GCRClassic/status/1490438253165563905,https://twitter.com/gcrclassic/status/1490438253165563905,,,,text/html,200,HPMGYNYOSI5CQSJZLUZOTDTXZUGLCTAA,7916
"com,twitter)/gcrclassic/status/1490438253165563905",20220529112015,,https://web.archive.org/web/20220529112015/https://twitter.com/GCRClassic/status/1490438253165563905,https://web.archive.org/web/20220529112015/https://twitter.com/gcrclassic/status/1490438253165563905,https://twitter.com/GCRClassic/status/1490438253165563905,https://twitter.com/gcrclassic/status/1490438253165563905,,,,text/html,200,WFH4XGKZ4VVX66NBP5NY6PK2G6JPLLXH,7755
"com,twitter)/gcrclassic/status/1490438253165563905",20220601211400,,https://web.archive.org/web/20220601211400/https://twitter.com/GCRClassic/status/1490438253165563905,https://web.archive.org/web/20220601211400/https://twitter.com/gcrclassic/status/1490438253165563905,https://twitter.com/GCRClassic/status/1490438253165563905,https://twitter.com/gcrclassic/status/1490438253165563905,,,,text/html,200,RUPF6HS7JRN7ANOPKLYZKJVM4FA7GAJE,8202
"com,twitter)/gcrclassic/status/1490438253165563905",20220603211411,,https://web.archive.org/web/20220603211411/https://twitter.com/GCRClassic/status/1490438253165563905,https://web.archive.org/web/20220603211411/https://twitter.com/gcrclassic/status/1490438253165563905,https://twitter.com/GCRClassic/status/1490438253165563905,https://twitter.com/gcrclassic/status/1490438253165563905,,,,text/html,200,RTQJ4L4G3KH4AMZWG575EJWQIP4S3URO,8141
"com,twitter)/gcrclassic/status/1490440616676933632",20220518075528,,https://web.archive.org/web/20220518075528/https://twitter.com/GCRClassic/status/1490440616676933632,https://web.archive.org/web/20220518075528/https://twitter.com/gcrclassic/status/1490440616676933632,https://twitter.com/GCRClassic/status/1490440616676933632,https://twitter.com/gcrclassic/status/1490440616676933632,,,,text/html,200,HSVFWDTS5PG3SC7JKQQ3P4QGRVPJBCL5,5571
"com,twitter)/gcrclassic/status/1490440616676933632",20220603211343,,https://web.archive.org/web/20220603211343/https://twitter.com/GCRClassic/status/1490440616676933632,https://web.archive.org/web/20220603211343/https://twitter.com/gcrclassic/status/1490440616676933632,https://twitter.com/GCRClassic/status/1490440616676933632,https://twitter.com/gcrclassic/status/1490440616676933632,,,,text/html,200,C5M4UNDEOM744QM4644Z2SQZJASB334Z,6033
"com,twitter)/gcrclassic/status/1490440616676933632",20220206214653,,https://web.archive.org/web/20220206214653/https://twitter.com/GCRClassic/status/1490440616676933632,https://web.archive.org/web/20220206214653/https://twitter.com/gcrclassic/status/1490440616676933632,https://twitter.com/GCRClassic/status/1490440616676933632,https://twitter.com/gcrclassic/status/1490440616676933632,,,,text/html,200,ZYLF7Z5BWDCNICHQESP4BVXTY3UXSRWP,3800
"com,twitter)/gcrclassic/status/1490440616676933632",20220601211343,,https://web.archive.org/web/20220601211343/https://twitter.com/GCRClassic/status/1490440616676933632,https://web.archive.org/web/20220601211343/https://twitter.com/gcrclassic/status/1490440616676933632,https://twitter.com/GCRClassic/status/1490440616676933632,https://twitter.com/gcrclassic/status/1490440616676933632,,,,text/html,200,EVONPVCC6YHSNGHU4FVQBETFL5V57LXO,6102
"com,twitter)/gcrclassic/status/1490461199808479236",20220516004600,,https://web.archive.org/web/20220516004600/https://twitter.com/GCRClassic/status/1490461199808479236,https://web.archive.org/web/20220516004600/https://twitter.com/gcrclassic/status/1490461199808479236,https://twitter.com/GCRClassic/status/1490461199808479236,https://twitter.com/gcrclassic/status/1490461199808479236,,,,text/html,200,JPHE6OXERRK5DCIRZ6NAEG3BEGYBR24C,6775
"com,twitter)/gcrclassic/status/1490461199808479236",20220206230428,,https://web.archive.org/web/20220206230428/https://twitter.com/GCRClassic/status/1490461199808479236,https://web.archive.org/web/20220206230428/https://twitter.com/gcrclassic/status/1490461199808479236,https://twitter.com/GCRClassic/status/1490461199808479236,https://twitter.com/gcrclassic/status/1490461199808479236,,,,text/html,200,EMU4J4W42PJAZZ76AKECKU4IHOW5BVJQ,3697
"com,twitter)/gcrclassic/status/1490461199808479236",20220516052556,,https://web.archive.org/web/20220516052556/https://twitter.com/GCRClassic/status/1490461199808479236,https://web.archive.org/web/20220516052556/https://twitter.com/gcrclassic/status/1490461199808479236,https://twitter.com/GCRClassic/status/1490461199808479236,https://twitter.com/gcrclassic/status/1490461199808479236,,,,text/html,200,YME6SSVPVBQ3DHYQOIRM2HTKYLMA2ZDN,6777
"com,twitter)/gcrclassic/status/1490461814559330304",20220206231107,,https://web.archive.org/web/20220206231107/https://twitter.com/GCRClassic/status/1490461814559330304,https://web.archive.org/web/20220206231107/https://twitter.com/gcrclassic/status/1490461814559330304,https://twitter.com/GCRClassic/status/1490461814559330304,https://twitter.com/gcrclassic/status/1490461814559330304,,,,text/html,200,PFL42VTF6WYG7WUW5SCBHXWVTKLB5NR3,3827
"com,twitter)/gcrclassic/status/1490462336188141571",20220206231319,,https://web.archive.org/web/20220206231319/https://twitter.com/GCRClassic/status/1490462336188141571,https://web.archive.org/web/20220206231319/https://twitter.com/gcrclassic/status/1490462336188141571,https://twitter.com/GCRClassic/status/1490462336188141571,https://twitter.com/gcrclassic/status/1490462336188141571,,,,text/html,200,JTDPPNOT3OTE4NQM7YHB64PJJRAO5KTM,4828
"com,twitter)/gcrclassic/status/1490467596654858242",20220206233416,,https://web.archive.org/web/20220206233416/https://twitter.com/GCRClassic/status/1490467596654858242,https://web.archive.org/web/20220206233416/https://twitter.com/gcrclassic/status/1490467596654858242,https://twitter.com/GCRClassic/status/1490467596654858242,https://twitter.com/gcrclassic/status/1490467596654858242,,,,text/html,200,QJUE7NE4D7INJMSTDE2KRFCUC47TEHWX,3738
"com,twitter)/gcrclassic/status/1490463890311946246",20220206231926,,https://web.archive.org/web/20220206231926/https://twitter.com/GCRClassic/status/1490463890311946246,https://web.archive.org/web/20220206231926/https://twitter.com/gcrclassic/status/1490463890311946246,https://twitter.com/GCRClassic/status/1490463890311946246,https://twitter.com/gcrclassic/status/1490463890311946246,,,,text/html,200,YURCILGCWQDOKYVETEP2KI3GT2BOXYN2,4157
"com,twitter)/gcrclassic/status/1490462601272336385",20220206231709,,https://web.archive.org/web/20220206231709/https://twitter.com/GCRClassic/status/1490462601272336385,https://web.archive.org/web/20220206231709/https://twitter.com/gcrclassic/status/1490462601272336385,https://twitter.com/GCRClassic/status/1490462601272336385,https://twitter.com/gcrclassic/status/1490462601272336385,,,,text/html,200,C2JLKF6274GGYPYNMBUJCSVWNMZFG7LD,3142
"com,twitter)/gcrclassic/status/1490747520095592456",20220516005148,,https://web.archive.org/web/20220516005148/https://twitter.com/GCRClassic/status/1490747520095592456,https://web.archive.org/web/20220516005148/https://twitter.com/gcrclassic/status/1490747520095592456,https://twitter.com/GCRClassic/status/1490747520095592456,https://twitter.com/gcrclassic/status/1490747520095592456,,,,text/html,200,WVIJZUMKMJSSNALTIP2455BJQIXE47FR,7649
"com,twitter)/gcrclassic/status/1490747520095592456",20220207180626,,https://web.archive.org/web/20220207180626/https://twitter.com/GCRClassic/status/1490747520095592456,https://web.archive.org/web/20220207180626/https://twitter.com/gcrclassic/status/1490747520095592456,https://twitter.com/GCRClassic/status/1490747520095592456,https://twitter.com/gcrclassic/status/1490747520095592456,,,,text/html,200,KV6C4S2LB6EVFO355HWMQVL3R5NOBBLE,5635
"com,twitter)/gcrclassic/status/1490750131888693249",20220207181656,,https://web.archive.org/web/20220207181656/https://twitter.com/GCRClassic/status/1490750131888693249,https://web.archive.org/web/20220207181656/https://twitter.com/gcrclassic/status/1490750131888693249,https://twitter.com/GCRClassic/status/1490750131888693249,https://twitter.com/gcrclassic/status/1490750131888693249,,,,text/html,200,CDK2D4Z246JOHZLPY22J7NW4EXM4UZKU,4603
"com,twitter)/gcrclassic/status/1490757887093837826",20220207184740,,https://web.archive.org/web/20220207184740/https://twitter.com/GCRClassic/status/1490757887093837826,https://web.archive.org/web/20220207184740/https://twitter.com/gcrclassic/status/1490757887093837826,https://twitter.com/GCRClassic/status/1490757887093837826,https://twitter.com/gcrclassic/status/1490757887093837826,,,,text/html,200,C2ALVMZHCTANXGWA4HEZP6PI6MBQ6QRP,4851
"com,twitter)/gcrclassic/status/1490755129150251010",20220207183639,,https://web.archive.org/web/20220207183639/https://twitter.com/GCRClassic/status/1490755129150251010,https://web.archive.org/web/20220207183639/https://twitter.com/gcrclassic/status/1490755129150251010,https://twitter.com/GCRClassic/status/1490755129150251010,https://twitter.com/gcrclassic/status/1490755129150251010,,,,text/html,200,AGQVLM6ULVS4YTV5UI5ZTKD3VHZ73MHC,6035
"com,twitter)/gcrclassic/status/1490755285828485126",20220207183724,,https://web.archive.org/web/20220207183724/https://twitter.com/GCRClassic/status/1490755285828485126,https://web.archive.org/web/20220207183724/https://twitter.com/gcrclassic/status/1490755285828485126,https://twitter.com/GCRClassic/status/1490755285828485126,https://twitter.com/gcrclassic/status/1490755285828485126,,,,text/html,200,FOOINNJLSTGJC4FSQZ3NB4H2HUH5I5Z5,5247
"com,twitter)/gcrclassic/status/1490779133776961546",20220207201203,,https://web.archive.org/web/20220207201203/https://twitter.com/GCRClassic/status/1490779133776961546,https://web.archive.org/web/20220207201203/https://twitter.com/gcrclassic/status/1490779133776961546,https://twitter.com/GCRClassic/status/1490779133776961546,https://twitter.com/gcrclassic/status/1490779133776961546,,,,text/html,200,A3AJEZ46AZJ3IH3KGEJXLJ27MS5RFZNZ,7126
"com,twitter)/gcrclassic/status/1490780327186370564",20220516004441,,https://web.archive.org/web/20220516004441/https://twitter.com/GCRClassic/status/1490780327186370564,https://web.archive.org/web/20220516004441/https://twitter.com/gcrclassic/status/1490780327186370564,https://twitter.com/GCRClassic/status/1490780327186370564,https://twitter.com/gcrclassic/status/1490780327186370564,,,,text/html,200,YO7GRI6DOPZEDTOSJLLSHXBJPDGTCBSI,7465
"com,twitter)/gcrclassic/status/1490780327186370564",20220207201654,,https://web.archive.org/web/20220207201654/https://twitter.com/GCRClassic/status/1490780327186370564,https://web.archive.org/web/20220207201654/https://twitter.com/gcrclassic/status/1490780327186370564,https://twitter.com/GCRClassic/status/1490780327186370564,https://twitter.com/gcrclassic/status/1490780327186370564,,,,text/html,200,C65RPTZ52W2BPC2CAPJB3NA3PSSIZWRO,5337
"com,twitter)/gcrclassic/status/1491089376881016833",20220208164451,,https://web.archive.org/web/20220208164451/https://twitter.com/GCRClassic/status/1491089376881016833,https://web.archive.org/web/20220208164451/https://twitter.com/gcrclassic/status/1491089376881016833,https://twitter.com/GCRClassic/status/1491089376881016833,https://twitter.com/gcrclassic/status/1491089376881016833,,,,text/html,200,3YOSOO2J6DULF43PVKBV5YMEDGOLKY7P,7472
"com,twitter)/gcrclassic/status/1492246006917967879",20220211211834,,https://web.archive.org/web/20220211211834/https://twitter.com/GCRClassic/status/1492246006917967879,https://web.archive.org/web/20220211211834/https://twitter.com/gcrclassic/status/1492246006917967879,https://twitter.com/GCRClassic/status/1492246006917967879,https://twitter.com/gcrclassic/status/1492246006917967879,,,,text/html,200,Z7X5V2KTPWJ7B2OJJO6SLTBASZXWTETG,4966
"com,twitter)/gcrclassic/status/1492249759243026439",20220211213550,,https://web.archive.org/web/20220211213550/https://twitter.com/GCRClassic/status/1492249759243026439,https://web.archive.org/web/20220211213550/https://twitter.com/gcrclassic/status/1492249759243026439,https://twitter.com/GCRClassic/status/1492249759243026439,https://twitter.com/gcrclassic/status/1492249759243026439,,,,text/html,200,F3H6Z3PZP76FXNYFA2IV2VMT3FFOHECP,4395
"com,twitter)/gcrclassic/status/1492264807248060418",20220211223539,,https://web.archive.org/web/20220211223539/https://twitter.com/GCRClassic/status/1492264807248060418,https://web.archive.org/web/20220211223539/https://twitter.com/gcrclassic/status/1492264807248060418,https://twitter.com/GCRClassic/status/1492264807248060418,https://twitter.com/gcrclassic/status/1492264807248060418,,,,text/html,200,H5AQH6XZGPH4DUBPZPW5KQKENADMXWXO,4971
"com,twitter)/gcrclassic/status/1492264807248060418",20220622041242,,https://web.archive.org/web/20220622041242/https://twitter.com/GCRClassic/status/1492264807248060418,https://web.archive.org/web/20220622041242/https://twitter.com/gcrclassic/status/1492264807248060418,https://twitter.com/GCRClassic/status/1492264807248060418,https://twitter.com/gcrclassic/status/1492264807248060418,,,,text/html,200,652BDZJ6S4ZPSKGEMU74VC2XVC7JXAXH,7439
"com,twitter)/gcrclassic/status/1492305975482724352",20220212011446,,https://web.archive.org/web/20220212011446/https://twitter.com/GCRClassic/status/1492305975482724352,https://web.archive.org/web/20220212011446/https://twitter.com/gcrclassic/status/1492305975482724352,https://twitter.com/GCRClassic/status/1492305975482724352,https://twitter.com/gcrclassic/status/1492305975482724352,,,,text/html,200,62TGQNCWXM6MER5S56CNM4SQYWJVLBAD,4536
"com,twitter)/gcrclassic/status/1492524162828619776",20220212154632,,https://web.archive.org/web/20220212154632/https://twitter.com/GCRClassic/status/1492524162828619776,https://web.archive.org/web/20220212154632/https://twitter.com/gcrclassic/status/1492524162828619776,https://twitter.com/GCRClassic/status/1492524162828619776,https://twitter.com/gcrclassic/status/1492524162828619776,,,,text/html,200,ZYOUOVXZKXIBIAWG3V4LLLAQ4CE6EQ3M,5685
"com,twitter)/gcrclassic/status/1492264807248060418",20220516004602,,https://web.archive.org/web/20220516004602/https://twitter.com/GCRClassic/status/1492264807248060418,https://web.archive.org/web/20220516004602/https://twitter.com/gcrclassic/status/1492264807248060418,https://twitter.com/GCRClassic/status/1492264807248060418,https://twitter.com/gcrclassic/status/1492264807248060418,,,,text/html,200,FK3HN3JVVB5XLU7EK6OEBF2N2TDCYDFI,6978
"com,twitter)/gcrclassic/status/1492625547272282112",20220212222902,,https://web.archive.org/web/20220212222902/https://twitter.com/GCRClassic/status/1492625547272282112,https://web.archive.org/web/20220212222902/https://twitter.com/gcrclassic/status/1492625547272282112,https://twitter.com/GCRClassic/status/1492625547272282112,https://twitter.com/gcrclassic/status/1492625547272282112,,,,text/html,302,HWMEPYLTOTCWDKIKQAT6YZWFQC7RGECO,507
"com,twitter)/gcrclassic/status/1492943803967225866",20220213193040,,https://web.archive.org/web/20220213193040/https://twitter.com/GCRClassic/status/1492943803967225866,https://web.archive.org/web/20220213193040/https://twitter.com/gcrclassic/status/1492943803967225866,https://twitter.com/GCRClassic/status/1492943803967225866,https://twitter.com/gcrclassic/status/1492943803967225866,,,,text/html,200,4LPVGGFYRDCSTSQCTXNZXWXS6UWS7LKB,5281
"com,twitter)/gcrclassic/status/1492943803967225866",20220516004629,,https://web.archive.org/web/20220516004629/https://twitter.com/GCRClassic/status/1492943803967225866,https://web.archive.org/web/20220516004629/https://twitter.com/gcrclassic/status/1492943803967225866,https://twitter.com/GCRClassic/status/1492943803967225866,https://twitter.com/gcrclassic/status/1492943803967225866,,,,text/html,200,QTSMBONYHAVXMV555IGZ5PI7UVZPFKGE,6649
"com,twitter)/gcrclassic/status/1493004173180379136",20220213233610,,https://web.archive.org/web/20220213233610/https://twitter.com/GCRClassic/status/1493004173180379136,https://web.archive.org/web/20220213233610/https://twitter.com/gcrclassic/status/1493004173180379136,https://twitter.com/GCRClassic/status/1493004173180379136,https://twitter.com/gcrclassic/status/1493004173180379136,,,,text/html,200,4KOJLIOEGMPDFD4VEHNFKDEBGPNLYC4R,6148
"com,twitter)/gcrclassic/status/1492978254038323200",20220213215038,,https://web.archive.org/web/20220213215038/https://twitter.com/GCRClassic/status/1492978254038323200,https://web.archive.org/web/20220213215038/https://twitter.com/gcrclassic/status/1492978254038323200,https://twitter.com/GCRClassic/status/1492978254038323200,https://twitter.com/gcrclassic/status/1492978254038323200,,,,text/html,200,GAJIIWPWVIKEMAIJJ3VP3KXZIE7TYJVP,4427
"com,twitter)/gcrclassic/status/1493004930529079297",20220213233912,,https://web.archive.org/web/20220213233912/https://twitter.com/GCRClassic/status/1493004930529079297,https://web.archive.org/web/20220213233912/https://twitter.com/gcrclassic/status/1493004930529079297,https://twitter.com/GCRClassic/status/1493004930529079297,https://twitter.com/gcrclassic/status/1493004930529079297,,,,text/html,200,5ZMBRA6QT7B2ZOZZUOP2Z3L3AOLSVQUB,5750
"com,twitter)/gcrclassic/status/1493006545931706368",20220213234303,,https://web.archive.org/web/20220213234303/https://twitter.com/GCRClassic/status/1493006545931706368,https://web.archive.org/web/20220213234303/https://twitter.com/gcrclassic/status/1493006545931706368,https://twitter.com/GCRClassic/status/1493006545931706368,https://twitter.com/gcrclassic/status/1493006545931706368,,,,text/html,200,6KPHD6LNWIDZL6777L2JRHBFKXXBS2M3,7393
"com,twitter)/gcrclassic/status/1493005144996433920",20220213233228,,https://web.archive.org/web/20220213233228/https://twitter.com/GCRClassic/status/1493005144996433920,https://web.archive.org/web/20220213233228/https://twitter.com/gcrclassic/status/1493005144996433920,https://twitter.com/GCRClassic/status/1493005144996433920,https://twitter.com/gcrclassic/status/1493005144996433920,,,,text/html,302,SFTMYVPFKP2DJOTGAFRQ3FH54ZM6CLNH,492
"com,twitter)/gcrclassic/status/1493028173616926721",20220214010716,,https://web.archive.org/web/20220214010716/https://twitter.com/GCRClassic/status/1493028173616926721,https://web.archive.org/web/20220214010716/https://twitter.com/gcrclassic/status/1493028173616926721,https://twitter.com/GCRClassic/status/1493028173616926721,https://twitter.com/gcrclassic/status/1493028173616926721,,,,text/html,200,ERBF3P7Z5ZZ5MIDFCSAHQZYK2BH6OBPG,8880
"com,twitter)/gcrclassic/status/1493028173616926721",20220703235454,,https://web.archive.org/web/20220703235454/https://twitter.com/GCRClassic/status/1493028173616926721,https://web.archive.org/web/20220703235454/https://twitter.com/gcrclassic/status/1493028173616926721,https://twitter.com/GCRClassic/status/1493028173616926721,https://twitter.com/gcrclassic/status/1493028173616926721,,,,text/html,200,HDUZEHZICZ4DSQVW6ENEMDV4PMOSSTW6,6630
"com,twitter)/gcrclassic/status/1493029916278935558",20220214011557,,https://web.archive.org/web/20220214011557/https://twitter.com/GCRClassic/status/1493029916278935558,https://web.archive.org/web/20220214011557/https://twitter.com/gcrclassic/status/1493029916278935558,https://twitter.com/GCRClassic/status/1493029916278935558,https://twitter.com/gcrclassic/status/1493029916278935558,,,,text/html,200,VAWZENSIHSI7K4M645PQ6PNDIYXIBQIX,7246
"com,twitter)/gcrclassic/status/1493726709073408005",20220216070141,,https://web.archive.org/web/20220216070141/https://twitter.com/GCRClassic/status/1493726709073408005,https://web.archive.org/web/20220216070141/https://twitter.com/gcrclassic/status/1493726709073408005,https://twitter.com/GCRClassic/status/1493726709073408005,https://twitter.com/gcrclassic/status/1493726709073408005,,,,text/html,200,3YK2VWESAQHLLSPOA273YGQ73MWKXKOG,8694
"com,twitter)/gcrclassic/status/1493728404566429703",20220216103405,,https://web.archive.org/web/20220216103405/https://twitter.com/GCRClassic/status/1493728404566429703,https://web.archive.org/web/20220216103405/https://twitter.com/gcrclassic/status/1493728404566429703,https://twitter.com/GCRClassic/status/1493728404566429703,https://twitter.com/gcrclassic/status/1493728404566429703,,,,text/html,200,YPAEVDUACD3NUUIGEQHW6TBRP2SRLSJA,6590
"com,twitter)/gcrclassic/status/1494021386129580038",20220216185536,,https://web.archive.org/web/20220216185536/https://twitter.com/GCRClassic/status/1494021386129580038,https://web.archive.org/web/20220216185536/https://twitter.com/gcrclassic/status/1494021386129580038,https://twitter.com/GCRClassic/status/1494021386129580038,https://twitter.com/gcrclassic/status/1494021386129580038,,,,text/html,302,DJQHIRPAPKZXSY33PQPQUIXNHRMQTT2Q,543
"com,twitter)/gcrclassic/status/1494619087355486229",20220516004516,,https://web.archive.org/web/20220516004516/https://twitter.com/GCRClassic/status/1494619087355486229,https://web.archive.org/web/20220516004516/https://twitter.com/gcrclassic/status/1494619087355486229,https://twitter.com/GCRClassic/status/1494619087355486229,https://twitter.com/gcrclassic/status/1494619087355486229,,,,text/html,200,HWL3OCCRBUV5VIS57KHTYIFVCSPSWUIB,6972
"com,twitter)/gcrclassic/status/1494619087355486229",20220218103043,,https://web.archive.org/web/20220218103043/https://twitter.com/GCRClassic/status/1494619087355486229,https://web.archive.org/web/20220218103043/https://twitter.com/gcrclassic/status/1494619087355486229,https://twitter.com/GCRClassic/status/1494619087355486229,https://twitter.com/gcrclassic/status/1494619087355486229,,,,text/html,200,I62LMIQ76FMXKCXFZLCIXACAAGEPX5AZ,7583
"com,twitter)/gcrclassic/status/1494619219450806275",20220218103111,,https://web.archive.org/web/20220218103111/https://twitter.com/GCRClassic/status/1494619219450806275,https://web.archive.org/web/20220218103111/https://twitter.com/gcrclassic/status/1494619219450806275,https://twitter.com/GCRClassic/status/1494619219450806275,https://twitter.com/gcrclassic/status/1494619219450806275,,,,text/html,200,GCONPXK47X4XUJ23CLECTROPBY6ACEGM,9280
"com,twitter)/gcrclassic/status/1494619972718505985",20220218103423,,https://web.archive.org/web/20220218103423/https://twitter.com/GCRClassic/status/1494619972718505985,https://web.archive.org/web/20220218103423/https://twitter.com/gcrclassic/status/1494619972718505985,https://twitter.com/GCRClassic/status/1494619972718505985,https://twitter.com/gcrclassic/status/1494619972718505985,,,,text/html,200,3HL7JIILKCA4ARGURLNYGCH4HKFQPGT6,5978
"com,twitter)/gcrclassic/status/1494619087355486229",20220527045219,,https://web.archive.org/web/20220527045219/https://twitter.com/GCRClassic/status/1494619087355486229,https://web.archive.org/web/20220527045219/https://twitter.com/gcrclassic/status/1494619087355486229,https://twitter.com/GCRClassic/status/1494619087355486229,https://twitter.com/gcrclassic/status/1494619087355486229,,,,text/html,200,MVTWKJVWF3Q5J7V47GTR37EUFA7W2JLQ,8286
"com,twitter)/gcrclassic/status/1494619219450806275",20220516004800,,https://web.archive.org/web/20220516004800/https://twitter.com/GCRClassic/status/1494619219450806275,https://web.archive.org/web/20220516004800/https://twitter.com/gcrclassic/status/1494619219450806275,https://twitter.com/GCRClassic/status/1494619219450806275,https://twitter.com/gcrclassic/status/1494619219450806275,,,,text/html,200,YCHWAZSKBEKG6OX5FURQMLL7H4VWSVHO,7336
"com,twitter)/gcrclassic/status/1494638244746694660",20220218114649,,https://web.archive.org/web/20220218114649/https://twitter.com/GCRClassic/status/1494638244746694660,https://web.archive.org/web/20220218114649/https://twitter.com/gcrclassic/status/1494638244746694660,https://twitter.com/GCRClassic/status/1494638244746694660,https://twitter.com/gcrclassic/status/1494638244746694660,,,,text/html,200,UUFRWAVQT6KBJKQENWYW6XADA5WJIXZ5,5919
"com,twitter)/gcrclassic/status/1494829139563589632",20220219002517,,https://web.archive.org/web/20220219002517/https://twitter.com/GCRClassic/status/1494829139563589632,https://web.archive.org/web/20220219002517/https://twitter.com/gcrclassic/status/1494829139563589632,https://twitter.com/GCRClassic/status/1494829139563589632,https://twitter.com/gcrclassic/status/1494829139563589632,,,,text/html,200,F4H6NDJ2XRVPQBZZYVIBV3SU5N3RMMGA,4094
"com,twitter)/gcrclassic/status/1495422297494245378",20220220154227,,https://web.archive.org/web/20220220154227/https://twitter.com/GCRClassic/status/1495422297494245378,https://web.archive.org/web/20220220154227/https://twitter.com/gcrclassic/status/1495422297494245378,https://twitter.com/GCRClassic/status/1495422297494245378,https://twitter.com/gcrclassic/status/1495422297494245378,,,,text/html,302,QJCM5YTGQ7XERF7NHWYXX5PR5RSRUXDF,503
"com,twitter)/gcrclassic/status/1495487882538147841",20220220200302,,https://web.archive.org/web/20220220200302/https://twitter.com/GCRClassic/status/1495487882538147841,https://web.archive.org/web/20220220200302/https://twitter.com/gcrclassic/status/1495487882538147841,https://twitter.com/GCRClassic/status/1495487882538147841,https://twitter.com/gcrclassic/status/1495487882538147841,,,,text/html,200,UOZPAFSK2YQBPHTZR7AL23BLCHQPN767,3816
"com,twitter)/gcrclassic/status/1495500647273320448",20220220205351,,https://web.archive.org/web/20220220205351/https://twitter.com/GCRClassic/status/1495500647273320448,https://web.archive.org/web/20220220205351/https://twitter.com/gcrclassic/status/1495500647273320448,https://twitter.com/GCRClassic/status/1495500647273320448,https://twitter.com/gcrclassic/status/1495500647273320448,,,,text/html,200,SKWZS6OICGHJ3QETKGBSJDDZOBBLAU65,4228
"com,twitter)/gcrclassic/status/1495503352301596672",20220516004859,,https://web.archive.org/web/20220516004859/https://twitter.com/GCRClassic/status/1495503352301596672,https://web.archive.org/web/20220516004859/https://twitter.com/gcrclassic/status/1495503352301596672,https://twitter.com/GCRClassic/status/1495503352301596672,https://twitter.com/gcrclassic/status/1495503352301596672,,,,text/html,200,PLMN6YQCVFYFNMVT2AJAL6AYG2RN4RFD,8045
"com,twitter)/gcrclassic/status/1495503352301596672",20220220210236,,https://web.archive.org/web/20220220210236/https://twitter.com/GCRClassic/status/1495503352301596672,https://web.archive.org/web/20220220210236/https://twitter.com/gcrclassic/status/1495503352301596672,https://twitter.com/GCRClassic/status/1495503352301596672,https://twitter.com/gcrclassic/status/1495503352301596672,,,,text/html,200,JJY7BDIHCUWMVPGRP2OK22EAS5F7CPQW,5617
"com,twitter)/gcrclassic/status/1495543082661593090",20220220234213,,https://web.archive.org/web/20220220234213/https://twitter.com/GCRClassic/status/1495543082661593090,https://web.archive.org/web/20220220234213/https://twitter.com/gcrclassic/status/1495543082661593090,https://twitter.com/GCRClassic/status/1495543082661593090,https://twitter.com/gcrclassic/status/1495543082661593090,,,,text/html,200,VU7D4C4YB7SIV6ZJGWDJYYLH6ZJPAV7Y,4362
"com,twitter)/gcrclassic/status/1495548582300205059",20220221000415,,https://web.archive.org/web/20220221000415/https://twitter.com/GCRClassic/status/1495548582300205059,https://web.archive.org/web/20220221000415/https://twitter.com/gcrclassic/status/1495548582300205059,https://twitter.com/GCRClassic/status/1495548582300205059,https://twitter.com/gcrclassic/status/1495548582300205059,,,,text/html,200,36OHUI4XTTN55RPLLJNJBG3RSIHPT5UJ,4674
"com,twitter)/gcrclassic/status/1495548582300205059",20220424190503,,https://web.archive.org/web/20220424190503/https://twitter.com/GCRClassic/status/1495548582300205059,https://web.archive.org/web/20220424190503/https://twitter.com/gcrclassic/status/1495548582300205059,https://twitter.com/GCRClassic/status/1495548582300205059,https://twitter.com/gcrclassic/status/1495548582300205059,,,,text/html,200,6L7B6BBJABEXHBO7HCGJCTZIBMQX3AVF,5325
"com,twitter)/gcrclassic/status/1496857276149293063",20220224143924,,https://web.archive.org/web/20220224143924/https://twitter.com/GCRClassic/status/1496857276149293063,https://web.archive.org/web/20220224143924/https://twitter.com/gcrclassic/status/1496857276149293063,https://twitter.com/GCRClassic/status/1496857276149293063,https://twitter.com/gcrclassic/status/1496857276149293063,,,,text/html,200,W5ES3RLWBBEQJNTZLP7MWRNI6EBLL3P4,4903
"com,twitter)/gcrclassic/status/1496625744553852928",20220223232427,,https://web.archive.org/web/20220223232427/https://twitter.com/GCRClassic/status/1496625744553852928,https://web.archive.org/web/20220223232427/https://twitter.com/gcrclassic/status/1496625744553852928,https://twitter.com/GCRClassic/status/1496625744553852928,https://twitter.com/gcrclassic/status/1496625744553852928,,,,text/html,302,LX3XE4HWVW3BXVBXJEWOT2EENFYO4LER,501
"com,twitter)/gcrclassic/status/1496851799231377415",20220224141741,,https://web.archive.org/web/20220224141741/https://twitter.com/GCRClassic/status/1496851799231377415,https://web.archive.org/web/20220224141741/https://twitter.com/gcrclassic/status/1496851799231377415,https://twitter.com/GCRClassic/status/1496851799231377415,https://twitter.com/gcrclassic/status/1496851799231377415,,,,text/html,200,DZFNUWEYYOKSARTGFE623A5CSH46GQL7,3809
"com,twitter)/gcrclassic/status/1496862573618249735",20220224150248,,https://web.archive.org/web/20220224150248/https://twitter.com/GCRClassic/status/1496862573618249735,https://web.archive.org/web/20220224150248/https://twitter.com/gcrclassic/status/1496862573618249735,https://twitter.com/GCRClassic/status/1496862573618249735,https://twitter.com/gcrclassic/status/1496862573618249735,,,,text/html,200,KH6FNWXUS2IW5YUNWJTWHCWXRBYNQI7N,5306
"com,twitter)/gcrclassic/status/1497210222397505555",20220225140203,,https://web.archive.org/web/20220225140203/https://twitter.com/GCRClassic/status/1497210222397505555,https://web.archive.org/web/20220225140203/https://twitter.com/gcrclassic/status/1497210222397505555,https://twitter.com/GCRClassic/status/1497210222397505555,https://twitter.com/gcrclassic/status/1497210222397505555,,,,text/html,302,3LNZ7NS3XTGEB5D2V5XPGGM6I36TGM2L,482
"com,twitter)/gcrclassic/status/1497209772050894849",20220225140013,,https://web.archive.org/web/20220225140013/https://twitter.com/GCRClassic/status/1497209772050894849,https://web.archive.org/web/20220225140013/https://twitter.com/gcrclassic/status/1497209772050894849,https://twitter.com/GCRClassic/status/1497209772050894849,https://twitter.com/gcrclassic/status/1497209772050894849,,,,text/html,200,TRONBSSFSNV6J3FBVWMXK7TTVPHZNYT4,2969
"com,twitter)/gcrclassic/status/1497256996323610624",20220225170814,,https://web.archive.org/web/20220225170814/https://twitter.com/GCRClassic/status/1497256996323610624,https://web.archive.org/web/20220225170814/https://twitter.com/gcrclassic/status/1497256996323610624,https://twitter.com/GCRClassic/status/1497256996323610624,https://twitter.com/gcrclassic/status/1497256996323610624,,,,text/html,302,V3LY4Q2YN6NDMGIVGR65AJHU3FC4OGEN,485
"com,twitter)/gcrclassic/status/1497213401277374465",20220225141459,,https://web.archive.org/web/20220225141459/https://twitter.com/GCRClassic/status/1497213401277374465,https://web.archive.org/web/20220225141459/https://twitter.com/gcrclassic/status/1497213401277374465,https://twitter.com/GCRClassic/status/1497213401277374465,https://twitter.com/gcrclassic/status/1497213401277374465,,,,text/html,302,2DJP42IWEW226CPXWLZ55R2Q52ZTPDJ5,487
"com,twitter)/gcrclassic/status/1498371515288588295",20220228185649,,https://web.archive.org/web/20220228185649/https://twitter.com/GCRClassic/status/1498371515288588295,https://web.archive.org/web/20220228185649/https://twitter.com/gcrclassic/status/1498371515288588295,https://twitter.com/GCRClassic/status/1498371515288588295,https://twitter.com/gcrclassic/status/1498371515288588295,,,,text/html,200,WAC64YGM2WWNPALV3YDSLELZQPVDKJBL,3941
"com,twitter)/gcrclassic/status/1497592266990444552",20220226152011,,https://web.archive.org/web/20220226152011/https://twitter.com/GCRClassic/status/1497592266990444552,https://web.archive.org/web/20220226152011/https://twitter.com/gcrclassic/status/1497592266990444552,https://twitter.com/GCRClassic/status/1497592266990444552,https://twitter.com/gcrclassic/status/1497592266990444552,,,,text/html,302,RJTFNSDINDJFVSBJTUC6XXADJYCD3Z5O,497
"com,twitter)/gcrclassic/status/1499041088446861312",20220302151730,,https://web.archive.org/web/20220302151730/https://twitter.com/GCRClassic/status/1499041088446861312,https://web.archive.org/web/20220302151730/https://twitter.com/gcrclassic/status/1499041088446861312,https://twitter.com/GCRClassic/status/1499041088446861312,https://twitter.com/gcrclassic/status/1499041088446861312,,,,text/html,200,QAR34L2ULKDNOTB566C6XQYT6B3FC34J,4929
"com,twitter)/gcrclassic/status/1498374287689986049",20220228190738,,https://web.archive.org/web/20220228190738/https://twitter.com/GCRClassic/status/1498374287689986049,https://web.archive.org/web/20220228190738/https://twitter.com/gcrclassic/status/1498374287689986049,https://twitter.com/GCRClassic/status/1498374287689986049,https://twitter.com/gcrclassic/status/1498374287689986049,,,,text/html,302,IQJRR6P5J4KBCVNMKFE7K2B62JVTU6KO,560
"com,twitter)/gcrclassic/status/1499041088446861312",20220516004548,,https://web.archive.org/web/20220516004548/https://twitter.com/GCRClassic/status/1499041088446861312,https://web.archive.org/web/20220516004548/https://twitter.com/gcrclassic/status/1499041088446861312,https://twitter.com/GCRClassic/status/1499041088446861312,https://twitter.com/gcrclassic/status/1499041088446861312,,,,text/html,200,VGMKNVXXE2SISHHH36JXTNZW3KJ3FGCA,6904
"com,twitter)/gcrclassic/status/1498376022785511429",20220228191455,,https://web.archive.org/web/20220228191455/https://twitter.com/GCRClassic/status/1498376022785511429,https://web.archive.org/web/20220228191455/https://twitter.com/gcrclassic/status/1498376022785511429,https://twitter.com/GCRClassic/status/1498376022785511429,https://twitter.com/gcrclassic/status/1498376022785511429,,,,text/html,200,BFIOIAFOBAET267AXYPNIJWL3WXHFBFW,4319
"com,twitter)/gcrclassic/status/1502129896025382913",20220311035107,,https://web.archive.org/web/20220311035107/https://twitter.com/GCRClassic/status/1502129896025382913,https://web.archive.org/web/20220311035107/https://twitter.com/gcrclassic/status/1502129896025382913,https://twitter.com/GCRClassic/status/1502129896025382913,https://twitter.com/gcrclassic/status/1502129896025382913,,,,text/html,200,P4BPBHDFALRW4CVHJF5JB4U3HCSRX4SV,7101
"com,twitter)/gcrclassic/status/1499041088446861312",20220720082010,,https://web.archive.org/web/20220720082010/https://twitter.com/GCRClassic/status/1499041088446861312,https://web.archive.org/web/20220720082010/https://twitter.com/gcrclassic/status/1499041088446861312,https://twitter.com/GCRClassic/status/1499041088446861312,https://twitter.com/gcrclassic/status/1499041088446861312,,,,text/html,200,J4JRVGTZ4XRCFT3SYYPPBRQE5SDNZ4YQ,83954
"com,twitter)/gcrclassic/status/1501679229741801483",20220309220016,,https://web.archive.org/web/20220309220016/https://twitter.com/GCRClassic/status/1501679229741801483,https://web.archive.org/web/20220309220016/https://twitter.com/gcrclassic/status/1501679229741801483,https://twitter.com/GCRClassic/status/1501679229741801483,https://twitter.com/gcrclassic/status/1501679229741801483,,,,text/html,302,X7ODQAA66EN5YE2B672FHODA7SJJ2QFI,557
"com,twitter)/gcrclassic/status/1502129896025382913",20220510222957,,https://web.archive.org/web/20220510222957/https://twitter.com/GCRClassic/status/1502129896025382913,https://web.archive.org/web/20220510222957/https://twitter.com/gcrclassic/status/1502129896025382913,https://twitter.com/GCRClassic/status/1502129896025382913,https://twitter.com/gcrclassic/status/1502129896025382913,,,,text/html,200,2UUTZFPQS3WAQ7DZOGZ5WEWX5Y2VRD6R,7072
"com,twitter)/gcrclassic/status/1500586168378920961",20220306213714,,https://web.archive.org/web/20220306213714/https://twitter.com/GCRClassic/status/1500586168378920961,https://web.archive.org/web/20220306213714/https://twitter.com/gcrclassic/status/1500586168378920961,https://twitter.com/GCRClassic/status/1500586168378920961,https://twitter.com/gcrclassic/status/1500586168378920961,,,,text/html,302,TZ3TLIHQ4XQZ4FH2ZG63DXXIWHU6YOIM,496
"com,twitter)/gcrclassic/status/1502133610480033793",20220311040603,,https://web.archive.org/web/20220311040603/https://twitter.com/GCRClassic/status/1502133610480033793,https://web.archive.org/web/20220311040603/https://twitter.com/gcrclassic/status/1502133610480033793,https://twitter.com/GCRClassic/status/1502133610480033793,https://twitter.com/gcrclassic/status/1502133610480033793,,,,text/html,200,HLEXCYCHR47PNKLQNW2CCDO3TLK4DB5A,7155
"com,twitter)/gcrclassic/status/1502129896025382913",20220809121753,,https://web.archive.org/web/20220809121753/https://twitter.com/GCRClassic/status/1502129896025382913,https://web.archive.org/web/20220809121753/https://twitter.com/gcrclassic/status/1502129896025382913,https://twitter.com/GCRClassic/status/1502129896025382913,https://twitter.com/gcrclassic/status/1502129896025382913,,,,text/html,200,DRLPZT452QQ7BAMJ4G2VHMJBSEUG6SWE,77885
"com,twitter)/gcrclassic/status/1502369151830089736",20220311194152,,https://web.archive.org/web/20220311194152/https://twitter.com/GCRClassic/status/1502369151830089736,https://web.archive.org/web/20220311194152/https://twitter.com/gcrclassic/status/1502369151830089736,https://twitter.com/GCRClassic/status/1502369151830089736,https://twitter.com/gcrclassic/status/1502369151830089736,,,,text/html,302,27PP5E6AJ4QGPAWDHPNS3WIPF56P33B6,545
"com,twitter)/gcrclassic/status/1503087232319643659",20220313191530,,https://web.archive.org/web/20220313191530/https://twitter.com/GCRClassic/status/1503087232319643659,https://web.archive.org/web/20220313191530/https://twitter.com/gcrclassic/status/1503087232319643659,https://twitter.com/GCRClassic/status/1503087232319643659,https://twitter.com/gcrclassic/status/1503087232319643659,,,,text/html,200,2SCREBP4LUXJWS4PSVI4HFX4XDHWZ5EB,3719
"com,twitter)/gcrclassic/status/1502374088798576641",20220311200125,,https://web.archive.org/web/20220311200125/https://twitter.com/GCRClassic/status/1502374088798576641,https://web.archive.org/web/20220311200125/https://twitter.com/gcrclassic/status/1502374088798576641,https://twitter.com/GCRClassic/status/1502374088798576641,https://twitter.com/gcrclassic/status/1502374088798576641,,,,text/html,302,LX7YO2DBYDUUJB2R3IPQYS3OXTFIQINB,526
"com,twitter)/gcrclassic/status/1503087232319643659",20220608225831,,https://web.archive.org/web/20220608225831/https://twitter.com/GCRClassic/status/1503087232319643659,https://web.archive.org/web/20220608225831/https://twitter.com/gcrclassic/status/1503087232319643659,https://twitter.com/GCRClassic/status/1503087232319643659,https://twitter.com/gcrclassic/status/1503087232319643659,,,,text/html,200,KV4GLRWXZ3IDIOVEW3ABFZ6XWNNZKM5X,7397
"com,twitter)/gcrclassic/status/1503087232319643659",20220723123024,,https://web.archive.org/web/20220723123024/https://twitter.com/GCRClassic/status/1503087232319643659,https://web.archive.org/web/20220723123024/https://twitter.com/gcrclassic/status/1503087232319643659,https://twitter.com/GCRClassic/status/1503087232319643659,https://twitter.com/gcrclassic/status/1503087232319643659,,,,text/html,200,FREEGKFDATXUAGUCJC3B546XSFM33NB6,6317
"com,twitter)/gcrclassic/status/1503087232319643659",20220610225825,,https://web.archive.org/web/20220610225825/https://twitter.com/GCRClassic/status/1503087232319643659,https://web.archive.org/web/20220610225825/https://twitter.com/gcrclassic/status/1503087232319643659,https://twitter.com/GCRClassic/status/1503087232319643659,https://twitter.com/gcrclassic/status/1503087232319643659,,,,text/html,200,TT6F525EDDJ6C7YNQRS6RDXQUNDIZGGY,7340
"com,twitter)/gcrclassic/status/1503088487091822597",20220313192027,,https://web.archive.org/web/20220313192027/https://twitter.com/GCRClassic/status/1503088487091822597,https://web.archive.org/web/20220313192027/https://twitter.com/gcrclassic/status/1503088487091822597,https://twitter.com/GCRClassic/status/1503088487091822597,https://twitter.com/gcrclassic/status/1503088487091822597,,,,text/html,200,NWD7OKD65V7TFQJ445VIEZWMNCUBZBMP,4227
"com,twitter)/gcrclassic/status/1503088487091822597",20220528042304,,https://web.archive.org/web/20220528042304/https://twitter.com/GCRClassic/status/1503088487091822597,https://web.archive.org/web/20220528042304/https://twitter.com/gcrclassic/status/1503088487091822597,https://twitter.com/GCRClassic/status/1503088487091822597,https://twitter.com/gcrclassic/status/1503088487091822597,,,,text/html,200,KCLZLOJ4IAVKFJ7XGYAEVTWK47PL4WFI,6616
"com,twitter)/gcrclassic/status/1503089768808292356",20220313192519,,https://web.archive.org/web/20220313192519/https://twitter.com/GCRClassic/status/1503089768808292356,https://web.archive.org/web/20220313192519/https://twitter.com/gcrclassic/status/1503089768808292356,https://twitter.com/GCRClassic/status/1503089768808292356,https://twitter.com/gcrclassic/status/1503089768808292356,,,,text/html,200,E6PW2MUCCSYVP5EY23FBIW53DAZL4YII,4087
"com,twitter)/gcrclassic/status/1503087232319643659",20220528042223,,https://web.archive.org/web/20220528042223/https://twitter.com/GCRClassic/status/1503087232319643659,https://web.archive.org/web/20220528042223/https://twitter.com/gcrclassic/status/1503087232319643659,https://twitter.com/GCRClassic/status/1503087232319643659,https://twitter.com/gcrclassic/status/1503087232319643659,,,,text/html,200,DAKBKJMYAK3SWGBNLWCSW4YB5CA6SKWG,7248
"com,twitter)/gcrclassic/status/1503089768808292356",20220528042230,,https://web.archive.org/web/20220528042230/https://twitter.com/GCRClassic/status/1503089768808292356,https://web.archive.org/web/20220528042230/https://twitter.com/gcrclassic/status/1503089768808292356,https://twitter.com/GCRClassic/status/1503089768808292356,https://twitter.com/gcrclassic/status/1503089768808292356,,,,text/html,200,VSR56DVTIQRLV6FJ7PEGXNRNW5WV3XQN,5278
"com,twitter)/gcrclassic/status/1503089768808292356",20220610225827,,https://web.archive.org/web/20220610225827/https://twitter.com/GCRClassic/status/1503089768808292356,https://web.archive.org/web/20220610225827/https://twitter.com/gcrclassic/status/1503089768808292356,https://twitter.com/GCRClassic/status/1503089768808292356,https://twitter.com/gcrclassic/status/1503089768808292356,,,,text/html,200,7KN5AGAUZ634IRHODVXQCTTAH7ONGD2H,5302
"com,twitter)/gcrclassic/status/1503650716438695944",20220315083428,,https://web.archive.org/web/20220315083428/https://twitter.com/GCRClassic/status/1503650716438695944,https://web.archive.org/web/20220315083428/https://twitter.com/gcrclassic/status/1503650716438695944,https://twitter.com/GCRClassic/status/1503650716438695944,https://twitter.com/gcrclassic/status/1503650716438695944,,,,text/html,200,FME3LANPQXZEZ6DPZEURXXWD3BAE2DKR,5733
"com,twitter)/gcrclassic/status/1503453660638023680",20220314193130,,https://web.archive.org/web/20220314193130/https://twitter.com/GCRClassic/status/1503453660638023680,https://web.archive.org/web/20220314193130/https://twitter.com/gcrclassic/status/1503453660638023680,https://twitter.com/GCRClassic/status/1503453660638023680,https://twitter.com/gcrclassic/status/1503453660638023680,,,,text/html,200,BOTISXBIIKJKZFPLTX33SEQRXSPQCEYY,4901
"com,twitter)/gcrclassic/status/1503089768808292356",20220608225834,,https://web.archive.org/web/20220608225834/https://twitter.com/GCRClassic/status/1503089768808292356,https://web.archive.org/web/20220608225834/https://twitter.com/gcrclassic/status/1503089768808292356,https://twitter.com/GCRClassic/status/1503089768808292356,https://twitter.com/gcrclassic/status/1503089768808292356,,,,text/html,200,PY5NZMLVIPQPTH3M5KV24JURFABGLNWZ,5296
"com,twitter)/gcrclassic/status/1503650716438695944?s=19&t=fz3b3zlyx1zl32inefzjma",20220831024835,,https://web.archive.org/web/20220831024835/https://twitter.com/GCRClassic/status/1503650716438695944?t=fz3B3zLyx1Zl32inefzJMA&s=19,https://web.archive.org/web/20220831024835/https://twitter.com/gcrclassic/status/1503650716438695944,https://twitter.com/GCRClassic/status/1503650716438695944?t=fz3B3zLyx1Zl32inefzJMA&s=19,https://twitter.com/gcrclassic/status/1503650716438695944,,,,text/html,200,OIU3MX2IKSRP2EHRYDBLFVSTDJYIJFZ6,17390
"com,twitter)/gcrclassic/status/1503650716438695944",20220831024917,,https://web.archive.org/web/20220831024917/https://twitter.com/GCRClassic/status/1503650716438695944,https://web.archive.org/web/20220831024917/https://twitter.com/gcrclassic/status/1503650716438695944,https://twitter.com/GCRClassic/status/1503650716438695944,https://twitter.com/gcrclassic/status/1503650716438695944,,,,text/html,200,G5HFSEVKAKHFIFC35KCPIBHK5ZCOI5BD,17333
"com,twitter)/gcrclassic/status/1503650716438695944?t=fz3b3zlyx1zl32inefzjma",20220831024919,,https://web.archive.org/web/20220831024919/https://twitter.com/GCRClassic/status/1503650716438695944?t=fz3B3zLyx1Zl32inefzJMA,https://web.archive.org/web/20220831024919/https://twitter.com/gcrclassic/status/1503650716438695944,https://twitter.com/GCRClassic/status/1503650716438695944?t=fz3B3zLyx1Zl32inefzJMA,https://twitter.com/gcrclassic/status/1503650716438695944,,,,text/html,200,3AM5C2O3QHJJPWB6SUKTGBCCC7ISDN6E,17457
"com,twitter)/gcrclassic/status/1504072163447431169",20220316124312,,https://web.archive.org/web/20220316124312/https://twitter.com/GCRClassic/status/1504072163447431169,https://web.archive.org/web/20220316124312/https://twitter.com/gcrclassic/status/1504072163447431169,https://twitter.com/GCRClassic/status/1504072163447431169,https://twitter.com/gcrclassic/status/1504072163447431169,,,,text/html,200,LEIPBWSSXX2RBEQJYGXD76RVO4QCHCR6,7420
"com,twitter)/gcrclassic/status/1504072163447431169",20220906184103,,https://web.archive.org/web/20220906184103/https://twitter.com/GCRClassic/status/1504072163447431169,https://web.archive.org/web/20220906184103/https://twitter.com/gcrclassic/status/1504072163447431169,https://twitter.com/GCRClassic/status/1504072163447431169,https://twitter.com/gcrclassic/status/1504072163447431169,,,,text/html,200,7RRJDUEXDGUUDWR7XUHEU5BHOJRATUOK,83832
"com,twitter)/gcrclassic/status/1504075623052025857",20220316124304,,https://web.archive.org/web/20220316124304/https://twitter.com/GCRClassic/status/1504075623052025857,https://web.archive.org/web/20220316124304/https://twitter.com/gcrclassic/status/1504075623052025857,https://twitter.com/GCRClassic/status/1504075623052025857,https://twitter.com/gcrclassic/status/1504075623052025857,,,,text/html,200,2MQF7NWLMH7ZJ224TMET6NVXY3IYIKBX,4223
"com,twitter)/gcrclassic/status/1504076329972604934",20220316124632,,https://web.archive.org/web/20220316124632/https://twitter.com/GCRClassic/status/1504076329972604934,https://web.archive.org/web/20220316124632/https://twitter.com/gcrclassic/status/1504076329972604934,https://twitter.com/GCRClassic/status/1504076329972604934,https://twitter.com/gcrclassic/status/1504076329972604934,,,,text/html,200,TTZXNKKOCVW537OIRIRSH2EWMO37DETU,3865
"com,twitter)/gcrclassic/status/1504072917864361984",20220316123408,,https://web.archive.org/web/20220316123408/https://twitter.com/GCRClassic/status/1504072917864361984,https://web.archive.org/web/20220316123408/https://twitter.com/gcrclassic/status/1504072917864361984,https://twitter.com/GCRClassic/status/1504072917864361984,https://twitter.com/gcrclassic/status/1504072917864361984,,,,text/html,200,WRCLBSSQGPVVV4GTV7UPJ7QPA2TEUCBZ,4528
"com,twitter)/gcrclassic/status/1504072163447431169",20220908183715,,https://web.archive.org/web/20220908183715/https://twitter.com/GCRClassic/status/1504072163447431169,https://web.archive.org/web/20220908183715/https://twitter.com/gcrclassic/status/1504072163447431169,https://twitter.com/GCRClassic/status/1504072163447431169,https://twitter.com/gcrclassic/status/1504072163447431169,,,,text/html,200,OSVGGWJSM4TBCQIXO2FQK6R7MOKEUVCB,83828
"com,twitter)/gcrclassic/status/1504093013118795778",20220316204039,,https://web.archive.org/web/20220316204039/https://twitter.com/GCRClassic/status/1504093013118795778,https://web.archive.org/web/20220316204039/https://twitter.com/gcrclassic/status/1504093013118795778,https://twitter.com/GCRClassic/status/1504093013118795778,https://twitter.com/gcrclassic/status/1504093013118795778,,,,text/html,200,ZEN2EHUUF2HLYI2PXVF2H5IHYWD6TJPF,6841
"com,twitter)/gcrclassic/status/1504210856594321416",20220316214111,,https://web.archive.org/web/20220316214111/https://twitter.com/GCRClassic/status/1504210856594321416,https://web.archive.org/web/20220316214111/https://twitter.com/gcrclassic/status/1504210856594321416,https://twitter.com/GCRClassic/status/1504210856594321416,https://twitter.com/gcrclassic/status/1504210856594321416,,,,text/html,200,4PVMFPAL642VIW2PKQWAUUKLITTVDMFP,5415
"com,twitter)/gcrclassic/status/1504436588268466176",20220317124423,,https://web.archive.org/web/20220317124423/https://twitter.com/GCRClassic/status/1504436588268466176,https://web.archive.org/web/20220317124423/https://twitter.com/gcrclassic/status/1504436588268466176,https://twitter.com/GCRClassic/status/1504436588268466176,https://twitter.com/gcrclassic/status/1504436588268466176,,,,text/html,302,I5ZJAEMK4IMNDB2HA2WQVXB3UVBGCHGJ,498
"com,twitter)/gcrclassic/status/1504238396612427784",20220316232944,,https://web.archive.org/web/20220316232944/https://twitter.com/GCRClassic/status/1504238396612427784,https://web.archive.org/web/20220316232944/https://twitter.com/gcrclassic/status/1504238396612427784,https://twitter.com/GCRClassic/status/1504238396612427784,https://twitter.com/gcrclassic/status/1504238396612427784,,,,text/html,200,SUIUEH3NOLVZRW67AHVRDV3ZBN4HP5BU,5143
"com,twitter)/gcrclassic/status/1504917133771292676",20220516004619,,https://web.archive.org/web/20220516004619/https://twitter.com/GCRClassic/status/1504917133771292676,https://web.archive.org/web/20220516004619/https://twitter.com/gcrclassic/status/1504917133771292676,https://twitter.com/GCRClassic/status/1504917133771292676,https://twitter.com/gcrclassic/status/1504917133771292676,,,,text/html,200,SNMQEAHTLO74O6EPI4IO6E3UZIDCVQSJ,7971
"com,twitter)/gcrclassic/status/1504917133771292676",20220318202706,,https://web.archive.org/web/20220318202706/https://twitter.com/GCRClassic/status/1504917133771292676,https://web.archive.org/web/20220318202706/https://twitter.com/gcrclassic/status/1504917133771292676,https://twitter.com/GCRClassic/status/1504917133771292676,https://twitter.com/gcrclassic/status/1504917133771292676,,,,text/html,200,XGPC3EMUMRZRPMZCKUWOVECIQI5SG3NU,6083
"com,twitter)/gcrclassic/status/1504917133771292676",20220828010603,,https://web.archive.org/web/20220828010603/https://twitter.com/GCRClassic/status/1504917133771292676,https://web.archive.org/web/20220828010603/https://twitter.com/gcrclassic/status/1504917133771292676,https://twitter.com/GCRClassic/status/1504917133771292676,https://twitter.com/gcrclassic/status/1504917133771292676,,,,text/html,200,JEYQ3PN3PA3DQ76EUC5NSZRVB6KYNNK2,72107
"com,twitter)/gcrclassic/status/1505314524328611844",20220509022718,,https://web.archive.org/web/20220509022718/https://twitter.com/GCRClassic/status/1505314524328611844,https://web.archive.org/web/20220509022718/https://twitter.com/gcrclassic/status/1505314524328611844,https://twitter.com/GCRClassic/status/1505314524328611844,https://twitter.com/gcrclassic/status/1505314524328611844,,,,text/html,200,SEBWEW4NVVCNA47JEM3XLHTJB3XJHQML,6942
"com,twitter)/gcrclassic/status/1505314524328611844",20220509134341,,https://web.archive.org/web/20220509134341/https://twitter.com/GCRClassic/status/1505314524328611844,https://web.archive.org/web/20220509134341/https://twitter.com/gcrclassic/status/1505314524328611844,https://twitter.com/GCRClassic/status/1505314524328611844,https://twitter.com/gcrclassic/status/1505314524328611844,,,,text/html,200,ZSWIK5N5OQX32KSKCBBH6WKWEXMRRXRV,7177
"com,twitter)/gcrclassic/status/1505314524328611844",20220515235516,,https://web.archive.org/web/20220515235516/https://twitter.com/GCRClassic/status/1505314524328611844,https://web.archive.org/web/20220515235516/https://twitter.com/gcrclassic/status/1505314524328611844,https://twitter.com/GCRClassic/status/1505314524328611844,https://twitter.com/gcrclassic/status/1505314524328611844,,,,text/html,200,EQD6RCYXJW3XRYPPZJWFQZ72JYR5UZ7N,6756
"com,twitter)/gcrclassic/status/1504211243741159427",20220316214145,,https://web.archive.org/web/20220316214145/https://twitter.com/GCRClassic/status/1504211243741159427,https://web.archive.org/web/20220316214145/https://twitter.com/gcrclassic/status/1504211243741159427,https://twitter.com/GCRClassic/status/1504211243741159427,https://twitter.com/gcrclassic/status/1504211243741159427,,,,text/html,200,ZHQREITSE3BYKMQSKSBZ2Y4HTLLXTK76,4730
"com,twitter)/gcrclassic/status/1505314524328611844",20220319224612,,https://web.archive.org/web/20220319224612/https://twitter.com/GCRClassic/status/1505314524328611844,https://web.archive.org/web/20220319224612/https://twitter.com/gcrclassic/status/1505314524328611844,https://twitter.com/GCRClassic/status/1505314524328611844,https://twitter.com/gcrclassic/status/1505314524328611844,,,,text/html,200,LIE36LKLMRXQ3TOP6SARJEINEMIIORTO,2876
"com,twitter)/gcrclassic/status/1504917133771292676",20220829231243,,https://web.archive.org/web/20220829231243/https://twitter.com/GCRClassic/status/1504917133771292676,https://web.archive.org/web/20220829231243/https://twitter.com/gcrclassic/status/1504917133771292676,https://twitter.com/GCRClassic/status/1504917133771292676,https://twitter.com/gcrclassic/status/1504917133771292676,,,,text/html,200,BUETCX7RJTPDM7AF766SF4MYKPM7FDI7,72460
"com,twitter)/gcrclassic/status/1504912958354296833",20220318201009,,https://web.archive.org/web/20220318201009/https://twitter.com/GCRClassic/status/1504912958354296833,https://web.archive.org/web/20220318201009/https://twitter.com/gcrclassic/status/1504912958354296833,https://twitter.com/GCRClassic/status/1504912958354296833,https://twitter.com/gcrclassic/status/1504912958354296833,,,,text/html,200,FJWSVLJHQQGKZYDLVOWO6PQEHX3YO3K5,5020
"com,twitter)/gcrclassic/status/1504917133771292676",20220619135816,,https://web.archive.org/web/20220619135816/https://twitter.com/GCRClassic/status/1504917133771292676,https://web.archive.org/web/20220619135816/https://twitter.com/gcrclassic/status/1504917133771292676,https://twitter.com/GCRClassic/status/1504917133771292676,https://twitter.com/gcrclassic/status/1504917133771292676,,,,text/html,200,X6VJBCBQBQRDA5YTQUGNP2WLRXIX6AOP,7142
"com,twitter)/gcrclassic/status/1504912958354296833",20220516004524,,https://web.archive.org/web/20220516004524/https://twitter.com/GCRClassic/status/1504912958354296833,https://web.archive.org/web/20220516004524/https://twitter.com/gcrclassic/status/1504912958354296833,https://twitter.com/GCRClassic/status/1504912958354296833,https://twitter.com/gcrclassic/status/1504912958354296833,,,,text/html,200,VRMCFTYVUGU2HPPQDHSMYNKMCIBDKTTU,5988
"com,twitter)/gcrclassic/status/1505325125800976386",20220319232831,,https://web.archive.org/web/20220319232831/https://twitter.com/GCRClassic/status/1505325125800976386,https://web.archive.org/web/20220319232831/https://twitter.com/gcrclassic/status/1505325125800976386,https://twitter.com/GCRClassic/status/1505325125800976386,https://twitter.com/gcrclassic/status/1505325125800976386,,,,text/html,200,YN7XMUI473HU73ZTEYAWDUSXV4LPRATV,3408
"com,twitter)/gcrclassic/status/1505314524328611844",20220601125407,,https://web.archive.org/web/20220601125407/https://twitter.com/GCRClassic/status/1505314524328611844,https://web.archive.org/web/20220601125407/https://twitter.com/gcrclassic/status/1505314524328611844,https://twitter.com/GCRClassic/status/1505314524328611844,https://twitter.com/gcrclassic/status/1505314524328611844,,,,text/html,200,C5NUGVLBWNOMSVXJQQXPTEK7EL3GMMXC,8928
"com,twitter)/gcrclassic/status/1505314524328611844",20220603125435,,https://web.archive.org/web/20220603125435/https://twitter.com/GCRClassic/status/1505314524328611844,https://web.archive.org/web/20220603125435/https://twitter.com/gcrclassic/status/1505314524328611844,https://twitter.com/GCRClassic/status/1505314524328611844,https://twitter.com/gcrclassic/status/1505314524328611844,,,,text/html,200,PPS74NBINFUKG4L5IMDOYY4L5XYX7A7A,7148
"com,twitter)/gcrclassic/status/1505325125800976386",20220703155701,,https://web.archive.org/web/20220703155701/https://twitter.com/GCRClassic/status/1505325125800976386,https://web.archive.org/web/20220703155701/https://twitter.com/gcrclassic/status/1505325125800976386,https://twitter.com/GCRClassic/status/1505325125800976386,https://twitter.com/gcrclassic/status/1505325125800976386,,,,text/html,200,QOLAOG6J4ZSPHTTHEBE73CXYMFM2MFKB,6039
"com,twitter)/gcrclassic/status/1505325125800976386",20220714095018,,https://web.archive.org/web/20220714095018/https://twitter.com/GCRClassic/status/1505325125800976386,https://web.archive.org/web/20220714095018/https://twitter.com/gcrclassic/status/1505325125800976386,https://twitter.com/GCRClassic/status/1505325125800976386,https://twitter.com/gcrclassic/status/1505325125800976386,,,,text/html,200,DBOMCG6TKPB6BFISDGJQYUL5VCCC5I5K,69958
"com,twitter)/gcrclassic/status/1505325125800976386",20220824152713,,https://web.archive.org/web/20220824152713/https://twitter.com/GCRClassic/status/1505325125800976386,https://web.archive.org/web/20220824152713/https://twitter.com/gcrclassic/status/1505325125800976386,https://twitter.com/GCRClassic/status/1505325125800976386,https://twitter.com/gcrclassic/status/1505325125800976386,,,,text/html,200,GKZLP6Z6NVJPBMHOEO3D7R2CROQDXS52,70868
"com,twitter)/gcrclassic/status/1505524416968601600",20220320180611,,https://web.archive.org/web/20220320180611/https://twitter.com/GCRClassic/status/1505524416968601600,https://web.archive.org/web/20220320180611/https://twitter.com/gcrclassic/status/1505524416968601600,https://twitter.com/GCRClassic/status/1505524416968601600,https://twitter.com/gcrclassic/status/1505524416968601600,,,,text/html,200,PFWP7P6YLTSPNLWBQ77O5A3UFRPDOWSE,18175
"com,twitter)/gcrclassic/status/1505524416968601600",20220720082947,,https://web.archive.org/web/20220720082947/https://twitter.com/GCRClassic/status/1505524416968601600,https://web.archive.org/web/20220720082947/https://twitter.com/gcrclassic/status/1505524416968601600,https://twitter.com/GCRClassic/status/1505524416968601600,https://twitter.com/gcrclassic/status/1505524416968601600,,,,text/html,200,KKIND6LW33PTSZE5IMXVNJZVJ3I3QD35,87692
"com,twitter)/gcrclassic/status/1505524416968601600",20220320123954,,https://web.archive.org/web/20220320123954/https://twitter.com/GCRClassic/status/1505524416968601600,https://web.archive.org/web/20220320123954/https://twitter.com/gcrclassic/status/1505524416968601600,https://twitter.com/GCRClassic/status/1505524416968601600,https://twitter.com/gcrclassic/status/1505524416968601600,,,,text/html,200,YCIWBYDOXW3XXYSIY2JMI5JSBCAD2P26,3160
"com,twitter)/gcrclassic/status/1505524416968601600?s=09%0a%0anever&t=k5a2wvwttrmqz5gtuh_9xa",20220831015259,,"https://web.archive.org/web/20220831015259/https://twitter.com/GCRClassic/status/1505524416968601600?t=K5A2WVWtTrmQz5gTuh_9XA&s=09

Never",https://web.archive.org/web/20220831015259/https://twitter.com/gcrclassic/status/1505524416968601600,https://twitter.com/GCRClassic/status/1505524416968601600?t=K5A2WVWtTrmQz5gTuh_9XA&s=09%0A%0ANever,https://twitter.com/gcrclassic/status/1505524416968601600,,,,text/html,200,3JX5DMZDDCAQETFOHM25PWLR3ATPMRBZ,17349
"com,twitter)/gcrclassic/status/1505524416968601600?s=09&t=k5a2wvwttrmqz5gtuh_9xa",20220831014900,,https://web.archive.org/web/20220831014900/https://twitter.com/GCRClassic/status/1505524416968601600?t=K5A2WVWtTrmQz5gTuh_9XA&s=09,https://web.archive.org/web/20220831014900/https://twitter.com/gcrclassic/status/1505524416968601600,https://twitter.com/GCRClassic/status/1505524416968601600?t=K5A2WVWtTrmQz5gTuh_9XA&s=09,https://twitter.com/gcrclassic/status/1505524416968601600,,,,text/html,200,CIMJDTVJP745LHNC64QI6SOK7OHT32QO,17430
"com,twitter)/gcrclassic/status/1506249139226619905",20220322123950,,https://web.archive.org/web/20220322123950/https://twitter.com/GCRClassic/status/1506249139226619905,https://web.archive.org/web/20220322123950/https://twitter.com/gcrclassic/status/1506249139226619905,https://twitter.com/GCRClassic/status/1506249139226619905,https://twitter.com/gcrclassic/status/1506249139226619905,,,,text/html,200,VIRU23YZEORISCY7G2DIPSNSJN7RL3XD,4686
"com,twitter)/gcrclassic/status/1505551178523975687",20220320143306,,https://web.archive.org/web/20220320143306/https://twitter.com/GCRClassic/status/1505551178523975687,https://web.archive.org/web/20220320143306/https://twitter.com/gcrclassic/status/1505551178523975687,https://twitter.com/GCRClassic/status/1505551178523975687,https://twitter.com/gcrclassic/status/1505551178523975687,,,,text/html,200,ESLXLBKZ5VTU3CBLEF46LSN57PLDM2GV,3350
"com,twitter)/gcrclassic/status/1505555748876607491",20220320144447,,https://web.archive.org/web/20220320144447/https://twitter.com/GCRClassic/status/1505555748876607491,https://web.archive.org/web/20220320144447/https://twitter.com/gcrclassic/status/1505555748876607491,https://twitter.com/GCRClassic/status/1505555748876607491,https://twitter.com/gcrclassic/status/1505555748876607491,,,,text/html,200,MZNSEZMHYSEFA76JVKMWICSFSVN3BM7E,3268
"com,twitter)/gcrclassic/status/1506278987428995073",20220322143913,,https://web.archive.org/web/20220322143913/https://twitter.com/GCRClassic/status/1506278987428995073,https://web.archive.org/web/20220322143913/https://twitter.com/gcrclassic/status/1506278987428995073,https://twitter.com/GCRClassic/status/1506278987428995073,https://twitter.com/gcrclassic/status/1506278987428995073,,,,text/html,200,EIOMBRZIYV4G6NOZ4Z3XCUNYFAGH27DJ,7868
"com,twitter)/gcrclassic/status/1506278987428995073",20220709123921,,https://web.archive.org/web/20220709123921/https://twitter.com/GCRClassic/status/1506278987428995073,https://web.archive.org/web/20220709123921/https://twitter.com/gcrclassic/status/1506278987428995073,https://twitter.com/GCRClassic/status/1506278987428995073,https://twitter.com/gcrclassic/status/1506278987428995073,,,,text/html,200,CYLGT7G3UHSLS3MOC3QHXZR5SR6OY47M,74778
"com,twitter)/gcrclassic/status/1506278987428995073",20220716112000,,https://web.archive.org/web/20220716112000/https://twitter.com/GCRClassic/status/1506278987428995073,https://web.archive.org/web/20220716112000/https://twitter.com/gcrclassic/status/1506278987428995073,https://twitter.com/GCRClassic/status/1506278987428995073,https://twitter.com/gcrclassic/status/1506278987428995073,,,,text/html,200,EHJ2PI4FQCXF62YGY6PDSAARXW4YZ6F6,79533
"com,twitter)/gcrclassic/status/1506278987428995073",20220825175141,,https://web.archive.org/web/20220825175141/https://twitter.com/GCRClassic/status/1506278987428995073,https://web.archive.org/web/20220825175141/https://twitter.com/gcrclassic/status/1506278987428995073,https://twitter.com/GCRClassic/status/1506278987428995073,https://twitter.com/gcrclassic/status/1506278987428995073,,,,text/html,200,GBLKRVKOXNGTKEF43A6U24HF6JXT4WKU,74891
"com,twitter)/gcrclassic/status/1506278987428995073",20221010141926,,https://web.archive.org/web/20221010141926/https://twitter.com/gcrclassic/status/1506278987428995073,https://web.archive.org/web/20221010141926/https://twitter.com/gcrclassic/status/1506278987428995073,https://twitter.com/gcrclassic/status/1506278987428995073,https://twitter.com/gcrclassic/status/1506278987428995073,,,,text/html,200,ZZ4FFE22HNLELJ6DURGMB3ZXSFIPMZBK,18247
"com,twitter)/gcrclassic/status/1506278987428995073?s=09%0a&t=usrfik4w2kk0hjacib5c3w",20220831022427,,"https://web.archive.org/web/20220831022427/https://twitter.com/GCRClassic/status/1506278987428995073?t=USRfik4w2Kk0hJACIB5c3w&s=09
",https://web.archive.org/web/20220831022427/https://twitter.com/gcrclassic/status/1506278987428995073,https://twitter.com/GCRClassic/status/1506278987428995073?t=USRfik4w2Kk0hJACIB5c3w&s=09%0A,https://twitter.com/gcrclassic/status/1506278987428995073,,,,text/html,200,5WQQ6ZI5YXUBLM5YZ66PO2XBJIOW2AOW,17435
"com,twitter)/gcrclassic/status/1506278987428995073?s=09&t=usrfik4w2kk0hjacib5c3w",20220831014754,,https://web.archive.org/web/20220831014754/https://twitter.com/GCRClassic/status/1506278987428995073?t=USRfik4w2Kk0hJACIB5c3w&s=09,https://web.archive.org/web/20220831014754/https://twitter.com/gcrclassic/status/1506278987428995073,https://twitter.com/GCRClassic/status/1506278987428995073?t=USRfik4w2Kk0hJACIB5c3w&s=09,https://twitter.com/gcrclassic/status/1506278987428995073,,,,text/html,200,VM4UTH26WGZWETPS2FZUH4BHHNPSBPQG,17375
"com,twitter)/gcrclassic/status/1506278987428995073?t=usrfik4w2kk0hjacib5c3w",20220831014822,,https://web.archive.org/web/20220831014822/https://twitter.com/GCRClassic/status/1506278987428995073?t=USRfik4w2Kk0hJACIB5c3w,https://web.archive.org/web/20220831014822/https://twitter.com/gcrclassic/status/1506278987428995073,https://twitter.com/GCRClassic/status/1506278987428995073?t=USRfik4w2Kk0hJACIB5c3w,https://twitter.com/gcrclassic/status/1506278987428995073,,,,text/html,200,MR366OQXFRIXSR54CJTHXTVDQSVFZ3UY,17417
"com,twitter)/gcrclassic/status/1506278987428995073?s=46&t=h06urjdbx2-nxiutmqugjq",20221010140602,,https://web.archive.org/web/20221010140602/https://twitter.com/gcrclassic/status/1506278987428995073?s=46&t=H06urJDbX2-NXiUtMQugjQ,https://web.archive.org/web/20221010140602/https://twitter.com/gcrclassic/status/1506278987428995073,https://twitter.com/gcrclassic/status/1506278987428995073?s=46&t=H06urJDbX2-NXiUtMQugjQ,https://twitter.com/gcrclassic/status/1506278987428995073,,,,text/html,200,HWQOTBGZXKYQQJBIFX2JQJ2HQQCAVMFF,18220
"com,twitter)/gcrclassic/status/1506278987428995073?t=h06urjdbx2-nxiutmqugjq",20221010140744,,https://web.archive.org/web/20221010140744/https://twitter.com/gcrclassic/status/1506278987428995073?t=H06urJDbX2-NXiUtMQugjQ,https://web.archive.org/web/20221010140744/https://twitter.com/gcrclassic/status/1506278987428995073,https://twitter.com/gcrclassic/status/1506278987428995073?t=H06urJDbX2-NXiUtMQugjQ,https://twitter.com/gcrclassic/status/1506278987428995073,,,,text/html,200,QT3OLIE4P6VLRLJITHGFXK57Y4TCMOFP,18266
"com,twitter)/gcrclassic/status/1506279373275549714",20220322143946,,https://web.archive.org/web/20220322143946/https://twitter.com/GCRClassic/status/1506279373275549714,https://web.archive.org/web/20220322143946/https://twitter.com/gcrclassic/status/1506279373275549714,https://twitter.com/GCRClassic/status/1506279373275549714,https://twitter.com/gcrclassic/status/1506279373275549714,,,,text/html,200,IBHNL6GNJXGZTKSSFAFYPS66DSSWFDCF,4773
"com,twitter)/gcrclassic/status/1506346256712482817",20220322190535,,https://web.archive.org/web/20220322190535/https://twitter.com/GCRClassic/status/1506346256712482817,https://web.archive.org/web/20220322190535/https://twitter.com/gcrclassic/status/1506346256712482817,https://twitter.com/GCRClassic/status/1506346256712482817,https://twitter.com/gcrclassic/status/1506346256712482817,,,,text/html,200,SBFZWLL2RSDCA4XP6QINRPCI5MRZUEN2,5643
"com,twitter)/gcrclassic/status/1506279866978680841",20220322144213,,https://web.archive.org/web/20220322144213/https://twitter.com/GCRClassic/status/1506279866978680841,https://web.archive.org/web/20220322144213/https://twitter.com/gcrclassic/status/1506279866978680841,https://twitter.com/GCRClassic/status/1506279866978680841,https://twitter.com/gcrclassic/status/1506279866978680841,,,,text/html,200,5C6RWXBY3L74VYKRITDWYAOPPAKFPQEV,4936
"com,twitter)/gcrclassic/status/1506349886953988096",20220322191948,,https://web.archive.org/web/20220322191948/https://twitter.com/GCRClassic/status/1506349886953988096,https://web.archive.org/web/20220322191948/https://twitter.com/gcrclassic/status/1506349886953988096,https://twitter.com/GCRClassic/status/1506349886953988096,https://twitter.com/gcrclassic/status/1506349886953988096,,,,text/html,200,TPT5UEC2AQMZOPYFMABYNN6GC4WV56D7,5359
"com,twitter)/gcrclassic/status/1506347627239157770",20220322191129,,https://web.archive.org/web/20220322191129/https://twitter.com/GCRClassic/status/1506347627239157770,https://web.archive.org/web/20220322191129/https://twitter.com/gcrclassic/status/1506347627239157770,https://twitter.com/GCRClassic/status/1506347627239157770,https://twitter.com/gcrclassic/status/1506347627239157770,,,,text/html,200,NW7CA5LBK5AOTBB2CEKJGIJBLSKPHLZB,6018
"com,twitter)/gcrclassic/status/1506864586842124289",20220324052535,,https://web.archive.org/web/20220324052535/https://twitter.com/GCRClassic/status/1506864586842124289,https://web.archive.org/web/20220324052535/https://twitter.com/gcrclassic/status/1506864586842124289,https://twitter.com/GCRClassic/status/1506864586842124289,https://twitter.com/gcrclassic/status/1506864586842124289,,,,text/html,200,PSUCMQ7HRAHDCEWSSLLQSER3H47BLYFH,3610
"com,twitter)/gcrclassic/status/1507360925170507781",20220325141723,,https://web.archive.org/web/20220325141723/https://twitter.com/GCRClassic/status/1507360925170507781,https://web.archive.org/web/20220325141723/https://twitter.com/gcrclassic/status/1507360925170507781,https://twitter.com/GCRClassic/status/1507360925170507781,https://twitter.com/gcrclassic/status/1507360925170507781,,,,text/html,200,G6B6ED4W3Y7S3HMIU36WXU2WZDBG5R3F,7333
"com,twitter)/gcrclassic/status/1507719409674211329",20220326140242,,https://web.archive.org/web/20220326140242/https://twitter.com/GCRClassic/status/1507719409674211329,https://web.archive.org/web/20220326140242/https://twitter.com/gcrclassic/status/1507719409674211329,https://twitter.com/GCRClassic/status/1507719409674211329,https://twitter.com/gcrclassic/status/1507719409674211329,,,,text/html,302,EYIAPQZL3VDD6ODJALXR6WVQLQFZ4QRK,490
"com,twitter)/gcrclassic/status/1508075803766050818",20220327133833,,https://web.archive.org/web/20220327133833/https://twitter.com/GCRClassic/status/1508075803766050818,https://web.archive.org/web/20220327133833/https://twitter.com/gcrclassic/status/1508075803766050818,https://twitter.com/GCRClassic/status/1508075803766050818,https://twitter.com/gcrclassic/status/1508075803766050818,,,,text/html,200,477VFJ6BHQTBCBV7BZD37LGLLLQ5NEKI,7851
"com,twitter)/gcrclassic/status/1508077472306409475",20220327134513,,https://web.archive.org/web/20220327134513/https://twitter.com/GCRClassic/status/1508077472306409475,https://web.archive.org/web/20220327134513/https://twitter.com/gcrclassic/status/1508077472306409475,https://twitter.com/GCRClassic/status/1508077472306409475,https://twitter.com/gcrclassic/status/1508077472306409475,,,,text/html,200,SDX547DBA5SVUGCQPWG5MRYKQMHZDYC6,8486
"com,twitter)/gcrclassic/status/1508077985592713223",20220327134713,,https://web.archive.org/web/20220327134713/https://twitter.com/GCRClassic/status/1508077985592713223,https://web.archive.org/web/20220327134713/https://twitter.com/gcrclassic/status/1508077985592713223,https://twitter.com/GCRClassic/status/1508077985592713223,https://twitter.com/gcrclassic/status/1508077985592713223,,,,text/html,200,5I63PFBG5RSI3EJHS2IP4KQU65FEFRIN,3760
"com,twitter)/gcrclassic/status/1508079085377007619",20220327135144,,https://web.archive.org/web/20220327135144/https://twitter.com/GCRClassic/status/1508079085377007619,https://web.archive.org/web/20220327135144/https://twitter.com/gcrclassic/status/1508079085377007619,https://twitter.com/GCRClassic/status/1508079085377007619,https://twitter.com/gcrclassic/status/1508079085377007619,,,,text/html,200,OABEWD25SATXJ3OPVVJY2NUOTJZETSEN,5153
"com,twitter)/gcrclassic/status/1508079085377007619?s=21",20220327173901,,https://web.archive.org/web/20220327173901/https://twitter.com/gcrclassic/status/1508079085377007619?s=21,https://web.archive.org/web/20220327173901/https://twitter.com/gcrclassic/status/1508079085377007619,https://twitter.com/gcrclassic/status/1508079085377007619?s=21,https://twitter.com/gcrclassic/status/1508079085377007619,,,,text/html,200,AUBYWTTXUUHOS37OC5K3FJE2B4KO7KOH,19914
"com,twitter)/gcrclassic/status/1508079291355086853",20220327135233,,https://web.archive.org/web/20220327135233/https://twitter.com/GCRClassic/status/1508079291355086853,https://web.archive.org/web/20220327135233/https://twitter.com/gcrclassic/status/1508079291355086853,https://twitter.com/GCRClassic/status/1508079291355086853,https://twitter.com/gcrclassic/status/1508079291355086853,,,,text/html,200,SU5Q7WKEJWCR23E7KTASPVGIJMT5RDLO,3428
"com,twitter)/gcrclassic/status/1508379109893853188",20220328094343,,https://web.archive.org/web/20220328094343/https://twitter.com/GCRClassic/status/1508379109893853188,https://web.archive.org/web/20220328094343/https://twitter.com/gcrclassic/status/1508379109893853188,https://twitter.com/GCRClassic/status/1508379109893853188,https://twitter.com/gcrclassic/status/1508379109893853188,,,,text/html,200,YDA6HS4YNEQDQ2FAX7J6SMIDAHSGWP4B,3685
"com,twitter)/gcrclassic/status/1508379109893853188",20220831015218,,https://web.archive.org/web/20220831015218/https://twitter.com/GCRClassic/status/1508379109893853188,https://web.archive.org/web/20220831015218/https://twitter.com/gcrclassic/status/1508379109893853188,https://twitter.com/GCRClassic/status/1508379109893853188,https://twitter.com/gcrclassic/status/1508379109893853188,,,,text/html,200,ASB3CYSANQXHHVMFGT75ILY6WHPWTBSN,17375
"com,twitter)/gcrclassic/status/1508379109893853188?s=09%0a&t=b-zwpyhnfrvv2kpqhll8oq",20220831043139,,"https://web.archive.org/web/20220831043139/https://twitter.com/GCRClassic/status/1508379109893853188?t=B-ZwpYHNfRvv2KpQhll8OQ&s=09
",https://web.archive.org/web/20220831043139/https://twitter.com/gcrclassic/status/1508379109893853188,https://twitter.com/GCRClassic/status/1508379109893853188?t=B-ZwpYHNfRvv2KpQhll8OQ&s=09%0A,https://twitter.com/gcrclassic/status/1508379109893853188,,,,text/html,200,ZFCCJESWNAYWQUJAUPLNGTEZH4TJ5NZ4,17381
"com,twitter)/gcrclassic/status/1508379109893853188?s=09&t=b-zwpyhnfrvv2kpqhll8oq",20220831015131,,https://web.archive.org/web/20220831015131/https://twitter.com/GCRClassic/status/1508379109893853188?t=B-ZwpYHNfRvv2KpQhll8OQ&s=09,https://web.archive.org/web/20220831015131/https://twitter.com/gcrclassic/status/1508379109893853188,https://twitter.com/GCRClassic/status/1508379109893853188?t=B-ZwpYHNfRvv2KpQhll8OQ&s=09,https://twitter.com/gcrclassic/status/1508379109893853188,,,,text/html,200,KNDTP6AE4MV6PKNQUN3IIN75CGNDXUPB,17366
"com,twitter)/gcrclassic/status/1508379109893853188?t=b-zwpyhnfrvv2kpqhll8oq",20220831015216,,https://web.archive.org/web/20220831015216/https://twitter.com/GCRClassic/status/1508379109893853188?t=B-ZwpYHNfRvv2KpQhll8OQ,https://web.archive.org/web/20220831015216/https://twitter.com/gcrclassic/status/1508379109893853188,https://twitter.com/GCRClassic/status/1508379109893853188?t=B-ZwpYHNfRvv2KpQhll8OQ,https://twitter.com/gcrclassic/status/1508379109893853188,,,,text/html,200,IZECC4D4F3MRJJKVMBCNUTGBFDQEAAHU,17449
"com,twitter)/gcrclassic/status/1508381561753907208",20220328095323,,https://web.archive.org/web/20220328095323/https://twitter.com/GCRClassic/status/1508381561753907208,https://web.archive.org/web/20220328095323/https://twitter.com/gcrclassic/status/1508381561753907208,https://twitter.com/GCRClassic/status/1508381561753907208,https://twitter.com/gcrclassic/status/1508381561753907208,,,,text/html,200,UWYYTUCTFKPWM353BSFM4SLTXFPHUZWC,4138
"com,twitter)/gcrclassic/status/1505524416968601600?t=k5a2wvwttrmqz5gtuh_9xa",20220831014911,,https://web.archive.org/web/20220831014911/https://twitter.com/GCRClassic/status/1505524416968601600?t=K5A2WVWtTrmQz5gTuh_9XA,https://web.archive.org/web/20220831014911/https://twitter.com/gcrclassic/status/1505524416968601600,https://twitter.com/GCRClassic/status/1505524416968601600?t=K5A2WVWtTrmQz5gTuh_9XA,https://twitter.com/gcrclassic/status/1505524416968601600,,,,text/html,200,4VPFTAY74SW3YZSVXZPH57V7FT44NUME,17466
"com,twitter)/gcrclassic/status/1508383372812472322",20220328100020,,https://web.archive.org/web/20220328100020/https://twitter.com/GCRClassic/status/1508383372812472322,https://web.archive.org/web/20220328100020/https://twitter.com/gcrclassic/status/1508383372812472322,https://twitter.com/GCRClassic/status/1508383372812472322,https://twitter.com/gcrclassic/status/1508383372812472322,,,,text/html,200,QIFUQ6MSI3GWDUBBYRXF7QHJXBYXCA2B,4456
"com,twitter)/gcrclassic/status/1508385115621240838",20220328100710,,https://web.archive.org/web/20220328100710/https://twitter.com/GCRClassic/status/1508385115621240838,https://web.archive.org/web/20220328100710/https://twitter.com/gcrclassic/status/1508385115621240838,https://twitter.com/GCRClassic/status/1508385115621240838,https://twitter.com/gcrclassic/status/1508385115621240838,,,,text/html,200,VZHMFDJVJPOJBAEB5O3U5XDLCCIGHDGH,4234
"com,twitter)/gcrclassic/status/1508385406961827846",20220328100814,,https://web.archive.org/web/20220328100814/https://twitter.com/GCRClassic/status/1508385406961827846,https://web.archive.org/web/20220328100814/https://twitter.com/gcrclassic/status/1508385406961827846,https://twitter.com/GCRClassic/status/1508385406961827846,https://twitter.com/gcrclassic/status/1508385406961827846,,,,text/html,200,S3J4ONGDCS5QI2IFK26VXG2PYAJVKRNI,4211
"com,twitter)/gcrclassic/status/1506278987428995073",20220831014807,,https://web.archive.org/web/20220831014807/https://twitter.com/GCRClassic/status/1506278987428995073,https://web.archive.org/web/20220831014807/https://twitter.com/gcrclassic/status/1506278987428995073,https://twitter.com/GCRClassic/status/1506278987428995073,https://twitter.com/gcrclassic/status/1506278987428995073,,,,text/html,200,XPV4KO65R6G6KQLKO7NKIKZPCHWJUAI3,17396
"com,twitter)/gcrclassic/status/1508389547259924483",20220328102449,,https://web.archive.org/web/20220328102449/https://twitter.com/GCRClassic/status/1508389547259924483,https://web.archive.org/web/20220328102449/https://twitter.com/gcrclassic/status/1508389547259924483,https://twitter.com/GCRClassic/status/1508389547259924483,https://twitter.com/gcrclassic/status/1508389547259924483,,,,text/html,200,Q3L7JQPTLC4WX6CLXZNLNEVD5UTXAPV5,4856
"com,twitter)/gcrclassic/status/1508517089329491979",20220328185231,,https://web.archive.org/web/20220328185231/https://twitter.com/GCRClassic/status/1508517089329491979,https://web.archive.org/web/20220328185231/https://twitter.com/gcrclassic/status/1508517089329491979,https://twitter.com/GCRClassic/status/1508517089329491979,https://twitter.com/gcrclassic/status/1508517089329491979,,,,text/html,302,WJCJACMU63FLWCG3LP5AZVMJYDJGTLDF,505
"com,twitter)/gcrclassic/status/1508789407347879937",20220329125404,,https://web.archive.org/web/20220329125404/https://twitter.com/GCRClassic/status/1508789407347879937,https://web.archive.org/web/20220329125404/https://twitter.com/gcrclassic/status/1508789407347879937,https://twitter.com/GCRClassic/status/1508789407347879937,https://twitter.com/gcrclassic/status/1508789407347879937,,,,text/html,200,M7PBPP4IZSTJFA4PMSPQS2YH6JADMRAC,4333
"com,twitter)/gcrclassic/status/1508789407347879937",20220831015206,,https://web.archive.org/web/20220831015206/https://twitter.com/GCRClassic/status/1508789407347879937,https://web.archive.org/web/20220831015206/https://twitter.com/gcrclassic/status/1508789407347879937,https://twitter.com/GCRClassic/status/1508789407347879937,https://twitter.com/gcrclassic/status/1508789407347879937,,,,text/html,200,MQSEMN4DUZIVCJFGQMXJ2E7MUSHTJ7IZ,17366
"com,twitter)/gcrclassic/status/1508789407347879937?s=09%0a&t=syv1yskxgx4uw8godkejha",20220831022318,,"https://web.archive.org/web/20220831022318/https://twitter.com/GCRClassic/status/1508789407347879937?t=sYV1ySkxGx4UW8gODKEjHA&s=09
",https://web.archive.org/web/20220831022318/https://twitter.com/gcrclassic/status/1508789407347879937,https://twitter.com/GCRClassic/status/1508789407347879937?t=sYV1ySkxGx4UW8gODKEjHA&s=09%0A,https://twitter.com/gcrclassic/status/1508789407347879937,,,,text/html,200,MIH6KGMJT632YUYIFG6G5MA2WTUX6BPX,17506
"com,twitter)/gcrclassic/status/1508789407347879937?s=09&t=syv1yskxgx4uw8godkejha",20220831015203,,https://web.archive.org/web/20220831015203/https://twitter.com/GCRClassic/status/1508789407347879937?t=sYV1ySkxGx4UW8gODKEjHA&s=09,https://web.archive.org/web/20220831015203/https://twitter.com/gcrclassic/status/1508789407347879937,https://twitter.com/GCRClassic/status/1508789407347879937?t=sYV1ySkxGx4UW8gODKEjHA&s=09,https://twitter.com/gcrclassic/status/1508789407347879937,,,,text/html,200,WFTE4UUHQX4SFU6NF3MFOQJSUUQ2WV5O,17406
"com,twitter)/gcrclassic/status/1508789407347879937?t=syv1yskxgx4uw8godkejha",20220831015207,,https://web.archive.org/web/20220831015207/https://twitter.com/GCRClassic/status/1508789407347879937?t=sYV1ySkxGx4UW8gODKEjHA,https://web.archive.org/web/20220831015207/https://twitter.com/gcrclassic/status/1508789407347879937,https://twitter.com/GCRClassic/status/1508789407347879937?t=sYV1ySkxGx4UW8gODKEjHA,https://twitter.com/gcrclassic/status/1508789407347879937,,,,text/html,200,VAOQZSPZ3E5JPTKMCCTAVWUQIH56EGVP,17383
"com,twitter)/gcrclassic/status/1509339312462172164",20220331102036,,https://web.archive.org/web/20220331102036/https://twitter.com/GCRClassic/status/1509339312462172164,https://web.archive.org/web/20220331102036/https://twitter.com/gcrclassic/status/1509339312462172164,https://twitter.com/GCRClassic/status/1509339312462172164,https://twitter.com/gcrclassic/status/1509339312462172164,,,,text/html,200,WZ2XAXDG7YHZ2BYDN2WDEXOTYZ463RTB,8491
"com,twitter)/gcrclassic/status/1506349886953988096",20220609163848,,https://web.archive.org/web/20220609163848/https://twitter.com/GCRClassic/status/1506349886953988096,https://web.archive.org/web/20220609163848/https://twitter.com/gcrclassic/status/1506349886953988096,https://twitter.com/GCRClassic/status/1506349886953988096,https://twitter.com/gcrclassic/status/1506349886953988096,,,,text/html,200,IJIEDYY55TVIV5BMNDDIVPV2SIXHNB5W,6363
"com,twitter)/gcrclassic/status/1509540357708853248",20220331145337,,https://web.archive.org/web/20220331145337/https://twitter.com/GCRClassic/status/1509540357708853248,https://web.archive.org/web/20220331145337/https://twitter.com/gcrclassic/status/1509540357708853248,https://twitter.com/GCRClassic/status/1509540357708853248,https://twitter.com/gcrclassic/status/1509540357708853248,,,,text/html,200,UZEX5RZ45OZZ7G6JSS77G4PX3OJBIGHP,8099
"com,twitter)/gcrclassic/status/1509541169335783434",20220731053627,,https://web.archive.org/web/20220731053627/https://twitter.com/GCRClassic/status/1509541169335783434,https://web.archive.org/web/20220731053627/https://twitter.com/gcrclassic/status/1509541169335783434,https://twitter.com/GCRClassic/status/1509541169335783434,https://twitter.com/gcrclassic/status/1509541169335783434,,,,text/html,200,UE2ZXI6AINH6OLXTB6UES2PRJXO4W2LN,72651
"com,twitter)/gcrclassic/status/1509542283447877644",20220331165948,,https://web.archive.org/web/20220331165948/https://twitter.com/GCRClassic/status/1509542283447877644,https://web.archive.org/web/20220331165948/https://twitter.com/gcrclassic/status/1509542283447877644,https://twitter.com/GCRClassic/status/1509542283447877644,https://twitter.com/gcrclassic/status/1509542283447877644,,,,text/html,200,DKHAXUFHPXATNILHPP6IMGWLX7YWL5HJ,8319
"com,twitter)/gcrclassic/status/1509548125014343686",20220331164759,,https://web.archive.org/web/20220331164759/https://twitter.com/GCRClassic/status/1509548125014343686,https://web.archive.org/web/20220331164759/https://twitter.com/gcrclassic/status/1509548125014343686,https://twitter.com/GCRClassic/status/1509548125014343686,https://twitter.com/gcrclassic/status/1509548125014343686,,,,text/html,200,E4OK2D2CLETETLYAOXNMEJG7V3LP7IF6,7720
"com,twitter)/gcrclassic/status/1509570835828326402",20220331180433,,https://web.archive.org/web/20220331180433/https://twitter.com/GCRClassic/status/1509570835828326402,https://web.archive.org/web/20220331180433/https://twitter.com/gcrclassic/status/1509570835828326402,https://twitter.com/GCRClassic/status/1509570835828326402,https://twitter.com/gcrclassic/status/1509570835828326402,,,,text/html,200,GAMDKQEEJ3QNKO5L2MSERSBLLG2K2VVP,5224
"com,twitter)/gcrclassic/status/1505325125800976386",20220829143005,,https://web.archive.org/web/20220829143005/https://twitter.com/GCRClassic/status/1505325125800976386,https://web.archive.org/web/20220829143005/https://twitter.com/gcrclassic/status/1505325125800976386,https://twitter.com/GCRClassic/status/1505325125800976386,https://twitter.com/gcrclassic/status/1505325125800976386,,,,text/html,200,FXFSHWSSNUBMSDFQUGHLSKBERXC7IGHD,77210
"com,twitter)/gcrclassic/status/1505325125800976386",20220715201119,,https://web.archive.org/web/20220715201119/https://twitter.com/GCRClassic/status/1505325125800976386,https://web.archive.org/web/20220715201119/https://twitter.com/gcrclassic/status/1505325125800976386,https://twitter.com/GCRClassic/status/1505325125800976386,https://twitter.com/gcrclassic/status/1505325125800976386,,,,text/html,200,FAZPPTTII5HROOLLSXZJ4JXTTQQ4ESF3,7493
"com,twitter)/gcrclassic/status/1510405840896987138",20220402235714,,https://web.archive.org/web/20220402235714/https://twitter.com/GCRClassic/status/1510405840896987138,https://web.archive.org/web/20220402235714/https://twitter.com/gcrclassic/status/1510405840896987138,https://twitter.com/GCRClassic/status/1510405840896987138,https://twitter.com/gcrclassic/status/1510405840896987138,,,,text/html,200,5H452GJYCTOGGQWXAX4G6Z4SFMBAWKZI,66329
"com,twitter)/gcrclassic/status/1510330875984109583",20220723182535,,https://web.archive.org/web/20220723182535/https://twitter.com/GCRClassic/status/1510330875984109583,https://web.archive.org/web/20220723182535/https://twitter.com/gcrclassic/status/1510330875984109583,https://twitter.com/GCRClassic/status/1510330875984109583,https://twitter.com/gcrclassic/status/1510330875984109583,,,,text/html,200,RWAISREYAX3TDA2PUVJ65ZFE5XTY3EEH,8554
"com,twitter)/gcrclassic/status/1508385115621240838",20220328100650,,https://web.archive.org/web/20220328100650/https://twitter.com/GCRClassic/status/1508385115621240838,https://web.archive.org/web/20220328100650/https://twitter.com/gcrclassic/status/1508385115621240838,https://twitter.com/GCRClassic/status/1508385115621240838,https://twitter.com/gcrclassic/status/1508385115621240838,,,,application/json,-,MLGJXZBZ6QOYWERZLRCVLSVUDNLSFXHG,1595
"com,twitter)/gcrclassic/status/1509541169335783434",20220331162248,,https://web.archive.org/web/20220331162248/https://twitter.com/GCRClassic/status/1509541169335783434,https://web.archive.org/web/20220331162248/https://twitter.com/gcrclassic/status/1509541169335783434,https://twitter.com/GCRClassic/status/1509541169335783434,https://twitter.com/gcrclassic/status/1509541169335783434,,,,text/html,200,L62WCIRJAJJTDTJOOGQZT37ELPEIRUSI,8672
"com,twitter)/gcrclassic/status/1508412120634957832",20220328115434,,https://web.archive.org/web/20220328115434/https://twitter.com/GCRClassic/status/1508412120634957832,https://web.archive.org/web/20220328115434/https://twitter.com/gcrclassic/status/1508412120634957832,https://twitter.com/GCRClassic/status/1508412120634957832,https://twitter.com/gcrclassic/status/1508412120634957832,,,,text/html,302,RXTTKXNFAL64R2RJBXEP3QRQZRXD2XSO,514
"com,twitter)/gcrclassic/status/1510630062999183363",20220403144839,,https://web.archive.org/web/20220403144839/https://twitter.com/GCRClassic/status/1510630062999183363,https://web.archive.org/web/20220403144839/https://twitter.com/gcrclassic/status/1510630062999183363,https://twitter.com/GCRClassic/status/1510630062999183363,https://twitter.com/gcrclassic/status/1510630062999183363,,,,text/html,200,LDDRWBQ5FHCOOOAAANM23QZWJRFG3S5Z,69042
"com,twitter)/gcrclassic/status/1510631439708131341",20220403145346,,https://web.archive.org/web/20220403145346/https://twitter.com/GCRClassic/status/1510631439708131341,https://web.archive.org/web/20220403145346/https://twitter.com/gcrclassic/status/1510631439708131341,https://twitter.com/GCRClassic/status/1510631439708131341,https://twitter.com/gcrclassic/status/1510631439708131341,,,,text/html,200,V4G5PQ6VXWCZAW3LELGCRRM6IW3Q22FZ,67217
"com,twitter)/gcrclassic/status/1510330875984109583",20220402211216,,https://web.archive.org/web/20220402211216/https://twitter.com/GCRClassic/status/1510330875984109583,https://web.archive.org/web/20220402211216/https://twitter.com/gcrclassic/status/1510330875984109583,https://twitter.com/GCRClassic/status/1510330875984109583,https://twitter.com/gcrclassic/status/1510330875984109583,,,,text/html,200,RLYNIHY3U5VMLIKG3VX2K5K6WAZN3HYD,72674
"com,twitter)/gcrclassic/status/1510640416957288460",20220403152909,,https://web.archive.org/web/20220403152909/https://twitter.com/GCRClassic/status/1510640416957288460,https://web.archive.org/web/20220403152909/https://twitter.com/gcrclassic/status/1510640416957288460,https://twitter.com/GCRClassic/status/1510640416957288460,https://twitter.com/gcrclassic/status/1510640416957288460,,,,text/html,200,ZT7UE523QXD7NTMEY4VZH452CKY2BU6W,66409
"com,twitter)/gcrclassic/status/1510645606754181130",20220403231743,,https://web.archive.org/web/20220403231743/https://twitter.com/GCRClassic/status/1510645606754181130,https://web.archive.org/web/20220403231743/https://twitter.com/gcrclassic/status/1510645606754181130,https://twitter.com/GCRClassic/status/1510645606754181130,https://twitter.com/gcrclassic/status/1510645606754181130,,,,text/html,200,ADJZMAEXWXZCXRVFBXHX5WQEF2BPO262,3766
"com,twitter)/gcrclassic/status/1510646180212092928",20220403155156,,https://web.archive.org/web/20220403155156/https://twitter.com/GCRClassic/status/1510646180212092928,https://web.archive.org/web/20220403155156/https://twitter.com/gcrclassic/status/1510646180212092928,https://twitter.com/GCRClassic/status/1510646180212092928,https://twitter.com/gcrclassic/status/1510646180212092928,,,,text/html,200,5NYR55VSVRCPPLCPDVWFYMPLY4VFXVB7,66343
"com,twitter)/gcrclassic/status/1510677525323726853",20220622234748,,https://web.archive.org/web/20220622234748/https://twitter.com/GCRClassic/status/1510677525323726853,https://web.archive.org/web/20220622234748/https://twitter.com/gcrclassic/status/1510677525323726853,https://twitter.com/GCRClassic/status/1510677525323726853,https://twitter.com/gcrclassic/status/1510677525323726853,,,,text/html,200,6KWTO3J2MWDE2RO4MFST65SHBVETABUQ,8287
"com,twitter)/gcrclassic/status/1510677525323726853",20220403175724,,https://web.archive.org/web/20220403175724/https://twitter.com/GCRClassic/status/1510677525323726853,https://web.archive.org/web/20220403175724/https://twitter.com/gcrclassic/status/1510677525323726853,https://twitter.com/GCRClassic/status/1510677525323726853,https://twitter.com/gcrclassic/status/1510677525323726853,,,,text/html,200,FWISHATI45EV73C3YAQKFJAAS6HQWG64,67215
"com,twitter)/gcrclassic/status/1510330875984109583",20220617171222,,https://web.archive.org/web/20220617171222/https://twitter.com/GCRClassic/status/1510330875984109583,https://web.archive.org/web/20220617171222/https://twitter.com/gcrclassic/status/1510330875984109583,https://twitter.com/GCRClassic/status/1510330875984109583,https://twitter.com/gcrclassic/status/1510330875984109583,,,,text/html,200,SZHIDHQ2U5G35HX3FTEECKS7N55KZODR,8528
"com,twitter)/gcrclassic/status/1510684611462025221",20220403182456,,https://web.archive.org/web/20220403182456/https://twitter.com/GCRClassic/status/1510684611462025221,https://web.archive.org/web/20220403182456/https://twitter.com/gcrclassic/status/1510684611462025221,https://twitter.com/GCRClassic/status/1510684611462025221,https://twitter.com/gcrclassic/status/1510684611462025221,,,,text/html,200,ANPE7SEUZRZSDAUVWYPBDBMRFF2GNFVQ,66217
"com,twitter)/gcrclassic/status/1510684934838665225",20220403182748,,https://web.archive.org/web/20220403182748/https://twitter.com/GCRClassic/status/1510684934838665225,https://web.archive.org/web/20220403182748/https://twitter.com/gcrclassic/status/1510684934838665225,https://twitter.com/GCRClassic/status/1510684934838665225,https://twitter.com/gcrclassic/status/1510684934838665225,,,,text/html,302,USYGYE4V4NZL7JTAD4DDIP3WL327QI7V,803
"com,twitter)/gcrclassic/status/1510754960429965319",20220404055358,,https://web.archive.org/web/20220404055358/https://twitter.com/GCRClassic/status/1510754960429965319,https://web.archive.org/web/20220404055358/https://twitter.com/gcrclassic/status/1510754960429965319,https://twitter.com/GCRClassic/status/1510754960429965319,https://twitter.com/gcrclassic/status/1510754960429965319,,,,text/html,200,OUMBTXHBOLEDWINWPZTQMHJCNKOTUZOS,68227
"com,twitter)/gcrclassic/status/1510754960429965319",20220710235530,,https://web.archive.org/web/20220710235530/https://twitter.com/GCRClassic/status/1510754960429965319,https://web.archive.org/web/20220710235530/https://twitter.com/gcrclassic/status/1510754960429965319,https://twitter.com/GCRClassic/status/1510754960429965319,https://twitter.com/gcrclassic/status/1510754960429965319,,,,text/html,200,MNZIJRNMNFBBPYXZZEOYE4AIZ6YADQUN,52585
"com,twitter)/gcrclassic/status/1510755658261569538",20220403230722,,https://web.archive.org/web/20220403230722/https://twitter.com/GCRClassic/status/1510755658261569538,https://web.archive.org/web/20220403230722/https://twitter.com/gcrclassic/status/1510755658261569538,https://twitter.com/GCRClassic/status/1510755658261569538,https://twitter.com/gcrclassic/status/1510755658261569538,,,,text/html,302,CWGLMPCGSCHP6XQT64CKTWDUFNNAMBGV,897
"com,twitter)/gcrclassic/status/1510754960429965319",20220722082350,,https://web.archive.org/web/20220722082350/https://twitter.com/GCRClassic/status/1510754960429965319,https://web.archive.org/web/20220722082350/https://twitter.com/gcrclassic/status/1510754960429965319,https://twitter.com/GCRClassic/status/1510754960429965319,https://twitter.com/gcrclassic/status/1510754960429965319,,,,text/html,200,222VSWBRGQ5IV26D2H5DHE56XGXSPJSL,52625
"com,twitter)/gcrclassic/status/1511020735816417288",20220404164051,,https://web.archive.org/web/20220404164051/https://twitter.com/GCRClassic/status/1511020735816417288,https://web.archive.org/web/20220404164051/https://twitter.com/gcrclassic/status/1511020735816417288,https://twitter.com/GCRClassic/status/1511020735816417288,https://twitter.com/gcrclassic/status/1511020735816417288,,,,text/html,200,E5Y3N7DBUNH5LEWJPHCBGOZAGXT35IDB,66725
"com,twitter)/gcrclassic/status/1511022891474763777",20220404164930,,https://web.archive.org/web/20220404164930/https://twitter.com/GCRClassic/status/1511022891474763777,https://web.archive.org/web/20220404164930/https://twitter.com/gcrclassic/status/1511022891474763777,https://twitter.com/GCRClassic/status/1511022891474763777,https://twitter.com/gcrclassic/status/1511022891474763777,,,,text/html,200,37JGPUVTHKYOW4RYNSZNNWWTS3E6LSU7,65449
"com,twitter)/gcrclassic/status/1511020735816417288",20221015032652,,https://web.archive.org/web/20221015032652/https://twitter.com/GCRClassic/status/1511020735816417288,https://web.archive.org/web/20221015032652/https://twitter.com/gcrclassic/status/1511020735816417288,https://twitter.com/GCRClassic/status/1511020735816417288,https://twitter.com/gcrclassic/status/1511020735816417288,,,,text/html,200,5E7EPANDPBDCR57CWDUTM2YJLD3ZIRR5,18655
"com,twitter)/gcrclassic/status/1511036451596681219",20220404174409,,https://web.archive.org/web/20220404174409/https://twitter.com/GCRClassic/status/1511036451596681219,https://web.archive.org/web/20220404174409/https://twitter.com/gcrclassic/status/1511036451596681219,https://twitter.com/GCRClassic/status/1511036451596681219,https://twitter.com/gcrclassic/status/1511036451596681219,,,,text/html,200,UAWPBGAMDG4SAUEMH5P3CB5V4HIWFT5D,66141
"com,twitter)/gcrclassic/status/1511037653667434502",20220404174746,,https://web.archive.org/web/20220404174746/https://twitter.com/GCRClassic/status/1511037653667434502,https://web.archive.org/web/20220404174746/https://twitter.com/gcrclassic/status/1511037653667434502,https://twitter.com/GCRClassic/status/1511037653667434502,https://twitter.com/gcrclassic/status/1511037653667434502,,,,text/html,200,2IQ7ATXGRATQM3WGBVKFZPLCYI6L5CM7,66309
"com,twitter)/gcrclassic/status/1511036451596681219",20220807164154,,https://web.archive.org/web/20220807164154/https://twitter.com/GCRClassic/status/1511036451596681219,https://web.archive.org/web/20220807164154/https://twitter.com/gcrclassic/status/1511036451596681219,https://twitter.com/GCRClassic/status/1511036451596681219,https://twitter.com/gcrclassic/status/1511036451596681219,,,,text/html,200,447F47RZKYEIK6SCIW5NFV5UIGTARJ3V,78446
"com,twitter)/gcrclassic/status/1511020735816417288%0a%0a%d0%a7%d0%b5%d0%bb,",20221015185413,,"https://web.archive.org/web/20221015185413/https://twitter.com/GCRClassic/status/1511020735816417288

Чел,",https://web.archive.org/web/20221015185413/https://twitter.com/gcrclassic/status/1511020735816417288,"https://twitter.com/GCRClassic/status/1511020735816417288%0A%0A%D0%A7%D0%B5%D0%BB,",https://twitter.com/gcrclassic/status/1511020735816417288,,,,text/html,200,T44JJVXMTR5WZNETK4ZPXFQK4CAWIDHI,18831
"com,twitter)/gcrclassic/status/1511069090953449472",20220404195321,,https://web.archive.org/web/20220404195321/https://twitter.com/GCRClassic/status/1511069090953449472,https://web.archive.org/web/20220404195321/https://twitter.com/gcrclassic/status/1511069090953449472,https://twitter.com/GCRClassic/status/1511069090953449472,https://twitter.com/gcrclassic/status/1511069090953449472,,,,text/html,200,H3YMXFO3ID54H6QZLLCFR5VJBNIF3RSH,66436
"com,twitter)/gcrclassic/status/1511069090953449472",20220603164215,,https://web.archive.org/web/20220603164215/https://twitter.com/GCRClassic/status/1511069090953449472,https://web.archive.org/web/20220603164215/https://twitter.com/gcrclassic/status/1511069090953449472,https://twitter.com/GCRClassic/status/1511069090953449472,https://twitter.com/gcrclassic/status/1511069090953449472,,,,text/html,200,HMKSU6VFDTJURJSTCCVP7FUM2FG5ZXBW,7590
"com,twitter)/gcrclassic/status/1511069090953449472",20220607144336,,https://web.archive.org/web/20220607144336/https://twitter.com/GCRClassic/status/1511069090953449472,https://web.archive.org/web/20220607144336/https://twitter.com/gcrclassic/status/1511069090953449472,https://twitter.com/GCRClassic/status/1511069090953449472,https://twitter.com/gcrclassic/status/1511069090953449472,,,,text/html,200,P7WV2X7RBGTEXTBCGWMIRET2JEFDWUAY,8056
"com,twitter)/gcrclassic/status/1511069090953449472",20220714233209,,https://web.archive.org/web/20220714233209/https://twitter.com/GCRClassic/status/1511069090953449472,https://web.archive.org/web/20220714233209/https://twitter.com/gcrclassic/status/1511069090953449472,https://twitter.com/GCRClassic/status/1511069090953449472,https://twitter.com/gcrclassic/status/1511069090953449472,,,,text/html,200,CWWTOP7QUKYCK4NLG3IYNLR4HE6DXMBU,81049
"com,twitter)/gcrclassic/status/1511069090953449472",20220704225005,,https://web.archive.org/web/20220704225005/https://twitter.com/GCRClassic/status/1511069090953449472,https://web.archive.org/web/20220704225005/https://twitter.com/gcrclassic/status/1511069090953449472,https://twitter.com/GCRClassic/status/1511069090953449472,https://twitter.com/gcrclassic/status/1511069090953449472,,,,text/html,200,54EZO3LFEMRT2FZCPKTG62JUCJJEDDEK,6837
"com,twitter)/gcrclassic/status/1511069090953449472",20220729224909,,https://web.archive.org/web/20220729224909/https://twitter.com/GCRClassic/status/1511069090953449472,https://web.archive.org/web/20220729224909/https://twitter.com/gcrclassic/status/1511069090953449472,https://twitter.com/GCRClassic/status/1511069090953449472,https://twitter.com/gcrclassic/status/1511069090953449472,,,,text/html,200,5MK2FKJLIYVR7UI3UNWPXKCDA2D4P7UM,78935
"com,twitter)/gcrclassic/status/1511069090953449472",20220731193558,,https://web.archive.org/web/20220731193558/https://twitter.com/GCRClassic/status/1511069090953449472,https://web.archive.org/web/20220731193558/https://twitter.com/gcrclassic/status/1511069090953449472,https://twitter.com/GCRClassic/status/1511069090953449472,https://twitter.com/gcrclassic/status/1511069090953449472,,,,text/html,200,UTEYI24GK736O5NA6WA76XQWZ3XGLKZJ,78944
"com,twitter)/gcrclassic/status/1511069090953449472",20220809174821,,https://web.archive.org/web/20220809174821/https://twitter.com/GCRClassic/status/1511069090953449472,https://web.archive.org/web/20220809174821/https://twitter.com/gcrclassic/status/1511069090953449472,https://twitter.com/GCRClassic/status/1511069090953449472,https://twitter.com/gcrclassic/status/1511069090953449472,,,,text/html,200,AX5RXT5TXLDDB5HTQ6MSOVNQATR7SWSB,6653
"com,twitter)/gcrclassic/status/1511069090953449472",20220827095551,,https://web.archive.org/web/20220827095551/https://twitter.com/GCRClassic/status/1511069090953449472,https://web.archive.org/web/20220827095551/https://twitter.com/gcrclassic/status/1511069090953449472,https://twitter.com/GCRClassic/status/1511069090953449472,https://twitter.com/gcrclassic/status/1511069090953449472,,,,text/html,200,MLH5DZH6ACKJTAIBUVRABWLI6J3USETJ,73585
"com,twitter)/gcrclassic/status/1511069090953449472",20220819033819,,https://web.archive.org/web/20220819033819/https://twitter.com/GCRClassic/status/1511069090953449472,https://web.archive.org/web/20220819033819/https://twitter.com/gcrclassic/status/1511069090953449472,https://twitter.com/GCRClassic/status/1511069090953449472,https://twitter.com/gcrclassic/status/1511069090953449472,,,,text/html,200,CPZLAV3UIXMTJBBYHXEC7FXACTBMSPGL,79419
"com,twitter)/gcrclassic/status/1511069090953449472",20221229131616,,https://web.archive.org/web/20221229131616/https://twitter.com/gcrclassic/status/1511069090953449472,https://web.archive.org/web/20221229131616/https://twitter.com/gcrclassic/status/1511069090953449472,https://twitter.com/gcrclassic/status/1511069090953449472,https://twitter.com/gcrclassic/status/1511069090953449472,,,,text/html,200,HPHESR4VL7SRUFWS5KPYXKXG5NJGKLSG,20110
"com,twitter)/gcrclassic/status/1511069090953449472",20220830123923,,https://web.archive.org/web/20220830123923/https://twitter.com/GCRClassic/status/1511069090953449472,https://web.archive.org/web/20220830123923/https://twitter.com/gcrclassic/status/1511069090953449472,https://twitter.com/GCRClassic/status/1511069090953449472,https://twitter.com/gcrclassic/status/1511069090953449472,,,,text/html,200,JFHKANCQCXW3TWRD76P3SQRQDXGLB2MJ,17288
"com,twitter)/gcrclassic/status/1511069090953449472",20220903192002,,https://web.archive.org/web/20220903192002/https://twitter.com/GCRClassic/status/1511069090953449472,https://web.archive.org/web/20220903192002/https://twitter.com/gcrclassic/status/1511069090953449472,https://twitter.com/GCRClassic/status/1511069090953449472,https://twitter.com/gcrclassic/status/1511069090953449472,,,,text/html,200,FNAQ3MC6GF3TB4LTENF4FRE6OBTW5O5L,81148
"com,twitter)/gcrclassic/status/1511069090953449472%0a%0athis",20220830173951,,"https://web.archive.org/web/20220830173951/https://twitter.com/GCRClassic/status/1511069090953449472

this",https://web.archive.org/web/20220830173951/https://twitter.com/gcrclassic/status/1511069090953449472,https://twitter.com/GCRClassic/status/1511069090953449472%0A%0Athis,https://twitter.com/gcrclassic/status/1511069090953449472,,,,text/html,200,U7DNYSGPI3OUEYVQ33X4AAUJMVWCH7E5,17289
"com,twitter)/gcrclassic/status/1505325125800976386",20220721025421,,https://web.archive.org/web/20220721025421/https://twitter.com/GCRClassic/status/1505325125800976386,https://web.archive.org/web/20220721025421/https://twitter.com/gcrclassic/status/1505325125800976386,https://twitter.com/GCRClassic/status/1505325125800976386,https://twitter.com/gcrclassic/status/1505325125800976386,,,,text/html,200,HFGXLMXXR6HIRPHEALRWBE66MFTOGEOL,69974
"com,twitter)/gcrclassic/status/1505325125800976386",20220723033428,,https://web.archive.org/web/20220723033428/https://twitter.com/GCRClassic/status/1505325125800976386,https://web.archive.org/web/20220723033428/https://twitter.com/gcrclassic/status/1505325125800976386,https://twitter.com/GCRClassic/status/1505325125800976386,https://twitter.com/gcrclassic/status/1505325125800976386,,,,text/html,200,S5T6CPNZV3B6GYDKH6QZJWIQBH5UTMP3,76482
"com,twitter)/gcrclassic/status/1511069090953449472?s=12&t=tvse7jsnlssurq-sp3dqka",20221229131550,,https://web.archive.org/web/20221229131550/https://twitter.com/gcrclassic/status/1511069090953449472?s=12&t=TVsE7jSNlssuRQ-Sp3DQkA,https://web.archive.org/web/20221229131550/https://twitter.com/gcrclassic/status/1511069090953449472,https://twitter.com/gcrclassic/status/1511069090953449472?s=12&t=TVsE7jSNlssuRQ-Sp3DQkA,https://twitter.com/gcrclassic/status/1511069090953449472,,,,text/html,200,JTVG27EPP6FLMHUUGLMSTOF7KIWGJZA7,20135
"com,twitter)/gcrclassic/status/1511069090953449472?t=tvse7jsnlssurq-sp3dqka",20221229131621,,https://web.archive.org/web/20221229131621/https://twitter.com/gcrclassic/status/1511069090953449472?t=TVsE7jSNlssuRQ-Sp3DQkA,https://web.archive.org/web/20221229131621/https://twitter.com/gcrclassic/status/1511069090953449472,https://twitter.com/gcrclassic/status/1511069090953449472?t=TVsE7jSNlssuRQ-Sp3DQkA,https://twitter.com/gcrclassic/status/1511069090953449472,,,,text/html,200,VIVWIGTH7FEAKROMEAGSEDEUYNL3J35G,20089
"com,twitter)/gcrclassic/status/1511346120315834376",20220405141405,,https://web.archive.org/web/20220405141405/https://twitter.com/GCRClassic/status/1511346120315834376,https://web.archive.org/web/20220405141405/https://twitter.com/gcrclassic/status/1511346120315834376,https://twitter.com/GCRClassic/status/1511346120315834376,https://twitter.com/gcrclassic/status/1511346120315834376,,,,text/html,302,HYJRTAFVAJ7L3ODBKOQQGCWW5G2OA6HN,901
"com,twitter)/gcrclassic/status/1511703643497635842",20220827135635,,https://web.archive.org/web/20220827135635/https://twitter.com/GCRClassic/status/1511703643497635842,https://web.archive.org/web/20220827135635/https://twitter.com/gcrclassic/status/1511703643497635842,https://twitter.com/GCRClassic/status/1511703643497635842,https://twitter.com/gcrclassic/status/1511703643497635842,,,,text/html,200,6NOCLFXH5TYKEFPWNVP5GWXEWESYS2FN,17267
"com,twitter)/gcrclassic/status/1511703643497635842",20220406141128,,https://web.archive.org/web/20220406141128/https://twitter.com/GCRClassic/status/1511703643497635842,https://web.archive.org/web/20220406141128/https://twitter.com/gcrclassic/status/1511703643497635842,https://twitter.com/GCRClassic/status/1511703643497635842,https://twitter.com/gcrclassic/status/1511703643497635842,,,,text/html,200,T4MXERQPI7KEGPCXJV2IJQ3QQXPOK6ZT,7166
"com,twitter)/gcrclassic/status/1511457604203163651",20220405213622,,https://web.archive.org/web/20220405213622/https://twitter.com/GCRClassic/status/1511457604203163651,https://web.archive.org/web/20220405213622/https://twitter.com/gcrclassic/status/1511457604203163651,https://twitter.com/GCRClassic/status/1511457604203163651,https://twitter.com/gcrclassic/status/1511457604203163651,,,,text/html,200,JP4QCYUCN7APTGSTS2GUMCGAIRK475HT,66049
"com,twitter)/gcrclassic/status/1511703643497635842?s=19",20220903085601,,https://web.archive.org/web/20220903085601/https://twitter.com/GCRClassic/status/1511703643497635842?s=19,https://web.archive.org/web/20220903085601/https://twitter.com/gcrclassic/status/1511703643497635842,https://twitter.com/GCRClassic/status/1511703643497635842?s=19,https://twitter.com/gcrclassic/status/1511703643497635842,,,,text/html,200,ES5V3UE7DYAREYF72WLSTY25DQSJUTU3,17622
"com,twitter)/gcrclassic/status/1511704930045894657",20220406135934,,https://web.archive.org/web/20220406135934/https://twitter.com/GCRClassic/status/1511704930045894657,https://web.archive.org/web/20220406135934/https://twitter.com/gcrclassic/status/1511704930045894657,https://twitter.com/GCRClassic/status/1511704930045894657,https://twitter.com/gcrclassic/status/1511704930045894657,,,,text/html,200,EPIHZH3QYCMBZ5UWE3SZBBND4RYUDCYV,3624
"com,twitter)/gcrclassic/status/1511712840087973890",20220406143022,,https://web.archive.org/web/20220406143022/https://twitter.com/GCRClassic/status/1511712840087973890,https://web.archive.org/web/20220406143022/https://twitter.com/gcrclassic/status/1511712840087973890,https://twitter.com/GCRClassic/status/1511712840087973890,https://twitter.com/gcrclassic/status/1511712840087973890,,,,text/html,200,4XW3NULF65SWL6BKDXL6BLARWXZXNJTF,3758
"com,twitter)/gcrclassic/status/1511714503909687303",20220406143719,,https://web.archive.org/web/20220406143719/https://twitter.com/GCRClassic/status/1511714503909687303,https://web.archive.org/web/20220406143719/https://twitter.com/gcrclassic/status/1511714503909687303,https://twitter.com/GCRClassic/status/1511714503909687303,https://twitter.com/gcrclassic/status/1511714503909687303,,,,text/html,200,7X3RQ77YWH3Q3G3GHBP77BINQ6MY45CX,4293
"com,twitter)/gcrclassic/status/1511714503909687303",20220424004628,,https://web.archive.org/web/20220424004628/https://twitter.com/gcrclassic/status/1511714503909687303,https://web.archive.org/web/20220424004628/https://twitter.com/gcrclassic/status/1511714503909687303,https://twitter.com/gcrclassic/status/1511714503909687303,https://twitter.com/gcrclassic/status/1511714503909687303,,,,text/html,200,23K2OHZO763AOMSGWGCPU5DE2MFAGQ4B,14705
"com,twitter)/gcrclassic/status/1511714503909687303?s=09%0a&t=lzma45natmj9bvv6qrbjsw",20220831023512,,"https://web.archive.org/web/20220831023512/https://twitter.com/GCRClassic/status/1511714503909687303?t=lZma45natmJ9bvv6QrBJsw&s=09
",https://web.archive.org/web/20220831023512/https://twitter.com/gcrclassic/status/1511714503909687303,https://twitter.com/GCRClassic/status/1511714503909687303?t=lZma45natmJ9bvv6QrBJsw&s=09%0A,https://twitter.com/gcrclassic/status/1511714503909687303,,,,text/html,200,W2LRJKNWTEFUYWIJE2BTQBKO6QHOPLJB,17403
"com,twitter)/gcrclassic/status/1511714503909687303?s=09&t=lzma45natmj9bvv6qrbjsw",20220831014702,,https://web.archive.org/web/20220831014702/https://twitter.com/GCRClassic/status/1511714503909687303?t=lZma45natmJ9bvv6QrBJsw&s=09,https://web.archive.org/web/20220831014702/https://twitter.com/gcrclassic/status/1511714503909687303,https://twitter.com/GCRClassic/status/1511714503909687303?t=lZma45natmJ9bvv6QrBJsw&s=09,https://twitter.com/gcrclassic/status/1511714503909687303,,,,text/html,200,C42WC6PUGQGZMO3BME5LAKHGYRUWAHD3,17450
"com,twitter)/gcrclassic/status/1511714503909687303?t=lzma45natmj9bvv6qrbjsw",20220831014824,,https://web.archive.org/web/20220831014824/https://twitter.com/GCRClassic/status/1511714503909687303?t=lZma45natmJ9bvv6QrBJsw,https://web.archive.org/web/20220831014824/https://twitter.com/gcrclassic/status/1511714503909687303,https://twitter.com/GCRClassic/status/1511714503909687303?t=lZma45natmJ9bvv6QrBJsw,https://twitter.com/gcrclassic/status/1511714503909687303,,,,text/html,200,DUJ4JKYWL7NFYO6BBM2DNF3XSV6POFHN,17425
"com,twitter)/gcrclassic/status/1511714503909687303",20220831014818,,https://web.archive.org/web/20220831014818/https://twitter.com/GCRClassic/status/1511714503909687303,https://web.archive.org/web/20220831014818/https://twitter.com/gcrclassic/status/1511714503909687303,https://twitter.com/GCRClassic/status/1511714503909687303,https://twitter.com/gcrclassic/status/1511714503909687303,,,,text/html,200,7Z7QXYQLH6WBCSNULRRCGHCTE3F3HHHO,17350
"com,twitter)/gcrclassic/status/1505546760265125895",20220320140852,,https://web.archive.org/web/20220320140852/https://twitter.com/GCRClassic/status/1505546760265125895,https://web.archive.org/web/20220320140852/https://twitter.com/gcrclassic/status/1505546760265125895,https://twitter.com/GCRClassic/status/1505546760265125895,https://twitter.com/gcrclassic/status/1505546760265125895,,,,text/html,200,3Y4F3MFIB64CBGR72M75EQ3R3HVGTG4C,3167
"com,twitter)/gcrclassic/status/1511715278685720584",20220406144057,,https://web.archive.org/web/20220406144057/https://twitter.com/GCRClassic/status/1511715278685720584,https://web.archive.org/web/20220406144057/https://twitter.com/gcrclassic/status/1511715278685720584,https://twitter.com/GCRClassic/status/1511715278685720584,https://twitter.com/gcrclassic/status/1511715278685720584,,,,text/html,200,543SGFUMLVNU7FUBBW464WT7QNEDTMP4,4875
"com,twitter)/gcrclassic/status/1511714503909687303?t=sqpyejwtthihwpt-szzjaw",20220424003425,,https://web.archive.org/web/20220424003425/https://twitter.com/gcrclassic/status/1511714503909687303?t=SQPYejWtthIhwPT-szZjaw,https://web.archive.org/web/20220424003425/https://twitter.com/gcrclassic/status/1511714503909687303,https://twitter.com/gcrclassic/status/1511714503909687303?t=SQPYejWtthIhwPT-szZjaw,https://twitter.com/gcrclassic/status/1511714503909687303,,,,text/html,200,GSRRIZ4RBB2SHLSYJSBMGLJTCIYD4VII,14574
"com,twitter)/gcrclassic/status/1511755966903197709",20220706163551,,https://web.archive.org/web/20220706163551/https://twitter.com/GCRClassic/status/1511755966903197709,https://web.archive.org/web/20220706163551/https://twitter.com/gcrclassic/status/1511755966903197709,https://twitter.com/GCRClassic/status/1511755966903197709,https://twitter.com/gcrclassic/status/1511755966903197709,,,,text/html,200,6VSW5FSRPZHH3KX7RRIJ7DJHRQS6OQB4,75180
"com,twitter)/gcrclassic/status/1511755966903197709",20220818124410,,https://web.archive.org/web/20220818124410/https://twitter.com/GCRClassic/status/1511755966903197709,https://web.archive.org/web/20220818124410/https://twitter.com/gcrclassic/status/1511755966903197709,https://twitter.com/GCRClassic/status/1511755966903197709,https://twitter.com/gcrclassic/status/1511755966903197709,,,,text/html,200,B6IGIVYZBYRCRVNTBKDJZUVLBT35YP2X,70405
"com,twitter)/gcrclassic/status/1511789577605890055",20220406193516,,https://web.archive.org/web/20220406193516/https://twitter.com/GCRClassic/status/1511789577605890055,https://web.archive.org/web/20220406193516/https://twitter.com/gcrclassic/status/1511789577605890055,https://twitter.com/GCRClassic/status/1511789577605890055,https://twitter.com/gcrclassic/status/1511789577605890055,,,,text/html,200,SSTCQOVUVYRMUD4VU5WGGELICY6AUZVD,4153
"com,twitter)/gcrclassic/status/1511796653384257550",20220406200332,,https://web.archive.org/web/20220406200332/https://twitter.com/GCRClassic/status/1511796653384257550,https://web.archive.org/web/20220406200332/https://twitter.com/gcrclassic/status/1511796653384257550,https://twitter.com/GCRClassic/status/1511796653384257550,https://twitter.com/gcrclassic/status/1511796653384257550,,,,text/html,200,2M5TJXJY4GARQP3RWFW7RTWKLJEA6CF6,3675
"com,twitter)/gcrclassic/status/1511795616141217794",20220406195915,,https://web.archive.org/web/20220406195915/https://twitter.com/GCRClassic/status/1511795616141217794,https://web.archive.org/web/20220406195915/https://twitter.com/gcrclassic/status/1511795616141217794,https://twitter.com/GCRClassic/status/1511795616141217794,https://twitter.com/gcrclassic/status/1511795616141217794,,,,text/html,200,SDROKHLN7K3HFCJBH7GSHKHYG5TJPKAK,3231
"com,twitter)/gcrclassic/status/1511799890615185413",20220406201643,,https://web.archive.org/web/20220406201643/https://twitter.com/GCRClassic/status/1511799890615185413,https://web.archive.org/web/20220406201643/https://twitter.com/gcrclassic/status/1511799890615185413,https://twitter.com/GCRClassic/status/1511799890615185413,https://twitter.com/gcrclassic/status/1511799890615185413,,,,text/html,200,7WY6YYS57EPKD2IVI3PWANGVWYRFCSXN,5738
"com,twitter)/gcrclassic/status/1511805083385802760",20220406203643,,https://web.archive.org/web/20220406203643/https://twitter.com/GCRClassic/status/1511805083385802760,https://web.archive.org/web/20220406203643/https://twitter.com/gcrclassic/status/1511805083385802760,https://twitter.com/GCRClassic/status/1511805083385802760,https://twitter.com/gcrclassic/status/1511805083385802760,,,,text/html,200,YMHDNFIKT4WQIQBC7E4MO3Z4VVXSY4Y7,5664
"com,twitter)/gcrclassic/status/1511802080104747009",20220406202509,,https://web.archive.org/web/20220406202509/https://twitter.com/GCRClassic/status/1511802080104747009,https://web.archive.org/web/20220406202509/https://twitter.com/gcrclassic/status/1511802080104747009,https://twitter.com/GCRClassic/status/1511802080104747009,https://twitter.com/gcrclassic/status/1511802080104747009,,,,text/html,200,HJI5MOFGRH2VZQL3VKBPWUO2JTJBJ4PC,3568
"com,twitter)/gcrclassic/status/1511806863943385092",20220406204418,,https://web.archive.org/web/20220406204418/https://twitter.com/GCRClassic/status/1511806863943385092,https://web.archive.org/web/20220406204418/https://twitter.com/gcrclassic/status/1511806863943385092,https://twitter.com/GCRClassic/status/1511806863943385092,https://twitter.com/gcrclassic/status/1511806863943385092,,,,text/html,200,K4UMTB3IR5FTXAVNOVG26TSXS4YWVE72,3801
"com,twitter)/gcrclassic/status/1511812768646766603",20220406210742,,https://web.archive.org/web/20220406210742/https://twitter.com/GCRClassic/status/1511812768646766603,https://web.archive.org/web/20220406210742/https://twitter.com/gcrclassic/status/1511812768646766603,https://twitter.com/GCRClassic/status/1511812768646766603,https://twitter.com/gcrclassic/status/1511812768646766603,,,,text/html,200,VINAPPMKKV7MXWZJRH7HUCPYJ6YS6KM2,6464
"com,twitter)/gcrclassic/status/1511812926784552964",20220406210758,,https://web.archive.org/web/20220406210758/https://twitter.com/GCRClassic/status/1511812926784552964,https://web.archive.org/web/20220406210758/https://twitter.com/gcrclassic/status/1511812926784552964,https://twitter.com/GCRClassic/status/1511812926784552964,https://twitter.com/gcrclassic/status/1511812926784552964,,,,text/html,200,J2A4F6MSPLIRQCBC3LPDE5XYVWQ42OHH,6013
"com,twitter)/gcrclassic/status/1512161455042437126",20220407201336,,https://web.archive.org/web/20220407201336/https://twitter.com/GCRClassic/status/1512161455042437126,https://web.archive.org/web/20220407201336/https://twitter.com/gcrclassic/status/1512161455042437126,https://twitter.com/GCRClassic/status/1512161455042437126,https://twitter.com/gcrclassic/status/1512161455042437126,,,,text/html,200,3KU5ENDVOOPRNVGTV4VRFVQAISNSYNBX,6679
"com,twitter)/gcrclassic/status/1512162172171956227",20220407201958,,https://web.archive.org/web/20220407201958/https://twitter.com/GCRClassic/status/1512162172171956227,https://web.archive.org/web/20220407201958/https://twitter.com/gcrclassic/status/1512162172171956227,https://twitter.com/GCRClassic/status/1512162172171956227,https://twitter.com/gcrclassic/status/1512162172171956227,,,,text/html,200,GQU6LRWV45HYKQPMDQMVCAR5ZO2LQQ64,6903
"com,twitter)/gcrclassic/status/1512162172171956227",20220407201959,,https://web.archive.org/web/20220407201959/https://twitter.com/GCRClassic/status/1512162172171956227,https://web.archive.org/web/20220407201959/https://twitter.com/gcrclassic/status/1512162172171956227,https://twitter.com/GCRClassic/status/1512162172171956227,https://twitter.com/gcrclassic/status/1512162172171956227,,,,text/html,200,IE5IBEIQKJEHMFWW2QBVEVAG7ES2WP2F,6784
"com,twitter)/gcrclassic/status/1511791498773381122",20220406194308,,https://web.archive.org/web/20220406194308/https://twitter.com/GCRClassic/status/1511791498773381122,https://web.archive.org/web/20220406194308/https://twitter.com/gcrclassic/status/1511791498773381122,https://twitter.com/GCRClassic/status/1511791498773381122,https://twitter.com/gcrclassic/status/1511791498773381122,,,,text/html,200,UGVXD67WLKPMJTQYNJOTWCVRWJU4KOWW,3675
"com,twitter)/gcrclassic/status/1511756602914885632",20220406172521,,https://web.archive.org/web/20220406172521/https://twitter.com/GCRClassic/status/1511756602914885632,https://web.archive.org/web/20220406172521/https://twitter.com/gcrclassic/status/1511756602914885632,https://twitter.com/GCRClassic/status/1511756602914885632,https://twitter.com/gcrclassic/status/1511756602914885632,,,,text/html,200,ZXI722GMZXDLVD6NBI63UZNXWQLX37WV,4833
"com,twitter)/gcrclassic/status/1512236680773873701",20220508063541,,https://web.archive.org/web/20220508063541/https://twitter.com/GCRClassic/status/1512236680773873701,https://web.archive.org/web/20220508063541/https://twitter.com/gcrclassic/status/1512236680773873701,https://twitter.com/GCRClassic/status/1512236680773873701,https://twitter.com/gcrclassic/status/1512236680773873701,,,,text/html,200,U2FM5SUW3XRCBQMH6BOFYS632WFTZ2QU,96294
"com,twitter)/gcrclassic/status/1511797706322288656",20220406200735,,https://web.archive.org/web/20220406200735/https://twitter.com/GCRClassic/status/1511797706322288656,https://web.archive.org/web/20220406200735/https://twitter.com/gcrclassic/status/1511797706322288656,https://twitter.com/GCRClassic/status/1511797706322288656,https://twitter.com/gcrclassic/status/1511797706322288656,,,,text/html,200,4DN3MS32SEPJ6CTAO4OKQA554ZZHWZZ5,4185
"com,twitter)/gcrclassic/status/1512236680773873701",20220721130207,,https://web.archive.org/web/20220721130207/https://twitter.com/GCRClassic/status/1512236680773873701,https://web.archive.org/web/20220721130207/https://twitter.com/gcrclassic/status/1512236680773873701,https://twitter.com/GCRClassic/status/1512236680773873701,https://twitter.com/gcrclassic/status/1512236680773873701,,,,text/html,200,CXGKEIKHNIQCGIVSRWFYLNAP67C4CAOQ,74762
"com,twitter)/gcrclassic/status/1512236680773873701",20220818181352,,https://web.archive.org/web/20220818181352/https://twitter.com/GCRClassic/status/1512236680773873701,https://web.archive.org/web/20220818181352/https://twitter.com/gcrclassic/status/1512236680773873701,https://twitter.com/GCRClassic/status/1512236680773873701,https://twitter.com/gcrclassic/status/1512236680773873701,,,,text/html,200,NSHFJW7ZDOPLSUN6LTPWFT3WW4D63IMD,75155
"com,twitter)/gcrclassic/status/1512236680773873701?s=09%0a&t=rpboagyn_cdgfu2tetflha",20220905065408,,"https://web.archive.org/web/20220905065408/https://twitter.com/GCRClassic/status/1512236680773873701?t=RPbOAGyn_cDgfu2tETFLHA&s=09
",https://web.archive.org/web/20220905065408/https://twitter.com/gcrclassic/status/1512236680773873701,https://twitter.com/GCRClassic/status/1512236680773873701?t=RPbOAGyn_cDgfu2tETFLHA&s=09%0A,https://twitter.com/gcrclassic/status/1512236680773873701,,,,text/html,200,HIT53ARL3L4V3UHWTBRZ7PX3KBY5SBE5,17526
"com,twitter)/gcrclassic/status/1512236680773873701",20220902175936,,https://web.archive.org/web/20220902175936/https://twitter.com/GCRClassic/status/1512236680773873701,https://web.archive.org/web/20220902175936/https://twitter.com/gcrclassic/status/1512236680773873701,https://twitter.com/GCRClassic/status/1512236680773873701,https://twitter.com/gcrclassic/status/1512236680773873701,,,,text/html,200,VFCEX665QGWB243USQCESKEH6PGYLC4P,17548
"com,twitter)/gcrclassic/status/1512236680773873701?t=rpboagyn_cdgfu2tetflha",20220902175935,,https://web.archive.org/web/20220902175935/https://twitter.com/GCRClassic/status/1512236680773873701?t=RPbOAGyn_cDgfu2tETFLHA,https://web.archive.org/web/20220902175935/https://twitter.com/gcrclassic/status/1512236680773873701,https://twitter.com/GCRClassic/status/1512236680773873701?t=RPbOAGyn_cDgfu2tETFLHA,https://twitter.com/gcrclassic/status/1512236680773873701,,,,text/html,200,5WCAH6LZ3R6XVWEM3VSOX3KNCENOVRTR,17573
"com,twitter)/gcrclassic/status/1512373205184532491",20220408101443,,https://web.archive.org/web/20220408101443/https://twitter.com/GCRClassic/status/1512373205184532491,https://web.archive.org/web/20220408101443/https://twitter.com/gcrclassic/status/1512373205184532491,https://twitter.com/GCRClassic/status/1512373205184532491,https://twitter.com/gcrclassic/status/1512373205184532491,,,,text/html,200,RB67JXXU6BLQQYQK4E4ABCJ3UEHWBNGA,5433
"com,twitter)/gcrclassic/status/1512374009203200011",20220408101801,,https://web.archive.org/web/20220408101801/https://twitter.com/GCRClassic/status/1512374009203200011,https://web.archive.org/web/20220408101801/https://twitter.com/gcrclassic/status/1512374009203200011,https://twitter.com/GCRClassic/status/1512374009203200011,https://twitter.com/gcrclassic/status/1512374009203200011,,,,text/html,200,SHOAUIGH3CWFDNAY4L74NEZOLGSRBPW2,5748
"com,twitter)/gcrclassic/status/1511813651396804614",20220406211108,,https://web.archive.org/web/20220406211108/https://twitter.com/GCRClassic/status/1511813651396804614,https://web.archive.org/web/20220406211108/https://twitter.com/gcrclassic/status/1511813651396804614,https://twitter.com/GCRClassic/status/1511813651396804614,https://twitter.com/gcrclassic/status/1511813651396804614,,,,text/html,302,UVOGXEXKSQ23AWEPJNKTVKDKPP5FO24V,492
"com,twitter)/gcrclassic/status/1512387891523203075",20220408111310,,https://web.archive.org/web/20220408111310/https://twitter.com/GCRClassic/status/1512387891523203075,https://web.archive.org/web/20220408111310/https://twitter.com/gcrclassic/status/1512387891523203075,https://twitter.com/GCRClassic/status/1512387891523203075,https://twitter.com/gcrclassic/status/1512387891523203075,,,,text/html,200,7Y4QYESDERHUJXS5GZTE3WJKT6BGA3HH,5959
"com,twitter)/gcrclassic/status/1512390391454121985",20220408112746,,https://web.archive.org/web/20220408112746/https://twitter.com/GCRClassic/status/1512390391454121985,https://web.archive.org/web/20220408112746/https://twitter.com/gcrclassic/status/1512390391454121985,https://twitter.com/GCRClassic/status/1512390391454121985,https://twitter.com/gcrclassic/status/1512390391454121985,,,,text/html,200,MSWUP3U6HP2CL2ZL5HTQLJBQMIMECJG3,7133
"com,twitter)/gcrclassic/status/1512413089429401607",20220408125307,,https://web.archive.org/web/20220408125307/https://twitter.com/GCRClassic/status/1512413089429401607,https://web.archive.org/web/20220408125307/https://twitter.com/gcrclassic/status/1512413089429401607,https://twitter.com/GCRClassic/status/1512413089429401607,https://twitter.com/gcrclassic/status/1512413089429401607,,,,text/html,200,LDSMPYVJYQLCVASE5MFN6GINZT4WU6UQ,6815
"com,twitter)/gcrclassic/status/1512414189372989452",20220408125816,,https://web.archive.org/web/20220408125816/https://twitter.com/GCRClassic/status/1512414189372989452,https://web.archive.org/web/20220408125816/https://twitter.com/gcrclassic/status/1512414189372989452,https://twitter.com/GCRClassic/status/1512414189372989452,https://twitter.com/gcrclassic/status/1512414189372989452,,,,text/html,200,XJ3OVHNTLTPUY7NYEXPHLLKSVEY3PGPO,6400
"com,twitter)/gcrclassic/status/1512415233255649288",20220408130118,,https://web.archive.org/web/20220408130118/https://twitter.com/GCRClassic/status/1512415233255649288,https://web.archive.org/web/20220408130118/https://twitter.com/gcrclassic/status/1512415233255649288,https://twitter.com/GCRClassic/status/1512415233255649288,https://twitter.com/gcrclassic/status/1512415233255649288,,,,text/html,200,LE3AZC6ZV4VQ23VQOC3ZGFT3UEJYAXEE,6223
"com,twitter)/gcrclassic/status/1512417014706491396",20220408130912,,https://web.archive.org/web/20220408130912/https://twitter.com/GCRClassic/status/1512417014706491396,https://web.archive.org/web/20220408130912/https://twitter.com/gcrclassic/status/1512417014706491396,https://twitter.com/GCRClassic/status/1512417014706491396,https://twitter.com/gcrclassic/status/1512417014706491396,,,,text/html,200,P53QWDW67BUXAGKTUEMMLGA5CAFROPD5,6963
"com,twitter)/gcrclassic/status/1517479228266229762",20220422122421,,https://web.archive.org/web/20220422122421/https://twitter.com/GCRClassic/status/1517479228266229762,https://web.archive.org/web/20220422122421/https://twitter.com/gcrclassic/status/1517479228266229762,https://twitter.com/GCRClassic/status/1517479228266229762,https://twitter.com/gcrclassic/status/1517479228266229762,,,,text/html,200,IQW4FZK2UUJMVP5VK2A5KP46EPZIX7SW,3851
"com,twitter)/gcrclassic/status/1517476540300374018",20220422121412,,https://web.archive.org/web/20220422121412/https://twitter.com/GCRClassic/status/1517476540300374018,https://web.archive.org/web/20220422121412/https://twitter.com/gcrclassic/status/1517476540300374018,https://twitter.com/GCRClassic/status/1517476540300374018,https://twitter.com/gcrclassic/status/1517476540300374018,,,,text/html,200,HYVRMMHVUM4FVYVGYAERITREGSSCYMTX,3881
"com,twitter)/gcrclassic/status/1517531095188791297",20220422155042,,https://web.archive.org/web/20220422155042/https://twitter.com/GCRClassic/status/1517531095188791297,https://web.archive.org/web/20220422155042/https://twitter.com/gcrclassic/status/1517531095188791297,https://twitter.com/GCRClassic/status/1517531095188791297,https://twitter.com/gcrclassic/status/1517531095188791297,,,,text/html,200,7VPNCI2UK3GPKS7TCDJIGG4LTPVP4GNH,4009
"com,twitter)/gcrclassic/status/1517532197481332737",20220422155458,,https://web.archive.org/web/20220422155458/https://twitter.com/GCRClassic/status/1517532197481332737,https://web.archive.org/web/20220422155458/https://twitter.com/gcrclassic/status/1517532197481332737,https://twitter.com/GCRClassic/status/1517532197481332737,https://twitter.com/gcrclassic/status/1517532197481332737,,,,text/html,200,FTGSX7LRISDY5DFMFQ7A2CUNGWXLZ4P4,3994
"com,twitter)/gcrclassic/status/1517915905589657602",20220423171945,,https://web.archive.org/web/20220423171945/https://twitter.com/GCRClassic/status/1517915905589657602,https://web.archive.org/web/20220423171945/https://twitter.com/gcrclassic/status/1517915905589657602,https://twitter.com/GCRClassic/status/1517915905589657602,https://twitter.com/gcrclassic/status/1517915905589657602,,,,text/html,200,HZLDI26EZLSJK72WIUTJNDHHFTF4GXKS,3375
"com,twitter)/gcrclassic/status/1517902192782454785",20220423162424,,https://web.archive.org/web/20220423162424/https://twitter.com/GCRClassic/status/1517902192782454785,https://web.archive.org/web/20220423162424/https://twitter.com/gcrclassic/status/1517902192782454785,https://twitter.com/GCRClassic/status/1517902192782454785,https://twitter.com/gcrclassic/status/1517902192782454785,,,,text/html,200,7MZMTONW4TR37EDIVCVVOWMOVCAYI5BA,4653
"com,twitter)/gcrclassic/status/1518297333288558594",20220831015154,,https://web.archive.org/web/20220831015154/https://twitter.com/GCRClassic/status/1518297333288558594,https://web.archive.org/web/20220831015154/https://twitter.com/gcrclassic/status/1518297333288558594,https://twitter.com/GCRClassic/status/1518297333288558594,https://twitter.com/gcrclassic/status/1518297333288558594,,,,text/html,200,HI7NN5EFOGOADEETTHEDY2ZTR4WHEERE,17332
"com,twitter)/gcrclassic/status/1518297333288558594?s=09%0a&t=sj714hzea0h83af5gea_dg",20220831034548,,"https://web.archive.org/web/20220831034548/https://twitter.com/GCRClassic/status/1518297333288558594?t=sj714hZea0h83Af5geA_Dg&s=09
",https://web.archive.org/web/20220831034548/https://twitter.com/gcrclassic/status/1518297333288558594,https://twitter.com/GCRClassic/status/1518297333288558594?t=sj714hZea0h83Af5geA_Dg&s=09%0A,https://twitter.com/gcrclassic/status/1518297333288558594,,,,text/html,200,URKGPCNOIEM4YXXBNSPFYRWWAPGNGMLD,17467
"com,twitter)/gcrclassic/status/1511758465064185862",20220406173204,,https://web.archive.org/web/20220406173204/https://twitter.com/GCRClassic/status/1511758465064185862,https://web.archive.org/web/20220406173204/https://twitter.com/gcrclassic/status/1511758465064185862,https://twitter.com/GCRClassic/status/1511758465064185862,https://twitter.com/gcrclassic/status/1511758465064185862,,,,text/html,200,2LZ7OXZFH52HQRYX23CGRM2ZVLWCLWWR,3351
"com,twitter)/gcrclassic/status/1511799337180876800",20220406201407,,https://web.archive.org/web/20220406201407/https://twitter.com/GCRClassic/status/1511799337180876800,https://web.archive.org/web/20220406201407/https://twitter.com/gcrclassic/status/1511799337180876800,https://twitter.com/GCRClassic/status/1511799337180876800,https://twitter.com/gcrclassic/status/1511799337180876800,,,,text/html,302,HCZHKR4ZJG2KHKYRU6W2SMMIFQPXZFCJ,485
"com,twitter)/gcrclassic/status/1518297333288558594?t=sj714hzea0h83af5gea_dg",20220831015149,,https://web.archive.org/web/20220831015149/https://twitter.com/GCRClassic/status/1518297333288558594?t=sj714hZea0h83Af5geA_Dg,https://web.archive.org/web/20220831015149/https://twitter.com/gcrclassic/status/1518297333288558594,https://twitter.com/GCRClassic/status/1518297333288558594?t=sj714hZea0h83Af5geA_Dg,https://twitter.com/gcrclassic/status/1518297333288558594,,,,text/html,200,GBQ5V23X7KB5E6JFKWOL6ZHGTPPTHBZG,17367
"com,twitter)/gcrclassic/status/1518299393086136320",20220424184257,,https://web.archive.org/web/20220424184257/https://twitter.com/GCRClassic/status/1518299393086136320,https://web.archive.org/web/20220424184257/https://twitter.com/gcrclassic/status/1518299393086136320,https://twitter.com/GCRClassic/status/1518299393086136320,https://twitter.com/gcrclassic/status/1518299393086136320,,,,text/html,200,XN6BYAIL5HCGERJPXXMVSNIYJWXDEYZX,3427
"com,twitter)/gcrclassic/status/1518304271506325509",20220424190220,,https://web.archive.org/web/20220424190220/https://twitter.com/GCRClassic/status/1518304271506325509,https://web.archive.org/web/20220424190220/https://twitter.com/gcrclassic/status/1518304271506325509,https://twitter.com/GCRClassic/status/1518304271506325509,https://twitter.com/gcrclassic/status/1518304271506325509,,,,text/html,200,JRDBQ6JJTDKQS2WRSWL4ZXMWR52YIDID,4198
"com,twitter)/gcrclassic/status/1518401674154590210",20220425012950,,https://web.archive.org/web/20220425012950/https://twitter.com/GCRClassic/status/1518401674154590210,https://web.archive.org/web/20220425012950/https://twitter.com/gcrclassic/status/1518401674154590210,https://twitter.com/GCRClassic/status/1518401674154590210,https://twitter.com/gcrclassic/status/1518401674154590210,,,,text/html,200,HKJ6QVPPIOM3YU6Z4Z3JCFXZPWDO6RBI,5864
"com,twitter)/gcrclassic/status/1518626669287911426",20220425162319,,https://web.archive.org/web/20220425162319/https://twitter.com/GCRClassic/status/1518626669287911426,https://web.archive.org/web/20220425162319/https://twitter.com/gcrclassic/status/1518626669287911426,https://twitter.com/GCRClassic/status/1518626669287911426,https://twitter.com/gcrclassic/status/1518626669287911426,,,,text/html,200,I3KEK4KAYQKGZGBOR376J5GVOYZ7HD2J,3429
"com,twitter)/gcrclassic/status/1518626669287911426",20220704121949,,https://web.archive.org/web/20220704121949/https://twitter.com/GCRClassic/status/1518626669287911426,https://web.archive.org/web/20220704121949/https://twitter.com/gcrclassic/status/1518626669287911426,https://twitter.com/GCRClassic/status/1518626669287911426,https://twitter.com/gcrclassic/status/1518626669287911426,,,,text/html,200,L52P3BKYWMPIOEB7ILGJ33WCQ6ETXEIY,7986
"com,twitter)/gcrclassic/status/1518626669287911426",20220831014826,,https://web.archive.org/web/20220831014826/https://twitter.com/GCRClassic/status/1518626669287911426,https://web.archive.org/web/20220831014826/https://twitter.com/gcrclassic/status/1518626669287911426,https://twitter.com/GCRClassic/status/1518626669287911426,https://twitter.com/gcrclassic/status/1518626669287911426,,,,text/html,200,AK6X7EKPYYRDA2JOJ4TPLYK3WLMEM27K,17436
"com,twitter)/gcrclassic/status/1518626669287911426?s=09%0a%0agcr&t=pubg2budbq7vhflou3fkuq",20220831023933,,"https://web.archive.org/web/20220831023933/https://twitter.com/GCRClassic/status/1518626669287911426?t=PuBG2BUDbQ7VHFlOU3FkUQ&s=09

GCR",https://web.archive.org/web/20220831023933/https://twitter.com/gcrclassic/status/1518626669287911426,https://twitter.com/GCRClassic/status/1518626669287911426?t=PuBG2BUDbQ7VHFlOU3FkUQ&s=09%0A%0AGCR,https://twitter.com/gcrclassic/status/1518626669287911426,,,,text/html,200,M4KPI6H6XRXGH6V2GLDMIO7WTU446TNW,17398
"com,twitter)/gcrclassic/status/1518626669287911426?s=09&t=pubg2budbq7vhflou3fkuq",20220831014731,,https://web.archive.org/web/20220831014731/https://twitter.com/GCRClassic/status/1518626669287911426?t=PuBG2BUDbQ7VHFlOU3FkUQ&s=09,https://web.archive.org/web/20220831014731/https://twitter.com/gcrclassic/status/1518626669287911426,https://twitter.com/GCRClassic/status/1518626669287911426?t=PuBG2BUDbQ7VHFlOU3FkUQ&s=09,https://twitter.com/gcrclassic/status/1518626669287911426,,,,text/html,200,P6JKTLFGB3AQ3IVJKIPUSGKT6H3UI4RE,17372
"com,twitter)/gcrclassic/status/1518626669287911426?t=pubg2budbq7vhflou3fkuq",20220831014826,,https://web.archive.org/web/20220831014826/https://twitter.com/GCRClassic/status/1518626669287911426?t=PuBG2BUDbQ7VHFlOU3FkUQ,https://web.archive.org/web/20220831014826/https://twitter.com/gcrclassic/status/1518626669287911426,https://twitter.com/GCRClassic/status/1518626669287911426?t=PuBG2BUDbQ7VHFlOU3FkUQ,https://twitter.com/gcrclassic/status/1518626669287911426,,,,text/html,200,54M5X7KDJGYU6HHYAVR6C26HS4CJFK4H,17468
"com,twitter)/gcrclassic/status/1518627264979783691",20220425162628,,https://web.archive.org/web/20220425162628/https://twitter.com/GCRClassic/status/1518627264979783691,https://web.archive.org/web/20220425162628/https://twitter.com/gcrclassic/status/1518627264979783691,https://twitter.com/GCRClassic/status/1518627264979783691,https://twitter.com/gcrclassic/status/1518627264979783691,,,,text/html,200,W3WDULFL2TZ2ISX55UF6T2RSWLR23HNA,3984
"com,twitter)/gcrclassic/status/1518628897507659776",20220425163249,,https://web.archive.org/web/20220425163249/https://twitter.com/GCRClassic/status/1518628897507659776,https://web.archive.org/web/20220425163249/https://twitter.com/gcrclassic/status/1518628897507659776,https://twitter.com/GCRClassic/status/1518628897507659776,https://twitter.com/gcrclassic/status/1518628897507659776,,,,text/html,200,4IQ2ZKD255RDDWPIJ725EIBLQ25MLN5U,4014
"com,twitter)/gcrclassic/status/1518628897507659776",20220831024042,,https://web.archive.org/web/20220831024042/https://twitter.com/GCRClassic/status/1518628897507659776,https://web.archive.org/web/20220831024042/https://twitter.com/gcrclassic/status/1518628897507659776,https://twitter.com/GCRClassic/status/1518628897507659776,https://twitter.com/gcrclassic/status/1518628897507659776,,,,text/html,200,U6IP4DILYIRHIKAKL535FOUEZWFVYJDR,17424
"com,twitter)/gcrclassic/status/1518628897507659776?s=19&t=rajcjjjb0sq1gh0xe1i7ng",20220831024012,,https://web.archive.org/web/20220831024012/https://twitter.com/GCRClassic/status/1518628897507659776?t=raJcJjJb0sq1Gh0xe1i7ng&s=19,https://web.archive.org/web/20220831024012/https://twitter.com/gcrclassic/status/1518628897507659776,https://twitter.com/GCRClassic/status/1518628897507659776?t=raJcJjJb0sq1Gh0xe1i7ng&s=19,https://twitter.com/gcrclassic/status/1518628897507659776,,,,text/html,200,FMFPH3UKWSN2FYKDQYWTKDZR5MXPZO3D,17369
"com,twitter)/gcrclassic/status/1518628897507659776?t=rajcjjjb0sq1gh0xe1i7ng",20220831024014,,https://web.archive.org/web/20220831024014/https://twitter.com/GCRClassic/status/1518628897507659776?t=raJcJjJb0sq1Gh0xe1i7ng,https://web.archive.org/web/20220831024014/https://twitter.com/gcrclassic/status/1518628897507659776,https://twitter.com/GCRClassic/status/1518628897507659776?t=raJcJjJb0sq1Gh0xe1i7ng,https://twitter.com/gcrclassic/status/1518628897507659776,,,,text/html,200,HVCVVAPDFYO3DJEHAPW4ID7W6O4N6VPD,17391
"com,twitter)/gcrclassic/status/1511792505112645643",20220406194718,,https://web.archive.org/web/20220406194718/https://twitter.com/GCRClassic/status/1511792505112645643,https://web.archive.org/web/20220406194718/https://twitter.com/gcrclassic/status/1511792505112645643,https://twitter.com/GCRClassic/status/1511792505112645643,https://twitter.com/gcrclassic/status/1511792505112645643,,,,text/html,200,43OX3QPYXCQBSZ4Z2MHDH4SIKNSOZJ43,3748
"com,twitter)/gcrclassic/status/1519004536714797058",20220426172545,,https://web.archive.org/web/20220426172545/https://twitter.com/GCRClassic/status/1519004536714797058,https://web.archive.org/web/20220426172545/https://twitter.com/gcrclassic/status/1519004536714797058,https://twitter.com/GCRClassic/status/1519004536714797058,https://twitter.com/gcrclassic/status/1519004536714797058,,,,text/html,200,ASPXQ7563Z2TSUGEZQRRWB6YCTG5CRVX,5164
"com,twitter)/gcrclassic/status/1519004536714797058",20220814111205,,https://web.archive.org/web/20220814111205/https://twitter.com/GCRClassic/status/1519004536714797058,https://web.archive.org/web/20220814111205/https://twitter.com/gcrclassic/status/1519004536714797058,https://twitter.com/GCRClassic/status/1519004536714797058,https://twitter.com/gcrclassic/status/1519004536714797058,,,,text/html,200,EXY2GCHORKHXSIOFNOWOZORDENUUZKXG,81851
"com,twitter)/gcrclassic/status/1519004536714797058?s=09%0a&t=50pxphfnvcr0gzsbgv9cww",20220831022654,,"https://web.archive.org/web/20220831022654/https://twitter.com/GCRClassic/status/1519004536714797058?t=50PXPhfnVcr0GzsBGv9Cww&s=09
",https://web.archive.org/web/20220831022654/https://twitter.com/gcrclassic/status/1519004536714797058,https://twitter.com/GCRClassic/status/1519004536714797058?t=50PXPhfnVcr0GzsBGv9Cww&s=09%0A,https://twitter.com/gcrclassic/status/1519004536714797058,,,,text/html,200,K3LTKJQZ5TRFCJFSBVWEEKAD5ECGSKWL,17333
"com,twitter)/gcrclassic/status/1519004536714797058?s=09&t=50pxphfnvcr0gzsbgv9cww",20220831014704,,https://web.archive.org/web/20220831014704/https://twitter.com/GCRClassic/status/1519004536714797058?t=50PXPhfnVcr0GzsBGv9Cww&s=09,https://web.archive.org/web/20220831014704/https://twitter.com/gcrclassic/status/1519004536714797058,https://twitter.com/GCRClassic/status/1519004536714797058?t=50PXPhfnVcr0GzsBGv9Cww&s=09,https://twitter.com/gcrclassic/status/1519004536714797058,,,,text/html,200,COW65VGVPV4AYVKVUOO3ZTZ3POYV3FIM,17325
"com,twitter)/gcrclassic/status/1518626669287911426",20220712031800,,https://web.archive.org/web/20220712031800/https://twitter.com/GCRClassic/status/1518626669287911426,https://web.archive.org/web/20220712031800/https://twitter.com/gcrclassic/status/1518626669287911426,https://twitter.com/GCRClassic/status/1518626669287911426,https://twitter.com/gcrclassic/status/1518626669287911426,,,,text/html,200,2IQMOZCAYSOOVHHMEDDI2TR46UZR4NZ4,89093
"com,twitter)/gcrclassic/status/1519004536714797058?t=50pxphfnvcr0gzsbgv9cww",20220831014743,,https://web.archive.org/web/20220831014743/https://twitter.com/GCRClassic/status/1519004536714797058?t=50PXPhfnVcr0GzsBGv9Cww,https://web.archive.org/web/20220831014743/https://twitter.com/gcrclassic/status/1519004536714797058,https://twitter.com/GCRClassic/status/1519004536714797058?t=50PXPhfnVcr0GzsBGv9Cww,https://twitter.com/gcrclassic/status/1519004536714797058,,,,text/html,200,ZFMDK3ZPNSGFNCOW2RFK5ZBQERC2C3QO,17370
"com,twitter)/gcrclassic/status/1519006891791331328",20220426173418,,https://web.archive.org/web/20220426173418/https://twitter.com/GCRClassic/status/1519006891791331328,https://web.archive.org/web/20220426173418/https://twitter.com/gcrclassic/status/1519006891791331328,https://twitter.com/GCRClassic/status/1519006891791331328,https://twitter.com/gcrclassic/status/1519006891791331328,,,,text/html,200,IMU4JJAAI3WYJKFAZWMXYGBI5I2IQ55I,3214
"com,twitter)/gcrclassic/status/1519714414815072258",20220428162640,,https://web.archive.org/web/20220428162640/https://twitter.com/GCRClassic/status/1519714414815072258,https://web.archive.org/web/20220428162640/https://twitter.com/gcrclassic/status/1519714414815072258,https://twitter.com/GCRClassic/status/1519714414815072258,https://twitter.com/gcrclassic/status/1519714414815072258,,,,text/html,200,LU5GZXNIC2QZO2JNAOZQMX324FDEWL6W,8969
"com,twitter)/gcrclassic/status/1512236680773873701",20220408011152,,https://web.archive.org/web/20220408011152/https://twitter.com/GCRClassic/status/1512236680773873701,https://web.archive.org/web/20220408011152/https://twitter.com/gcrclassic/status/1512236680773873701,https://twitter.com/GCRClassic/status/1512236680773873701,https://twitter.com/gcrclassic/status/1512236680773873701,,,,text/html,200,2UJFZNNIHURX7ZA7XLJSW4BJFNIGDLSG,5230
"com,twitter)/gcrclassic/status/1519715155545923589",20220428162841,,https://web.archive.org/web/20220428162841/https://twitter.com/GCRClassic/status/1519715155545923589,https://web.archive.org/web/20220428162841/https://twitter.com/gcrclassic/status/1519715155545923589,https://twitter.com/GCRClassic/status/1519715155545923589,https://twitter.com/gcrclassic/status/1519715155545923589,,,,text/html,200,COX7PYO7T64DD3XQ7VIK3QLBXJK22UJB,7211
"com,twitter)/gcrclassic/status/1519724460194021378",20220428170735,,https://web.archive.org/web/20220428170735/https://twitter.com/GCRClassic/status/1519724460194021378,https://web.archive.org/web/20220428170735/https://twitter.com/gcrclassic/status/1519724460194021378,https://twitter.com/GCRClassic/status/1519724460194021378,https://twitter.com/gcrclassic/status/1519724460194021378,,,,text/html,200,LYDR6EH3S5SDOB3P47WI3S2CQWOWCMT6,8742
"com,twitter)/gcrclassic/status/1519791718534627329",20220428213248,,https://web.archive.org/web/20220428213248/https://twitter.com/GCRClassic/status/1519791718534627329,https://web.archive.org/web/20220428213248/https://twitter.com/gcrclassic/status/1519791718534627329,https://twitter.com/GCRClassic/status/1519791718534627329,https://twitter.com/gcrclassic/status/1519791718534627329,,,,text/html,200,MEQ53HVF3IDGBLYQ2WDY75X524BRX2VD,7867
"com,twitter)/gcrclassic/status/1519807390102822917",20220428223559,,https://web.archive.org/web/20220428223559/https://twitter.com/GCRClassic/status/1519807390102822917,https://web.archive.org/web/20220428223559/https://twitter.com/gcrclassic/status/1519807390102822917,https://twitter.com/GCRClassic/status/1519807390102822917,https://twitter.com/gcrclassic/status/1519807390102822917,,,,text/html,302,4YG57VMMZWKWRLNUHZWIVU32SMOIRN2A,509
"com,twitter)/gcrclassic/status/1520489412836143105",20220430194525,,https://web.archive.org/web/20220430194525/https://twitter.com/GCRClassic/status/1520489412836143105,https://web.archive.org/web/20220430194525/https://twitter.com/gcrclassic/status/1520489412836143105,https://twitter.com/GCRClassic/status/1520489412836143105,https://twitter.com/gcrclassic/status/1520489412836143105,,,,text/html,200,SELHTBJD6LMWHZHPJZJOL6QEFCGZYAVG,10471
"com,twitter)/gcrclassic/status/1520489412836143105",20220705091405,,https://web.archive.org/web/20220705091405/https://twitter.com/GCRClassic/status/1520489412836143105,https://web.archive.org/web/20220705091405/https://twitter.com/gcrclassic/status/1520489412836143105,https://twitter.com/GCRClassic/status/1520489412836143105,https://twitter.com/gcrclassic/status/1520489412836143105,,,,text/html,200,2ELPQJF7R4MYXK64IEC6WSMXXCMLPTTG,5988
"com,twitter)/gcrclassic/status/1520489783923027971",20220430194651,,https://web.archive.org/web/20220430194651/https://twitter.com/GCRClassic/status/1520489783923027971,https://web.archive.org/web/20220430194651/https://twitter.com/gcrclassic/status/1520489783923027971,https://twitter.com/GCRClassic/status/1520489783923027971,https://twitter.com/gcrclassic/status/1520489783923027971,,,,text/html,200,XHWGMAIPGCECFMSUZD7U3E4ZOOP6IW7P,10156
"com,twitter)/gcrclassic/status/1520489412836143105",20220816090711,,https://web.archive.org/web/20220816090711/https://twitter.com/GCRClassic/status/1520489412836143105,https://web.archive.org/web/20220816090711/https://twitter.com/gcrclassic/status/1520489412836143105,https://twitter.com/GCRClassic/status/1520489412836143105,https://twitter.com/gcrclassic/status/1520489412836143105,,,,text/html,200,CID7VEYS3KADYFVXTDF54ANFTX4P2ONM,75725
"com,twitter)/gcrclassic/status/1520493253468033029",20220430200043,,https://web.archive.org/web/20220430200043/https://twitter.com/GCRClassic/status/1520493253468033029,https://web.archive.org/web/20220430200043/https://twitter.com/gcrclassic/status/1520493253468033029,https://twitter.com/GCRClassic/status/1520493253468033029,https://twitter.com/gcrclassic/status/1520493253468033029,,,,text/html,200,QJAKVIK4T7VYBR2ZNMVX34CCT7KVKAMJ,10359
"com,twitter)/gcrclassic/status/1520587953948483587",20220501021724,,https://web.archive.org/web/20220501021724/https://twitter.com/GCRClassic/status/1520587953948483587,https://web.archive.org/web/20220501021724/https://twitter.com/gcrclassic/status/1520587953948483587,https://twitter.com/GCRClassic/status/1520587953948483587,https://twitter.com/gcrclassic/status/1520587953948483587,,,,text/html,200,XMFPYAFU6M5BVP5U6SKJAOLLT7M7BJ77,10563
"com,twitter)/gcrclassic/status/1520589158506545153",20220501022152,,https://web.archive.org/web/20220501022152/https://twitter.com/GCRClassic/status/1520589158506545153,https://web.archive.org/web/20220501022152/https://twitter.com/gcrclassic/status/1520589158506545153,https://twitter.com/GCRClassic/status/1520589158506545153,https://twitter.com/gcrclassic/status/1520589158506545153,,,,text/html,200,TUK4CRUUGGUMS655X56LUTLVGH3EJNGS,11131
"com,twitter)/gcrclassic/status/1520590271360155648",20220501022557,,https://web.archive.org/web/20220501022557/https://twitter.com/GCRClassic/status/1520590271360155648,https://web.archive.org/web/20220501022557/https://twitter.com/gcrclassic/status/1520590271360155648,https://twitter.com/GCRClassic/status/1520590271360155648,https://twitter.com/gcrclassic/status/1520590271360155648,,,,text/html,200,3PJ4IMGSU3PZWWVWIPHJBSXLQSUS3ITA,11021
"com,twitter)/gcrclassic/status/1520591532398678018",20220501023123,,https://web.archive.org/web/20220501023123/https://twitter.com/GCRClassic/status/1520591532398678018,https://web.archive.org/web/20220501023123/https://twitter.com/gcrclassic/status/1520591532398678018,https://twitter.com/GCRClassic/status/1520591532398678018,https://twitter.com/gcrclassic/status/1520591532398678018,,,,text/html,200,KLM5JRPEVUOVW5NMYXS274GY7HD4D6R7,11662
"com,twitter)/gcrclassic/status/1512236680773873701?s=09&t=rpboagyn_cdgfu2tetflha",20220902175923,,https://web.archive.org/web/20220902175923/https://twitter.com/GCRClassic/status/1512236680773873701?t=RPbOAGyn_cDgfu2tETFLHA&s=09,https://web.archive.org/web/20220902175923/https://twitter.com/gcrclassic/status/1512236680773873701,https://twitter.com/GCRClassic/status/1512236680773873701?t=RPbOAGyn_cDgfu2tETFLHA&s=09,https://twitter.com/gcrclassic/status/1512236680773873701,,,,text/html,200,R2LTDTEMLECQ3LX352WK72S76QFCKFSN,17585
"com,twitter)/gcrclassic/status/1520592952292220934",20220501023705,,https://web.archive.org/web/20220501023705/https://twitter.com/GCRClassic/status/1520592952292220934,https://web.archive.org/web/20220501023705/https://twitter.com/gcrclassic/status/1520592952292220934,https://twitter.com/GCRClassic/status/1520592952292220934,https://twitter.com/gcrclassic/status/1520592952292220934,,,,text/html,200,ZGVOM7QOS4HC34N5K5XSTEUEPPJPPQHJ,11705
"com,twitter)/gcrclassic/status/1520595007299895298",20220501024526,,https://web.archive.org/web/20220501024526/https://twitter.com/GCRClassic/status/1520595007299895298,https://web.archive.org/web/20220501024526/https://twitter.com/gcrclassic/status/1520595007299895298,https://twitter.com/GCRClassic/status/1520595007299895298,https://twitter.com/gcrclassic/status/1520595007299895298,,,,text/html,200,TFYV6OP6MABD4XZ5UR5J7C2SMNFPDEOW,11680
"com,twitter)/gcrclassic/status/1520595007299895298",20220731132204,,https://web.archive.org/web/20220731132204/https://twitter.com/GCRClassic/status/1520595007299895298,https://web.archive.org/web/20220731132204/https://twitter.com/gcrclassic/status/1520595007299895298,https://twitter.com/GCRClassic/status/1520595007299895298,https://twitter.com/gcrclassic/status/1520595007299895298,,,,text/html,200,3BNBLPNDR55EUAPXQHPBSCVL3CXBZ2MR,65544
"com,twitter)/gcrclassic/status/1520599720921493504",20220501030406,,https://web.archive.org/web/20220501030406/https://twitter.com/GCRClassic/status/1520599720921493504,https://web.archive.org/web/20220501030406/https://twitter.com/gcrclassic/status/1520599720921493504,https://twitter.com/GCRClassic/status/1520599720921493504,https://twitter.com/gcrclassic/status/1520599720921493504,,,,text/html,200,WSRENU6QIRL3AJHHHD7ZKPM7CUZCIDOM,12243
"com,twitter)/gcrclassic/status/1520627992426426368",20220501045554,,https://web.archive.org/web/20220501045554/https://twitter.com/GCRClassic/status/1520627992426426368,https://web.archive.org/web/20220501045554/https://twitter.com/gcrclassic/status/1520627992426426368,https://twitter.com/GCRClassic/status/1520627992426426368,https://twitter.com/gcrclassic/status/1520627992426426368,,,,text/html,200,R34272G2FS6CEKS3DZZZWPK6KP3X2R4W,10685
"com,twitter)/gcrclassic/status/1519012560464400387",20220426175644,,https://web.archive.org/web/20220426175644/https://twitter.com/GCRClassic/status/1519012560464400387,https://web.archive.org/web/20220426175644/https://twitter.com/gcrclassic/status/1519012560464400387,https://twitter.com/GCRClassic/status/1519012560464400387,https://twitter.com/gcrclassic/status/1519012560464400387,,,,text/html,200,2EUVPJ5ZON34EWASVO4CHURF54ZZT3TS,3046
"com,twitter)/gcrclassic/status/1520752457051254786",20220501131103,,https://web.archive.org/web/20220501131103/https://twitter.com/GCRClassic/status/1520752457051254786,https://web.archive.org/web/20220501131103/https://twitter.com/gcrclassic/status/1520752457051254786,https://twitter.com/GCRClassic/status/1520752457051254786,https://twitter.com/gcrclassic/status/1520752457051254786,,,,text/html,200,NNDL7V44EE4L4SQEBQIXEEEVFE7UVVX3,11318
"com,twitter)/gcrclassic/status/1520752839865339904",20220501131205,,https://web.archive.org/web/20220501131205/https://twitter.com/GCRClassic/status/1520752839865339904,https://web.archive.org/web/20220501131205/https://twitter.com/gcrclassic/status/1520752839865339904,https://twitter.com/GCRClassic/status/1520752839865339904,https://twitter.com/gcrclassic/status/1520752839865339904,,,,text/html,200,64CY2IJMV7D2VUU4R3EHOQEAC4PJVNWC,10746
"com,twitter)/gcrclassic/status/1516841277022691329",20220420180901,,https://web.archive.org/web/20220420180901/https://twitter.com/GCRClassic/status/1516841277022691329,https://web.archive.org/web/20220420180901/https://twitter.com/gcrclassic/status/1516841277022691329,https://twitter.com/GCRClassic/status/1516841277022691329,https://twitter.com/gcrclassic/status/1516841277022691329,,,,text/html,200,2N7AQNBBTU4DAL3CJOUNDGUQQHWCKML2,4065
"com,twitter)/gcrclassic/status/1520754098307579904",20220501131746,,https://web.archive.org/web/20220501131746/https://twitter.com/GCRClassic/status/1520754098307579904,https://web.archive.org/web/20220501131746/https://twitter.com/gcrclassic/status/1520754098307579904,https://twitter.com/GCRClassic/status/1520754098307579904,https://twitter.com/gcrclassic/status/1520754098307579904,,,,text/html,200,SCFO44K4M4NFWW2B25CRVTOJXLDGCOTO,11111
"com,twitter)/gcrclassic/status/1521323308624584704",20220503025918,,https://web.archive.org/web/20220503025918/https://twitter.com/GCRClassic/status/1521323308624584704,https://web.archive.org/web/20220503025918/https://twitter.com/gcrclassic/status/1521323308624584704,https://twitter.com/GCRClassic/status/1521323308624584704,https://twitter.com/gcrclassic/status/1521323308624584704,,,,text/html,200,HCDEX4VO37THCRVTR6SGQ7C52ASM7IT4,4285
"com,twitter)/gcrclassic/status/1521323308624584704",20220506221206,,https://web.archive.org/web/20220506221206/https://twitter.com/GCRClassic/status/1521323308624584704,https://web.archive.org/web/20220506221206/https://twitter.com/gcrclassic/status/1521323308624584704,https://twitter.com/GCRClassic/status/1521323308624584704,https://twitter.com/gcrclassic/status/1521323308624584704,,,,text/html,200,Y35ML54PQSWYE6I46S4XNIVDTL2MHNLC,21738
"com,twitter)/gcrclassic/status/1521323308624584704",20220706134427,,https://web.archive.org/web/20220706134427/https://twitter.com/GCRClassic/status/1521323308624584704,https://web.archive.org/web/20220706134427/https://twitter.com/gcrclassic/status/1521323308624584704,https://twitter.com/GCRClassic/status/1521323308624584704,https://twitter.com/gcrclassic/status/1521323308624584704,,,,text/html,200,EKCEB5B672OMYLPLAXKTFQ5YEMFVZBJ3,82002
"com,twitter)/gcrclassic/status/1521323308624584704",20220707055348,,https://web.archive.org/web/20220707055348/https://twitter.com/GCRClassic/status/1521323308624584704,https://web.archive.org/web/20220707055348/https://twitter.com/gcrclassic/status/1521323308624584704,https://twitter.com/GCRClassic/status/1521323308624584704,https://twitter.com/gcrclassic/status/1521323308624584704,,,,text/html,200,CUURQ3SUBA34EGYPZM5TODQYDPDFEVPL,81919
"com,twitter)/gcrclassic/status/1521325819511164930",20220503030917,,https://web.archive.org/web/20220503030917/https://twitter.com/GCRClassic/status/1521325819511164930,https://web.archive.org/web/20220503030917/https://twitter.com/gcrclassic/status/1521325819511164930,https://twitter.com/GCRClassic/status/1521325819511164930,https://twitter.com/gcrclassic/status/1521325819511164930,,,,text/html,200,AE4KCL7NFKVB5HJFKR6GTH4E6QNWNU7S,3538
"com,twitter)/gcrclassic/status/1521325437405831171",20220503030747,,https://web.archive.org/web/20220503030747/https://twitter.com/GCRClassic/status/1521325437405831171,https://web.archive.org/web/20220503030747/https://twitter.com/gcrclassic/status/1521325437405831171,https://twitter.com/GCRClassic/status/1521325437405831171,https://twitter.com/gcrclassic/status/1521325437405831171,,,,text/html,200,7VKTRYGLG2I2BFUQ7U7QXDFJVHEOS6PG,3560
"com,twitter)/gcrclassic/status/1521329202477383681",20220503032212,,https://web.archive.org/web/20220503032212/https://twitter.com/GCRClassic/status/1521329202477383681,https://web.archive.org/web/20220503032212/https://twitter.com/gcrclassic/status/1521329202477383681,https://twitter.com/GCRClassic/status/1521329202477383681,https://twitter.com/gcrclassic/status/1521329202477383681,,,,text/html,200,XZLSODEGL54NGCMJQVQGZBP6FVXB5EB6,3443
"com,twitter)/gcrclassic/status/1521334078733266944",20220503034436,,https://web.archive.org/web/20220503034436/https://twitter.com/GCRClassic/status/1521334078733266944,https://web.archive.org/web/20220503034436/https://twitter.com/gcrclassic/status/1521334078733266944,https://twitter.com/GCRClassic/status/1521334078733266944,https://twitter.com/gcrclassic/status/1521334078733266944,,,,text/html,200,5GRKYULF7BTAMYJZFUAO3LNLYURA2ADV,4037
"com,twitter)/gcrclassic/status/1521535102395764737",20220503170025,,https://web.archive.org/web/20220503170025/https://twitter.com/GCRClassic/status/1521535102395764737,https://web.archive.org/web/20220503170025/https://twitter.com/gcrclassic/status/1521535102395764737,https://twitter.com/GCRClassic/status/1521535102395764737,https://twitter.com/gcrclassic/status/1521535102395764737,,,,text/html,200,KP426WLVWUVN5J2QT56NCOYSVP6XTFYO,4169
"com,twitter)/gcrclassic/status/1521531217765675008",20220503164552,,https://web.archive.org/web/20220503164552/https://twitter.com/GCRClassic/status/1521531217765675008,https://web.archive.org/web/20220503164552/https://twitter.com/gcrclassic/status/1521531217765675008,https://twitter.com/GCRClassic/status/1521531217765675008,https://twitter.com/gcrclassic/status/1521531217765675008,,,,text/html,200,PUESZMK3UZ4KUYX6TYK3LSJDYEROK32A,6158
"com,twitter)/gcrclassic/status/1521535102395764737",20220710193146,,https://web.archive.org/web/20220710193146/https://twitter.com/GCRClassic/status/1521535102395764737,https://web.archive.org/web/20220710193146/https://twitter.com/gcrclassic/status/1521535102395764737,https://twitter.com/GCRClassic/status/1521535102395764737,https://twitter.com/gcrclassic/status/1521535102395764737,,,,text/html,200,H62DKXJWCSNCMNURGWKQBQPHFLOBHU5P,80004
"com,twitter)/gcrclassic/status/1521536782696861696",20220503170714,,https://web.archive.org/web/20220503170714/https://twitter.com/GCRClassic/status/1521536782696861696,https://web.archive.org/web/20220503170714/https://twitter.com/gcrclassic/status/1521536782696861696,https://twitter.com/GCRClassic/status/1521536782696861696,https://twitter.com/gcrclassic/status/1521536782696861696,,,,text/html,200,UEMKTTO2YSBTNFMU5F5RUKOMEI757SF2,4060
"com,twitter)/gcrclassic/status/1518297333288558594",20220424183513,,https://web.archive.org/web/20220424183513/https://twitter.com/GCRClassic/status/1518297333288558594,https://web.archive.org/web/20220424183513/https://twitter.com/gcrclassic/status/1518297333288558594,https://twitter.com/GCRClassic/status/1518297333288558594,https://twitter.com/gcrclassic/status/1518297333288558594,,,,text/html,200,3MSOXN3IXEAXAEWJI7INYJL54DDSOSQR,3522
"com,twitter)/gcrclassic/status/1521816711049236480",20220504113939,,https://web.archive.org/web/20220504113939/https://twitter.com/GCRClassic/status/1521816711049236480,https://web.archive.org/web/20220504113939/https://twitter.com/gcrclassic/status/1521816711049236480,https://twitter.com/GCRClassic/status/1521816711049236480,https://twitter.com/gcrclassic/status/1521816711049236480,,,,text/html,200,6XUIC2IM7FKL5BLZW7FZO5AUKNAD5DGK,5721
"com,twitter)/gcrclassic/status/1521537206015467521",20220503170906,,https://web.archive.org/web/20220503170906/https://twitter.com/GCRClassic/status/1521537206015467521,https://web.archive.org/web/20220503170906/https://twitter.com/gcrclassic/status/1521537206015467521,https://twitter.com/GCRClassic/status/1521537206015467521,https://twitter.com/gcrclassic/status/1521537206015467521,,,,text/html,200,NUOQIEY337BDVPCOCJGQMNQYCPXSWKFI,3862
"com,twitter)/gcrclassic/status/1522529745279270913",20220506105324,,https://web.archive.org/web/20220506105324/https://twitter.com/GCRClassic/status/1522529745279270913,https://web.archive.org/web/20220506105324/https://twitter.com/gcrclassic/status/1522529745279270913,https://twitter.com/GCRClassic/status/1522529745279270913,https://twitter.com/gcrclassic/status/1522529745279270913,,,,text/html,200,TQBAA3YNDKMRXTDXCLT5GPU36OM2BGO7,4284
"com,twitter)/gcrclassic/status/1522522061058543616",20220506102241,,https://web.archive.org/web/20220506102241/https://twitter.com/GCRClassic/status/1522522061058543616,https://web.archive.org/web/20220506102241/https://twitter.com/gcrclassic/status/1522522061058543616,https://twitter.com/GCRClassic/status/1522522061058543616,https://twitter.com/gcrclassic/status/1522522061058543616,,,,text/html,200,IGSKYXU4OR4SQCCHVHI2XPGWNWUN6LLF,4869
"com,twitter)/gcrclassic/status/1522675236273070081",20220506203104,,https://web.archive.org/web/20220506203104/https://twitter.com/GCRClassic/status/1522675236273070081,https://web.archive.org/web/20220506203104/https://twitter.com/gcrclassic/status/1522675236273070081,https://twitter.com/GCRClassic/status/1522675236273070081,https://twitter.com/gcrclassic/status/1522675236273070081,,,,text/html,200,NSXIWMNAVMXZBT6TJOHLHWDWBEQ34M5X,3217
"com,twitter)/gcrclassic/status/1522532299631378432",20220506110330,,https://web.archive.org/web/20220506110330/https://twitter.com/GCRClassic/status/1522532299631378432,https://web.archive.org/web/20220506110330/https://twitter.com/gcrclassic/status/1522532299631378432,https://twitter.com/GCRClassic/status/1522532299631378432,https://twitter.com/gcrclassic/status/1522532299631378432,,,,text/html,200,SRN7IHEGR375Z6S6ZZ6K2VC7RPNRHYCL,4995
"com,twitter)/gcrclassic/status/1522676715738308608",20220506203709,,https://web.archive.org/web/20220506203709/https://twitter.com/GCRClassic/status/1522676715738308608,https://web.archive.org/web/20220506203709/https://twitter.com/gcrclassic/status/1522676715738308608,https://twitter.com/GCRClassic/status/1522676715738308608,https://twitter.com/gcrclassic/status/1522676715738308608,,,,text/html,200,OLCVESBTCRENK2MCF633AS5S33TXYZ4M,3850
"com,twitter)/gcrclassic/status/1522676062546808832",20220506203422,,https://web.archive.org/web/20220506203422/https://twitter.com/GCRClassic/status/1522676062546808832,https://web.archive.org/web/20220506203422/https://twitter.com/gcrclassic/status/1522676062546808832,https://twitter.com/GCRClassic/status/1522676062546808832,https://twitter.com/gcrclassic/status/1522676062546808832,,,,text/html,200,W5ACNHFCQ63UX3XMILIDV2HPBOWB2JNS,3881
"com,twitter)/gcrclassic/status/1523626541724618753",20220509113201,,https://web.archive.org/web/20220509113201/https://twitter.com/GCRClassic/status/1523626541724618753,https://web.archive.org/web/20220509113201/https://twitter.com/gcrclassic/status/1523626541724618753,https://twitter.com/GCRClassic/status/1523626541724618753,https://twitter.com/gcrclassic/status/1523626541724618753,,,,text/html,200,5Z7CADGK4XPHZWIA76DCZ467THVL6QX5,4706
"com,twitter)/gcrclassic/status/1518297333288558594?s=09&t=sj714hzea0h83af5gea_dg",20220831015103,,https://web.archive.org/web/20220831015103/https://twitter.com/GCRClassic/status/1518297333288558594?t=sj714hZea0h83Af5geA_Dg&s=09,https://web.archive.org/web/20220831015103/https://twitter.com/gcrclassic/status/1518297333288558594,https://twitter.com/GCRClassic/status/1518297333288558594?t=sj714hZea0h83Af5geA_Dg&s=09,https://twitter.com/gcrclassic/status/1518297333288558594,,,,text/html,200,G4F6NZ3BHDCSGOOARCMHICC7J4GHE2V7,17315
"com,twitter)/gcrclassic/status/1523710833015934977",20220509170632,,https://web.archive.org/web/20220509170632/https://twitter.com/GCRClassic/status/1523710833015934977,https://web.archive.org/web/20220509170632/https://twitter.com/gcrclassic/status/1523710833015934977,https://twitter.com/GCRClassic/status/1523710833015934977,https://twitter.com/gcrclassic/status/1523710833015934977,,,,text/html,200,HJPKXJPZCGZ37TCHRFTOLDMZHKMIFVKE,5243
"com,twitter)/gcrclassic/status/1520495174085926913",20220430200814,,https://web.archive.org/web/20220430200814/https://twitter.com/GCRClassic/status/1520495174085926913,https://web.archive.org/web/20220430200814/https://twitter.com/gcrclassic/status/1520495174085926913,https://twitter.com/GCRClassic/status/1520495174085926913,https://twitter.com/gcrclassic/status/1520495174085926913,,,,text/html,200,3KWKY5YHVQTQP7BN6CPJYZWU3YBBZG4L,10182
"com,twitter)/gcrclassic/status/1523811739808288768",20220510003852,,https://web.archive.org/web/20220510003852/https://twitter.com/GCRClassic/status/1523811739808288768,https://web.archive.org/web/20220510003852/https://twitter.com/gcrclassic/status/1523811739808288768,https://twitter.com/GCRClassic/status/1523811739808288768,https://twitter.com/gcrclassic/status/1523811739808288768,,,,text/html,200,BPCBBNT7Y36TZWMLK47VYWJ5LOVZW3WK,21031
"com,twitter)/gcrclassic/status/1523728642756415489",20220509181708,,https://web.archive.org/web/20220509181708/https://twitter.com/GCRClassic/status/1523728642756415489,https://web.archive.org/web/20220509181708/https://twitter.com/gcrclassic/status/1523728642756415489,https://twitter.com/GCRClassic/status/1523728642756415489,https://twitter.com/gcrclassic/status/1523728642756415489,,,,text/html,200,NKA6ZANN2CQA6C7NIELCDZQA26U2QFVJ,3414
"com,twitter)/gcrclassic/status/1523811739808288768",20220510022103,,https://web.archive.org/web/20220510022103/https://twitter.com/GCRClassic/status/1523811739808288768,https://web.archive.org/web/20220510022103/https://twitter.com/gcrclassic/status/1523811739808288768,https://twitter.com/GCRClassic/status/1523811739808288768,https://twitter.com/gcrclassic/status/1523811739808288768,,,,text/html,200,7E3LC7X33YLFWUJEKXEYATYELVYWK3UD,14575
"com,twitter)/gcrclassic/status/1523811739808288768",20220713171638,,https://web.archive.org/web/20220713171638/https://twitter.com/GCRClassic/status/1523811739808288768,https://web.archive.org/web/20220713171638/https://twitter.com/gcrclassic/status/1523811739808288768,https://twitter.com/GCRClassic/status/1523811739808288768,https://twitter.com/gcrclassic/status/1523811739808288768,,,,text/html,200,AKR2SVWD6BLC2FZ7HMMURTHHVUABMWB3,80282
"com,twitter)/gcrclassic/status/1523819177412378625",20220510001708,,https://web.archive.org/web/20220510001708/https://twitter.com/GCRClassic/status/1523819177412378625,https://web.archive.org/web/20220510001708/https://twitter.com/gcrclassic/status/1523819177412378625,https://twitter.com/GCRClassic/status/1523819177412378625,https://twitter.com/gcrclassic/status/1523819177412378625,,,,text/html,200,G27RC4YBOFSQDZ4BPZFDHKIJSPOS55DF,3892
"com,twitter)/gcrclassic/status/1519004536714797058",20220831014717,,https://web.archive.org/web/20220831014717/https://twitter.com/GCRClassic/status/1519004536714797058,https://web.archive.org/web/20220831014717/https://twitter.com/gcrclassic/status/1519004536714797058,https://twitter.com/GCRClassic/status/1519004536714797058,https://twitter.com/gcrclassic/status/1519004536714797058,,,,text/html,200,P4Z225LMMVH2FPNA6OKR2S2IARNM2JEC,17354
"com,twitter)/gcrclassic/status/1511755966903197709",20220406172233,,https://web.archive.org/web/20220406172233/https://twitter.com/GCRClassic/status/1511755966903197709,https://web.archive.org/web/20220406172233/https://twitter.com/gcrclassic/status/1511755966903197709,https://twitter.com/GCRClassic/status/1511755966903197709,https://twitter.com/gcrclassic/status/1511755966903197709,,,,text/html,200,NHR5P4AHN72JYNJ2T2NJT73BEK3PELWG,4581
"com,twitter)/gcrclassic/status/1511805505194557440",20220406203849,,https://web.archive.org/web/20220406203849/https://twitter.com/GCRClassic/status/1511805505194557440,https://web.archive.org/web/20220406203849/https://twitter.com/gcrclassic/status/1511805505194557440,https://twitter.com/GCRClassic/status/1511805505194557440,https://twitter.com/gcrclassic/status/1511805505194557440,,,,text/html,200,B22Y3N2COAM55MVCQJLDFGLV5EYS2LXD,5876
"com,twitter)/gcrclassic/status/1523811739808288768",20220801013101,,https://web.archive.org/web/20220801013101/https://twitter.com/GCRClassic/status/1523811739808288768,https://web.archive.org/web/20220801013101/https://twitter.com/gcrclassic/status/1523811739808288768,https://twitter.com/GCRClassic/status/1523811739808288768,https://twitter.com/gcrclassic/status/1523811739808288768,,,,text/html,200,35BR62E4Z5ZYEZD6EAKFU6EU3PKQXAI4,79960
"com,twitter)/gcrclassic/status/1523811739808288768?prefetchtimestamp=1652603581148",20220515083301,,https://web.archive.org/web/20220515083301/https://twitter.com/GCRClassic/status/1523811739808288768?prefetchTimestamp=1652603581148,https://web.archive.org/web/20220515083301/https://twitter.com/gcrclassic/status/1523811739808288768,https://twitter.com/GCRClassic/status/1523811739808288768?prefetchTimestamp=1652603581148,https://twitter.com/gcrclassic/status/1523811739808288768,,,,text/html,200,R2QCKCEIQ4UN3RWRILBB6AAL3PN44C33,22506
"com,twitter)/gcrclassic/status/1523819177412378625",20220510004210,,https://web.archive.org/web/20220510004210/https://twitter.com/GCRClassic/status/1523819177412378625,https://web.archive.org/web/20220510004210/https://twitter.com/gcrclassic/status/1523819177412378625,https://twitter.com/GCRClassic/status/1523819177412378625,https://twitter.com/gcrclassic/status/1523819177412378625,,,,text/html,200,J6DMJZX5EJ7X3OO676NQK3PJCNJVFZFL,23790
"com,twitter)/gcrclassic/status/1523711342334541824",20220509170804,,https://web.archive.org/web/20220509170804/https://twitter.com/GCRClassic/status/1523711342334541824,https://web.archive.org/web/20220509170804/https://twitter.com/gcrclassic/status/1523711342334541824,https://twitter.com/GCRClassic/status/1523711342334541824,https://twitter.com/gcrclassic/status/1523711342334541824,,,,text/html,200,FK2ZJG5FS5HVCPQWKT7ZYE4NC6DEDBLM,3945
"com,twitter)/gcrclassic/status/1523815626443300865",20220510000319,,https://web.archive.org/web/20220510000319/https://twitter.com/GCRClassic/status/1523815626443300865,https://web.archive.org/web/20220510000319/https://twitter.com/gcrclassic/status/1523815626443300865,https://twitter.com/GCRClassic/status/1523815626443300865,https://twitter.com/gcrclassic/status/1523815626443300865,,,,text/html,200,JA2WPKJFUUPN3ANHQXQYDIUMRXD6MCBW,4073
"com,twitter)/gcrclassic/status/1523819177412378625?s=09&t=1za83wb9vcyhlzw9-ptjza",20220831014545,,https://web.archive.org/web/20220831014545/https://twitter.com/GCRClassic/status/1523819177412378625?t=1Za83Wb9VCYhlZw9-PTjzA&s=09,https://web.archive.org/web/20220831014545/https://twitter.com/gcrclassic/status/1523819177412378625,https://twitter.com/GCRClassic/status/1523819177412378625?t=1Za83Wb9VCYhlZw9-PTjzA&s=09,https://twitter.com/gcrclassic/status/1523819177412378625,,,,text/html,200,NHWKI7VGNEB7ZZYIJGKAUNSFCW6XJWFQ,17337
"com,twitter)/gcrclassic/status/1523819177412378625?s=09&t=ebk0by0hassxrq0muhag5a",20220823233224,,https://web.archive.org/web/20220823233224/https://twitter.com/GCRClassic/status/1523819177412378625?t=eBk0BY0haSSxrQ0mUhaG5A&s=09,https://web.archive.org/web/20220823233224/https://twitter.com/gcrclassic/status/1523819177412378625,https://twitter.com/GCRClassic/status/1523819177412378625?t=eBk0BY0haSSxrQ0mUhaG5A&s=09,https://twitter.com/gcrclassic/status/1523819177412378625,,,,text/html,200,QO5LKBSQFPE5FGAFVVTO5HQC277UB5UP,17243
"com,twitter)/gcrclassic/status/1523819177412378625",20220823233256,,https://web.archive.org/web/20220823233256/https://twitter.com/GCRClassic/status/1523819177412378625,https://web.archive.org/web/20220823233256/https://twitter.com/gcrclassic/status/1523819177412378625,https://twitter.com/GCRClassic/status/1523819177412378625,https://twitter.com/gcrclassic/status/1523819177412378625,,,,text/html,200,DNJX74BM6TXEXQHOHCTQXZ4QZPQ7R267,17254
"com,twitter)/gcrclassic/status/1523819177412378625?s=19%0a&t=ecomaizupg6qt1s-tvibfq",20221222004545,,"https://web.archive.org/web/20221222004545/https://twitter.com/GCRClassic/status/1523819177412378625?t=EcOMaIZuPg6QT1S-tvIbFQ&s=19
",https://web.archive.org/web/20221222004545/https://twitter.com/gcrclassic/status/1523819177412378625,https://twitter.com/GCRClassic/status/1523819177412378625?t=EcOMaIZuPg6QT1S-tvIbFQ&s=19%0A,https://twitter.com/gcrclassic/status/1523819177412378625,,,,text/html,200,KVILHJBADT5TDYNAFVWVS5IE3LUR4IGY,20090
"com,twitter)/gcrclassic/status/1523819177412378625?s=19&t=ecomaizupg6qt1s-tvibfq",20221222004555,,https://web.archive.org/web/20221222004555/https://twitter.com/GCRClassic/status/1523819177412378625?t=EcOMaIZuPg6QT1S-tvIbFQ&s=19,https://web.archive.org/web/20221222004555/https://twitter.com/gcrclassic/status/1523819177412378625,https://twitter.com/GCRClassic/status/1523819177412378625?t=EcOMaIZuPg6QT1S-tvIbFQ&s=19,https://twitter.com/gcrclassic/status/1523819177412378625,,,,text/html,200,VROVLPWT6K2LOPT2CQ4HNEXSUGL4CKNM,20134
"com,twitter)/gcrclassic/status/1523819177412378625?s=09%0a&t=ebk0by0hassxrq0muhag5a",20220827140706,,"https://web.archive.org/web/20220827140706/https://twitter.com/GCRClassic/status/1523819177412378625?t=eBk0BY0haSSxrQ0mUhaG5A&s=09
",https://web.archive.org/web/20220827140706/https://twitter.com/gcrclassic/status/1523819177412378625,https://twitter.com/GCRClassic/status/1523819177412378625?t=eBk0BY0haSSxrQ0mUhaG5A&s=09%0A,https://twitter.com/gcrclassic/status/1523819177412378625,,,,text/html,200,B5LQISGK4BHMCOJ65PJMOQKDFWZFZ3WI,17238
"com,twitter)/gcrclassic/status/1523819177412378625?s=21%0a%0alegend",20221019084315,,"https://web.archive.org/web/20221019084315/https://twitter.com/gcrclassic/status/1523819177412378625?s=21

Legend",https://web.archive.org/web/20221019084315/https://twitter.com/gcrclassic/status/1523819177412378625,https://twitter.com/gcrclassic/status/1523819177412378625?s=21%0A%0ALegend,https://twitter.com/gcrclassic/status/1523819177412378625,,,,text/html,200,2A3E4JKRHATTAI7GJAOCZTF53HQRUK5J,18332
"com,twitter)/gcrclassic/status/1523819177412378625?t=1za83wb9vcyhlzw9-ptjza",20220831014656,,https://web.archive.org/web/20220831014656/https://twitter.com/GCRClassic/status/1523819177412378625?t=1Za83Wb9VCYhlZw9-PTjzA,https://web.archive.org/web/20220831014656/https://twitter.com/gcrclassic/status/1523819177412378625,https://twitter.com/GCRClassic/status/1523819177412378625?t=1Za83Wb9VCYhlZw9-PTjzA,https://twitter.com/gcrclassic/status/1523819177412378625,,,,text/html,200,OEU6MIV5RWTQYOGVD6V5X35CCVA6O25S,17378
"com,twitter)/gcrclassic/status/1523819177412378625?s=21&t=m5eewdsrpuwlhbve9xhl8a",20220510004326,,https://web.archive.org/web/20220510004326/https://twitter.com/gcrclassic/status/1523819177412378625?s=21&t=M5eEWDSrpUWlHBvE9XHl8A,https://web.archive.org/web/20220510004326/https://twitter.com/gcrclassic/status/1523819177412378625,https://twitter.com/gcrclassic/status/1523819177412378625?s=21&t=M5eEWDSrpUWlHBvE9XHl8A,https://twitter.com/gcrclassic/status/1523819177412378625,,,,text/html,200,45RHH3XO7IX2DFBP72K7CC6H4Q45Q5EZ,14615
"com,twitter)/gcrclassic/status/1523819177412378625?t=ecomaizupg6qt1s-tvibfq",20221222004729,,https://web.archive.org/web/20221222004729/https://twitter.com/GCRClassic/status/1523819177412378625?t=EcOMaIZuPg6QT1S-tvIbFQ,https://web.archive.org/web/20221222004729/https://twitter.com/gcrclassic/status/1523819177412378625,https://twitter.com/GCRClassic/status/1523819177412378625?t=EcOMaIZuPg6QT1S-tvIbFQ,https://twitter.com/gcrclassic/status/1523819177412378625,,,,text/html,200,PRKXCWUKHQB36C5MO4PYCZKDSHHLQQS2,20091
"com,twitter)/gcrclassic/status/1523819177412378625?t=m5eewdsrpuwlhbve9xhl8a",20220510004920,,https://web.archive.org/web/20220510004920/https://twitter.com/gcrclassic/status/1523819177412378625?t=M5eEWDSrpUWlHBvE9XHl8A,https://web.archive.org/web/20220510004920/https://twitter.com/gcrclassic/status/1523819177412378625,https://twitter.com/gcrclassic/status/1523819177412378625?t=M5eEWDSrpUWlHBvE9XHl8A,https://twitter.com/gcrclassic/status/1523819177412378625,,,,text/html,200,DKBJAWPWBBJYOGNBM5HURKBSEUCS7QF2,14619
"com,twitter)/gcrclassic/status/1523828336337825794",20220510005308,,https://web.archive.org/web/20220510005308/https://twitter.com/GCRClassic/status/1523828336337825794,https://web.archive.org/web/20220510005308/https://twitter.com/gcrclassic/status/1523828336337825794,https://twitter.com/GCRClassic/status/1523828336337825794,https://twitter.com/gcrclassic/status/1523828336337825794,,,,text/html,200,O4CQ2MGVYOEBTKPNKYDKYIXN3BEXAMZR,3097
"com,twitter)/gcrclassic/status/1524300141737484288",20220511080754,,https://web.archive.org/web/20220511080754/https://twitter.com/GCRClassic/status/1524300141737484288,https://web.archive.org/web/20220511080754/https://twitter.com/gcrclassic/status/1524300141737484288,https://twitter.com/GCRClassic/status/1524300141737484288,https://twitter.com/gcrclassic/status/1524300141737484288,,,,text/html,200,SCW42XZVZ4OYY3FBYH3IVVCLGQNLCHM2,4393
"com,twitter)/gcrclassic/status/1524301317761638401",20220511081251,,https://web.archive.org/web/20220511081251/https://twitter.com/GCRClassic/status/1524301317761638401,https://web.archive.org/web/20220511081251/https://twitter.com/gcrclassic/status/1524301317761638401,https://twitter.com/GCRClassic/status/1524301317761638401,https://twitter.com/gcrclassic/status/1524301317761638401,,,,text/html,200,JBYRA4B4KOVY4JQSN2DBMRNR7EN2YIAN,4335
"com,twitter)/gcrclassic/status/1524302246544093184",20220511081652,,https://web.archive.org/web/20220511081652/https://twitter.com/GCRClassic/status/1524302246544093184,https://web.archive.org/web/20220511081652/https://twitter.com/gcrclassic/status/1524302246544093184,https://twitter.com/GCRClassic/status/1524302246544093184,https://twitter.com/gcrclassic/status/1524302246544093184,,,,text/html,200,TDGXSYV2H5ZXPD3CU5GEF2DRWSPKEXTK,5075
"com,twitter)/gcrclassic/status/1524524727871680512",20220511230058,,https://web.archive.org/web/20220511230058/https://twitter.com/GCRClassic/status/1524524727871680512,https://web.archive.org/web/20220511230058/https://twitter.com/gcrclassic/status/1524524727871680512,https://twitter.com/GCRClassic/status/1524524727871680512,https://twitter.com/gcrclassic/status/1524524727871680512,,,,text/html,200,QA2WXPPB3C4NMMVZLZNCYN4H4JVFKZSX,4098
"com,twitter)/gcrclassic/status/1524619494915780609",20220512051655,,https://web.archive.org/web/20220512051655/https://twitter.com/GCRClassic/status/1524619494915780609,https://web.archive.org/web/20220512051655/https://twitter.com/gcrclassic/status/1524619494915780609,https://twitter.com/GCRClassic/status/1524619494915780609,https://twitter.com/gcrclassic/status/1524619494915780609,,,,text/html,200,XXFLMSSTMSP3OOVZ5APU3YDPH3HLJ5P2,3292
"com,twitter)/gcrclassic/status/1524619494915780609",20220812014945,,https://web.archive.org/web/20220812014945/https://twitter.com/GCRClassic/status/1524619494915780609,https://web.archive.org/web/20220812014945/https://twitter.com/gcrclassic/status/1524619494915780609,https://twitter.com/GCRClassic/status/1524619494915780609,https://twitter.com/gcrclassic/status/1524619494915780609,,,,text/html,200,S7FA5K4IXJJ2CR4IV4DG2RIUQYDOZHWX,76041
"com,twitter)/gcrclassic/status/1524619494915780609",20220825225340,,https://web.archive.org/web/20220825225340/https://twitter.com/GCRClassic/status/1524619494915780609,https://web.archive.org/web/20220825225340/https://twitter.com/gcrclassic/status/1524619494915780609,https://twitter.com/GCRClassic/status/1524619494915780609,https://twitter.com/gcrclassic/status/1524619494915780609,,,,text/html,200,3SLCIVL6MMAKHJPEOTNEKNIRO34A4MYP,82556
"com,twitter)/gcrclassic/status/1524619494915780609",20220827225405,,https://web.archive.org/web/20220827225405/https://twitter.com/GCRClassic/status/1524619494915780609,https://web.archive.org/web/20220827225405/https://twitter.com/gcrclassic/status/1524619494915780609,https://twitter.com/GCRClassic/status/1524619494915780609,https://twitter.com/gcrclassic/status/1524619494915780609,,,,text/html,200,MLNFMOKO5VWYBSCVPO6KHPHRICK54FK7,82572
"com,twitter)/gcrclassic/status/1524625754172055553",20220512054142,,https://web.archive.org/web/20220512054142/https://twitter.com/GCRClassic/status/1524625754172055553,https://web.archive.org/web/20220512054142/https://twitter.com/gcrclassic/status/1524625754172055553,https://twitter.com/GCRClassic/status/1524625754172055553,https://twitter.com/gcrclassic/status/1524625754172055553,,,,text/html,200,LMA6XXUOPYKQW5ECVFGI3O7ORTZZUNCL,2809
"com,twitter)/gcrclassic/status/1524625754172055553",20220716061347,,https://web.archive.org/web/20220716061347/https://twitter.com/GCRClassic/status/1524625754172055553,https://web.archive.org/web/20220716061347/https://twitter.com/gcrclassic/status/1524625754172055553,https://twitter.com/GCRClassic/status/1524625754172055553,https://twitter.com/gcrclassic/status/1524625754172055553,,,,text/html,200,VOPJROG3IPKCXLSUKOEDKBLJKZAMXO45,73492
"com,twitter)/gcrclassic/status/1524625754172055553",20220809162658,,https://web.archive.org/web/20220809162658/https://twitter.com/GCRClassic/status/1524625754172055553,https://web.archive.org/web/20220809162658/https://twitter.com/gcrclassic/status/1524625754172055553,https://twitter.com/GCRClassic/status/1524625754172055553,https://twitter.com/gcrclassic/status/1524625754172055553,,,,text/html,200,IGB3QAAYWPMI4CDUOWUUN35JGICD7GL4,73867
"com,twitter)/gcrclassic/status/1524625754172055553%0a",20220830130606,,"https://web.archive.org/web/20220830130606/https://twitter.com/GCRClassic/status/1524625754172055553
",https://web.archive.org/web/20220830130606/https://twitter.com/gcrclassic/status/1524625754172055553,https://twitter.com/GCRClassic/status/1524625754172055553%0A,https://twitter.com/gcrclassic/status/1524625754172055553,,,,text/html,200,INZUK5HL36L2BYD547YIVIW7SE5AV2Z5,17266
"com,twitter)/gcrclassic/status/1524625754172055553",20220830132615,,https://web.archive.org/web/20220830132615/https://twitter.com/GCRClassic/status/1524625754172055553,https://web.archive.org/web/20220830132615/https://twitter.com/gcrclassic/status/1524625754172055553,https://twitter.com/GCRClassic/status/1524625754172055553,https://twitter.com/gcrclassic/status/1524625754172055553,,,,text/html,200,MD2LEED4XGIF4LGEGPXUYMM7MEVEKEL5,17347
"com,twitter)/gcrclassic/status/1524628487927218177",20220716210011,,https://web.archive.org/web/20220716210011/https://twitter.com/GCRClassic/status/1524628487927218177,https://web.archive.org/web/20220716210011/https://twitter.com/gcrclassic/status/1524628487927218177,https://twitter.com/GCRClassic/status/1524628487927218177,https://twitter.com/gcrclassic/status/1524628487927218177,,,,text/html,200,QZUBA7VCYUN5EYMMCTJSVPYYQYMUHCQ6,93703
"com,twitter)/gcrclassic/status/1525403294750892033",20220514091156,,https://web.archive.org/web/20220514091156/https://twitter.com/GCRClassic/status/1525403294750892033,https://web.archive.org/web/20220514091156/https://twitter.com/gcrclassic/status/1525403294750892033,https://twitter.com/GCRClassic/status/1525403294750892033,https://twitter.com/gcrclassic/status/1525403294750892033,,,,text/html,200,ZQMYVO3OSG77IST6NYDS6YO5HRMLMTNQ,7260
"com,twitter)/gcrclassic/status/1523819177412378625",20220515083409,,https://web.archive.org/web/20220515083409/https://twitter.com/GCRClassic/status/1523819177412378625,https://web.archive.org/web/20220515083409/https://twitter.com/gcrclassic/status/1523819177412378625,https://twitter.com/GCRClassic/status/1523819177412378625,https://twitter.com/gcrclassic/status/1523819177412378625,,,,text/html,200,FVC2BV47BWACQQNHTVPL6FUXC4E4H32D,23257
"com,twitter)/gcrclassic/status/1525406088316784640",20220514092218,,https://web.archive.org/web/20220514092218/https://twitter.com/GCRClassic/status/1525406088316784640,https://web.archive.org/web/20220514092218/https://twitter.com/gcrclassic/status/1525406088316784640,https://twitter.com/GCRClassic/status/1525406088316784640,https://twitter.com/gcrclassic/status/1525406088316784640,,,,text/html,200,R2A5ZQKGQL73ISN7UV5FEGMELX7YKCKA,7122
"com,twitter)/gcrclassic/status/1526568050589323264",20220517142019,,https://web.archive.org/web/20220517142019/https://twitter.com/GCRClassic/status/1526568050589323264,https://web.archive.org/web/20220517142019/https://twitter.com/gcrclassic/status/1526568050589323264,https://twitter.com/GCRClassic/status/1526568050589323264,https://twitter.com/gcrclassic/status/1526568050589323264,,,,text/html,200,CUZXAZBB4VMN6SHQV5Z4BG4V6TTQKKCL,5280
"com,twitter)/gcrclassic/status/1523819177412378625?s=09%0a&t=1za83wb9vcyhlzw9-ptjza",20220831034427,,"https://web.archive.org/web/20220831034427/https://twitter.com/GCRClassic/status/1523819177412378625?t=1Za83Wb9VCYhlZw9-PTjzA&s=09
",https://web.archive.org/web/20220831034427/https://twitter.com/gcrclassic/status/1523819177412378625,https://twitter.com/GCRClassic/status/1523819177412378625?t=1Za83Wb9VCYhlZw9-PTjzA&s=09%0A,https://twitter.com/gcrclassic/status/1523819177412378625,,,,text/html,200,ZFEVHHCZE3TXNVTIP74WCCLE5HOG74OV,17375
"com,twitter)/gcrclassic/status/1526568050589323264?s=12&t=hntvezshhpatd7dqwk1hxa",20221229131553,,https://web.archive.org/web/20221229131553/https://twitter.com/gcrclassic/status/1526568050589323264?s=12&t=hnTVezSHhPATD7DQwK1hxA,https://web.archive.org/web/20221229131553/https://twitter.com/gcrclassic/status/1526568050589323264,https://twitter.com/gcrclassic/status/1526568050589323264?s=12&t=hnTVezSHhPATD7DQwK1hxA,https://twitter.com/gcrclassic/status/1526568050589323264,,,,text/html,200,BGLVADDV6PWSWJ25V5GXSXV4NEM4HEQC,20128
"com,twitter)/gcrclassic/status/1526568050589323264",20221229131607,,https://web.archive.org/web/20221229131607/https://twitter.com/gcrclassic/status/1526568050589323264,https://web.archive.org/web/20221229131607/https://twitter.com/gcrclassic/status/1526568050589323264,https://twitter.com/gcrclassic/status/1526568050589323264,https://twitter.com/gcrclassic/status/1526568050589323264,,,,text/html,200,QMS7MQUL6D56A42ZTQ7JJSRXVIHWQ2J4,20100
"com,twitter)/gcrclassic/status/1526568050589323264?t=hntvezshhpatd7dqwk1hxa",20221229131630,,https://web.archive.org/web/20221229131630/https://twitter.com/gcrclassic/status/1526568050589323264?t=hnTVezSHhPATD7DQwK1hxA,https://web.archive.org/web/20221229131630/https://twitter.com/gcrclassic/status/1526568050589323264,https://twitter.com/gcrclassic/status/1526568050589323264?t=hnTVezSHhPATD7DQwK1hxA,https://twitter.com/gcrclassic/status/1526568050589323264,,,,text/html,200,K4SKDBPWG2EBJOMJPYMBRHZXM6ND5Q2W,20120
"com,twitter)/gcrclassic/status/1523819177412378625?s=21",20220902065415,,https://web.archive.org/web/20220902065415/https://twitter.com/gcrclassic/status/1523819177412378625?s=21,https://web.archive.org/web/20220902065415/https://twitter.com/gcrclassic/status/1523819177412378625,https://twitter.com/gcrclassic/status/1523819177412378625?s=21,https://twitter.com/gcrclassic/status/1523819177412378625,,,,text/html,200,X44ECN3OOYJ6RU7XZZGR7ERNA6MJV64Z,17442
"com,twitter)/gcrclassic/status/1523819177412378625",20220730013142,,https://web.archive.org/web/20220730013142/https://twitter.com/GCRClassic/status/1523819177412378625,https://web.archive.org/web/20220730013142/https://twitter.com/gcrclassic/status/1523819177412378625,https://twitter.com/GCRClassic/status/1523819177412378625,https://twitter.com/gcrclassic/status/1523819177412378625,,,,text/html,200,LGQDFCCO7L6AB5STYGEJ56NBJRZTOMEO,78489
"com,twitter)/gcrclassic/status/1528506151003906048",20220522224058,,https://web.archive.org/web/20220522224058/https://twitter.com/GCRClassic/status/1528506151003906048,https://web.archive.org/web/20220522224058/https://twitter.com/gcrclassic/status/1528506151003906048,https://twitter.com/GCRClassic/status/1528506151003906048,https://twitter.com/gcrclassic/status/1528506151003906048,,,,text/html,200,OSTINJAEIAG4AAAEP5IA2FDBR4UOXCUQ,3220
"com,twitter)/gcrclassic/status/1528506977818710016",20220522224434,,https://web.archive.org/web/20220522224434/https://twitter.com/GCRClassic/status/1528506977818710016,https://web.archive.org/web/20220522224434/https://twitter.com/gcrclassic/status/1528506977818710016,https://twitter.com/GCRClassic/status/1528506977818710016,https://twitter.com/gcrclassic/status/1528506977818710016,,,,text/html,200,OB5KC6ZUDBKNAYNF5ZO34AKQGS674JU6,4403
"com,twitter)/gcrclassic/status/1523819177412378625?t=ebk0by0hassxrq0muhag5a",20220823233300,,https://web.archive.org/web/20220823233300/https://twitter.com/GCRClassic/status/1523819177412378625?t=eBk0BY0haSSxrQ0mUhaG5A,https://web.archive.org/web/20220823233300/https://twitter.com/gcrclassic/status/1523819177412378625,https://twitter.com/GCRClassic/status/1523819177412378625?t=eBk0BY0haSSxrQ0mUhaG5A,https://twitter.com/gcrclassic/status/1523819177412378625,,,,text/html,200,MGEX7K6JFYLEJ6HJCTOFU5JVP52D24EM,17176
"com,twitter)/gcrclassic/status/1528514511539404801",20220522231427,,https://web.archive.org/web/20220522231427/https://twitter.com/GCRClassic/status/1528514511539404801,https://web.archive.org/web/20220522231427/https://twitter.com/gcrclassic/status/1528514511539404801,https://twitter.com/GCRClassic/status/1528514511539404801,https://twitter.com/gcrclassic/status/1528514511539404801,,,,text/html,200,34Y6ZOBKU3LNJMR3DQRZDD5FRRICICRD,3827
"com,twitter)/gcrclassic/status/1528514511539404801",20220831014828,,https://web.archive.org/web/20220831014828/https://twitter.com/GCRClassic/status/1528514511539404801,https://web.archive.org/web/20220831014828/https://twitter.com/gcrclassic/status/1528514511539404801,https://twitter.com/GCRClassic/status/1528514511539404801,https://twitter.com/gcrclassic/status/1528514511539404801,,,,text/html,200,6G2XGOGPU3PW3HPCFW5PLQ4YJJG42HPD,17391
"com,twitter)/gcrclassic/status/1523819177412378625",20220510004855,,https://web.archive.org/web/20220510004855/https://twitter.com/gcrclassic/status/1523819177412378625,https://web.archive.org/web/20220510004855/https://twitter.com/gcrclassic/status/1523819177412378625,https://twitter.com/gcrclassic/status/1523819177412378625,https://twitter.com/gcrclassic/status/1523819177412378625,,,,text/html,200,ZS26LUKEZL62OXXYCRDEGOVFRWMLCUA3,14609
"com,twitter)/gcrclassic/status/1528514511539404801?s=09%0a&t=ynmpwocj-amh5npmro4-1a",20220831023050,,"https://web.archive.org/web/20220831023050/https://twitter.com/GCRClassic/status/1528514511539404801?t=ynMpwOcj-Amh5npmRO4-1A&s=09
",https://web.archive.org/web/20220831023050/https://twitter.com/gcrclassic/status/1528514511539404801,https://twitter.com/GCRClassic/status/1528514511539404801?t=ynMpwOcj-Amh5npmRO4-1A&s=09%0A,https://twitter.com/gcrclassic/status/1528514511539404801,,,,text/html,200,P3NCHMZMSHTMFYB25MTIQUA4J4EPBEEA,17413
"com,twitter)/gcrclassic/status/1528514511539404801?s=09&t=ynmpwocj-amh5npmro4-1a",20220831014755,,https://web.archive.org/web/20220831014755/https://twitter.com/GCRClassic/status/1528514511539404801?t=ynMpwOcj-Amh5npmRO4-1A&s=09,https://web.archive.org/web/20220831014755/https://twitter.com/gcrclassic/status/1528514511539404801,https://twitter.com/GCRClassic/status/1528514511539404801?t=ynMpwOcj-Amh5npmRO4-1A&s=09,https://twitter.com/gcrclassic/status/1528514511539404801,,,,text/html,200,YQCLIAVS43GI6BUZIMTIYNHDSWCRS6P5,17417
"com,twitter)/gcrclassic/status/1528515874914811906",20220522231934,,https://web.archive.org/web/20220522231934/https://twitter.com/GCRClassic/status/1528515874914811906,https://web.archive.org/web/20220522231934/https://twitter.com/gcrclassic/status/1528515874914811906,https://twitter.com/GCRClassic/status/1528515874914811906,https://twitter.com/gcrclassic/status/1528515874914811906,,,,text/html,200,D4UKSKIHAJIG64CN6GBUBJKOYLUPYLLW,4379
"com,twitter)/gcrclassic/status/1528514511539404801?t=ynmpwocj-amh5npmro4-1a",20220831014822,,https://web.archive.org/web/20220831014822/https://twitter.com/GCRClassic/status/1528514511539404801?t=ynMpwOcj-Amh5npmRO4-1A,https://web.archive.org/web/20220831014822/https://twitter.com/gcrclassic/status/1528514511539404801,https://twitter.com/GCRClassic/status/1528514511539404801?t=ynMpwOcj-Amh5npmRO4-1A,https://twitter.com/gcrclassic/status/1528514511539404801,,,,text/html,200,WMMJO2QAMSXR7SBYSICPYMYXPI3AUHRK,17481
"com,twitter)/gcrclassic/status/1528517098330284033",20220522232421,,https://web.archive.org/web/20220522232421/https://twitter.com/GCRClassic/status/1528517098330284033,https://web.archive.org/web/20220522232421/https://twitter.com/gcrclassic/status/1528517098330284033,https://twitter.com/GCRClassic/status/1528517098330284033,https://twitter.com/gcrclassic/status/1528517098330284033,,,,text/html,200,6TI3NKODXLNXCVYFM5SJSWLG5BYG32DC,3952
"com,twitter)/gcrclassic/status/1529055289026256897",20220524110408,,https://web.archive.org/web/20220524110408/https://twitter.com/GCRClassic/status/1529055289026256897,https://web.archive.org/web/20220524110408/https://twitter.com/gcrclassic/status/1529055289026256897,https://twitter.com/GCRClassic/status/1529055289026256897,https://twitter.com/gcrclassic/status/1529055289026256897,,,,text/html,200,S4HB7OCMPVNNVBAZUV2EKO64QT6K2LA4,6208
"com,twitter)/gcrclassic/status/1529055861813006336",20220524110609,,https://web.archive.org/web/20220524110609/https://twitter.com/GCRClassic/status/1529055861813006336,https://web.archive.org/web/20220524110609/https://twitter.com/gcrclassic/status/1529055861813006336,https://twitter.com/GCRClassic/status/1529055861813006336,https://twitter.com/gcrclassic/status/1529055861813006336,,,,text/html,200,U74NIWDFSMGVBLPO52LIDQCQPGXXGCCS,4754
"com,twitter)/gcrclassic/status/1529060336451604480",20220524112521,,https://web.archive.org/web/20220524112521/https://twitter.com/GCRClassic/status/1529060336451604480,https://web.archive.org/web/20220524112521/https://twitter.com/gcrclassic/status/1529060336451604480,https://twitter.com/GCRClassic/status/1529060336451604480,https://twitter.com/gcrclassic/status/1529060336451604480,,,,text/html,200,5J6YUQSNAODBAHOQLF2XYJICIKFWQWCN,4648
"com,twitter)/gcrclassic/status/1529066078667788292",20220524114551,,https://web.archive.org/web/20220524114551/https://twitter.com/GCRClassic/status/1529066078667788292,https://web.archive.org/web/20220524114551/https://twitter.com/gcrclassic/status/1529066078667788292,https://twitter.com/GCRClassic/status/1529066078667788292,https://twitter.com/gcrclassic/status/1529066078667788292,,,,text/html,200,CPPNWGQPLE7FYRAXIDKH75CECJRUVRH7,4366
"com,twitter)/gcrclassic/status/1529186384816361473",20220524194417,,https://web.archive.org/web/20220524194417/https://twitter.com/GCRClassic/status/1529186384816361473,https://web.archive.org/web/20220524194417/https://twitter.com/gcrclassic/status/1529186384816361473,https://twitter.com/GCRClassic/status/1529186384816361473,https://twitter.com/gcrclassic/status/1529186384816361473,,,,text/html,302,JUMGCEWIEJYII6L3M6V7L6IMXYKWPDEJ,505
"com,twitter)/gcrclassic/status/1529187110896402432",20220524194720,,https://web.archive.org/web/20220524194720/https://twitter.com/GCRClassic/status/1529187110896402432,https://web.archive.org/web/20220524194720/https://twitter.com/gcrclassic/status/1529187110896402432,https://twitter.com/GCRClassic/status/1529187110896402432,https://twitter.com/gcrclassic/status/1529187110896402432,,,,text/html,200,22QHQV5OUJF25COL42QP4AW6766227VB,3638
"com,twitter)/gcrclassic/status/1529475875464433671",20220525202205,,https://web.archive.org/web/20220525202205/https://twitter.com/GCRClassic/status/1529475875464433671,https://web.archive.org/web/20220525202205/https://twitter.com/gcrclassic/status/1529475875464433671,https://twitter.com/GCRClassic/status/1529475875464433671,https://twitter.com/gcrclassic/status/1529475875464433671,,,,text/html,302,NFMQH6L4KXUYXCY2O7YCIL5TZNDRMC6R,521
"com,twitter)/gcrclassic/status/1529477271119093760",20220525202547,,https://web.archive.org/web/20220525202547/https://twitter.com/GCRClassic/status/1529477271119093760,https://web.archive.org/web/20220525202547/https://twitter.com/gcrclassic/status/1529477271119093760,https://twitter.com/GCRClassic/status/1529477271119093760,https://twitter.com/gcrclassic/status/1529477271119093760,,,,text/html,200,7VL3EIO7YDOLBDYWNNNXW5YUR77GQECR,4398
"com,twitter)/gcrclassic/status/1529478484728356865",20220525150557,,https://web.archive.org/web/20220525150557/https://twitter.com/GCRClassic/status/1529478484728356865,https://web.archive.org/web/20220525150557/https://twitter.com/gcrclassic/status/1529478484728356865,https://twitter.com/GCRClassic/status/1529478484728356865,https://twitter.com/gcrclassic/status/1529478484728356865,,,,text/html,200,52BFWQ62YY4Q5A4C4RQNXUEX7VVY2FK4,4168
"com,twitter)/gcrclassic/status/1529813099796111360",20220526131448,,https://web.archive.org/web/20220526131448/https://twitter.com/GCRClassic/status/1529813099796111360,https://web.archive.org/web/20220526131448/https://twitter.com/gcrclassic/status/1529813099796111360,https://twitter.com/GCRClassic/status/1529813099796111360,https://twitter.com/gcrclassic/status/1529813099796111360,,,,text/html,200,XM2JTNSOABIITJPMDUZ24LSZZDQLC3KM,5316
"com,twitter)/gcrclassic/status/1529814344589946880",20220526131938,,https://web.archive.org/web/20220526131938/https://twitter.com/GCRClassic/status/1529814344589946880,https://web.archive.org/web/20220526131938/https://twitter.com/gcrclassic/status/1529814344589946880,https://twitter.com/GCRClassic/status/1529814344589946880,https://twitter.com/gcrclassic/status/1529814344589946880,,,,text/html,200,R36IAK2F26TBISNRZZQBV63FZCIIZXCC,4271
"com,twitter)/gcrclassic/status/1529822612959858688",20220526135207,,https://web.archive.org/web/20220526135207/https://twitter.com/GCRClassic/status/1529822612959858688,https://web.archive.org/web/20220526135207/https://twitter.com/gcrclassic/status/1529822612959858688,https://twitter.com/GCRClassic/status/1529822612959858688,https://twitter.com/gcrclassic/status/1529822612959858688,,,,text/html,200,RKESC7GXF5UZ2TTDJX2GV444W3MHKLA3,4724
"com,twitter)/gcrclassic/status/1529821089311752194",20220526134618,,https://web.archive.org/web/20220526134618/https://twitter.com/GCRClassic/status/1529821089311752194,https://web.archive.org/web/20220526134618/https://twitter.com/gcrclassic/status/1529821089311752194,https://twitter.com/GCRClassic/status/1529821089311752194,https://twitter.com/gcrclassic/status/1529821089311752194,,,,text/html,200,PHJKASN5ZOZ7OTTPZQ3WZKASLERSIROJ,5166
"com,twitter)/gcrclassic/status/1529830362897055744",20220526142323,,https://web.archive.org/web/20220526142323/https://twitter.com/GCRClassic/status/1529830362897055744,https://web.archive.org/web/20220526142323/https://twitter.com/gcrclassic/status/1529830362897055744,https://twitter.com/GCRClassic/status/1529830362897055744,https://twitter.com/gcrclassic/status/1529830362897055744,,,,text/html,200,V3ALJ7S4N5LILH2ZGC4D4C56MI4LXXBQ,5803
"com,twitter)/gcrclassic/status/1529834441677455360",20220526143904,,https://web.archive.org/web/20220526143904/https://twitter.com/GCRClassic/status/1529834441677455360,https://web.archive.org/web/20220526143904/https://twitter.com/gcrclassic/status/1529834441677455360,https://twitter.com/GCRClassic/status/1529834441677455360,https://twitter.com/gcrclassic/status/1529834441677455360,,,,text/html,200,BWSAHTZ3NVERNBUF2FQ36YI6QV3BOC6P,3396
"com,twitter)/gcrclassic/status/1529834441677455360?s=20&t=sn8a6xo5wvjkxq0frz1uva",20221004050642,,https://web.archive.org/web/20221004050642/https://twitter.com/GCRClassic/status/1529834441677455360?s=20&t=SN8a6xo5wvJkXq0Frz1UVA,https://web.archive.org/web/20221004050642/https://twitter.com/gcrclassic/status/1529834441677455360,https://twitter.com/GCRClassic/status/1529834441677455360?s=20&t=SN8a6xo5wvJkXq0Frz1UVA,https://twitter.com/gcrclassic/status/1529834441677455360,,,,text/html,200,O5VP6MYBMNKDW5VSKREMOZQNPZ33RSLR,18122
"com,twitter)/gcrclassic/status/1529834441677455360?t=sn8a6xo5wvjkxq0frz1uva",20221004070553,,https://web.archive.org/web/20221004070553/https://twitter.com/GCRClassic/status/1529834441677455360?t=SN8a6xo5wvJkXq0Frz1UVA,https://web.archive.org/web/20221004070553/https://twitter.com/gcrclassic/status/1529834441677455360,https://twitter.com/GCRClassic/status/1529834441677455360?t=SN8a6xo5wvJkXq0Frz1UVA,https://twitter.com/gcrclassic/status/1529834441677455360,,,,text/html,200,VKCMH4BZYBW4NAMCBEAY5THUGA2DOOUC,18224
"com,twitter)/gcrclassic/status/1530237731942588417",20220527172224,,https://web.archive.org/web/20220527172224/https://twitter.com/GCRClassic/status/1530237731942588417,https://web.archive.org/web/20220527172224/https://twitter.com/gcrclassic/status/1530237731942588417,https://twitter.com/GCRClassic/status/1530237731942588417,https://twitter.com/gcrclassic/status/1530237731942588417,,,,text/html,302,TZHUQMGH4GF347H3P6ASJKYEPWAFA2I2,486
"com,twitter)/gcrclassic/status/1530238819244687363",20220527172636,,https://web.archive.org/web/20220527172636/https://twitter.com/GCRClassic/status/1530238819244687363,https://web.archive.org/web/20220527172636/https://twitter.com/gcrclassic/status/1530238819244687363,https://twitter.com/GCRClassic/status/1530238819244687363,https://twitter.com/gcrclassic/status/1530238819244687363,,,,text/html,200,GNYHDITJUDJCS2RHKDA4BEAQISQUQAM3,4590
"com,twitter)/gcrclassic/status/1530240009688735746",20220527173111,,https://web.archive.org/web/20220527173111/https://twitter.com/GCRClassic/status/1530240009688735746,https://web.archive.org/web/20220527173111/https://twitter.com/gcrclassic/status/1530240009688735746,https://twitter.com/GCRClassic/status/1530240009688735746,https://twitter.com/gcrclassic/status/1530240009688735746,,,,text/html,200,7FJGN774RT4UU2DSLSZJRJN2JMVQAVTC,5366
"com,twitter)/gcrclassic/status/1530241537833066496",20220527173718,,https://web.archive.org/web/20220527173718/https://twitter.com/GCRClassic/status/1530241537833066496,https://web.archive.org/web/20220527173718/https://twitter.com/gcrclassic/status/1530241537833066496,https://twitter.com/GCRClassic/status/1530241537833066496,https://twitter.com/gcrclassic/status/1530241537833066496,,,,text/html,200,T2LZBA2HGXA3FPRQDU6WR67D5BRXCJTV,5773
"com,twitter)/gcrclassic/status/1530241537833066496",20220831014534,,https://web.archive.org/web/20220831014534/https://twitter.com/GCRClassic/status/1530241537833066496,https://web.archive.org/web/20220831014534/https://twitter.com/gcrclassic/status/1530241537833066496,https://twitter.com/GCRClassic/status/1530241537833066496,https://twitter.com/gcrclassic/status/1530241537833066496,,,,text/html,200,6YXO3YKB63VURSI563OYGPM7KWRWCZ2J,17347
"com,twitter)/gcrclassic/status/1530241537833066496?s=09&t=7qeox5g3gxmbd3itlj5efa",20220831014524,,https://web.archive.org/web/20220831014524/https://twitter.com/GCRClassic/status/1530241537833066496?t=7QeOX5g3gxmbd3ItlJ5EfA&s=09,https://web.archive.org/web/20220831014524/https://twitter.com/gcrclassic/status/1530241537833066496,https://twitter.com/GCRClassic/status/1530241537833066496?t=7QeOX5g3gxmbd3ItlJ5EfA&s=09,https://twitter.com/gcrclassic/status/1530241537833066496,,,,text/html,200,SGU2X6KVOAY6G3E2QYRYJWVYAB5E6XPB,17397
"com,twitter)/gcrclassic/status/1530241537833066496?s=09%0a&t=7qeox5g3gxmbd3itlj5efa",20220831033606,,"https://web.archive.org/web/20220831033606/https://twitter.com/GCRClassic/status/1530241537833066496?t=7QeOX5g3gxmbd3ItlJ5EfA&s=09
",https://web.archive.org/web/20220831033606/https://twitter.com/gcrclassic/status/1530241537833066496,https://twitter.com/GCRClassic/status/1530241537833066496?t=7QeOX5g3gxmbd3ItlJ5EfA&s=09%0A,https://twitter.com/gcrclassic/status/1530241537833066496,,,,text/html,200,26E4ZN77EDX6YXZO7NMZ74EFFSEB4DCG,17400
"com,twitter)/gcrclassic/status/1530241537833066496?t=7qeox5g3gxmbd3itlj5efa",20220831014540,,https://web.archive.org/web/20220831014540/https://twitter.com/GCRClassic/status/1530241537833066496?t=7QeOX5g3gxmbd3ItlJ5EfA,https://web.archive.org/web/20220831014540/https://twitter.com/gcrclassic/status/1530241537833066496,https://twitter.com/GCRClassic/status/1530241537833066496?t=7QeOX5g3gxmbd3ItlJ5EfA,https://twitter.com/gcrclassic/status/1530241537833066496,,,,text/html,200,MVBMCBMAW3JJ5WMSHGSOBH44XPGQGHYT,17454
"com,twitter)/gcrclassic/status/1530252866245607424",20220527182147,,https://web.archive.org/web/20220527182147/https://twitter.com/GCRClassic/status/1530252866245607424,https://web.archive.org/web/20220527182147/https://twitter.com/gcrclassic/status/1530252866245607424,https://twitter.com/GCRClassic/status/1530252866245607424,https://twitter.com/gcrclassic/status/1530252866245607424,,,,text/html,200,XBQCFEM5IQIAX6JHGR4D5TMQB36ONOXF,4124
"com,twitter)/gcrclassic/status/1530252866245607424",20220817181056,,https://web.archive.org/web/20220817181056/https://twitter.com/GCRClassic/status/1530252866245607424,https://web.archive.org/web/20220817181056/https://twitter.com/gcrclassic/status/1530252866245607424,https://twitter.com/GCRClassic/status/1530252866245607424,https://twitter.com/gcrclassic/status/1530252866245607424,,,,text/html,200,Z4FDPMBEW6CNGPXOG7T5OUEP36QAWRVR,91179
"com,twitter)/gcrclassic/status/1530252866245607424",20220831014534,,https://web.archive.org/web/20220831014534/https://twitter.com/GCRClassic/status/1530252866245607424,https://web.archive.org/web/20220831014534/https://twitter.com/gcrclassic/status/1530252866245607424,https://twitter.com/GCRClassic/status/1530252866245607424,https://twitter.com/gcrclassic/status/1530252866245607424,,,,text/html,200,E6YDWSNIZBSJNNUS4NHJHGOHAAWXI6DQ,17452
"com,twitter)/gcrclassic/status/1530252866245607424?s=09%0a&t=d3hhvc0kah5ejohnbti2_g",20220831021338,,"https://web.archive.org/web/20220831021338/https://twitter.com/GCRClassic/status/1530252866245607424?t=D3HHVC0KaH5EJoHNbti2_g&s=09
",https://web.archive.org/web/20220831021338/https://twitter.com/gcrclassic/status/1530252866245607424,https://twitter.com/GCRClassic/status/1530252866245607424?t=D3HHVC0KaH5EJoHNbti2_g&s=09%0A,https://twitter.com/gcrclassic/status/1530252866245607424,,,,text/html,200,54J5YCBESWKL6JMWWYD46GEV7ECLD4O4,17342
"com,twitter)/gcrclassic/status/1530252866245607424?s=09&t=d3hhvc0kah5ejohnbti2_g",20220831014522,,https://web.archive.org/web/20220831014522/https://twitter.com/GCRClassic/status/1530252866245607424?t=D3HHVC0KaH5EJoHNbti2_g&s=09,https://web.archive.org/web/20220831014522/https://twitter.com/gcrclassic/status/1530252866245607424,https://twitter.com/GCRClassic/status/1530252866245607424?t=D3HHVC0KaH5EJoHNbti2_g&s=09,https://twitter.com/gcrclassic/status/1530252866245607424,,,,text/html,200,O5F4HFEAI3F4ORSJVBV2QNIHNQW2WW4V,17365
"com,twitter)/gcrclassic/status/1530252866245607424?t=d3hhvc0kah5ejohnbti2_g",20220831014532,,https://web.archive.org/web/20220831014532/https://twitter.com/GCRClassic/status/1530252866245607424?t=D3HHVC0KaH5EJoHNbti2_g,https://web.archive.org/web/20220831014532/https://twitter.com/gcrclassic/status/1530252866245607424,https://twitter.com/GCRClassic/status/1530252866245607424?t=D3HHVC0KaH5EJoHNbti2_g,https://twitter.com/gcrclassic/status/1530252866245607424,,,,text/html,200,FAHH3O5NTMEDIZ3SWPFAJSCZUS7BLOWJ,17459
"com,twitter)/gcrclassic/status/1524628487927218177",20220512055248,,https://web.archive.org/web/20220512055248/https://twitter.com/GCRClassic/status/1524628487927218177,https://web.archive.org/web/20220512055248/https://twitter.com/gcrclassic/status/1524628487927218177,https://twitter.com/GCRClassic/status/1524628487927218177,https://twitter.com/gcrclassic/status/1524628487927218177,,,,text/html,200,KVZCJCDHKATU4XBYNRJVEYSZA3GLOV2D,2829
"com,twitter)/gcrclassic/status/1530254777606721536",20220724153919,,https://web.archive.org/web/20220724153919/https://twitter.com/GCRClassic/status/1530254777606721536,https://web.archive.org/web/20220724153919/https://twitter.com/gcrclassic/status/1530254777606721536,https://twitter.com/GCRClassic/status/1530254777606721536,https://twitter.com/gcrclassic/status/1530254777606721536,,,,text/html,200,5I5BSF5TFPL7NP6WE4TLIU6JUSBCFKFQ,95231
"com,twitter)/gcrclassic/status/1530254777606721536",20220527183004,,https://web.archive.org/web/20220527183004/https://twitter.com/GCRClassic/status/1530254777606721536,https://web.archive.org/web/20220527183004/https://twitter.com/gcrclassic/status/1530254777606721536,https://twitter.com/GCRClassic/status/1530254777606721536,https://twitter.com/gcrclassic/status/1530254777606721536,,,,text/html,200,OUULULMLH2RFLVA7WMHJJJ6D2ZZ2Z5DJ,5415
"com,twitter)/gcrclassic/status/1530254777606721536",20220831160109,,https://web.archive.org/web/20220831160109/https://twitter.com/GCRClassic/status/1530254777606721536,https://web.archive.org/web/20220831160109/https://twitter.com/gcrclassic/status/1530254777606721536,https://twitter.com/GCRClassic/status/1530254777606721536,https://twitter.com/gcrclassic/status/1530254777606721536,,,,text/html,200,A4UOYHX4GLCKWPBNXJGAFHZN56E6LGDM,91195
"com,twitter)/gcrclassic/status/1530256413330644995",20220527183559,,https://web.archive.org/web/20220527183559/https://twitter.com/GCRClassic/status/1530256413330644995,https://web.archive.org/web/20220527183559/https://twitter.com/gcrclassic/status/1530256413330644995,https://twitter.com/GCRClassic/status/1530256413330644995,https://twitter.com/gcrclassic/status/1530256413330644995,,,,text/html,200,U3K7SGC65UROF7NQCR6YXEHN3BDA2RIY,5752
"com,twitter)/gcrclassic/status/1530256413330644995",20220901193353,,https://web.archive.org/web/20220901193353/https://twitter.com/GCRClassic/status/1530256413330644995,https://web.archive.org/web/20220901193353/https://twitter.com/gcrclassic/status/1530256413330644995,https://twitter.com/GCRClassic/status/1530256413330644995,https://twitter.com/gcrclassic/status/1530256413330644995,,,,text/html,200,RECCQCAT32RMZDH3E4FBKGBGD6YV23VW,117140
"com,twitter)/gcrclassic/status/1530256413330644995?s=09%0a&t=jzeal1gjrwmurkju8gjxqg",20220830152348,,"https://web.archive.org/web/20220830152348/https://twitter.com/GCRClassic/status/1530256413330644995?t=jZEaL1GjrwMuRKJU8GjXQg&s=09
",https://web.archive.org/web/20220830152348/https://twitter.com/gcrclassic/status/1530256413330644995,https://twitter.com/GCRClassic/status/1530256413330644995?t=jZEaL1GjrwMuRKJU8GjXQg&s=09%0A,https://twitter.com/gcrclassic/status/1530256413330644995,,,,text/html,200,QNVA2PCZGR2MN5LM5UDJRLRAGXYWQIH5,17481
"com,twitter)/gcrclassic/status/1530256413330644995",20220830123702,,https://web.archive.org/web/20220830123702/https://twitter.com/GCRClassic/status/1530256413330644995,https://web.archive.org/web/20220830123702/https://twitter.com/gcrclassic/status/1530256413330644995,https://twitter.com/GCRClassic/status/1530256413330644995,https://twitter.com/gcrclassic/status/1530256413330644995,,,,text/html,200,MGL626A62EYNW4X7MD6HQA4DUWJNRN2H,17249
"com,twitter)/gcrclassic/status/1530256413330644995?s=09&t=jzeal1gjrwmurkju8gjxqg",20220830123651,,https://web.archive.org/web/20220830123651/https://twitter.com/GCRClassic/status/1530256413330644995?t=jZEaL1GjrwMuRKJU8GjXQg&s=09,https://web.archive.org/web/20220830123651/https://twitter.com/gcrclassic/status/1530256413330644995,https://twitter.com/GCRClassic/status/1530256413330644995?t=jZEaL1GjrwMuRKJU8GjXQg&s=09,https://twitter.com/gcrclassic/status/1530256413330644995,,,,text/html,200,NZMQQI55HY2VDH4N4K6H2WKJCCQUSNKP,17294
"com,twitter)/gcrclassic/status/1530260869661204480",20220527185359,,https://web.archive.org/web/20220527185359/https://twitter.com/GCRClassic/status/1530260869661204480,https://web.archive.org/web/20220527185359/https://twitter.com/gcrclassic/status/1530260869661204480,https://twitter.com/GCRClassic/status/1530260869661204480,https://twitter.com/gcrclassic/status/1530260869661204480,,,,text/html,200,JDFDHMHBAKLBLSV6U3BEUFFEJJOSSCRU,6397
"com,twitter)/gcrclassic/status/1530266497075056640",20220530012702,,https://web.archive.org/web/20220530012702/https://twitter.com/gcrclassic/status/1530266497075056640,https://web.archive.org/web/20220530012702/https://twitter.com/gcrclassic/status/1530266497075056640,https://twitter.com/gcrclassic/status/1530266497075056640,https://twitter.com/gcrclassic/status/1530266497075056640,,,,text/html,200,TMJKFUH3P5JFT6NYPCVVKWKCX57SSTF5,14857
"com,twitter)/gcrclassic/status/1530256413330644995?t=jzeal1gjrwmurkju8gjxqg",20220830123706,,https://web.archive.org/web/20220830123706/https://twitter.com/GCRClassic/status/1530256413330644995?t=jZEaL1GjrwMuRKJU8GjXQg,https://web.archive.org/web/20220830123706/https://twitter.com/gcrclassic/status/1530256413330644995,https://twitter.com/GCRClassic/status/1530256413330644995?t=jZEaL1GjrwMuRKJU8GjXQg,https://twitter.com/gcrclassic/status/1530256413330644995,,,,text/html,200,JM74U4DGT2UGAUNZRQRTAI47OZP2DVHU,17330
"com,twitter)/gcrclassic/status/1530266497075056640",20220527191605,,https://web.archive.org/web/20220527191605/https://twitter.com/GCRClassic/status/1530266497075056640,https://web.archive.org/web/20220527191605/https://twitter.com/gcrclassic/status/1530266497075056640,https://twitter.com/GCRClassic/status/1530266497075056640,https://twitter.com/gcrclassic/status/1530266497075056640,,,,text/html,200,QOOJG7CZWX47RXQ5W452MFBNI6DPYABM,6874
"com,twitter)/gcrclassic/status/1530266497075056640?s=21&t=lm6cgvpx1vqa3k7rj6yyog",20220530012638,,https://web.archive.org/web/20220530012638/https://twitter.com/gcrclassic/status/1530266497075056640?s=21&t=lm6CGVPX1vQa3k7rj6YYog,https://web.archive.org/web/20220530012638/https://twitter.com/gcrclassic/status/1530266497075056640,https://twitter.com/gcrclassic/status/1530266497075056640?s=21&t=lm6CGVPX1vQa3k7rj6YYog,https://twitter.com/gcrclassic/status/1530266497075056640,,,,text/html,200,FWRBXQ4THCZVK5DW5PCM2SZMEOEM4CGN,14932
"com,twitter)/gcrclassic/status/1530266497075056640?t=lm6cgvpx1vqa3k7rj6yyog",20220530012704,,https://web.archive.org/web/20220530012704/https://twitter.com/gcrclassic/status/1530266497075056640?t=lm6CGVPX1vQa3k7rj6YYog,https://web.archive.org/web/20220530012704/https://twitter.com/gcrclassic/status/1530266497075056640,https://twitter.com/gcrclassic/status/1530266497075056640?t=lm6CGVPX1vQa3k7rj6YYog,https://twitter.com/gcrclassic/status/1530266497075056640,,,,text/html,200,4OOILZDU3DFCAKTO4HCBLBTRXCPYA7M3,14858
"com,twitter)/gcrclassic/status/1530549968552992768",20220528152722,,https://web.archive.org/web/20220528152722/https://twitter.com/GCRClassic/status/1530549968552992768,https://web.archive.org/web/20220528152722/https://twitter.com/gcrclassic/status/1530549968552992768,https://twitter.com/GCRClassic/status/1530549968552992768,https://twitter.com/gcrclassic/status/1530549968552992768,,,,text/html,200,6GZHJRCXQ5XBYTM5CZN6ZKXFJ3TGOYKR,7784
"com,twitter)/gcrclassic/status/1530551701404516353",20220528141006,,https://web.archive.org/web/20220528141006/https://twitter.com/GCRClassic/status/1530551701404516353,https://web.archive.org/web/20220528141006/https://twitter.com/gcrclassic/status/1530551701404516353,https://twitter.com/GCRClassic/status/1530551701404516353,https://twitter.com/gcrclassic/status/1530551701404516353,,,,text/html,200,EVF2CK4HS7HEWOVFU775FICYRO5SMJEU,4744
"com,twitter)/gcrclassic/status/1530553477889503234",20220528141700,,https://web.archive.org/web/20220528141700/https://twitter.com/GCRClassic/status/1530553477889503234,https://web.archive.org/web/20220528141700/https://twitter.com/gcrclassic/status/1530553477889503234,https://twitter.com/GCRClassic/status/1530553477889503234,https://twitter.com/gcrclassic/status/1530553477889503234,,,,text/html,200,DCKOIDS6VGXPJBYVMZA7EIFWCHGPDXV5,5101
"com,twitter)/gcrclassic/status/1530914530372595712",20220529141144,,https://web.archive.org/web/20220529141144/https://twitter.com/GCRClassic/status/1530914530372595712,https://web.archive.org/web/20220529141144/https://twitter.com/gcrclassic/status/1530914530372595712,https://twitter.com/GCRClassic/status/1530914530372595712,https://twitter.com/gcrclassic/status/1530914530372595712,,,,text/html,200,OSLILID3TMFLPDINMYALKREBMX7BQVPA,5295
"com,twitter)/gcrclassic/status/1530914530372595712?s=09%0a&t=ew6eyzm6thasetgyemr0zq",20220831021113,,"https://web.archive.org/web/20220831021113/https://twitter.com/GCRClassic/status/1530914530372595712?t=ew6eYzm6thasetGYEMR0ZQ&s=09
",https://web.archive.org/web/20220831021113/https://twitter.com/gcrclassic/status/1530914530372595712,https://twitter.com/GCRClassic/status/1530914530372595712?t=ew6eYzm6thasetGYEMR0ZQ&s=09%0A,https://twitter.com/gcrclassic/status/1530914530372595712,,,,text/html,200,BCA6OP6CZMLJKP5QHJ5Y2KDAPEMWVSSQ,17328
"com,twitter)/gcrclassic/status/1530914530372595712",20220831014641,,https://web.archive.org/web/20220831014641/https://twitter.com/GCRClassic/status/1530914530372595712,https://web.archive.org/web/20220831014641/https://twitter.com/gcrclassic/status/1530914530372595712,https://twitter.com/GCRClassic/status/1530914530372595712,https://twitter.com/gcrclassic/status/1530914530372595712,,,,text/html,200,G3OVGYMU4JY3NDHU6N63ZHWSSUAKIL7Z,17413
"com,twitter)/gcrclassic/status/1530914530372595712?t=ew6eyzm6thasetgyemr0zq",20220831014600,,https://web.archive.org/web/20220831014600/https://twitter.com/GCRClassic/status/1530914530372595712?t=ew6eYzm6thasetGYEMR0ZQ,https://web.archive.org/web/20220831014600/https://twitter.com/gcrclassic/status/1530914530372595712,https://twitter.com/GCRClassic/status/1530914530372595712?t=ew6eYzm6thasetGYEMR0ZQ,https://twitter.com/gcrclassic/status/1530914530372595712,,,,text/html,200,3CETHEG3R6Q4DY3ZFR3DCVCDNIQKK2MS,17405
"com,twitter)/gcrclassic/status/1530914530372595712?s=09&t=ew6eyzm6thasetgyemr0zq",20220831014522,,https://web.archive.org/web/20220831014522/https://twitter.com/GCRClassic/status/1530914530372595712?t=ew6eYzm6thasetGYEMR0ZQ&s=09,https://web.archive.org/web/20220831014522/https://twitter.com/gcrclassic/status/1530914530372595712,https://twitter.com/GCRClassic/status/1530914530372595712?t=ew6eYzm6thasetGYEMR0ZQ&s=09,https://twitter.com/gcrclassic/status/1530914530372595712,,,,text/html,200,JUXO7SK6YDUV7IR7VFG7IRQQ5O3ZS4EK,17478
"com,twitter)/gcrclassic/status/1527336867946848271",20220519171528,,https://web.archive.org/web/20220519171528/https://twitter.com/GCRClassic/status/1527336867946848271,https://web.archive.org/web/20220519171528/https://twitter.com/gcrclassic/status/1527336867946848271,https://twitter.com/GCRClassic/status/1527336867946848271,https://twitter.com/gcrclassic/status/1527336867946848271,,,,text/html,200,KIP4NPIZXDUDBKBWD7VFKSFKPGLFKH5O,6483
"com,twitter)/gcrclassic/status/1530916825399173120",20220529142005,,https://web.archive.org/web/20220529142005/https://twitter.com/GCRClassic/status/1530916825399173120,https://web.archive.org/web/20220529142005/https://twitter.com/gcrclassic/status/1530916825399173120,https://twitter.com/GCRClassic/status/1530916825399173120,https://twitter.com/gcrclassic/status/1530916825399173120,,,,text/html,200,ZQNAPSM63MNRAOVJSWUKLCMMNO57OZOV,4388
"com,twitter)/gcrclassic/status/1530919255251771393",20220529143016,,https://web.archive.org/web/20220529143016/https://twitter.com/GCRClassic/status/1530919255251771393,https://web.archive.org/web/20220529143016/https://twitter.com/gcrclassic/status/1530919255251771393,https://twitter.com/GCRClassic/status/1530919255251771393,https://twitter.com/gcrclassic/status/1530919255251771393,,,,text/html,200,2FOR3A7WVHT7PCSL4XM6QOQPTICDVTR3,5136
"com,twitter)/gcrclassic/status/1530925303635247104",20220529145352,,https://web.archive.org/web/20220529145352/https://twitter.com/GCRClassic/status/1530925303635247104,https://web.archive.org/web/20220529145352/https://twitter.com/gcrclassic/status/1530925303635247104,https://twitter.com/GCRClassic/status/1530925303635247104,https://twitter.com/gcrclassic/status/1530925303635247104,,,,text/html,200,RPAEXFQAIYTUV5ZIIL44VGJHEHNRYHKO,4322
"com,twitter)/gcrclassic/status/1530956445511983106",20220529165752,,https://web.archive.org/web/20220529165752/https://twitter.com/GCRClassic/status/1530956445511983106,https://web.archive.org/web/20220529165752/https://twitter.com/gcrclassic/status/1530956445511983106,https://twitter.com/GCRClassic/status/1530956445511983106,https://twitter.com/gcrclassic/status/1530956445511983106,,,,text/html,200,C6D2ZVKYEBOIWQDFQTRUFAABNJA3QQDB,4589
"com,twitter)/gcrclassic/status/1530956997557989381",20220529165938,,https://web.archive.org/web/20220529165938/https://twitter.com/GCRClassic/status/1530956997557989381,https://web.archive.org/web/20220529165938/https://twitter.com/gcrclassic/status/1530956997557989381,https://twitter.com/GCRClassic/status/1530956997557989381,https://twitter.com/gcrclassic/status/1530956997557989381,,,,text/html,200,DCILSGTHPIICKCNJE3WGJQEZMBSSS6D4,4599
"com,twitter)/gcrclassic/status/1531003867378462721",20220529200628,,https://web.archive.org/web/20220529200628/https://twitter.com/GCRClassic/status/1531003867378462721,https://web.archive.org/web/20220529200628/https://twitter.com/gcrclassic/status/1531003867378462721,https://twitter.com/GCRClassic/status/1531003867378462721,https://twitter.com/gcrclassic/status/1531003867378462721,,,,text/html,200,VOCOXAAH2J2XZTJGF425A3EWO33ZCR3M,3907
"com,twitter)/gcrclassic/status/1530923356823986177",20220529144632,,https://web.archive.org/web/20220529144632/https://twitter.com/GCRClassic/status/1530923356823986177,https://web.archive.org/web/20220529144632/https://twitter.com/gcrclassic/status/1530923356823986177,https://twitter.com/GCRClassic/status/1530923356823986177,https://twitter.com/gcrclassic/status/1530923356823986177,,,,text/html,200,M2O37CIA35POO6NMMRZPEYBQEJWTCAXW,3938
"com,twitter)/gcrclassic/status/1531006108323745793",20220529201511,,https://web.archive.org/web/20220529201511/https://twitter.com/GCRClassic/status/1531006108323745793,https://web.archive.org/web/20220529201511/https://twitter.com/gcrclassic/status/1531006108323745793,https://twitter.com/GCRClassic/status/1531006108323745793,https://twitter.com/gcrclassic/status/1531006108323745793,,,,text/html,200,6Q6GLZE7LJO4VPZSAFHLL5SIPE6UMSJG,3948
"com,twitter)/gcrclassic/status/1528878996150030336",20220523232230,,https://web.archive.org/web/20220523232230/https://twitter.com/GCRClassic/status/1528878996150030336,https://web.archive.org/web/20220523232230/https://twitter.com/gcrclassic/status/1528878996150030336,https://twitter.com/GCRClassic/status/1528878996150030336,https://twitter.com/gcrclassic/status/1528878996150030336,,,,text/html,200,DJJJ6BNYZE3QXLKPCH3WAJDPUUHFE3EW,3502
"com,twitter)/gcrclassic/status/1531010781445345284",20220529203318,,https://web.archive.org/web/20220529203318/https://twitter.com/GCRClassic/status/1531010781445345284,https://web.archive.org/web/20220529203318/https://twitter.com/gcrclassic/status/1531010781445345284,https://twitter.com/GCRClassic/status/1531010781445345284,https://twitter.com/gcrclassic/status/1531010781445345284,,,,text/html,200,FJPBQ3QFWSULYAXW5XWYRKZUMEBNFECF,4347
"com,twitter)/gcrclassic/status/1531060161368010758",20220529234959,,https://web.archive.org/web/20220529234959/https://twitter.com/GCRClassic/status/1531060161368010758,https://web.archive.org/web/20220529234959/https://twitter.com/gcrclassic/status/1531060161368010758,https://twitter.com/GCRClassic/status/1531060161368010758,https://twitter.com/gcrclassic/status/1531060161368010758,,,,text/html,200,PM7WVP2KJBF4QLBO3WWHOD7R2U2LCE7N,2984
"com,twitter)/gcrclassic/status/1531060161368010758",20220711220000,,https://web.archive.org/web/20220711220000/https://twitter.com/GCRClassic/status/1531060161368010758,https://web.archive.org/web/20220711220000/https://twitter.com/gcrclassic/status/1531060161368010758,https://twitter.com/GCRClassic/status/1531060161368010758,https://twitter.com/gcrclassic/status/1531060161368010758,,,,text/html,200,RHDU5X2L55Q4NQZJO6DLP2KDUKOSWPAN,70350
"com,twitter)/gcrclassic/status/1531060161368010758",20221229131637,,https://web.archive.org/web/20221229131637/https://twitter.com/gcrclassic/status/1531060161368010758,https://web.archive.org/web/20221229131637/https://twitter.com/gcrclassic/status/1531060161368010758,https://twitter.com/gcrclassic/status/1531060161368010758,https://twitter.com/gcrclassic/status/1531060161368010758,,,,text/html,200,TSDAKUXCH5HBPIF45VP6AVRD7YD2OFR6,20035
"com,twitter)/gcrclassic/status/1531060161368010758?s=12&t=jc-dlmiyzm4zezguy98zgq",20221229131600,,https://web.archive.org/web/20221229131600/https://twitter.com/gcrclassic/status/1531060161368010758?s=12&t=JC-DlMiYZM4zeZguY98zgQ,https://web.archive.org/web/20221229131600/https://twitter.com/gcrclassic/status/1531060161368010758,https://twitter.com/gcrclassic/status/1531060161368010758?s=12&t=JC-DlMiYZM4zeZguY98zgQ,https://twitter.com/gcrclassic/status/1531060161368010758,,,,text/html,200,NI4WPAA6Y2PKQCF2OYBGAJL7VMPNWKT4,20130
"com,twitter)/gcrclassic/status/1531060161368010758?t=jc-dlmiyzm4zezguy98zgq",20221229131616,,https://web.archive.org/web/20221229131616/https://twitter.com/gcrclassic/status/1531060161368010758?t=JC-DlMiYZM4zeZguY98zgQ,https://web.archive.org/web/20221229131616/https://twitter.com/gcrclassic/status/1531060161368010758,https://twitter.com/gcrclassic/status/1531060161368010758?t=JC-DlMiYZM4zeZguY98zgQ,https://twitter.com/gcrclassic/status/1531060161368010758,,,,text/html,200,ERMLFIOSE5CUZRFQT6E2C7PJWT2ZLDAB,20071
"com,twitter)/gcrclassic/status/1531295311137845249",20220530152418,,https://web.archive.org/web/20220530152418/https://twitter.com/GCRClassic/status/1531295311137845249,https://web.archive.org/web/20220530152418/https://twitter.com/gcrclassic/status/1531295311137845249,https://twitter.com/GCRClassic/status/1531295311137845249,https://twitter.com/gcrclassic/status/1531295311137845249,,,,text/html,200,2W34JZIZZCK4SGNZEWQESR4OCVBEUQBR,4627
"com,twitter)/gcrclassic/status/1531066251702853636",20220530001443,,https://web.archive.org/web/20220530001443/https://twitter.com/GCRClassic/status/1531066251702853636,https://web.archive.org/web/20220530001443/https://twitter.com/gcrclassic/status/1531066251702853636,https://twitter.com/GCRClassic/status/1531066251702853636,https://twitter.com/gcrclassic/status/1531066251702853636,,,,text/html,200,C2OWW5TP2MLFGHAS2PLGLC6J7WFIYZGJ,2985
"com,twitter)/gcrclassic/status/1531296356626743297",20220530152822,,https://web.archive.org/web/20220530152822/https://twitter.com/GCRClassic/status/1531296356626743297,https://web.archive.org/web/20220530152822/https://twitter.com/gcrclassic/status/1531296356626743297,https://twitter.com/GCRClassic/status/1531296356626743297,https://twitter.com/gcrclassic/status/1531296356626743297,,,,text/html,200,2SRHQOVUZW3RQL25LABOCV4YCFX65N46,4512
"com,twitter)/gcrclassic/status/1531668649186140160",20220531160813,,https://web.archive.org/web/20220531160813/https://twitter.com/GCRClassic/status/1531668649186140160,https://web.archive.org/web/20220531160813/https://twitter.com/gcrclassic/status/1531668649186140160,https://twitter.com/GCRClassic/status/1531668649186140160,https://twitter.com/gcrclassic/status/1531668649186140160,,,,text/html,200,4YAMEFYZF2OHCWNRYSGZQKVILMIWRHTL,4480
"com,twitter)/gcrclassic/status/1529067972937015302",20220524115405,,https://web.archive.org/web/20220524115405/https://twitter.com/GCRClassic/status/1529067972937015302,https://web.archive.org/web/20220524115405/https://twitter.com/gcrclassic/status/1529067972937015302,https://twitter.com/GCRClassic/status/1529067972937015302,https://twitter.com/gcrclassic/status/1529067972937015302,,,,text/html,200,HEFPVAS3M3T7YRUOXASSCVXMMTW4EXY3,3958
"com,twitter)/gcrclassic/status/1531723456567549953",20220531194558,,https://web.archive.org/web/20220531194558/https://twitter.com/GCRClassic/status/1531723456567549953,https://web.archive.org/web/20220531194558/https://twitter.com/gcrclassic/status/1531723456567549953,https://twitter.com/GCRClassic/status/1531723456567549953,https://twitter.com/gcrclassic/status/1531723456567549953,,,,text/html,200,C5I7ZPI5LDUOLETGUYRQPMT65MRS3PYX,4478
"com,twitter)/gcrclassic/status/1532010083126755332",20220601144431,,https://web.archive.org/web/20220601144431/https://twitter.com/GCRClassic/status/1532010083126755332,https://web.archive.org/web/20220601144431/https://twitter.com/gcrclassic/status/1532010083126755332,https://twitter.com/GCRClassic/status/1532010083126755332,https://twitter.com/gcrclassic/status/1532010083126755332,,,,text/html,200,MKFNDLANDMWIX4DFUBT62UQQA2HZMSHR,5470
"com,twitter)/gcrclassic/status/1532011140905066496",20220601145020,,https://web.archive.org/web/20220601145020/https://twitter.com/GCRClassic/status/1532011140905066496,https://web.archive.org/web/20220601145020/https://twitter.com/gcrclassic/status/1532011140905066496,https://twitter.com/GCRClassic/status/1532011140905066496,https://twitter.com/gcrclassic/status/1532011140905066496,,,,text/html,200,4PCW7AZBFRITYCT5RFST47532SVPF4MZ,6547
"com,twitter)/gcrclassic/status/1532011458631983104",20220601145045,,https://web.archive.org/web/20220601145045/https://twitter.com/GCRClassic/status/1532011458631983104,https://web.archive.org/web/20220601145045/https://twitter.com/gcrclassic/status/1532011458631983104,https://twitter.com/GCRClassic/status/1532011458631983104,https://twitter.com/gcrclassic/status/1532011458631983104,,,,text/html,200,YNVOXWKHEOODAWBYILSZN2ZKJP6ZMPK7,6302
"com,twitter)/gcrclassic/status/1532016458137575424",20220601151937,,https://web.archive.org/web/20220601151937/https://twitter.com/GCRClassic/status/1532016458137575424,https://web.archive.org/web/20220601151937/https://twitter.com/gcrclassic/status/1532016458137575424,https://twitter.com/GCRClassic/status/1532016458137575424,https://twitter.com/gcrclassic/status/1532016458137575424,,,,text/html,200,J7QWVRLAFR5NAF77N7Z5LRWFVCULY625,10568
"com,twitter)/gcrclassic/status/1532046071677046786",20220601170723,,https://web.archive.org/web/20220601170723/https://twitter.com/GCRClassic/status/1532046071677046786,https://web.archive.org/web/20220601170723/https://twitter.com/gcrclassic/status/1532046071677046786,https://twitter.com/GCRClassic/status/1532046071677046786,https://twitter.com/gcrclassic/status/1532046071677046786,,,,text/html,200,FNTFAI2F3PYTSOSTNKMD7PA6GT6VJ4LI,5821
"com,twitter)/gcrclassic/status/1532018491435405315",20220601151833,,https://web.archive.org/web/20220601151833/https://twitter.com/GCRClassic/status/1532018491435405315,https://web.archive.org/web/20220601151833/https://twitter.com/gcrclassic/status/1532018491435405315,https://twitter.com/GCRClassic/status/1532018491435405315,https://twitter.com/gcrclassic/status/1532018491435405315,,,,text/html,200,C76HPPYKCV7WIRII7V4OGTLJIHQKJ4CH,6623
"com,twitter)/gcrclassic/status/1532013112693510144",20220601145703,,https://web.archive.org/web/20220601145703/https://twitter.com/GCRClassic/status/1532013112693510144,https://web.archive.org/web/20220601145703/https://twitter.com/gcrclassic/status/1532013112693510144,https://twitter.com/GCRClassic/status/1532013112693510144,https://twitter.com/gcrclassic/status/1532013112693510144,,,,text/html,200,UFW2TCYZZWE5SOJJNI7H42PG673TXSPQ,6322
"com,twitter)/gcrclassic/status/1532119945550643200",20220601220114,,https://web.archive.org/web/20220601220114/https://twitter.com/GCRClassic/status/1532119945550643200,https://web.archive.org/web/20220601220114/https://twitter.com/gcrclassic/status/1532119945550643200,https://twitter.com/GCRClassic/status/1532119945550643200,https://twitter.com/gcrclassic/status/1532119945550643200,,,,text/html,200,CS6FOBOBE2DJACBRDOFU5CKSJUMIHD4R,4144
"com,twitter)/gcrclassic/status/1532018878909677568",20220601151927,,https://web.archive.org/web/20220601151927/https://twitter.com/GCRClassic/status/1532018878909677568,https://web.archive.org/web/20220601151927/https://twitter.com/gcrclassic/status/1532018878909677568,https://twitter.com/GCRClassic/status/1532018878909677568,https://twitter.com/gcrclassic/status/1532018878909677568,,,,text/html,200,I7MNL76OSK633J653DE47XVHPRUPUCPO,6617
"com,twitter)/gcrclassic/status/1532121959827480580",20220601220905,,https://web.archive.org/web/20220601220905/https://twitter.com/GCRClassic/status/1532121959827480580,https://web.archive.org/web/20220601220905/https://twitter.com/gcrclassic/status/1532121959827480580,https://twitter.com/GCRClassic/status/1532121959827480580,https://twitter.com/gcrclassic/status/1532121959827480580,,,,text/html,200,5SVP3FXFUJ4E6KIPMZMG5ZFDDZGVKPQW,4304
"com,twitter)/gcrclassic/status/1532141342834434048",20220601232549,,https://web.archive.org/web/20220601232549/https://twitter.com/GCRClassic/status/1532141342834434048,https://web.archive.org/web/20220601232549/https://twitter.com/gcrclassic/status/1532141342834434048,https://twitter.com/GCRClassic/status/1532141342834434048,https://twitter.com/gcrclassic/status/1532141342834434048,,,,text/html,200,HBHLCPI46GZTE2M44XMLKTB7J7UUO7Q5,4858
"com,twitter)/gcrclassic/status/1532825112075968513",20220603204259,,https://web.archive.org/web/20220603204259/https://twitter.com/GCRClassic/status/1532825112075968513,https://web.archive.org/web/20220603204259/https://twitter.com/gcrclassic/status/1532825112075968513,https://twitter.com/GCRClassic/status/1532825112075968513,https://twitter.com/gcrclassic/status/1532825112075968513,,,,text/html,200,MUDQZ2SNTMDUQMJ2Z4FUT5GH7U3SDPIN,4886
"com,twitter)/gcrclassic/status/1532823941147987969",20220603203816,,https://web.archive.org/web/20220603203816/https://twitter.com/GCRClassic/status/1532823941147987969,https://web.archive.org/web/20220603203816/https://twitter.com/gcrclassic/status/1532823941147987969,https://twitter.com/GCRClassic/status/1532823941147987969,https://twitter.com/gcrclassic/status/1532823941147987969,,,,text/html,200,JPTVVHQLZGMRHDEGBFZOWQT6FGWJ5FI2,4432
"com,twitter)/gcrclassic/status/1533072286370394112",20220604130538,,https://web.archive.org/web/20220604130538/https://twitter.com/GCRClassic/status/1533072286370394112,https://web.archive.org/web/20220604130538/https://twitter.com/gcrclassic/status/1533072286370394112,https://twitter.com/GCRClassic/status/1533072286370394112,https://twitter.com/gcrclassic/status/1533072286370394112,,,,text/html,200,GKLYV7KNS4XBMRMBAZXUBN3QRJ6NUMIE,5242
"com,twitter)/gcrclassic/status/1532711346667761671",20220603131113,,https://web.archive.org/web/20220603131113/https://twitter.com/GCRClassic/status/1532711346667761671,https://web.archive.org/web/20220603131113/https://twitter.com/gcrclassic/status/1532711346667761671,https://twitter.com/GCRClassic/status/1532711346667761671,https://twitter.com/gcrclassic/status/1532711346667761671,,,,text/html,200,RNJJ3SGZEI4RNKGJOL3B367EJI5ZLEAR,5142
"com,twitter)/gcrclassic/status/1532826347143405569",20220603204745,,https://web.archive.org/web/20220603204745/https://twitter.com/GCRClassic/status/1532826347143405569,https://web.archive.org/web/20220603204745/https://twitter.com/gcrclassic/status/1532826347143405569,https://twitter.com/GCRClassic/status/1532826347143405569,https://twitter.com/gcrclassic/status/1532826347143405569,,,,text/html,200,W7ZRRX6SJ7QHTYBOZ7GOEGTO7KIVALGZ,6079
"com,twitter)/gcrclassic/status/1534180854129377280",20220607143037,,https://web.archive.org/web/20220607143037/https://twitter.com/GCRClassic/status/1534180854129377280,https://web.archive.org/web/20220607143037/https://twitter.com/gcrclassic/status/1534180854129377280,https://twitter.com/GCRClassic/status/1534180854129377280,https://twitter.com/gcrclassic/status/1534180854129377280,,,,text/html,302,TTSSD7MXDV7Y4Y3YCLOJQTASKADMCU7N,498
"com,twitter)/gcrclassic/status/1534181433383731200",20220607143228,,https://web.archive.org/web/20220607143228/https://twitter.com/GCRClassic/status/1534181433383731200,https://web.archive.org/web/20220607143228/https://twitter.com/gcrclassic/status/1534181433383731200,https://twitter.com/GCRClassic/status/1534181433383731200,https://twitter.com/gcrclassic/status/1534181433383731200,,,,text/html,200,MTID575ZTWSNGQE6EMQ2GCB6DVB2J7SM,3748
"com,twitter)/gcrclassic/status/1534239922458083331",20220607182516,,https://web.archive.org/web/20220607182516/https://twitter.com/GCRClassic/status/1534239922458083331,https://web.archive.org/web/20220607182516/https://twitter.com/gcrclassic/status/1534239922458083331,https://twitter.com/GCRClassic/status/1534239922458083331,https://twitter.com/gcrclassic/status/1534239922458083331,,,,text/html,200,YDWNU7NSBND55WFWDXSJACRHFJ72QQTW,4907
"com,twitter)/gcrclassic/status/1535984675826589698",20220612135811,,https://web.archive.org/web/20220612135811/https://twitter.com/GCRClassic/status/1535984675826589698,https://web.archive.org/web/20220612135811/https://twitter.com/gcrclassic/status/1535984675826589698,https://twitter.com/GCRClassic/status/1535984675826589698,https://twitter.com/gcrclassic/status/1535984675826589698,,,,text/html,200,UFTSFT2QZHXO3ZAM4MR3NKIIL2572Y6M,4249
"com,twitter)/gcrclassic/status/1535597771956305921",20220611122050,,https://web.archive.org/web/20220611122050/https://twitter.com/GCRClassic/status/1535597771956305921,https://web.archive.org/web/20220611122050/https://twitter.com/gcrclassic/status/1535597771956305921,https://twitter.com/GCRClassic/status/1535597771956305921,https://twitter.com/gcrclassic/status/1535597771956305921,,,,text/html,200,LCUNAGK3ETFMWJIL4OXCZZLG22RKFPY7,5242
"com,twitter)/gcrclassic/status/1535984675826589698?s=09&t=eomgz6aeacgjbbyfcg-89w",20220831014940,,https://web.archive.org/web/20220831014940/https://twitter.com/GCRClassic/status/1535984675826589698?t=EomgZ6AeACgJBbYfCG-89w&s=09,https://web.archive.org/web/20220831014940/https://twitter.com/gcrclassic/status/1535984675826589698,https://twitter.com/GCRClassic/status/1535984675826589698?t=EomgZ6AeACgJBbYfCG-89w&s=09,https://twitter.com/gcrclassic/status/1535984675826589698,,,,text/html,200,E36BEQLKZIOT4CWOSUO3ZOAQG6VKEE7C,17303
"com,twitter)/gcrclassic/status/1535984675826589698",20220830123632,,https://web.archive.org/web/20220830123632/https://twitter.com/GCRClassic/status/1535984675826589698,https://web.archive.org/web/20220830123632/https://twitter.com/gcrclassic/status/1535984675826589698,https://twitter.com/GCRClassic/status/1535984675826589698,https://twitter.com/gcrclassic/status/1535984675826589698,,,,text/html,200,7QQV7BBZLK2C7SDFYGZBHOM77JDONUQT,17282
"com,twitter)/gcrclassic/status/1535984675826589698?s=09%0a&t=eomgz6aeacgjbbyfcg-89w",20220831024624,,"https://web.archive.org/web/20220831024624/https://twitter.com/GCRClassic/status/1535984675826589698?t=EomgZ6AeACgJBbYfCG-89w&s=09
",https://web.archive.org/web/20220831024624/https://twitter.com/gcrclassic/status/1535984675826589698,https://twitter.com/GCRClassic/status/1535984675826589698?t=EomgZ6AeACgJBbYfCG-89w&s=09%0A,https://twitter.com/gcrclassic/status/1535984675826589698,,,,text/html,200,JRJSATFLF2X5XSEYUGNU4YR2245X77YZ,17508
"com,twitter)/gcrclassic/status/1535984675826589698?s=09%0a&t=rorqh0relhtewpdvsqkyag",20220831022615,,"https://web.archive.org/web/20220831022615/https://twitter.com/GCRClassic/status/1535984675826589698?t=rOrqH0RElHtEWPDvsQKYAg&s=09
",https://web.archive.org/web/20220831022615/https://twitter.com/gcrclassic/status/1535984675826589698,https://twitter.com/GCRClassic/status/1535984675826589698?t=rOrqH0RElHtEWPDvsQKYAg&s=09%0A,https://twitter.com/gcrclassic/status/1535984675826589698,,,,text/html,200,6PYT5ZK5HWEADDQMF6V3FZJOEA7ELAT5,17382
"com,twitter)/gcrclassic/status/1535984675826589698?s=09&t=rorqh0relhtewpdvsqkyag",20220830123553,,https://web.archive.org/web/20220830123553/https://twitter.com/GCRClassic/status/1535984675826589698?t=rOrqH0RElHtEWPDvsQKYAg&s=09,https://web.archive.org/web/20220830123553/https://twitter.com/gcrclassic/status/1535984675826589698,https://twitter.com/GCRClassic/status/1535984675826589698?t=rOrqH0RElHtEWPDvsQKYAg&s=09,https://twitter.com/gcrclassic/status/1535984675826589698,,,,text/html,200,ZKXIEYHKHRHQUC72CZAXMCVJ6D24ICNV,17317
"com,twitter)/gcrclassic/status/1535984675826589698?t=eomgz6aeacgjbbyfcg-89w",20220831015102,,https://web.archive.org/web/20220831015102/https://twitter.com/GCRClassic/status/1535984675826589698?t=EomgZ6AeACgJBbYfCG-89w,https://web.archive.org/web/20220831015102/https://twitter.com/gcrclassic/status/1535984675826589698,https://twitter.com/GCRClassic/status/1535984675826589698?t=EomgZ6AeACgJBbYfCG-89w,https://twitter.com/gcrclassic/status/1535984675826589698,,,,text/html,200,A25FPCEDBLPXPQ523POI5Z2YN76QKPST,17458
"com,twitter)/gcrclassic/status/1535984675826589698?t=rorqh0relhtewpdvsqkyag",20220830123847,,https://web.archive.org/web/20220830123847/https://twitter.com/GCRClassic/status/1535984675826589698?t=rOrqH0RElHtEWPDvsQKYAg,https://web.archive.org/web/20220830123847/https://twitter.com/gcrclassic/status/1535984675826589698,https://twitter.com/GCRClassic/status/1535984675826589698?t=rOrqH0RElHtEWPDvsQKYAg,https://twitter.com/gcrclassic/status/1535984675826589698,,,,text/html,200,MEPTREZAVBKBEMY4HSMQ3QLKWZCDBZBL,17254
"com,twitter)/gcrclassic/status/1535985966560727045",20220612140356,,https://web.archive.org/web/20220612140356/https://twitter.com/GCRClassic/status/1535985966560727045,https://web.archive.org/web/20220612140356/https://twitter.com/gcrclassic/status/1535985966560727045,https://twitter.com/GCRClassic/status/1535985966560727045,https://twitter.com/gcrclassic/status/1535985966560727045,,,,text/html,200,4I6BTFHDSJ7Z75XBKHYVL3PGHJ42PXUR,3873
"com,twitter)/gcrclassic/status/1536148163958030338",20220613004754,,https://web.archive.org/web/20220613004754/https://twitter.com/GCRClassic/status/1536148163958030338,https://web.archive.org/web/20220613004754/https://twitter.com/gcrclassic/status/1536148163958030338,https://twitter.com/GCRClassic/status/1536148163958030338,https://twitter.com/gcrclassic/status/1536148163958030338,,,,text/html,200,NGVMFQYUX7VZVRJQY6RANALN5SO75Q5A,3173
"com,twitter)/gcrclassic/status/1536165393575956481",20220613015606,,https://web.archive.org/web/20220613015606/https://twitter.com/GCRClassic/status/1536165393575956481,https://web.archive.org/web/20220613015606/https://twitter.com/gcrclassic/status/1536165393575956481,https://twitter.com/GCRClassic/status/1536165393575956481,https://twitter.com/gcrclassic/status/1536165393575956481,,,,text/html,302,7CK6RAMGNQVWOFAXTRS7RSR32LBGTQRX,490
"com,twitter)/gcrclassic/status/1536281334049538051",20220903024737,,https://web.archive.org/web/20220903024737/https://twitter.com/GCRClassic/status/1536281334049538051,https://web.archive.org/web/20220903024737/https://twitter.com/gcrclassic/status/1536281334049538051,https://twitter.com/GCRClassic/status/1536281334049538051,https://twitter.com/gcrclassic/status/1536281334049538051,,,,text/html,200,RBQIJPEUBBFUAJWVP7YKC3SYLO6GEE5Q,17485
"com,twitter)/gcrclassic/status/1536281334049538051",20220613093644,,https://web.archive.org/web/20220613093644/https://twitter.com/GCRClassic/status/1536281334049538051,https://web.archive.org/web/20220613093644/https://twitter.com/gcrclassic/status/1536281334049538051,https://twitter.com/GCRClassic/status/1536281334049538051,https://twitter.com/gcrclassic/status/1536281334049538051,,,,text/html,200,4DAFKFOYMMGPXPFXRT72DUYZJZ2IWI4Q,3150
"com,twitter)/gcrclassic/status/1536149852219916288",20220613005421,,https://web.archive.org/web/20220613005421/https://twitter.com/GCRClassic/status/1536149852219916288,https://web.archive.org/web/20220613005421/https://twitter.com/gcrclassic/status/1536149852219916288,https://twitter.com/GCRClassic/status/1536149852219916288,https://twitter.com/gcrclassic/status/1536149852219916288,,,,text/html,200,ATMJ44KRAI6C5IUTFYU4OIJDDLNHBNSM,3954
"com,twitter)/gcrclassic/status/1536282953654968321",20220613094328,,https://web.archive.org/web/20220613094328/https://twitter.com/GCRClassic/status/1536282953654968321,https://web.archive.org/web/20220613094328/https://twitter.com/gcrclassic/status/1536282953654968321,https://twitter.com/GCRClassic/status/1536282953654968321,https://twitter.com/gcrclassic/status/1536282953654968321,,,,text/html,200,SN4Z7FDUXKD6OFWIGA72JRVMCXD7ERGA,4380
"com,twitter)/gcrclassic/status/1536351651040215043",20220613141657,,https://web.archive.org/web/20220613141657/https://twitter.com/GCRClassic/status/1536351651040215043,https://web.archive.org/web/20220613141657/https://twitter.com/gcrclassic/status/1536351651040215043,https://twitter.com/GCRClassic/status/1536351651040215043,https://twitter.com/gcrclassic/status/1536351651040215043,,,,text/html,200,YBC5Q5O7P5UMDHACF4MNWLEOATBEZ6RD,4056
"com,twitter)/gcrclassic/status/1536699630267793410",20220614132044,,https://web.archive.org/web/20220614132044/https://twitter.com/GCRClassic/status/1536699630267793410,https://web.archive.org/web/20220614132044/https://twitter.com/gcrclassic/status/1536699630267793410,https://twitter.com/GCRClassic/status/1536699630267793410,https://twitter.com/gcrclassic/status/1536699630267793410,,,,text/html,200,J5WZ2NL3NA2Z4OZ4KVZA5QPHYAYLA3GZ,6627
"com,twitter)/gcrclassic/status/1536699630267793410?s=21&t=tjqcofegndvwxggdavzffw%0a",20221127074253,,"https://web.archive.org/web/20221127074253/https://twitter.com/gcrclassic/status/1536699630267793410?s=21&t=TjQCOfeGndVWxGgDAvzFFw
",https://web.archive.org/web/20221127074253/https://twitter.com/gcrclassic/status/1536699630267793410,https://twitter.com/gcrclassic/status/1536699630267793410?s=21&t=TjQCOfeGndVWxGgDAvzFFw%0A,https://twitter.com/gcrclassic/status/1536699630267793410,,,,text/html,200,YM4WWKQJ7G5ZSB4WIDIM4W7NSEGAP27Y,18901
"com,twitter)/gcrclassic/status/1536699630267793410?t=tjqcofegndvwxggdavzffw",20221127070332,,https://web.archive.org/web/20221127070332/https://twitter.com/gcrclassic/status/1536699630267793410?t=TjQCOfeGndVWxGgDAvzFFw,https://web.archive.org/web/20221127070332/https://twitter.com/gcrclassic/status/1536699630267793410,https://twitter.com/gcrclassic/status/1536699630267793410?t=TjQCOfeGndVWxGgDAvzFFw,https://twitter.com/gcrclassic/status/1536699630267793410,,,,text/html,200,Q6KF2UAMVXGRDNTJ6TEXGMB27EQKTBS4,19038
"com,twitter)/gcrclassic/status/1536763954139103232",20220614173430,,https://web.archive.org/web/20220614173430/https://twitter.com/GCRClassic/status/1536763954139103232,https://web.archive.org/web/20220614173430/https://twitter.com/gcrclassic/status/1536763954139103232,https://twitter.com/GCRClassic/status/1536763954139103232,https://twitter.com/gcrclassic/status/1536763954139103232,,,,text/html,200,UVOCNE3CKSTU2C2HWKZWKQXO45DGTVQC,4544
"com,twitter)/gcrclassic/status/1536764171387289601",20220614173542,,https://web.archive.org/web/20220614173542/https://twitter.com/GCRClassic/status/1536764171387289601,https://web.archive.org/web/20220614173542/https://twitter.com/gcrclassic/status/1536764171387289601,https://twitter.com/GCRClassic/status/1536764171387289601,https://twitter.com/gcrclassic/status/1536764171387289601,,,,text/html,200,7FBDFT23YJCJF52NHXGI454MJGXMMBVE,4471
"com,twitter)/gcrclassic/status/1536699630267793410?t=tjqcofegndvwxggdavzffw%0a",20221127074704,,"https://web.archive.org/web/20221127074704/https://twitter.com/gcrclassic/status/1536699630267793410?t=TjQCOfeGndVWxGgDAvzFFw
",https://web.archive.org/web/20221127074704/https://twitter.com/gcrclassic/status/1536699630267793410,https://twitter.com/gcrclassic/status/1536699630267793410?t=TjQCOfeGndVWxGgDAvzFFw%0A,https://twitter.com/gcrclassic/status/1536699630267793410,,,,text/html,200,EXSYGGKU72UH23IQOJYW7FIGBF4TSXKW,18977
"com,twitter)/gcrclassic/status/1536764334013042689",20220614173931,,https://web.archive.org/web/20220614173931/https://twitter.com/GCRClassic/status/1536764334013042689,https://web.archive.org/web/20220614173931/https://twitter.com/gcrclassic/status/1536764334013042689,https://twitter.com/GCRClassic/status/1536764334013042689,https://twitter.com/gcrclassic/status/1536764334013042689,,,,text/html,200,XQQX6UPPOJRBMF3GQ2ACPVVOGLK77LHT,4821
"com,twitter)/gcrclassic/status/1536764447431217152",20220614173928,,https://web.archive.org/web/20220614173928/https://twitter.com/GCRClassic/status/1536764447431217152,https://web.archive.org/web/20220614173928/https://twitter.com/gcrclassic/status/1536764447431217152,https://twitter.com/GCRClassic/status/1536764447431217152,https://twitter.com/gcrclassic/status/1536764447431217152,,,,text/html,200,GLE5NXJDQWLZMV2IBU3BPSFREFTPZ7WD,4909
"com,twitter)/gcrclassic/status/1536765687586295808",20220614174128,,https://web.archive.org/web/20220614174128/https://twitter.com/GCRClassic/status/1536765687586295808,https://web.archive.org/web/20220614174128/https://twitter.com/gcrclassic/status/1536765687586295808,https://twitter.com/GCRClassic/status/1536765687586295808,https://twitter.com/gcrclassic/status/1536765687586295808,,,,text/html,200,YOAA5XQDCX6A6645M5STM4ZP57F7MQ75,5420
"com,twitter)/gcrclassic/status/1536898967983767552",20220615023149,,https://web.archive.org/web/20220615023149/https://twitter.com/GCRClassic/status/1536898967983767552,https://web.archive.org/web/20220615023149/https://twitter.com/gcrclassic/status/1536898967983767552,https://twitter.com/GCRClassic/status/1536898967983767552,https://twitter.com/gcrclassic/status/1536898967983767552,,,,text/html,302,VI2SCGUEHNXJJCYHBBX3WT7GT7QGYB5X,489
"com,twitter)/gcrclassic/status/1537030343299145729",20220615111343,,https://web.archive.org/web/20220615111343/https://twitter.com/GCRClassic/status/1537030343299145729,https://web.archive.org/web/20220615111343/https://twitter.com/gcrclassic/status/1537030343299145729,https://twitter.com/GCRClassic/status/1537030343299145729,https://twitter.com/gcrclassic/status/1537030343299145729,,,,text/html,200,YIZDOZAED344P74NOHBYWGNYIX3VJ5MG,7024
"com,twitter)/gcrclassic/status/1536899423388696576",20220615023303,,https://web.archive.org/web/20220615023303/https://twitter.com/GCRClassic/status/1536899423388696576,https://web.archive.org/web/20220615023303/https://twitter.com/gcrclassic/status/1536899423388696576,https://twitter.com/GCRClassic/status/1536899423388696576,https://twitter.com/gcrclassic/status/1536899423388696576,,,,text/html,200,JJTSH6BEF4QD244BOX62SJ7AT4OQYRDD,3629
"com,twitter)/gcrclassic/status/1536901667836383233",20220615024253,,https://web.archive.org/web/20220615024253/https://twitter.com/GCRClassic/status/1536901667836383233,https://web.archive.org/web/20220615024253/https://twitter.com/gcrclassic/status/1536901667836383233,https://twitter.com/GCRClassic/status/1536901667836383233,https://twitter.com/gcrclassic/status/1536901667836383233,,,,text/html,200,TXN43T5YJWDDNO4P4SIOTGEHWOXQA3BL,3562
"com,twitter)/gcrclassic/status/1536900971028262912",20220615023917,,https://web.archive.org/web/20220615023917/https://twitter.com/GCRClassic/status/1536900971028262912,https://web.archive.org/web/20220615023917/https://twitter.com/gcrclassic/status/1536900971028262912,https://twitter.com/GCRClassic/status/1536900971028262912,https://twitter.com/gcrclassic/status/1536900971028262912,,,,text/html,200,PCWJLB2CERR6RQE67THMZBZO2MPJPK5T,3585
"com,twitter)/gcrclassic/status/1537030343299145729",20220629113544,,https://web.archive.org/web/20220629113544/https://twitter.com/GCRClassic/status/1537030343299145729,https://web.archive.org/web/20220629113544/https://twitter.com/gcrclassic/status/1537030343299145729,https://twitter.com/GCRClassic/status/1537030343299145729,https://twitter.com/gcrclassic/status/1537030343299145729,,,,text/html,200,KKW35XKZMZTAEA4NNV7DW2YMSQXCKQ3N,21166
"com,twitter)/gcrclassic/status/1537030343299145729",20220909154549,,https://web.archive.org/web/20220909154549/https://twitter.com/GCRClassic/status/1537030343299145729,https://web.archive.org/web/20220909154549/https://twitter.com/gcrclassic/status/1537030343299145729,https://twitter.com/GCRClassic/status/1537030343299145729,https://twitter.com/gcrclassic/status/1537030343299145729,,,,text/html,200,Y4KOQRBW7O3B6NDR6BYFLFVFJUYTQNDP,17576
"com,twitter)/gcrclassic/status/1537030343299145729",20220822103909,,https://web.archive.org/web/20220822103909/https://twitter.com/gcrclassic/status/1537030343299145729,https://web.archive.org/web/20220822103909/https://twitter.com/gcrclassic/status/1537030343299145729,https://twitter.com/gcrclassic/status/1537030343299145729,https://twitter.com/gcrclassic/status/1537030343299145729,,,,text/html,200,UZ7GDV2HO625GZZK7Z6NHKVSKHLUGGAB,16979
"com,twitter)/gcrclassic/status/1537030343299145729%0a",20220909155146,,"https://web.archive.org/web/20220909155146/https://twitter.com/GCRClassic/status/1537030343299145729
",https://web.archive.org/web/20220909155146/https://twitter.com/gcrclassic/status/1537030343299145729,https://twitter.com/GCRClassic/status/1537030343299145729%0A,https://twitter.com/gcrclassic/status/1537030343299145729,,,,text/html,200,UCDEN6LLOU3DUFEIS7VLSPOWDWW3IFBS,17557
"com,twitter)/gcrclassic/status/1537033083307835392",20220615112445,,https://web.archive.org/web/20220615112445/https://twitter.com/GCRClassic/status/1537033083307835392,https://web.archive.org/web/20220615112445/https://twitter.com/gcrclassic/status/1537033083307835392,https://twitter.com/GCRClassic/status/1537033083307835392,https://twitter.com/gcrclassic/status/1537033083307835392,,,,text/html,200,TIEMJTQ5POE42FWZGKOZFYD7OD3Y2OWF,4210
"com,twitter)/gcrclassic/status/1537030343299145729?t=t3w7flqapkctx0waftrexw",20220822103842,,https://web.archive.org/web/20220822103842/https://twitter.com/gcrclassic/status/1537030343299145729?t=t3w7FlqAPKcTX0wAfTrexw,https://web.archive.org/web/20220822103842/https://twitter.com/gcrclassic/status/1537030343299145729,https://twitter.com/gcrclassic/status/1537030343299145729?t=t3w7FlqAPKcTX0wAfTrexw,https://twitter.com/gcrclassic/status/1537030343299145729,,,,text/html,200,AMUT2Y5YZCCG4IAZHAFDH6X3UX5K43V4,17004
"com,twitter)/gcrclassic/status/1537030343299145729?s=21&t=t3w7flqapkctx0waftrexw",20220822103840,,https://web.archive.org/web/20220822103840/https://twitter.com/gcrclassic/status/1537030343299145729?s=21&t=t3w7FlqAPKcTX0wAfTrexw,https://web.archive.org/web/20220822103840/https://twitter.com/gcrclassic/status/1537030343299145729,https://twitter.com/gcrclassic/status/1537030343299145729?s=21&t=t3w7FlqAPKcTX0wAfTrexw,https://twitter.com/gcrclassic/status/1537030343299145729,,,,text/html,200,VDZG5AZ7O6SOWU2S32NAP32PM7UEYZW2,16980
"com,twitter)/gcrclassic/status/1537034404916338688",20220615112928,,https://web.archive.org/web/20220615112928/https://twitter.com/GCRClassic/status/1537034404916338688,https://web.archive.org/web/20220615112928/https://twitter.com/gcrclassic/status/1537034404916338688,https://twitter.com/GCRClassic/status/1537034404916338688,https://twitter.com/gcrclassic/status/1537034404916338688,,,,text/html,200,KWNJ4JY6BNIJWOGQX5GUCJBVWVRLJXZL,3405
"com,twitter)/gcrclassic/status/1537442800366604288",20220616143325,,https://web.archive.org/web/20220616143325/https://twitter.com/GCRClassic/status/1537442800366604288,https://web.archive.org/web/20220616143325/https://twitter.com/gcrclassic/status/1537442800366604288,https://twitter.com/GCRClassic/status/1537442800366604288,https://twitter.com/gcrclassic/status/1537442800366604288,,,,text/html,200,PXYZF5E3Y5V5KGJ4QX2JV34PLKIELYRL,3772
"com,twitter)/gcrclassic/status/1537033712084344835",20220615112705,,https://web.archive.org/web/20220615112705/https://twitter.com/GCRClassic/status/1537033712084344835,https://web.archive.org/web/20220615112705/https://twitter.com/gcrclassic/status/1537033712084344835,https://twitter.com/GCRClassic/status/1537033712084344835,https://twitter.com/gcrclassic/status/1537033712084344835,,,,text/html,200,76ISYKV7GT5JSPBWN72VAZLSJXUS4QBJ,3639
"com,twitter)/gcrclassic/status/1537443873076613121",20220616144048,,https://web.archive.org/web/20220616144048/https://twitter.com/GCRClassic/status/1537443873076613121,https://web.archive.org/web/20220616144048/https://twitter.com/gcrclassic/status/1537443873076613121,https://twitter.com/GCRClassic/status/1537443873076613121,https://twitter.com/gcrclassic/status/1537443873076613121,,,,text/html,200,IFBKMR7N4A5EA3SD6RQKV5TORRRIJCZ7,4250
"com,twitter)/gcrclassic/status/1537480941022728193",20220616170404,,https://web.archive.org/web/20220616170404/https://twitter.com/GCRClassic/status/1537480941022728193,https://web.archive.org/web/20220616170404/https://twitter.com/gcrclassic/status/1537480941022728193,https://twitter.com/GCRClassic/status/1537480941022728193,https://twitter.com/gcrclassic/status/1537480941022728193,,,,text/html,200,ZNPJRKATL6JGSBDEH4E6V2GYIXY7HKQ2,7435
"com,twitter)/gcrclassic/status/1537630627494764544",20220617025915,,https://web.archive.org/web/20220617025915/https://twitter.com/GCRClassic/status/1537630627494764544,https://web.archive.org/web/20220617025915/https://twitter.com/gcrclassic/status/1537630627494764544,https://twitter.com/GCRClassic/status/1537630627494764544,https://twitter.com/gcrclassic/status/1537630627494764544,,,,text/html,200,PRWQSXVYFN43XYQPJ5VOCQANTL5OZHXX,4128
"com,twitter)/gcrclassic/status/1537633230542757889",20220617030824,,https://web.archive.org/web/20220617030824/https://twitter.com/GCRClassic/status/1537633230542757889,https://web.archive.org/web/20220617030824/https://twitter.com/gcrclassic/status/1537633230542757889,https://twitter.com/GCRClassic/status/1537633230542757889,https://twitter.com/gcrclassic/status/1537633230542757889,,,,application/json,-,2KM5FL2IYPXFL5MKKUR2DFRRSDC6M54S,1238
"com,twitter)/gcrclassic/status/1537630259264331777",20220617025717,,https://web.archive.org/web/20220617025717/https://twitter.com/GCRClassic/status/1537630259264331777,https://web.archive.org/web/20220617025717/https://twitter.com/gcrclassic/status/1537630259264331777,https://twitter.com/GCRClassic/status/1537630259264331777,https://twitter.com/gcrclassic/status/1537630259264331777,,,,text/html,200,W5WHTR33ACULZCCO3Q6GQN7NFYQNPCPS,4143
"com,twitter)/gcrclassic/status/1537633230542757889",20220617030853,,https://web.archive.org/web/20220617030853/https://twitter.com/GCRClassic/status/1537633230542757889,https://web.archive.org/web/20220617030853/https://twitter.com/gcrclassic/status/1537633230542757889,https://twitter.com/GCRClassic/status/1537633230542757889,https://twitter.com/gcrclassic/status/1537633230542757889,,,,text/html,200,Y77NHDYMQPHVS26LZPSCOUQT37TDP2AP,3284
"com,twitter)/gcrclassic/status/1537122189127954435",20220615171842,,https://web.archive.org/web/20220615171842/https://twitter.com/GCRClassic/status/1537122189127954435,https://web.archive.org/web/20220615171842/https://twitter.com/gcrclassic/status/1537122189127954435,https://twitter.com/GCRClassic/status/1537122189127954435,https://twitter.com/gcrclassic/status/1537122189127954435,,,,text/html,200,5B2GM2IJ4EUOMTUFTUHBU4ITBPBNWDXC,4857
"com,twitter)/gcrclassic/status/1537802259710582785",20220617142138,,https://web.archive.org/web/20220617142138/https://twitter.com/GCRClassic/status/1537802259710582785,https://web.archive.org/web/20220617142138/https://twitter.com/gcrclassic/status/1537802259710582785,https://twitter.com/GCRClassic/status/1537802259710582785,https://twitter.com/gcrclassic/status/1537802259710582785,,,,text/html,200,G5C7OF3AJJGEKVUANBA72P66ZUBM7R55,7102
"com,twitter)/gcrclassic/status/1537483587678765057",20220616171530,,https://web.archive.org/web/20220616171530/https://twitter.com/GCRClassic/status/1537483587678765057,https://web.archive.org/web/20220616171530/https://twitter.com/gcrclassic/status/1537483587678765057,https://twitter.com/GCRClassic/status/1537483587678765057,https://twitter.com/gcrclassic/status/1537483587678765057,,,,text/html,200,SMF73552DFQOOX7HMOTLGJ6FTNFDUL6U,4235
"com,twitter)/gcrclassic/status/1537802259710582785",20220903044308,,https://web.archive.org/web/20220903044308/https://twitter.com/GCRClassic/status/1537802259710582785,https://web.archive.org/web/20220903044308/https://twitter.com/gcrclassic/status/1537802259710582785,https://twitter.com/GCRClassic/status/1537802259710582785,https://twitter.com/gcrclassic/status/1537802259710582785,,,,text/html,200,JQ62CAXBILYNWFGUEYOGBPBIHMM4HCXV,17613
"com,twitter)/gcrclassic/status/1537638989909438464",20220617033139,,https://web.archive.org/web/20220617033139/https://twitter.com/GCRClassic/status/1537638989909438464,https://web.archive.org/web/20220617033139/https://twitter.com/gcrclassic/status/1537638989909438464,https://twitter.com/GCRClassic/status/1537638989909438464,https://twitter.com/gcrclassic/status/1537638989909438464,,,,text/html,200,AXEFVYBUH57IALFG7IMSTZG4QH7HQ3MG,3318
"com,twitter)/gcrclassic/status/1537805661718859778",20220617143701,,https://web.archive.org/web/20220617143701/https://twitter.com/GCRClassic/status/1537805661718859778,https://web.archive.org/web/20220617143701/https://twitter.com/gcrclassic/status/1537805661718859778,https://twitter.com/GCRClassic/status/1537805661718859778,https://twitter.com/gcrclassic/status/1537805661718859778,,,,text/html,200,X2QT34WTL2YTJB7EM3MSFKCAVWMN6R66,5124
"com,twitter)/gcrclassic/status/1537808084831182850",20220617144402,,https://web.archive.org/web/20220617144402/https://twitter.com/GCRClassic/status/1537808084831182850,https://web.archive.org/web/20220617144402/https://twitter.com/gcrclassic/status/1537808084831182850,https://twitter.com/GCRClassic/status/1537808084831182850,https://twitter.com/gcrclassic/status/1537808084831182850,,,,text/html,200,SLU7MPJJ4AETBLIIZ6RQ2JZZV646USUA,4811
"com,twitter)/gcrclassic/status/1537809729895931909",20220617145112,,https://web.archive.org/web/20220617145112/https://twitter.com/GCRClassic/status/1537809729895931909,https://web.archive.org/web/20220617145112/https://twitter.com/gcrclassic/status/1537809729895931909,https://twitter.com/GCRClassic/status/1537809729895931909,https://twitter.com/gcrclassic/status/1537809729895931909,,,,text/html,200,V5VYE57AT5BBD3UOHMOCDSZ5BSXOLJUY,5799
"com,twitter)/gcrclassic/status/1537807227976835073",20220617144056,,https://web.archive.org/web/20220617144056/https://twitter.com/GCRClassic/status/1537807227976835073,https://web.archive.org/web/20220617144056/https://twitter.com/gcrclassic/status/1537807227976835073,https://twitter.com/GCRClassic/status/1537807227976835073,https://twitter.com/gcrclassic/status/1537807227976835073,,,,text/html,200,6FIXKE6ATK3YHQKYH4SNMHL7P542TFSV,4070
"com,twitter)/gcrclassic/status/1538143709291855873",20220618125720,,https://web.archive.org/web/20220618125720/https://twitter.com/GCRClassic/status/1538143709291855873,https://web.archive.org/web/20220618125720/https://twitter.com/gcrclassic/status/1538143709291855873,https://twitter.com/GCRClassic/status/1538143709291855873,https://twitter.com/gcrclassic/status/1538143709291855873,,,,text/html,200,YDMKDA7UWUW5GKZ5EV7Z4PMTZZSXKJHB,3403
"com,twitter)/gcrclassic/status/1537812016676610048",20220617145917,,https://web.archive.org/web/20220617145917/https://twitter.com/GCRClassic/status/1537812016676610048,https://web.archive.org/web/20220617145917/https://twitter.com/gcrclassic/status/1537812016676610048,https://twitter.com/GCRClassic/status/1537812016676610048,https://twitter.com/gcrclassic/status/1537812016676610048,,,,text/html,200,2XYJNOPJW43YUMMTA7U2MGF65COAKU2Q,5525
"com,twitter)/gcrclassic/status/1538143709291855873?s=09%0a&t=zrms2dmokficoghsacumwg",20220831032838,,"https://web.archive.org/web/20220831032838/https://twitter.com/GCRClassic/status/1538143709291855873?t=ZRMs2DMokFIcOghSAcuMWg&s=09
",https://web.archive.org/web/20220831032838/https://twitter.com/gcrclassic/status/1538143709291855873,https://twitter.com/GCRClassic/status/1538143709291855873?t=ZRMs2DMokFIcOghSAcuMWg&s=09%0A,https://twitter.com/gcrclassic/status/1538143709291855873,,,,text/html,200,ZJZQOLZI4VQWWGRKQHI2T2OD7EBVJ4FI,17473
"com,twitter)/gcrclassic/status/1538143709291855873",20220831014811,,https://web.archive.org/web/20220831014811/https://twitter.com/GCRClassic/status/1538143709291855873,https://web.archive.org/web/20220831014811/https://twitter.com/gcrclassic/status/1538143709291855873,https://twitter.com/GCRClassic/status/1538143709291855873,https://twitter.com/gcrclassic/status/1538143709291855873,,,,text/html,200,RGL3AZKE3D3AM4CZKKVNIKO6MJIOC5JQ,17347
"com,twitter)/gcrclassic/status/1538143709291855873?t=zrms2dmokficoghsacumwg",20220831014817,,https://web.archive.org/web/20220831014817/https://twitter.com/GCRClassic/status/1538143709291855873?t=ZRMs2DMokFIcOghSAcuMWg,https://web.archive.org/web/20220831014817/https://twitter.com/gcrclassic/status/1538143709291855873,https://twitter.com/GCRClassic/status/1538143709291855873?t=ZRMs2DMokFIcOghSAcuMWg,https://twitter.com/gcrclassic/status/1538143709291855873,,,,text/html,200,V6EOCC64STCMFA447I6K3RR7EJ4FXJDC,17430
"com,twitter)/gcrclassic/status/1538143709291855873?s=09&t=zrms2dmokficoghsacumwg",20220831014751,,https://web.archive.org/web/20220831014751/https://twitter.com/GCRClassic/status/1538143709291855873?t=ZRMs2DMokFIcOghSAcuMWg&s=09,https://web.archive.org/web/20220831014751/https://twitter.com/gcrclassic/status/1538143709291855873,https://twitter.com/GCRClassic/status/1538143709291855873?t=ZRMs2DMokFIcOghSAcuMWg&s=09,https://twitter.com/gcrclassic/status/1538143709291855873,,,,text/html,200,XOHK3JYFSF75YQQ2GZRVUWZ7SEWY4KN5,17393
"com,twitter)/gcrclassic/status/1538171703540473856",20220828143429,,https://web.archive.org/web/20220828143429/https://twitter.com/gcrclassic/status/1538171703540473856,https://web.archive.org/web/20220828143429/https://twitter.com/gcrclassic/status/1538171703540473856,https://twitter.com/gcrclassic/status/1538171703540473856,https://twitter.com/gcrclassic/status/1538171703540473856,,,,text/html,200,IHQWBC567U3S6VU3ZFC7RFREM7M55354,17240
"com,twitter)/gcrclassic/status/1538171703540473856",20220618144830,,https://web.archive.org/web/20220618144830/https://twitter.com/GCRClassic/status/1538171703540473856,https://web.archive.org/web/20220618144830/https://twitter.com/gcrclassic/status/1538171703540473856,https://twitter.com/GCRClassic/status/1538171703540473856,https://twitter.com/gcrclassic/status/1538171703540473856,,,,text/html,200,PWUJW3LDFNK3NCLQT3VPMS6OS5ZHSHNQ,4281
"com,twitter)/gcrclassic/status/1538171703540473856%0a",20220930190050,,"https://web.archive.org/web/20220930190050/https://twitter.com/GCRClassic/status/1538171703540473856
",https://web.archive.org/web/20220930190050/https://twitter.com/gcrclassic/status/1538171703540473856,https://twitter.com/GCRClassic/status/1538171703540473856%0A,https://twitter.com/gcrclassic/status/1538171703540473856,,,,text/html,200,F2RXWE3VDOI65ER2QWAXFL7GQIB55F5F,17322
"com,twitter)/gcrclassic/status/1538171703540473856",20220831014900,,https://web.archive.org/web/20220831014900/https://twitter.com/GCRClassic/status/1538171703540473856,https://web.archive.org/web/20220831014900/https://twitter.com/gcrclassic/status/1538171703540473856,https://twitter.com/GCRClassic/status/1538171703540473856,https://twitter.com/gcrclassic/status/1538171703540473856,,,,text/html,200,EZLSEJXDW7TC4FCFBHSIER7ULIDGU375,17404
"com,twitter)/gcrclassic/status/1538171703540473856-qaeka",20220929044033,,https://web.archive.org/web/20220929044033/https://twitter.com/gcrclassic/status/1538171703540473856-QAEkA,https://web.archive.org/web/20220929044033/https://twitter.com/gcrclassic/status/1538171703540473856,https://twitter.com/gcrclassic/status/1538171703540473856-QAEkA,https://twitter.com/gcrclassic/status/1538171703540473856,,,,text/html,200,Q42PSEVH2UC4BJVIY4NONI4OV2GLEAH3,17185
"com,twitter)/gcrclassic/status/1538171703540473856?s=09%0a&t=0duuuijlkogtjc4xsslica",20220831062251,,"https://web.archive.org/web/20220831062251/https://twitter.com/GCRClassic/status/1538171703540473856?t=0duUuIjlKogTJc4XSSLIcA&s=09
",https://web.archive.org/web/20220831062251/https://twitter.com/gcrclassic/status/1538171703540473856,https://twitter.com/GCRClassic/status/1538171703540473856?t=0duUuIjlKogTJc4XSSLIcA&s=09%0A,https://twitter.com/gcrclassic/status/1538171703540473856,,,,text/html,200,GOHLK6552EDWCCKB7HCC44UDKHMWYIXJ,17376
"com,twitter)/gcrclassic/status/1538171703540473856?s=21&t=krxguf_iog9jkncq-qaeka",20220927171800,,https://web.archive.org/web/20220927171800/https://twitter.com/gcrclassic/status/1538171703540473856?s=21&t=krxguF_IOg9jKNcq-QAEkA,https://web.archive.org/web/20220927171800/https://twitter.com/gcrclassic/status/1538171703540473856,https://twitter.com/gcrclassic/status/1538171703540473856?s=21&t=krxguF_IOg9jKNcq-QAEkA,https://twitter.com/gcrclassic/status/1538171703540473856,,,,text/html,200,PVB4J3FCDAO2JJPAMGVLFRYHUKRUTVI3,17207
"com,twitter)/gcrclassic/status/1538171703540473856?t=krxguf_iog9jkncq-qaeka",20220927171825,,https://web.archive.org/web/20220927171825/https://twitter.com/gcrclassic/status/1538171703540473856?t=krxguF_IOg9jKNcq-QAEkA,https://web.archive.org/web/20220927171825/https://twitter.com/gcrclassic/status/1538171703540473856,https://twitter.com/gcrclassic/status/1538171703540473856?t=krxguF_IOg9jKNcq-QAEkA,https://twitter.com/gcrclassic/status/1538171703540473856,,,,text/html,200,CE7C2F7T2EDQXDTCHLWSWHGEI3TQVN44,17208
"com,twitter)/gcrclassic/status/1538171703540473856?s=09&t=0duuuijlkogtjc4xsslica",20220831014738,,https://web.archive.org/web/20220831014738/https://twitter.com/GCRClassic/status/1538171703540473856?t=0duUuIjlKogTJc4XSSLIcA&s=09,https://web.archive.org/web/20220831014738/https://twitter.com/gcrclassic/status/1538171703540473856,https://twitter.com/GCRClassic/status/1538171703540473856?t=0duUuIjlKogTJc4XSSLIcA&s=09,https://twitter.com/gcrclassic/status/1538171703540473856,,,,text/html,200,N5MHSU3FL7BWWFP5YP2JARPQVXSN362W,17390
"com,twitter)/gcrclassic/status/1538171703540473856?t=0duuuijlkogtjc4xsslica",20220831014854,,https://web.archive.org/web/20220831014854/https://twitter.com/GCRClassic/status/1538171703540473856?t=0duUuIjlKogTJc4XSSLIcA,https://web.archive.org/web/20220831014854/https://twitter.com/gcrclassic/status/1538171703540473856,https://twitter.com/GCRClassic/status/1538171703540473856?t=0duUuIjlKogTJc4XSSLIcA,https://twitter.com/gcrclassic/status/1538171703540473856,,,,text/html,200,J2UJ7L2YBURU7G577PJWTQNY2FQEOO37,17428
"com,twitter)/gcrclassic/status/1538176140275236864",20220618151035,,https://web.archive.org/web/20220618151035/https://twitter.com/GCRClassic/status/1538176140275236864,https://web.archive.org/web/20220618151035/https://twitter.com/gcrclassic/status/1538176140275236864,https://twitter.com/GCRClassic/status/1538176140275236864,https://twitter.com/gcrclassic/status/1538176140275236864,,,,text/html,200,PUSRPL5LP7N5PTXLQCJOKD6FACLU5ZUS,7678
"com,twitter)/gcrclassic/status/1538272191216766976",20220618212804,,https://web.archive.org/web/20220618212804/https://twitter.com/GCRClassic/status/1538272191216766976,https://web.archive.org/web/20220618212804/https://twitter.com/gcrclassic/status/1538272191216766976,https://twitter.com/GCRClassic/status/1538272191216766976,https://twitter.com/gcrclassic/status/1538272191216766976,,,,text/html,200,XVIJKNXKRHC3CE37EMQJTQFQIP7CPMS2,3256
"com,twitter)/gcrclassic/status/1538514094248144896",20220619132949,,https://web.archive.org/web/20220619132949/https://twitter.com/GCRClassic/status/1538514094248144896,https://web.archive.org/web/20220619132949/https://twitter.com/gcrclassic/status/1538514094248144896,https://twitter.com/GCRClassic/status/1538514094248144896,https://twitter.com/gcrclassic/status/1538514094248144896,,,,text/html,200,PYLPDCSG6WBHRGFDLAAP4NGP5HWNGFGY,6297
"com,twitter)/gcrclassic/status/1538815610724950016",20220830000111,,https://web.archive.org/web/20220830000111/https://twitter.com/gcrclassic/status/1538815610724950016,https://web.archive.org/web/20220830000111/https://twitter.com/gcrclassic/status/1538815610724950016,https://twitter.com/gcrclassic/status/1538815610724950016,https://twitter.com/gcrclassic/status/1538815610724950016,,,,text/html,200,F2K6ZLKEUYCGE3RVBO2NRKU25GUILLOZ,17411
"com,twitter)/gcrclassic/status/1538815610724950016",20220620092709,,https://web.archive.org/web/20220620092709/https://twitter.com/GCRClassic/status/1538815610724950016,https://web.archive.org/web/20220620092709/https://twitter.com/gcrclassic/status/1538815610724950016,https://twitter.com/GCRClassic/status/1538815610724950016,https://twitter.com/gcrclassic/status/1538815610724950016,,,,text/html,200,FGIQU2TRTNHGUUXTJ5MGWIN74IZVJQFG,3811
"com,twitter)/gcrclassic/status/1538815610724950016?s=09",20220831015508,,https://web.archive.org/web/20220831015508/https://twitter.com/GCRClassic/status/1538815610724950016?s=09,https://web.archive.org/web/20220831015508/https://twitter.com/gcrclassic/status/1538815610724950016,https://twitter.com/GCRClassic/status/1538815610724950016?s=09,https://twitter.com/gcrclassic/status/1538815610724950016,,,,text/html,200,VZOU2ZSU4HZGXT23RAPMJMDNFOZJNBCE,17466
"com,twitter)/gcrclassic/status/1538815610724950016",20220831015519,,https://web.archive.org/web/20220831015519/https://twitter.com/GCRClassic/status/1538815610724950016,https://web.archive.org/web/20220831015519/https://twitter.com/gcrclassic/status/1538815610724950016,https://twitter.com/GCRClassic/status/1538815610724950016,https://twitter.com/gcrclassic/status/1538815610724950016,,,,text/html,200,4DYAYS3QDSKJAQ4AZC27DAMLI24KSVFZ,17491
"com,twitter)/gcrclassic/status/1538815610724950016?s=09%0a%0afrist",20220831021135,,"https://web.archive.org/web/20220831021135/https://twitter.com/GCRClassic/status/1538815610724950016?s=09

Frist",https://web.archive.org/web/20220831021135/https://twitter.com/gcrclassic/status/1538815610724950016,https://twitter.com/GCRClassic/status/1538815610724950016?s=09%0A%0AFrist,https://twitter.com/gcrclassic/status/1538815610724950016,,,,text/html,200,OJY5YQTKDHGOQ7HZRQIZZXGINTT5XGVA,17448
"com,twitter)/gcrclassic/status/1538815610724950016?s=19&t=bsn43elgb9whtrtt6hjuia",20221008011953,,https://web.archive.org/web/20221008011953/https://twitter.com/GCRClassic/status/1538815610724950016?t=bSN43ElGB9wHtrTT6HjuIA&s=19,https://web.archive.org/web/20221008011953/https://twitter.com/gcrclassic/status/1538815610724950016,https://twitter.com/GCRClassic/status/1538815610724950016?t=bSN43ElGB9wHtrTT6HjuIA&s=19,https://twitter.com/gcrclassic/status/1538815610724950016,,,,text/html,200,A5PINSCELFJRACFI3BY25F5PPG7BWUYP,18266
"com,twitter)/gcrclassic/status/1538815610724950016?s=21&t=tjbkc24eboiipsuuvej09g",20220830000039,,https://web.archive.org/web/20220830000039/https://twitter.com/gcrclassic/status/1538815610724950016?s=21&t=tJbKC24EBOiIPsUUVEJ09g,https://web.archive.org/web/20220830000039/https://twitter.com/gcrclassic/status/1538815610724950016,https://twitter.com/gcrclassic/status/1538815610724950016?s=21&t=tJbKC24EBOiIPsUUVEJ09g,https://twitter.com/gcrclassic/status/1538815610724950016,,,,text/html,200,UD5YE2RQY76YQFKW3R6BIQNAP6PIKHP7,17374
"com,twitter)/gcrclassic/status/1538815610724950016?s=21&t=tjbkc24eboiipsuuvej09g%0a",20220830105045,,"https://web.archive.org/web/20220830105045/https://twitter.com/gcrclassic/status/1538815610724950016?s=21&t=tJbKC24EBOiIPsUUVEJ09g
",https://web.archive.org/web/20220830105045/https://twitter.com/gcrclassic/status/1538815610724950016,https://twitter.com/gcrclassic/status/1538815610724950016?s=21&t=tJbKC24EBOiIPsUUVEJ09g%0A,https://twitter.com/gcrclassic/status/1538815610724950016,,,,text/html,200,OH5MNKAOJCBT4HQH4FOWV744MOXU7S6F,17365
"com,twitter)/gcrclassic/status/1538815610724950016?t=tjbkc24eboiipsuuvej09g%0a",20220830113144,,"https://web.archive.org/web/20220830113144/https://twitter.com/gcrclassic/status/1538815610724950016?t=tJbKC24EBOiIPsUUVEJ09g
",https://web.archive.org/web/20220830113144/https://twitter.com/gcrclassic/status/1538815610724950016,https://twitter.com/gcrclassic/status/1538815610724950016?t=tJbKC24EBOiIPsUUVEJ09g%0A,https://twitter.com/gcrclassic/status/1538815610724950016,,,,text/html,200,NNL5NPPT63RRAWZPQW2DPWEHPAJ2R76N,17300
"com,twitter)/gcrclassic/status/1538815610724950016?t=tjbkc24eboiipsuuvej09g",20220830000107,,https://web.archive.org/web/20220830000107/https://twitter.com/gcrclassic/status/1538815610724950016?t=tJbKC24EBOiIPsUUVEJ09g,https://web.archive.org/web/20220830000107/https://twitter.com/gcrclassic/status/1538815610724950016,https://twitter.com/gcrclassic/status/1538815610724950016?t=tJbKC24EBOiIPsUUVEJ09g,https://twitter.com/gcrclassic/status/1538815610724950016,,,,text/html,200,AKEMULMEWWSXEDSFVUV54LW6IZSOBX4Z,17355
"com,twitter)/gcrclassic/status/1538815610724950016?t=bsn43elgb9whtrtt6hjuia",20221008012024,,https://web.archive.org/web/20221008012024/https://twitter.com/GCRClassic/status/1538815610724950016?t=bSN43ElGB9wHtrTT6HjuIA,https://web.archive.org/web/20221008012024/https://twitter.com/gcrclassic/status/1538815610724950016,https://twitter.com/GCRClassic/status/1538815610724950016?t=bSN43ElGB9wHtrTT6HjuIA,https://twitter.com/gcrclassic/status/1538815610724950016,,,,text/html,200,Z6B3NQADVFVQZLRCUWXG4WKY6AHY3BXR,18259
"com,twitter)/gcrclassic/status/1538927963697295365",20220620165357,,https://web.archive.org/web/20220620165357/https://twitter.com/GCRClassic/status/1538927963697295365,https://web.archive.org/web/20220620165357/https://twitter.com/gcrclassic/status/1538927963697295365,https://twitter.com/GCRClassic/status/1538927963697295365,https://twitter.com/gcrclassic/status/1538927963697295365,,,,text/html,302,A6QA6MCW4MNR3RC53HTNSL5QAXQT7L37,488
"com,twitter)/gcrclassic/status/1538926688507244546",20220620164909,,https://web.archive.org/web/20220620164909/https://twitter.com/GCRClassic/status/1538926688507244546,https://web.archive.org/web/20220620164909/https://twitter.com/gcrclassic/status/1538926688507244546,https://twitter.com/GCRClassic/status/1538926688507244546,https://twitter.com/gcrclassic/status/1538926688507244546,,,,text/html,200,PERMSQGQCA7X5QYALLIBOVCGBQX6ASIJ,4294
"com,twitter)/gcrclassic/status/1538937272128741377",20220620173128,,https://web.archive.org/web/20220620173128/https://twitter.com/GCRClassic/status/1538937272128741377,https://web.archive.org/web/20220620173128/https://twitter.com/gcrclassic/status/1538937272128741377,https://twitter.com/GCRClassic/status/1538937272128741377,https://twitter.com/gcrclassic/status/1538937272128741377,,,,text/html,200,2KBTZUMO4FCGICEKEAQSGYDY5UQZSX3W,7603
"com,twitter)/gcrclassic/status/1538938367580282880",20220620173533,,https://web.archive.org/web/20220620173533/https://twitter.com/GCRClassic/status/1538938367580282880,https://web.archive.org/web/20220620173533/https://twitter.com/gcrclassic/status/1538938367580282880,https://twitter.com/GCRClassic/status/1538938367580282880,https://twitter.com/gcrclassic/status/1538938367580282880,,,,text/html,200,HGPZD2MFYKZB76QDLDFDQWUCSMYMS23P,4615
"com,twitter)/gcrclassic/status/1538937272128741377",20220830073818,,https://web.archive.org/web/20220830073818/https://twitter.com/GCRClassic/status/1538937272128741377,https://web.archive.org/web/20220830073818/https://twitter.com/gcrclassic/status/1538937272128741377,https://twitter.com/GCRClassic/status/1538937272128741377,https://twitter.com/gcrclassic/status/1538937272128741377,,,,text/html,200,ZHINLGO7OGUXSGERPECOKYNW3Z577UXH,80607
"com,twitter)/gcrclassic/status/1538946381976588289",20220620180724,,https://web.archive.org/web/20220620180724/https://twitter.com/GCRClassic/status/1538946381976588289,https://web.archive.org/web/20220620180724/https://twitter.com/gcrclassic/status/1538946381976588289,https://twitter.com/GCRClassic/status/1538946381976588289,https://twitter.com/gcrclassic/status/1538946381976588289,,,,text/html,200,KRPDKGK5X4RMMFJRJ7NDNFHHQGRAO2IK,5553
"com,twitter)/gcrclassic/status/1538969408466452484",20220620193801,,https://web.archive.org/web/20220620193801/https://twitter.com/GCRClassic/status/1538969408466452484,https://web.archive.org/web/20220620193801/https://twitter.com/gcrclassic/status/1538969408466452484,https://twitter.com/GCRClassic/status/1538969408466452484,https://twitter.com/gcrclassic/status/1538969408466452484,,,,text/html,200,JKMY2YTS2YIQEYDFRW5DU5S7KBUV5XDI,3502
"com,twitter)/gcrclassic/status/1538969113472663555",20220620193706,,https://web.archive.org/web/20220620193706/https://twitter.com/GCRClassic/status/1538969113472663555,https://web.archive.org/web/20220620193706/https://twitter.com/gcrclassic/status/1538969113472663555,https://twitter.com/GCRClassic/status/1538969113472663555,https://twitter.com/gcrclassic/status/1538969113472663555,,,,text/html,200,RXPVK25IBZUL6Y4V4WGCXTS4ZRLQSIQU,3541
"com,twitter)/gcrclassic/status/1538973380417830912",20220620195408,,https://web.archive.org/web/20220620195408/https://twitter.com/GCRClassic/status/1538973380417830912,https://web.archive.org/web/20220620195408/https://twitter.com/gcrclassic/status/1538973380417830912,https://twitter.com/GCRClassic/status/1538973380417830912,https://twitter.com/gcrclassic/status/1538973380417830912,,,,text/html,200,PCR6JFSR2XYFA6KEUN6U5LNDXFEH5VRP,3541
"com,twitter)/gcrclassic/status/1540062240069632000",20220623200025,,https://web.archive.org/web/20220623200025/https://twitter.com/GCRClassic/status/1540062240069632000,https://web.archive.org/web/20220623200025/https://twitter.com/gcrclassic/status/1540062240069632000,https://twitter.com/GCRClassic/status/1540062240069632000,https://twitter.com/gcrclassic/status/1540062240069632000,,,,application/json,-,NSRBAIGQFUNMUTCZYA4L2S2P4W57H2A2,1408
"com,twitter)/gcrclassic/status/1539243659559845890",20220621134832,,https://web.archive.org/web/20220621134832/https://twitter.com/GCRClassic/status/1539243659559845890,https://web.archive.org/web/20220621134832/https://twitter.com/gcrclassic/status/1539243659559845890,https://twitter.com/GCRClassic/status/1539243659559845890,https://twitter.com/gcrclassic/status/1539243659559845890,,,,text/html,200,LH62VKM26UEEKVMBKSPIT4GZ3IH55FQE,5765
"com,twitter)/gcrclassic/status/1540062240069632000",20220623200117,,https://web.archive.org/web/20220623200117/https://twitter.com/GCRClassic/status/1540062240069632000,https://web.archive.org/web/20220623200117/https://twitter.com/gcrclassic/status/1540062240069632000,https://twitter.com/GCRClassic/status/1540062240069632000,https://twitter.com/gcrclassic/status/1540062240069632000,,,,text/html,200,233P3OYDKXYH3CGO3ILNS4DS5ZV7U37I,5429
"com,twitter)/gcrclassic/status/1540354833487740928",20220711014113,,https://web.archive.org/web/20220711014113/https://twitter.com/GCRClassic/status/1540354833487740928,https://web.archive.org/web/20220711014113/https://twitter.com/gcrclassic/status/1540354833487740928,https://twitter.com/GCRClassic/status/1540354833487740928,https://twitter.com/gcrclassic/status/1540354833487740928,,,,text/html,200,QE7EY74KJDSMGK3GE2VI4VU3JRNQ4SCT,75528
"com,twitter)/gcrclassic/status/1540065575359102979",20220623205516,,https://web.archive.org/web/20220623205516/https://twitter.com/GCRClassic/status/1540065575359102979,https://web.archive.org/web/20220623205516/https://twitter.com/gcrclassic/status/1540065575359102979,https://twitter.com/GCRClassic/status/1540065575359102979,https://twitter.com/gcrclassic/status/1540065575359102979,,,,text/html,200,T52WCXZKBPQV2VQHMSACPC6ROP3RGYBI,7350
"com,twitter)/gcrclassic/status/1540063503519813632",20220623203036,,https://web.archive.org/web/20220623203036/https://twitter.com/GCRClassic/status/1540063503519813632,https://web.archive.org/web/20220623203036/https://twitter.com/gcrclassic/status/1540063503519813632,https://twitter.com/GCRClassic/status/1540063503519813632,https://twitter.com/gcrclassic/status/1540063503519813632,,,,text/html,200,BJ2OJVXVZBE4PCPDN6HYQA4U7GS6NJII,6369
"com,twitter)/gcrclassic/status/1540062240069632000",20220907202748,,https://web.archive.org/web/20220907202748/https://twitter.com/GCRClassic/status/1540062240069632000,https://web.archive.org/web/20220907202748/https://twitter.com/gcrclassic/status/1540062240069632000,https://twitter.com/GCRClassic/status/1540062240069632000,https://twitter.com/gcrclassic/status/1540062240069632000,,,,text/html,200,NEJWEDTUHLV67AN5E43AOAGYQZTL4I5Q,81813
"com,twitter)/gcrclassic/status/1541213767199064066",20220903041916,,https://web.archive.org/web/20220903041916/https://twitter.com/GCRClassic/status/1541213767199064066,https://web.archive.org/web/20220903041916/https://twitter.com/gcrclassic/status/1541213767199064066,https://twitter.com/GCRClassic/status/1541213767199064066,https://twitter.com/gcrclassic/status/1541213767199064066,,,,text/html,200,KIFLX6Z7V65J2HY3UEMQU44XJGHGOIW5,17533
"com,twitter)/gcrclassic/status/1541218051928080388",20220822221342,,https://web.archive.org/web/20220822221342/https://twitter.com/GCRClassic/status/1541218051928080388,https://web.archive.org/web/20220822221342/https://twitter.com/gcrclassic/status/1541218051928080388,https://twitter.com/GCRClassic/status/1541218051928080388,https://twitter.com/gcrclassic/status/1541218051928080388,,,,text/html,200,Q6P2VQ36Z626KMI53CCVOS5BJKB777RC,82686
"com,twitter)/gcrclassic/status/1541828011971993601?s=090%0a&t=7rp_tjjjyy2qmibicbb-za",20220831080917,,"https://web.archive.org/web/20220831080917/https://twitter.com/GCRClassic/status/1541828011971993601?t=7RP_TJJjyy2QmIbICbb-ZA&s=090
",https://web.archive.org/web/20220831080917/https://twitter.com/gcrclassic/status/1541828011971993601,https://twitter.com/GCRClassic/status/1541828011971993601?t=7RP_TJJjyy2QmIbICbb-ZA&s=090%0A,https://twitter.com/gcrclassic/status/1541828011971993601,,,,text/html,200,Q6OHLAUHU4DMYSCCIHOU5OWMEECX36DG,17401
"com,twitter)/gcrclassic/status/1541828011971993601?s=090&t=7rp_tjjjyy2qmibicbb-za",20220831014520,,https://web.archive.org/web/20220831014520/https://twitter.com/GCRClassic/status/1541828011971993601?t=7RP_TJJjyy2QmIbICbb-ZA&s=090,https://web.archive.org/web/20220831014520/https://twitter.com/gcrclassic/status/1541828011971993601,https://twitter.com/GCRClassic/status/1541828011971993601?t=7RP_TJJjyy2QmIbICbb-ZA&s=090,https://twitter.com/gcrclassic/status/1541828011971993601,,,,text/html,200,YKHWFLYC4WQ34NHP3ERYTKWQWO4UGMSP,17367
"com,twitter)/gcrclassic/status/1541908154908377089?t=vtlmqkf5qk3gnjbif7efia",20220831021422,,https://web.archive.org/web/20220831021422/https://twitter.com/GCRClassic/status/1541908154908377089?t=VtLmQkf5QK3gNjBIf7EFIA,https://web.archive.org/web/20220831021422/https://twitter.com/gcrclassic/status/1541908154908377089,https://twitter.com/GCRClassic/status/1541908154908377089?t=VtLmQkf5QK3gNjBIf7EFIA,https://twitter.com/gcrclassic/status/1541908154908377089,,,,text/html,200,2L2QN3SZV6TMCS35PZNKODGFXHGBTIXL,17403
"com,twitter)/gcrclassic/status/1541909226058031105",20221008011927,,https://web.archive.org/web/20221008011927/https://twitter.com/gcrclassic/status/1541909226058031105,https://web.archive.org/web/20221008011927/https://twitter.com/gcrclassic/status/1541909226058031105,https://twitter.com/gcrclassic/status/1541909226058031105,https://twitter.com/gcrclassic/status/1541909226058031105,,,,text/html,200,TXIZBSQAILBJBFPHS4CFT3AF5PREFJZU,18209
"com,twitter)/gcrclassic/status/1541218051928080388",20220903063412,,https://web.archive.org/web/20220903063412/https://twitter.com/GCRClassic/status/1541218051928080388,https://web.archive.org/web/20220903063412/https://twitter.com/gcrclassic/status/1541218051928080388,https://twitter.com/GCRClassic/status/1541218051928080388,https://twitter.com/gcrclassic/status/1541218051928080388,,,,text/html,200,6HG5SYEN3RG4AZHAQ5XVBITQIJ4GJRUA,17596
"com,twitter)/gcrclassic/status/1541219092807532544",20220822215432,,https://web.archive.org/web/20220822215432/https://twitter.com/GCRClassic/status/1541219092807532544,https://web.archive.org/web/20220822215432/https://twitter.com/gcrclassic/status/1541219092807532544,https://twitter.com/GCRClassic/status/1541219092807532544,https://twitter.com/gcrclassic/status/1541219092807532544,,,,text/html,200,O325D6A75NJEQ5TML4HHG5YLP6K4DQT3,99559
"com,twitter)/gcrclassic/status/1541828011971993601?t=7rp_tjjjyy2qmibicbb-za",20220831014600,,https://web.archive.org/web/20220831014600/https://twitter.com/GCRClassic/status/1541828011971993601?t=7RP_TJJjyy2QmIbICbb-ZA,https://web.archive.org/web/20220831014600/https://twitter.com/gcrclassic/status/1541828011971993601,https://twitter.com/GCRClassic/status/1541828011971993601?t=7RP_TJJjyy2QmIbICbb-ZA,https://twitter.com/gcrclassic/status/1541828011971993601,,,,text/html,200,7UY2SPMKJO667H2UIW6LFPSJG32FJEIT,17452
"com,twitter)/gcrclassic/status/1541828011971993601",20220831014616,,https://web.archive.org/web/20220831014616/https://twitter.com/GCRClassic/status/1541828011971993601,https://web.archive.org/web/20220831014616/https://twitter.com/gcrclassic/status/1541828011971993601,https://twitter.com/GCRClassic/status/1541828011971993601,https://twitter.com/gcrclassic/status/1541828011971993601,,,,text/html,200,R7LIXV6AIOH5MJJWNCANHFOG4VVWFNP6,17369
"com,twitter)/gcrclassic/status/1541908154908377089",20220826184601,,https://web.archive.org/web/20220826184601/https://twitter.com/GCRClassic/status/1541908154908377089,https://web.archive.org/web/20220826184601/https://twitter.com/gcrclassic/status/1541908154908377089,https://twitter.com/GCRClassic/status/1541908154908377089,https://twitter.com/gcrclassic/status/1541908154908377089,,,,text/html,200,KDJKSND7XUWZFPNFECCFITWEA7WFY5TO,17259
"com,twitter)/gcrclassic/status/1541909226058031105?s=21&t=yh48wno813q6l9_bqn9g1w%0a",20221221220930,,"https://web.archive.org/web/20221221220930/https://twitter.com/gcrclassic/status/1541909226058031105?s=21&t=yH48WNo813q6l9_BQn9G1w
",https://web.archive.org/web/20221221220930/https://twitter.com/gcrclassic/status/1541909226058031105,https://twitter.com/gcrclassic/status/1541909226058031105?s=21&t=yH48WNo813q6l9_BQn9G1w%0A,https://twitter.com/gcrclassic/status/1541909226058031105,,,,text/html,200,ZAJZTYUZ74TSK5P66D2HC2MAXAPF6SJE,20048
"com,twitter)/gcrclassic/status/1541908154908377089?s=19&t=vtlmqkf5qk3gnjbif7efia",20220831021331,,https://web.archive.org/web/20220831021331/https://twitter.com/GCRClassic/status/1541908154908377089?t=VtLmQkf5QK3gNjBIf7EFIA&s=19,https://web.archive.org/web/20220831021331/https://twitter.com/gcrclassic/status/1541908154908377089,https://twitter.com/GCRClassic/status/1541908154908377089?t=VtLmQkf5QK3gNjBIf7EFIA&s=19,https://twitter.com/gcrclassic/status/1541908154908377089,,,,text/html,200,5ULB6LPCE3J4BNJIV5BGIOM7ALFXAQBM,17319
"com,twitter)/gcrclassic/status/1541909903425642504?s=21&t=ydwpoovl-ewqjlyafgs8",20220823233918,,https://web.archive.org/web/20220823233918/https://twitter.com/gcrclassic/status/1541909903425642504?s=21&t=ydwpOOvL-eWQjLyAfGS8,https://web.archive.org/web/20220823233918/https://twitter.com/gcrclassic/status/1541909903425642504,https://twitter.com/gcrclassic/status/1541909903425642504?s=21&t=ydwpOOvL-eWQjLyAfGS8,https://twitter.com/gcrclassic/status/1541909903425642504,,,,text/html,200,H455HJH5DJ6YBKQ66KQA3UIB2Y3WWY2P,17192
"com,twitter)/gcrclassic/status/1541909903425642504?s=21&t=ydwpoovl-ewqjlyafgs8%0a",20220823235905,,"https://web.archive.org/web/20220823235905/https://twitter.com/gcrclassic/status/1541909903425642504?s=21&t=ydwpOOvL-eWQjLyAfGS8
",https://web.archive.org/web/20220823235905/https://twitter.com/gcrclassic/status/1541909903425642504,https://twitter.com/gcrclassic/status/1541909903425642504?s=21&t=ydwpOOvL-eWQjLyAfGS8%0A,https://twitter.com/gcrclassic/status/1541909903425642504,,,,text/html,200,Q42EMDCV3GSDGU2UR7OLOTEWWW2RJ4HJ,17266
"com,twitter)/gcrclassic/status/1541909903425642504?t=ydwpoovl-ewqjlyafgs8",20220823233931,,https://web.archive.org/web/20220823233931/https://twitter.com/gcrclassic/status/1541909903425642504?t=ydwpOOvL-eWQjLyAfGS8,https://web.archive.org/web/20220823233931/https://twitter.com/gcrclassic/status/1541909903425642504,https://twitter.com/gcrclassic/status/1541909903425642504?t=ydwpOOvL-eWQjLyAfGS8,https://twitter.com/gcrclassic/status/1541909903425642504,,,,text/html,200,DW4RSE2UIUKT6QTWMISSPYF3THQTAOY4,17133
"com,twitter)/gcrclassic/status/1541909226058031105?s=21&t=yh48wno813q6l9_bqn9g1w",20221218174552,,https://web.archive.org/web/20221218174552/https://twitter.com/gcrclassic/status/1541909226058031105?s=21&t=yH48WNo813q6l9_BQn9G1w,https://web.archive.org/web/20221218174552/https://twitter.com/gcrclassic/status/1541909226058031105,https://twitter.com/gcrclassic/status/1541909226058031105?s=21&t=yH48WNo813q6l9_BQn9G1w,https://twitter.com/gcrclassic/status/1541909226058031105,,,,text/html,200,NV743K34WBTROHZF6YBWEFGX4SYEWHQO,20117
"com,twitter)/gcrclassic/status/1541938042017038337",20220823233938,,https://web.archive.org/web/20220823233938/https://twitter.com/gcrclassic/status/1541938042017038337,https://web.archive.org/web/20220823233938/https://twitter.com/gcrclassic/status/1541938042017038337,https://twitter.com/gcrclassic/status/1541938042017038337,https://twitter.com/gcrclassic/status/1541938042017038337,,,,text/html,200,3F3RG2Y6JS2TGHQ6VRX3HC3L74UVNLT3,17121
"com,twitter)/gcrclassic/status/1541909903425642504?t=ydwpoovl-ewqjlyafgs8%0a",20220823235934,,"https://web.archive.org/web/20220823235934/https://twitter.com/gcrclassic/status/1541909903425642504?t=ydwpOOvL-eWQjLyAfGS8
",https://web.archive.org/web/20220823235934/https://twitter.com/gcrclassic/status/1541909903425642504,https://twitter.com/gcrclassic/status/1541909903425642504?t=ydwpOOvL-eWQjLyAfGS8%0A,https://twitter.com/gcrclassic/status/1541909903425642504,,,,text/html,200,JVLC5ZPXZY3ACBAAX53LIA6UPMHM3WOH,17191
"com,twitter)/gcrclassic/status/1541938042017038337?s=21&t=ydwpoovl-ewqjlyafgs8",20220823233924,,https://web.archive.org/web/20220823233924/https://twitter.com/gcrclassic/status/1541938042017038337?s=21&t=ydwpOOvL-eWQjLyAfGS8,https://web.archive.org/web/20220823233924/https://twitter.com/gcrclassic/status/1541938042017038337,https://twitter.com/gcrclassic/status/1541938042017038337?s=21&t=ydwpOOvL-eWQjLyAfGS8,https://twitter.com/gcrclassic/status/1541938042017038337,,,,text/html,200,ZXFYV4LWQFYASE3J6ZWNUZ74HWFDZO6R,17147
"com,twitter)/gcrclassic/status/1541938042017038337?s=21&t=ydwpoovl-ewqjlyafgs8%0a",20220824090942,,"https://web.archive.org/web/20220824090942/https://twitter.com/gcrclassic/status/1541938042017038337?s=21&t=ydwpOOvL-eWQjLyAfGS8
",https://web.archive.org/web/20220824090942/https://twitter.com/gcrclassic/status/1541938042017038337,https://twitter.com/gcrclassic/status/1541938042017038337?s=21&t=ydwpOOvL-eWQjLyAfGS8%0A,https://twitter.com/gcrclassic/status/1541938042017038337,,,,text/html,200,A4I3ZOFDIOMMMLEVQIG6SQO6PY2TGSPQ,17212
"com,twitter)/gcrclassic/status/1541938042017038337?t=ydwpoovl-ewqjlyafgs8%0a",20220824090956,,"https://web.archive.org/web/20220824090956/https://twitter.com/gcrclassic/status/1541938042017038337?t=ydwpOOvL-eWQjLyAfGS8
",https://web.archive.org/web/20220824090956/https://twitter.com/gcrclassic/status/1541938042017038337,https://twitter.com/gcrclassic/status/1541938042017038337?t=ydwpOOvL-eWQjLyAfGS8%0A,https://twitter.com/gcrclassic/status/1541938042017038337,,,,text/html,200,DGUNF3KGJSH75DU3XKEG5Y2AS6AB7ZDI,17124
"com,twitter)/gcrclassic/status/1541938042017038337?t=ydwpoovl-ewqjlyafgs8",20220823233946,,https://web.archive.org/web/20220823233946/https://twitter.com/gcrclassic/status/1541938042017038337?t=ydwpOOvL-eWQjLyAfGS8,https://web.archive.org/web/20220823233946/https://twitter.com/gcrclassic/status/1541938042017038337,https://twitter.com/gcrclassic/status/1541938042017038337?t=ydwpOOvL-eWQjLyAfGS8,https://twitter.com/gcrclassic/status/1541938042017038337,,,,text/html,200,EXG2YNOJKERXHG2ZDJUR2GBPLCV5VMR5,17148
"com,twitter)/gcrclassic/status/1542235935080960000",20221022044007,,https://web.archive.org/web/20221022044007/https://twitter.com/GCRClassic/status/1542235935080960000,https://web.archive.org/web/20221022044007/https://twitter.com/gcrclassic/status/1542235935080960000,https://twitter.com/GCRClassic/status/1542235935080960000,https://twitter.com/gcrclassic/status/1542235935080960000,,,,text/html,200,SS3HCTOPMT67O4GN3S55TRF2JOITVFQ4,18943
"com,twitter)/gcrclassic/status/1542573887933882368",20220630182308,,https://web.archive.org/web/20220630182308/https://twitter.com/GCRClassic/status/1542573887933882368,https://web.archive.org/web/20220630182308/https://twitter.com/gcrclassic/status/1542573887933882368,https://twitter.com/GCRClassic/status/1542573887933882368,https://twitter.com/gcrclassic/status/1542573887933882368,,,,text/html,200,AV7TCILNHMUXIADM46UOVBPMOWQDO2PS,3889
"com,twitter)/gcrclassic/status/1542580174201421828",20220630184940,,https://web.archive.org/web/20220630184940/https://twitter.com/GCRClassic/status/1542580174201421828,https://web.archive.org/web/20220630184940/https://twitter.com/gcrclassic/status/1542580174201421828,https://twitter.com/GCRClassic/status/1542580174201421828,https://twitter.com/gcrclassic/status/1542580174201421828,,,,text/html,200,DNVWIQ5O4JFWQ5NHKU3EJOS6DZEJC2WH,6818
"com,twitter)/gcrclassic/status/1542591137243955200",20220630193112,,https://web.archive.org/web/20220630193112/https://twitter.com/GCRClassic/status/1542591137243955200,https://web.archive.org/web/20220630193112/https://twitter.com/gcrclassic/status/1542591137243955200,https://twitter.com/GCRClassic/status/1542591137243955200,https://twitter.com/gcrclassic/status/1542591137243955200,,,,text/html,200,Y3DWUTBHWQTS5FQ5SRMIGNDWUOR5X37F,2959
"com,twitter)/gcrclassic/status/1542947533277765633",20220701190718,,https://web.archive.org/web/20220701190718/https://twitter.com/GCRClassic/status/1542947533277765633,https://web.archive.org/web/20220701190718/https://twitter.com/gcrclassic/status/1542947533277765633,https://twitter.com/GCRClassic/status/1542947533277765633,https://twitter.com/gcrclassic/status/1542947533277765633,,,,text/html,200,FPLNMHB7PVZRTOE75H4NESMMX7QN2HKY,2642
"com,twitter)/gcrclassic/status/1543319354548314113",20220831015002,,https://web.archive.org/web/20220831015002/https://twitter.com/GCRClassic/status/1543319354548314113,https://web.archive.org/web/20220831015002/https://twitter.com/gcrclassic/status/1543319354548314113,https://twitter.com/GCRClassic/status/1543319354548314113,https://twitter.com/gcrclassic/status/1543319354548314113,,,,text/html,200,XLFO5EBRQ4J5K375RGZOWH5NKNZAWUMS,17336
"com,twitter)/gcrclassic/status/1543319354548314113?s=19%0a&t=sc-m3hzsicujk2ykhz4eba",20220831015210,,"https://web.archive.org/web/20220831015210/https://twitter.com/GCRClassic/status/1543319354548314113?t=SC-M3HzsIcuJk2YkHz4ebA&s=19
",https://web.archive.org/web/20220831015210/https://twitter.com/gcrclassic/status/1543319354548314113,https://twitter.com/GCRClassic/status/1543319354548314113?t=SC-M3HzsIcuJk2YkHz4ebA&s=19%0A,https://twitter.com/gcrclassic/status/1543319354548314113,,,,text/html,200,NJXFGJNMHNX76ELJYHCHZ6XSBGNYOGNR,17491
"com,twitter)/gcrclassic/status/1543319354548314113?s=19&t=sc-m3hzsicujk2ykhz4eba",20220831014933,,https://web.archive.org/web/20220831014933/https://twitter.com/GCRClassic/status/1543319354548314113?t=SC-M3HzsIcuJk2YkHz4ebA&s=19,https://web.archive.org/web/20220831014933/https://twitter.com/gcrclassic/status/1543319354548314113,https://twitter.com/GCRClassic/status/1543319354548314113?t=SC-M3HzsIcuJk2YkHz4ebA&s=19,https://twitter.com/gcrclassic/status/1543319354548314113,,,,text/html,200,Z4QJC4IDTELPGJANHDHBKNICKVQPBZC7,17401
"com,twitter)/gcrclassic/status/1543319354548314113?t=sc-m3hzsicujk2ykhz4eba",20220831014945,,https://web.archive.org/web/20220831014945/https://twitter.com/GCRClassic/status/1543319354548314113?t=SC-M3HzsIcuJk2YkHz4ebA,https://web.archive.org/web/20220831014945/https://twitter.com/gcrclassic/status/1543319354548314113,https://twitter.com/GCRClassic/status/1543319354548314113?t=SC-M3HzsIcuJk2YkHz4ebA,https://twitter.com/gcrclassic/status/1543319354548314113,,,,text/html,200,TYVZZMQVKTGNSIIV4T75THOLRU4KP6NE,17377
"com,twitter)/gcrclassic/status/1541909226058031105?t=yh48wno813q6l9_bqn9g1w%0a",20221221221032,,"https://web.archive.org/web/20221221221032/https://twitter.com/gcrclassic/status/1541909226058031105?t=yH48WNo813q6l9_BQn9G1w
",https://web.archive.org/web/20221221221032/https://twitter.com/gcrclassic/status/1541909226058031105,https://twitter.com/gcrclassic/status/1541909226058031105?t=yH48WNo813q6l9_BQn9G1w%0A,https://twitter.com/gcrclassic/status/1541909226058031105,,,,text/html,200,2F3LJ6BCA2NTT5GNNHJ5JP2CLFSAUBI5,20130
"com,twitter)/gcrclassic/status/1541909226058031105?t=yh48wno813q6l9_bqn9g1w",20221220031804,,https://web.archive.org/web/20221220031804/https://twitter.com/gcrclassic/status/1541909226058031105?t=yH48WNo813q6l9_BQn9G1w,https://web.archive.org/web/20221220031804/https://twitter.com/gcrclassic/status/1541909226058031105,https://twitter.com/gcrclassic/status/1541909226058031105?t=yH48WNo813q6l9_BQn9G1w,https://twitter.com/gcrclassic/status/1541909226058031105,,,,text/html,200,ENH77SCG5CVZERGHKIUZQBFLWJHNDAOL,20133
"com,twitter)/gcrclassic/status/1541909903425642504",20220823233927,,https://web.archive.org/web/20220823233927/https://twitter.com/gcrclassic/status/1541909903425642504,https://web.archive.org/web/20220823233927/https://twitter.com/gcrclassic/status/1541909903425642504,https://twitter.com/gcrclassic/status/1541909903425642504,https://twitter.com/gcrclassic/status/1541909903425642504,,,,text/html,200,5QN7PCF3METZCF3GO5JXZQ5DIOVOTUBE,17123
"com,twitter)/gcrclassic/status/1541909226058031105?t=qzst_wa4m7i-vgzizm9gqa",20221008011839,,https://web.archive.org/web/20221008011839/https://twitter.com/gcrclassic/status/1541909226058031105?t=qzsT_Wa4M7I-vGZIzM9gQA,https://web.archive.org/web/20221008011839/https://twitter.com/gcrclassic/status/1541909226058031105,https://twitter.com/gcrclassic/status/1541909226058031105?t=qzsT_Wa4M7I-vGZIzM9gQA,https://twitter.com/gcrclassic/status/1541909226058031105,,,,text/html,200,VI7ER6NT5N7DTOCZV5VUA5IOLFRVJWFW,18260
"com,twitter)/gcrclassic/status/1543320114556280838",20220702194652,,https://web.archive.org/web/20220702194652/https://twitter.com/GCRClassic/status/1543320114556280838,https://web.archive.org/web/20220702194652/https://twitter.com/gcrclassic/status/1543320114556280838,https://twitter.com/GCRClassic/status/1543320114556280838,https://twitter.com/gcrclassic/status/1543320114556280838,,,,text/html,200,BTIPAZZURXHD323RDDZ26MW7X7X42R47,2911
"com,twitter)/gcrclassic/status/1543327607751692289",20220702201629,,https://web.archive.org/web/20220702201629/https://twitter.com/GCRClassic/status/1543327607751692289,https://web.archive.org/web/20220702201629/https://twitter.com/gcrclassic/status/1543327607751692289,https://twitter.com/GCRClassic/status/1543327607751692289,https://twitter.com/gcrclassic/status/1543327607751692289,,,,text/html,200,RU5MXSA3LNWEONFLTO7BFCBMMIPB2XLQ,3027
"com,twitter)/gcrclassic/status/1543998583149658121",20220704164341,,https://web.archive.org/web/20220704164341/https://twitter.com/GCRClassic/status/1543998583149658121,https://web.archive.org/web/20220704164341/https://twitter.com/gcrclassic/status/1543998583149658121,https://twitter.com/GCRClassic/status/1543998583149658121,https://twitter.com/gcrclassic/status/1543998583149658121,,,,text/html,200,WGCJNZXUKLNOBGLVNK7LUSHGKBIZHEER,5474
"com,twitter)/gcrclassic/status/1543998688732889089",20220704164404,,https://web.archive.org/web/20220704164404/https://twitter.com/GCRClassic/status/1543998688732889089,https://web.archive.org/web/20220704164404/https://twitter.com/gcrclassic/status/1543998688732889089,https://twitter.com/GCRClassic/status/1543998688732889089,https://twitter.com/gcrclassic/status/1543998688732889089,,,,text/html,200,MALYD462GSDHYZZQCGPJHFLUGGZC5GXB,1586
"com,twitter)/gcrclassic/status/1543727504309030912",20220703224516,,https://web.archive.org/web/20220703224516/https://twitter.com/GCRClassic/status/1543727504309030912,https://web.archive.org/web/20220703224516/https://twitter.com/gcrclassic/status/1543727504309030912,https://twitter.com/GCRClassic/status/1543727504309030912,https://twitter.com/gcrclassic/status/1543727504309030912,,,,text/html,200,UOUOK27EW7FOZRY7YYXBKI3R2L7L7PAQ,3478
"com,twitter)/gcrclassic/status/1541909226058031105?s=21&t=qzst_wa4m7i-vgzizm9gqa",20221008011831,,https://web.archive.org/web/20221008011831/https://twitter.com/gcrclassic/status/1541909226058031105?s=21&t=qzsT_Wa4M7I-vGZIzM9gQA,https://web.archive.org/web/20221008011831/https://twitter.com/gcrclassic/status/1541909226058031105,https://twitter.com/gcrclassic/status/1541909226058031105?s=21&t=qzsT_Wa4M7I-vGZIzM9gQA,https://twitter.com/gcrclassic/status/1541909226058031105,,,,text/html,200,RKRPPSAGVIPTZYZ4B2GK2HFHTDQAMHVU,18256
"com,twitter)/gcrclassic/status/1544008559431766016",20220704172215,,https://web.archive.org/web/20220704172215/https://twitter.com/GCRClassic/status/1544008559431766016,https://web.archive.org/web/20220704172215/https://twitter.com/gcrclassic/status/1544008559431766016,https://twitter.com/GCRClassic/status/1544008559431766016,https://twitter.com/gcrclassic/status/1544008559431766016,,,,text/html,200,ELLIT6VZIPCTUB3JQHEPDQ5IUTY2MTKA,3239
"com,twitter)/gcrclassic/status/1541938042017038337",20220629001733,,https://web.archive.org/web/20220629001733/https://twitter.com/GCRClassic/status/1541938042017038337,https://web.archive.org/web/20220629001733/https://twitter.com/gcrclassic/status/1541938042017038337,https://twitter.com/GCRClassic/status/1541938042017038337,https://twitter.com/gcrclassic/status/1541938042017038337,,,,text/html,200,JK7GX52GO6KGZICK67CJ3CU27MSB4UKD,4956
"com,twitter)/gcrclassic/status/1545074219062624256",20220707155753,,https://web.archive.org/web/20220707155753/https://twitter.com/GCRClassic/status/1545074219062624256,https://web.archive.org/web/20220707155753/https://twitter.com/gcrclassic/status/1545074219062624256,https://twitter.com/GCRClassic/status/1545074219062624256,https://twitter.com/gcrclassic/status/1545074219062624256,,,,text/html,200,IGAAP33Q6IKBCSKOSL6QB2CUOKUSCHPF,85324
"com,twitter)/gcrclassic/status/1545114344660340736",20220707183616,,https://web.archive.org/web/20220707183616/https://twitter.com/GCRClassic/status/1545114344660340736,https://web.archive.org/web/20220707183616/https://twitter.com/gcrclassic/status/1545114344660340736,https://twitter.com/GCRClassic/status/1545114344660340736,https://twitter.com/gcrclassic/status/1545114344660340736,,,,text/html,200,FE4ZJYSZXJ4SCI5KZMRXWNGMQZBKICQ7,27754
"com,twitter)/gcrclassic/status/1545239101842112513",20220708025226,,https://web.archive.org/web/20220708025226/https://twitter.com/GCRClassic/status/1545239101842112513,https://web.archive.org/web/20220708025226/https://twitter.com/gcrclassic/status/1545239101842112513,https://twitter.com/GCRClassic/status/1545239101842112513,https://twitter.com/gcrclassic/status/1545239101842112513,,,,text/html,200,3ZPUOKQR4IPPJRCM3L3L4EWN7UZDE6FR,37706
"com,twitter)/gcrclassic/status/1544774934249046016",20220706200751,,https://web.archive.org/web/20220706200751/https://twitter.com/GCRClassic/status/1544774934249046016,https://web.archive.org/web/20220706200751/https://twitter.com/gcrclassic/status/1544774934249046016,https://twitter.com/GCRClassic/status/1544774934249046016,https://twitter.com/gcrclassic/status/1544774934249046016,,,,text/html,200,3KHY223GVOCMZ3TEYBH2FOUTUCXTJKAK,25815
"com,twitter)/gcrclassic/status/1544807472589840385",20220706221744,,https://web.archive.org/web/20220706221744/https://twitter.com/GCRClassic/status/1544807472589840385,https://web.archive.org/web/20220706221744/https://twitter.com/gcrclassic/status/1544807472589840385,https://twitter.com/GCRClassic/status/1544807472589840385,https://twitter.com/gcrclassic/status/1544807472589840385,,,,text/html,200,46AAISCV2YK3H34O7MQAHYJIPEFQJYFW,47241
"com,twitter)/gcrclassic/status/1545925133289783296",20220710001755,,https://web.archive.org/web/20220710001755/https://twitter.com/GCRClassic/status/1545925133289783296,https://web.archive.org/web/20220710001755/https://twitter.com/gcrclassic/status/1545925133289783296,https://twitter.com/GCRClassic/status/1545925133289783296,https://twitter.com/gcrclassic/status/1545925133289783296,,,,text/html,200,LILB4CPNHKS3QOPMW653PIXGUJ27IW4W,26331
"com,twitter)/gcrclassic/status/1545925133289783296",20220713083002,,https://web.archive.org/web/20220713083002/https://twitter.com/GCRClassic/status/1545925133289783296,https://web.archive.org/web/20220713083002/https://twitter.com/gcrclassic/status/1545925133289783296,https://twitter.com/GCRClassic/status/1545925133289783296,https://twitter.com/gcrclassic/status/1545925133289783296,,,,text/html,200,THDBUHCOMBLTKDLIKNE2ZXM6V7Z4BXT5,19579
"com,twitter)/gcrclassic/status/1545925133289783296",20220831022508,,https://web.archive.org/web/20220831022508/https://twitter.com/GCRClassic/status/1545925133289783296,https://web.archive.org/web/20220831022508/https://twitter.com/gcrclassic/status/1545925133289783296,https://twitter.com/GCRClassic/status/1545925133289783296,https://twitter.com/gcrclassic/status/1545925133289783296,,,,text/html,200,R45E7GAJQEX6V4OALJWZO3UUZX6SBBPH,17439
"com,twitter)/gcrclassic/status/1545925133289783296?s=19%0a&t=tnjk4hqtq-qtwfaesxmh7a",20220831030558,,"https://web.archive.org/web/20220831030558/https://twitter.com/GCRClassic/status/1545925133289783296?t=tnJk4hQTQ-QTWfAesXMh7A&s=19
",https://web.archive.org/web/20220831030558/https://twitter.com/gcrclassic/status/1545925133289783296,https://twitter.com/GCRClassic/status/1545925133289783296?t=tnJk4hQTQ-QTWfAesXMh7A&s=19%0A,https://twitter.com/gcrclassic/status/1545925133289783296,,,,text/html,200,Q5ZARAEEKRDL627HBVYL2KKFNUEY6QAY,17488
"com,twitter)/gcrclassic/status/1545925133289783296?s=19&t=tnjk4hqtq-qtwfaesxmh7a",20220831022417,,https://web.archive.org/web/20220831022417/https://twitter.com/GCRClassic/status/1545925133289783296?t=tnJk4hQTQ-QTWfAesXMh7A&s=19,https://web.archive.org/web/20220831022417/https://twitter.com/gcrclassic/status/1545925133289783296,https://twitter.com/GCRClassic/status/1545925133289783296?t=tnJk4hQTQ-QTWfAesXMh7A&s=19,https://twitter.com/gcrclassic/status/1545925133289783296,,,,text/html,200,G5TKN5EIGKMG3F6JXJEW3DO5SSAHXGDH,17371
"com,twitter)/gcrclassic/status/1545925133289783296?t=tnjk4hqtq-qtwfaesxmh7a",20220831022429,,https://web.archive.org/web/20220831022429/https://twitter.com/GCRClassic/status/1545925133289783296?t=tnJk4hQTQ-QTWfAesXMh7A,https://web.archive.org/web/20220831022429/https://twitter.com/gcrclassic/status/1545925133289783296,https://twitter.com/GCRClassic/status/1545925133289783296?t=tnJk4hQTQ-QTWfAesXMh7A,https://twitter.com/gcrclassic/status/1545925133289783296,,,,text/html,200,S6V3BOOMJVNAUSPCCQ7FFTTPTQCNUZ7R,17377
"com,twitter)/gcrclassic/status/1545927681560264705",20220710002926,,https://web.archive.org/web/20220710002926/https://twitter.com/GCRClassic/status/1545927681560264705,https://web.archive.org/web/20220710002926/https://twitter.com/gcrclassic/status/1545927681560264705,https://twitter.com/GCRClassic/status/1545927681560264705,https://twitter.com/gcrclassic/status/1545927681560264705,,,,text/html,200,2YK5Y7JAMDB2WNLXHEML65OJSMSDHCKT,32916
"com,twitter)/gcrclassic/status/1546162242483363840",20220831015114,,https://web.archive.org/web/20220831015114/https://twitter.com/GCRClassic/status/1546162242483363840,https://web.archive.org/web/20220831015114/https://twitter.com/gcrclassic/status/1546162242483363840,https://twitter.com/GCRClassic/status/1546162242483363840,https://twitter.com/gcrclassic/status/1546162242483363840,,,,text/html,200,FPXIIY2UXOPUDUBGFQYARY25FVVCD7WS,17405
"com,twitter)/gcrclassic/status/1546162242483363840?s=19%0a&t=fwnho5f9be9yus6qs0cykg",20220831045013,,"https://web.archive.org/web/20220831045013/https://twitter.com/GCRClassic/status/1546162242483363840?t=FWnhO5f9be9YUS6Qs0CYkg&s=19
",https://web.archive.org/web/20220831045013/https://twitter.com/gcrclassic/status/1546162242483363840,https://twitter.com/GCRClassic/status/1546162242483363840?t=FWnhO5f9be9YUS6Qs0CYkg&s=19%0A,https://twitter.com/gcrclassic/status/1546162242483363840,,,,text/html,200,GXMBUF74B7OQQA4LD7W63ZP6REBPI64P,17433
"com,twitter)/gcrclassic/status/1546162242483363840?t=fwnho5f9be9yus6qs0cykg",20220831015033,,https://web.archive.org/web/20220831015033/https://twitter.com/GCRClassic/status/1546162242483363840?t=FWnhO5f9be9YUS6Qs0CYkg,https://web.archive.org/web/20220831015033/https://twitter.com/gcrclassic/status/1546162242483363840,https://twitter.com/GCRClassic/status/1546162242483363840?t=FWnhO5f9be9YUS6Qs0CYkg,https://twitter.com/gcrclassic/status/1546162242483363840,,,,text/html,200,DETCUKXWGZSAX5PVGKQCT7J4NLKM73ZG,17390
"com,twitter)/gcrclassic/status/1546162242483363840?s=19&t=fwnho5f9be9yus6qs0cykg",20220831015026,,https://web.archive.org/web/20220831015026/https://twitter.com/GCRClassic/status/1546162242483363840?t=FWnhO5f9be9YUS6Qs0CYkg&s=19,https://web.archive.org/web/20220831015026/https://twitter.com/gcrclassic/status/1546162242483363840,https://twitter.com/GCRClassic/status/1546162242483363840?t=FWnhO5f9be9YUS6Qs0CYkg&s=19,https://twitter.com/gcrclassic/status/1546162242483363840,,,,text/html,200,MX4OZD55OEWWINWW5OWK3HY2HKBOLBVN,17338
"com,twitter)/gcrclassic/status/1547447762941161472",20220714062451,,https://web.archive.org/web/20220714062451/https://twitter.com/GCRClassic/status/1547447762941161472,https://web.archive.org/web/20220714062451/https://twitter.com/gcrclassic/status/1547447762941161472,https://twitter.com/GCRClassic/status/1547447762941161472,https://twitter.com/gcrclassic/status/1547447762941161472,,,,text/html,200,S5HVIXBJ3FRNK36ASBT7IUX4TNCGDGTA,54824
"com,twitter)/gcrclassic/status/1546165178160627721",20220710161217,,https://web.archive.org/web/20220710161217/https://twitter.com/GCRClassic/status/1546165178160627721,https://web.archive.org/web/20220710161217/https://twitter.com/gcrclassic/status/1546165178160627721,https://twitter.com/GCRClassic/status/1546165178160627721,https://twitter.com/gcrclassic/status/1546165178160627721,,,,text/html,200,GSGNBLMOVP7DKYHUCKQ6WEF6RZAL4KR2,40889
"com,twitter)/gcrclassic/status/1547676399875420162",20220714201742,,https://web.archive.org/web/20220714201742/https://twitter.com/GCRClassic/status/1547676399875420162,https://web.archive.org/web/20220714201742/https://twitter.com/gcrclassic/status/1547676399875420162,https://twitter.com/GCRClassic/status/1547676399875420162,https://twitter.com/gcrclassic/status/1547676399875420162,,,,text/html,200,CH4QWJWUVVKY26VTRSEJRC7E4KBZE32I,3619
"com,twitter)/gcrclassic/status/1547676976600690690",20220714202000,,https://web.archive.org/web/20220714202000/https://twitter.com/GCRClassic/status/1547676976600690690,https://web.archive.org/web/20220714202000/https://twitter.com/gcrclassic/status/1547676976600690690,https://twitter.com/GCRClassic/status/1547676976600690690,https://twitter.com/gcrclassic/status/1547676976600690690,,,,text/html,200,GRANIDIJ7Y2RNQYSXY7XCRR3CHBFPR7C,36202
"com,twitter)/gcrclassic/status/1547681650019930112",20220714203747,,https://web.archive.org/web/20220714203747/https://twitter.com/GCRClassic/status/1547681650019930112,https://web.archive.org/web/20220714203747/https://twitter.com/gcrclassic/status/1547681650019930112,https://twitter.com/GCRClassic/status/1547681650019930112,https://twitter.com/gcrclassic/status/1547681650019930112,,,,text/html,200,FBYLINKQDKJHV5WZ4UTS72OTZUG54NCC,42474
"com,twitter)/gcrclassic/status/1547695330522648577",20220714213305,,https://web.archive.org/web/20220714213305/https://twitter.com/GCRClassic/status/1547695330522648577,https://web.archive.org/web/20220714213305/https://twitter.com/gcrclassic/status/1547695330522648577,https://twitter.com/GCRClassic/status/1547695330522648577,https://twitter.com/gcrclassic/status/1547695330522648577,,,,text/html,200,YIVKHGN2SAQEH4FLCZXIROJ2SR4G4KWI,66780
"com,twitter)/gcrclassic/status/1548069796310241286",20220715222025,,https://web.archive.org/web/20220715222025/https://twitter.com/GCRClassic/status/1548069796310241286,https://web.archive.org/web/20220715222025/https://twitter.com/gcrclassic/status/1548069796310241286,https://twitter.com/GCRClassic/status/1548069796310241286,https://twitter.com/gcrclassic/status/1548069796310241286,,,,text/html,200,B545OLZ5G2HI7NRLM4SVRMH22MIL4XRQ,48201
"com,twitter)/gcrclassic/status/1542235935080960000",20220629195834,,https://web.archive.org/web/20220629195834/https://twitter.com/GCRClassic/status/1542235935080960000,https://web.archive.org/web/20220629195834/https://twitter.com/gcrclassic/status/1542235935080960000,https://twitter.com/GCRClassic/status/1542235935080960000,https://twitter.com/gcrclassic/status/1542235935080960000,,,,text/html,200,6IBNLE7Y2CTCA6DSDT5EYKUE2W656OSD,2449
"com,twitter)/gcrclassic/status/1549091812819746816?s=19%0a&t=6ttwnqa38aeiuxoaa5ekbq",20220831021410,,"https://web.archive.org/web/20220831021410/https://twitter.com/GCRClassic/status/1549091812819746816?t=6ttwnQa38aeiUXoAA5EkbQ&s=19
",https://web.archive.org/web/20220831021410/https://twitter.com/gcrclassic/status/1549091812819746816,https://twitter.com/GCRClassic/status/1549091812819746816?t=6ttwnQa38aeiUXoAA5EkbQ&s=19%0A,https://twitter.com/gcrclassic/status/1549091812819746816,,,,text/html,200,5KSDMRKRTHWTUA26K34NJ5SDR7JI3NLJ,17421
"com,twitter)/gcrclassic/status/1549091812819746816",20220719032902,,https://web.archive.org/web/20220719032902/https://twitter.com/GCRClassic/status/1549091812819746816,https://web.archive.org/web/20220719032902/https://twitter.com/gcrclassic/status/1549091812819746816,https://twitter.com/GCRClassic/status/1549091812819746816,https://twitter.com/gcrclassic/status/1549091812819746816,,,,text/html,200,26ZYWRJ42D6QQJUUVVSD6LRNFVVLB2CU,81096
"com,twitter)/gcrclassic/status/1549091812819746816",20220830125518,,https://web.archive.org/web/20220830125518/https://twitter.com/GCRClassic/status/1549091812819746816,https://web.archive.org/web/20220830125518/https://twitter.com/gcrclassic/status/1549091812819746816,https://twitter.com/GCRClassic/status/1549091812819746816,https://twitter.com/gcrclassic/status/1549091812819746816,,,,text/html,200,ZSKL2YXWKN6V462UNJ5QRCZO3SBVK7UV,17238
"com,twitter)/gcrclassic/status/1549091812819746816?s=19&t=6ttwnqa38aeiuxoaa5ekbq",20220831014816,,https://web.archive.org/web/20220831014816/https://twitter.com/GCRClassic/status/1549091812819746816?t=6ttwnQa38aeiUXoAA5EkbQ&s=19,https://web.archive.org/web/20220831014816/https://twitter.com/gcrclassic/status/1549091812819746816,https://twitter.com/GCRClassic/status/1549091812819746816?t=6ttwnQa38aeiUXoAA5EkbQ&s=19,https://twitter.com/gcrclassic/status/1549091812819746816,,,,text/html,200,4NFDQ7XLW25D44SUFDAWP5HDOYBKZQH5,17411
"com,twitter)/gcrclassic/status/1549091812819746816?s=35",20220830131444,,https://web.archive.org/web/20220830131444/https://twitter.com/GCRClassic/status/1549091812819746816?s=35,https://web.archive.org/web/20220830131444/https://twitter.com/gcrclassic/status/1549091812819746816,https://twitter.com/GCRClassic/status/1549091812819746816?s=35,https://twitter.com/gcrclassic/status/1549091812819746816,,,,text/html,200,4J6R3MPYK7HQW2KBHB5XUWA6Y4ZY7R7Y,17285
"com,twitter)/gcrclassic/status/1549091812819746816?s=35%0a",20220830125426,,"https://web.archive.org/web/20220830125426/https://twitter.com/GCRClassic/status/1549091812819746816?s=35
",https://web.archive.org/web/20220830125426/https://twitter.com/gcrclassic/status/1549091812819746816,https://twitter.com/GCRClassic/status/1549091812819746816?s=35%0A,https://twitter.com/gcrclassic/status/1549091812819746816,,,,text/html,200,GVRBR7Q4LV566ZDM6F4OGCMPQ4EG2UDA,17210
"com,twitter)/gcrclassic/status/1549738175622516736",20220720124937,,https://web.archive.org/web/20220720124937/https://twitter.com/GCRClassic/status/1549738175622516736,https://web.archive.org/web/20220720124937/https://twitter.com/gcrclassic/status/1549738175622516736,https://twitter.com/GCRClassic/status/1549738175622516736,https://twitter.com/gcrclassic/status/1549738175622516736,,,,text/html,200,TNQMFBLQ6IFFTNPU56B3OKU3QMW5LJPU,2779
"com,twitter)/gcrclassic/status/1549738175622516736",20220831014759,,https://web.archive.org/web/20220831014759/https://twitter.com/GCRClassic/status/1549738175622516736,https://web.archive.org/web/20220831014759/https://twitter.com/gcrclassic/status/1549738175622516736,https://twitter.com/GCRClassic/status/1549738175622516736,https://twitter.com/gcrclassic/status/1549738175622516736,,,,text/html,200,UFCBVNWWPGEH5KA4TI3WY7UDGMS24SZW,17422
"com,twitter)/gcrclassic/status/1549091812819746816?t=6ttwnqa38aeiuxoaa5ekbq",20220831014911,,https://web.archive.org/web/20220831014911/https://twitter.com/GCRClassic/status/1549091812819746816?t=6ttwnQa38aeiUXoAA5EkbQ,https://web.archive.org/web/20220831014911/https://twitter.com/gcrclassic/status/1549091812819746816,https://twitter.com/GCRClassic/status/1549091812819746816?t=6ttwnQa38aeiUXoAA5EkbQ,https://twitter.com/gcrclassic/status/1549091812819746816,,,,text/html,200,FG4OAU2IMKZXXOSFJBAQBPQAZB3CI57Z,17493
"com,twitter)/gcrclassic/status/1549092317570732035",20220718180352,,https://web.archive.org/web/20220718180352/https://twitter.com/GCRClassic/status/1549092317570732035,https://web.archive.org/web/20220718180352/https://twitter.com/gcrclassic/status/1549092317570732035,https://twitter.com/GCRClassic/status/1549092317570732035,https://twitter.com/gcrclassic/status/1549092317570732035,,,,text/html,200,ONU4IQP5DTXH4P3FBUD4JJHIG5FSRNMR,39995
"com,twitter)/gcrclassic/status/1549738175622516736",20220911143254,,https://web.archive.org/web/20220911143254/https://twitter.com/gcrclassic/status/1549738175622516736,https://web.archive.org/web/20220911143254/https://twitter.com/gcrclassic/status/1549738175622516736,https://twitter.com/gcrclassic/status/1549738175622516736,https://twitter.com/gcrclassic/status/1549738175622516736,,,,text/html,200,VOCT62NOZCQIANCY2KN2WHMXN5FSTJKG,17482
"com,twitter)/gcrclassic/status/1549738175622516736?s=19%0a&t=nwvz07dhfjnfzk998uuxgq",20220831014942,,"https://web.archive.org/web/20220831014942/https://twitter.com/GCRClassic/status/1549738175622516736?t=nWvZ07dhFJNFzK998uuxGQ&s=19
",https://web.archive.org/web/20220831014942/https://twitter.com/gcrclassic/status/1549738175622516736,https://twitter.com/GCRClassic/status/1549738175622516736?t=nWvZ07dhFJNFzK998uuxGQ&s=19%0A,https://twitter.com/gcrclassic/status/1549738175622516736,,,,text/html,200,BVXRXEKRYEB2CD7EOADQQLLGOWTEZSBJ,17511
"com,twitter)/gcrclassic/status/1549738175622516736?t=jdfbepsw4d-04-7i3hmnww",20221207073820,,https://web.archive.org/web/20221207073820/https://twitter.com/GCRClassic/status/1549738175622516736?t=JDFbePsW4D-04-7I3HMnWw,https://web.archive.org/web/20221207073820/https://twitter.com/gcrclassic/status/1549738175622516736,https://twitter.com/GCRClassic/status/1549738175622516736?t=JDFbePsW4D-04-7I3HMnWw,https://twitter.com/gcrclassic/status/1549738175622516736,,,,text/html,200,MR3NVR362PRKIDAGUP42YGX6JHY3A6LY,19609
"com,twitter)/gcrclassic/status/1549738175622516736?s=46&t=1wez4se3xyfgvci_kriqwa",20220911143204,,https://web.archive.org/web/20220911143204/https://twitter.com/gcrclassic/status/1549738175622516736?s=46&t=1weZ4sE3xYfGVCI_krIqwA,https://web.archive.org/web/20220911143204/https://twitter.com/gcrclassic/status/1549738175622516736,https://twitter.com/gcrclassic/status/1549738175622516736?s=46&t=1weZ4sE3xYfGVCI_krIqwA,https://twitter.com/gcrclassic/status/1549738175622516736,,,,text/html,200,3BEVG2P4PLTWQYYXXQANKBJETV73O6S6,17518
"com,twitter)/gcrclassic/status/1549738175622516736?t=1wez4se3xyfgvci_kriqwa",20220911143231,,https://web.archive.org/web/20220911143231/https://twitter.com/gcrclassic/status/1549738175622516736?t=1weZ4sE3xYfGVCI_krIqwA,https://web.archive.org/web/20220911143231/https://twitter.com/gcrclassic/status/1549738175622516736,https://twitter.com/gcrclassic/status/1549738175622516736?t=1weZ4sE3xYfGVCI_krIqwA,https://twitter.com/gcrclassic/status/1549738175622516736,,,,text/html,200,WAACVVOJZGRX5SY45YGDYWRILBLVBWWG,17552
"com,twitter)/gcrclassic/status/1549738175622516736?s=19&t=nwvz07dhfjnfzk998uuxgq",20220831014743,,https://web.archive.org/web/20220831014743/https://twitter.com/GCRClassic/status/1549738175622516736?t=nWvZ07dhFJNFzK998uuxGQ&s=19,https://web.archive.org/web/20220831014743/https://twitter.com/gcrclassic/status/1549738175622516736,https://twitter.com/GCRClassic/status/1549738175622516736?t=nWvZ07dhFJNFzK998uuxGQ&s=19,https://twitter.com/gcrclassic/status/1549738175622516736,,,,text/html,200,XES55EE7UV3TNA3QL4ENTW2Y6NIHRDSU,17430
"com,twitter)/gcrclassic/status/1549738175622516736?t=nwvz07dhfjnfzk998uuxgq",20220831014800,,https://web.archive.org/web/20220831014800/https://twitter.com/GCRClassic/status/1549738175622516736?t=nWvZ07dhFJNFzK998uuxGQ,https://web.archive.org/web/20220831014800/https://twitter.com/gcrclassic/status/1549738175622516736,https://twitter.com/GCRClassic/status/1549738175622516736?t=nWvZ07dhFJNFzK998uuxGQ,https://twitter.com/gcrclassic/status/1549738175622516736,,,,text/html,200,25T63Q4HLLLFNDHRKL7YQ2VIPO3FZZDQ,17476
"com,twitter)/gcrclassic/status/1549738175622516736?s=20&t=jdfbepsw4d-04-7i3hmnww",20221205183605,,https://web.archive.org/web/20221205183605/https://twitter.com/GCRClassic/status/1549738175622516736?s=20&t=JDFbePsW4D-04-7I3HMnWw,https://web.archive.org/web/20221205183605/https://twitter.com/gcrclassic/status/1549738175622516736,https://twitter.com/GCRClassic/status/1549738175622516736?s=20&t=JDFbePsW4D-04-7I3HMnWw,https://twitter.com/gcrclassic/status/1549738175622516736,,,,text/html,200,JFZ3GBSIX3OP4BNAZKXJKRLE65EZVJXO,19681
"com,twitter)/gcrclassic/status/1550441068608585728",20220722170300,,https://web.archive.org/web/20220722170300/https://twitter.com/GCRClassic/status/1550441068608585728,https://web.archive.org/web/20220722170300/https://twitter.com/gcrclassic/status/1550441068608585728,https://twitter.com/GCRClassic/status/1550441068608585728,https://twitter.com/gcrclassic/status/1550441068608585728,,,,text/html,200,N674I2E4J7JQSDR7IVSKRJTOAKZOUPYS,82582
"com,twitter)/gcrclassic/status/1551968535727022086",20220726201436,,https://web.archive.org/web/20220726201436/https://twitter.com/GCRClassic/status/1551968535727022086,https://web.archive.org/web/20220726201436/https://twitter.com/gcrclassic/status/1551968535727022086,https://twitter.com/GCRClassic/status/1551968535727022086,https://twitter.com/gcrclassic/status/1551968535727022086,,,,text/html,200,TQRI6L2ZSABZKSU7QMCP45RIGA3V53ZN,82183
"com,twitter)/gcrclassic/status/1552286920469876738",20220727174106,,https://web.archive.org/web/20220727174106/https://twitter.com/GCRClassic/status/1552286920469876738,https://web.archive.org/web/20220727174106/https://twitter.com/gcrclassic/status/1552286920469876738,https://twitter.com/GCRClassic/status/1552286920469876738,https://twitter.com/gcrclassic/status/1552286920469876738,,,,text/html,200,TUWBQPX7T7K55W347DZBRRLWPNUYK4JG,9036
"com,twitter)/gcrclassic/status/1552621955349708801",20220728180307,,https://web.archive.org/web/20220728180307/https://twitter.com/GCRClassic/status/1552621955349708801,https://web.archive.org/web/20220728180307/https://twitter.com/gcrclassic/status/1552621955349708801,https://twitter.com/GCRClassic/status/1552621955349708801,https://twitter.com/gcrclassic/status/1552621955349708801,,,,text/html,200,57FKFOM2VFFI5FVV4M2N6YSIMGVEMYTB,59416
"com,twitter)/gcrclassic/status/1552290787437809664",20220727183914,,https://web.archive.org/web/20220727183914/https://twitter.com/GCRClassic/status/1552290787437809664,https://web.archive.org/web/20220727183914/https://twitter.com/gcrclassic/status/1552290787437809664,https://twitter.com/GCRClassic/status/1552290787437809664,https://twitter.com/gcrclassic/status/1552290787437809664,,,,text/html,200,FKAQOSXS72RIKLWHM466ADF6AKHDDV6E,91985
"com,twitter)/gcrclassic/status/1552378101165957120",20220727194224,,https://web.archive.org/web/20220727194224/https://twitter.com/GCRClassic/status/1552378101165957120,https://web.archive.org/web/20220727194224/https://twitter.com/gcrclassic/status/1552378101165957120,https://twitter.com/GCRClassic/status/1552378101165957120,https://twitter.com/gcrclassic/status/1552378101165957120,,,,text/html,200,RVMSQL5L65UQNZVM7P7N7XLRNZGYYTYR,46189
"com,twitter)/gcrclassic/status/1552287677197713408",20220727134243,,https://web.archive.org/web/20220727134243/https://twitter.com/GCRClassic/status/1552287677197713408,https://web.archive.org/web/20220727134243/https://twitter.com/gcrclassic/status/1552287677197713408,https://twitter.com/GCRClassic/status/1552287677197713408,https://twitter.com/gcrclassic/status/1552287677197713408,,,,text/html,200,W4ITBXPFQ4OTZ3XMUBNMLDNAV7L4KHKN,51025
"com,twitter)/gcrclassic/status/1552676978414817281",20220728193848,,https://web.archive.org/web/20220728193848/https://twitter.com/GCRClassic/status/1552676978414817281,https://web.archive.org/web/20220728193848/https://twitter.com/gcrclassic/status/1552676978414817281,https://twitter.com/GCRClassic/status/1552676978414817281,https://twitter.com/gcrclassic/status/1552676978414817281,,,,text/html,200,Q5CHYJG2SHWHVD4VDBY2J4GYJNT4DOND,83200
"com,twitter)/gcrclassic/status/1552512341345959936",20220728190051,,https://web.archive.org/web/20220728190051/https://twitter.com/GCRClassic/status/1552512341345959936,https://web.archive.org/web/20220728190051/https://twitter.com/gcrclassic/status/1552512341345959936,https://twitter.com/GCRClassic/status/1552512341345959936,https://twitter.com/gcrclassic/status/1552512341345959936,,,,text/html,200,B3EPA43TI7LNRCOMXDCLWDNUU2TBHKE4,77333
"com,twitter)/gcrclassic/status/1552738939890434048",20220728193623,,https://web.archive.org/web/20220728193623/https://twitter.com/GCRClassic/status/1552738939890434048,https://web.archive.org/web/20220728193623/https://twitter.com/gcrclassic/status/1552738939890434048,https://twitter.com/GCRClassic/status/1552738939890434048,https://twitter.com/gcrclassic/status/1552738939890434048,,,,text/html,200,VCMAJ3AAFCTV3KGRYEZ52SL52NJZFALF,83581
"com,twitter)/gcrclassic/status/1552738939890434048?s=21&t=gvlhxijt9dwupg0arn6h4g%0a%0a%ec%9d%b8%ed%94%8c%eb%a3%a8%ec%96%b8%ec%84%9c&t=gvlhxijt9dwupg0arn6h4g%0a%0ahttps://twitter.com/highstakescap/status/1552742861938081792?s=21",20221105131856,,"https://web.archive.org/web/20221105131856/https://twitter.com/gcrclassic/status/1552738939890434048?s=21&t=gVLhxIJT9dwUpg0ARn6h4g

https://twitter.com/highstakescap/status/1552742861938081792?s=21&t=gVLhxIJT9dwUpg0ARn6h4g

인플루언서",https://web.archive.org/web/20221105131856/https://twitter.com/gcrclassic/status/1552738939890434048,https://twitter.com/gcrclassic/status/1552738939890434048?s=21&t=gVLhxIJT9dwUpg0ARn6h4g%0A%0Ahttps://twitter.com/highstakescap/status/1552742861938081792?s=21&t=gVLhxIJT9dwUpg0ARn6h4g%0A%0A%EC%9D%B8%ED%94%8C%EB%A3%A8%EC%96%B8%EC%84%9C,https://twitter.com/gcrclassic/status/1552738939890434048,,,,text/html,200,Y7TM37UN63YITRRHBSXA245WG66JCF7G,18687
"com,twitter)/gcrclassic/status/1552738939890434048",20220729192937,,https://web.archive.org/web/20220729192937/https://twitter.com/GCRClassic/status/1552738939890434048,https://web.archive.org/web/20220729192937/https://twitter.com/gcrclassic/status/1552738939890434048,https://twitter.com/GCRClassic/status/1552738939890434048,https://twitter.com/gcrclassic/status/1552738939890434048,,,,text/html,200,FFR5UAPIR2PUOSPMZKAWHJJCWUJCYEWJ,20806
"com,twitter)/gcrclassic/status/1552738939890434048",20220925182938,,https://web.archive.org/web/20220925182938/https://twitter.com/gcrclassic/status/1552738939890434048,https://web.archive.org/web/20220925182938/https://twitter.com/gcrclassic/status/1552738939890434048,https://twitter.com/gcrclassic/status/1552738939890434048,https://twitter.com/gcrclassic/status/1552738939890434048,,,,text/html,200,QJDKY4J35BBWPZM2B7UMYLTMUMAX57RN,17659
"com,twitter)/gcrclassic/status/1552738939890434048/photo/1",20220729192937,,https://web.archive.org/web/20220729192937/https://twitter.com/GCRClassic/status/1552738939890434048/photo/1,https://web.archive.org/web/20220729192937/https://twitter.com/gcrclassic/status/1552738939890434048,https://twitter.com/GCRClassic/status/1552738939890434048/photo/1,https://twitter.com/gcrclassic/status/1552738939890434048,,,,text/html,302,Y2OPCTMOLPBIFM5AWERN7V4WT3DPH5QB,1745
"com,twitter)/gcrclassic/status/1552738939890434048?s=190000%0a&t=f2y9lzia53qfjtefar_kwa",20220831042142,,"https://web.archive.org/web/20220831042142/https://twitter.com/GCRClassic/status/1552738939890434048?t=f2y9Lzia53qFjTEfAr_KWA&s=190000
",https://web.archive.org/web/20220831042142/https://twitter.com/gcrclassic/status/1552738939890434048,https://twitter.com/GCRClassic/status/1552738939890434048?t=f2y9Lzia53qFjTEfAr_KWA&s=190000%0A,https://twitter.com/gcrclassic/status/1552738939890434048,,,,text/html,200,HJCJAGXOMTBD3XOVCSTG2AE7F5PUO4OL,17464
"com,twitter)/gcrclassic/status/1552738939890434048?s=190000&t=f2y9lzia53qfjtefar_kwa",20220831015133,,https://web.archive.org/web/20220831015133/https://twitter.com/GCRClassic/status/1552738939890434048?t=f2y9Lzia53qFjTEfAr_KWA&s=190000,https://web.archive.org/web/20220831015133/https://twitter.com/gcrclassic/status/1552738939890434048,https://twitter.com/GCRClassic/status/1552738939890434048?t=f2y9Lzia53qFjTEfAr_KWA&s=190000,https://twitter.com/gcrclassic/status/1552738939890434048,,,,text/html,200,FM5HL3YX5FAUFNL45RUDPXWMEO7CGXS3,17395
"com,twitter)/gcrclassic/status/1552738939890434048",20220831015157,,https://web.archive.org/web/20220831015157/https://twitter.com/GCRClassic/status/1552738939890434048,https://web.archive.org/web/20220831015157/https://twitter.com/gcrclassic/status/1552738939890434048,https://twitter.com/GCRClassic/status/1552738939890434048,https://twitter.com/gcrclassic/status/1552738939890434048,,,,text/html,200,WDK7CIWWLNPIBPGEAQ7FD2Q5WCZSURPT,17294
"com,twitter)/gcrclassic/status/1552738939890434048?s=21&t=gvlhxijt9dwupg0arn6h4g",20220925182930,,https://web.archive.org/web/20220925182930/https://twitter.com/gcrclassic/status/1552738939890434048?s=21&t=gVLhxIJT9dwUpg0ARn6h4g,https://web.archive.org/web/20220925182930/https://twitter.com/gcrclassic/status/1552738939890434048,https://twitter.com/gcrclassic/status/1552738939890434048?s=21&t=gVLhxIJT9dwUpg0ARn6h4g,https://twitter.com/gcrclassic/status/1552738939890434048,,,,text/html,200,6ZRCNELYUIRDUILFGX3NZV5DCNUDAO64,17675
"com,twitter)/gcrclassic/status/1552738939890434048?t=f2y9lzia53qfjtefar_kwa",20220831015153,,https://web.archive.org/web/20220831015153/https://twitter.com/GCRClassic/status/1552738939890434048?t=f2y9Lzia53qFjTEfAr_KWA,https://web.archive.org/web/20220831015153/https://twitter.com/gcrclassic/status/1552738939890434048,https://twitter.com/GCRClassic/status/1552738939890434048?t=f2y9Lzia53qFjTEfAr_KWA,https://twitter.com/gcrclassic/status/1552738939890434048,,,,text/html,200,PIA4BEP4MHVAH7ILEH35YBDYXJNLOOEL,17318
"com,twitter)/gcrclassic/status/1552738939890434048?t=gvlhxijt9dwupg0arn6h4g",20220925182939,,https://web.archive.org/web/20220925182939/https://twitter.com/gcrclassic/status/1552738939890434048?t=gVLhxIJT9dwUpg0ARn6h4g,https://web.archive.org/web/20220925182939/https://twitter.com/gcrclassic/status/1552738939890434048,https://twitter.com/gcrclassic/status/1552738939890434048?t=gVLhxIJT9dwUpg0ARn6h4g,https://twitter.com/gcrclassic/status/1552738939890434048,,,,text/html,200,O4M6FAEQQN5NEJZZBX64HKMADWZVTM5N,17661
"com,twitter)/gcrclassic/status/1552820678432362496",20220729005844,,https://web.archive.org/web/20220729005844/https://twitter.com/GCRClassic/status/1552820678432362496,https://web.archive.org/web/20220729005844/https://twitter.com/gcrclassic/status/1552820678432362496,https://twitter.com/GCRClassic/status/1552820678432362496,https://twitter.com/gcrclassic/status/1552820678432362496,,,,text/html,200,KK4AZIASIG3KKCJMW7YTFPOYTWNEXURJ,27107
"com,twitter)/gcrclassic/status/1553364030823301122",20220730192844,,https://web.archive.org/web/20220730192844/https://twitter.com/GCRClassic/status/1553364030823301122,https://web.archive.org/web/20220730192844/https://twitter.com/gcrclassic/status/1553364030823301122,https://twitter.com/GCRClassic/status/1553364030823301122,https://twitter.com/gcrclassic/status/1553364030823301122,,,,text/html,200,M2K2D7PDVSLHO7LICKLEBLZOZUEK2PLW,83645
"com,twitter)/gcrclassic/status/1553035415229186048",20220729151122,,https://web.archive.org/web/20220729151122/https://twitter.com/GCRClassic/status/1553035415229186048,https://web.archive.org/web/20220729151122/https://twitter.com/gcrclassic/status/1553035415229186048,https://twitter.com/GCRClassic/status/1553035415229186048,https://twitter.com/gcrclassic/status/1553035415229186048,,,,text/html,200,7AXT4LD5GVH2HS6SXDZS2VIHNLVOFBI5,64751
"com,twitter)/gcrclassic/status/1553367068975796225",20220730130952,,https://web.archive.org/web/20220730130952/https://twitter.com/GCRClassic/status/1553367068975796225,https://web.archive.org/web/20220730130952/https://twitter.com/gcrclassic/status/1553367068975796225,https://twitter.com/GCRClassic/status/1553367068975796225,https://twitter.com/gcrclassic/status/1553367068975796225,,,,text/html,200,LCKLM3FW7HFBUPO6G7D2QVSPAAKQOSW5,41028
"com,twitter)/gcrclassic/status/1553078988767207425",20220729200116,,https://web.archive.org/web/20220729200116/https://twitter.com/GCRClassic/status/1553078988767207425,https://web.archive.org/web/20220729200116/https://twitter.com/gcrclassic/status/1553078988767207425,https://twitter.com/GCRClassic/status/1553078988767207425,https://twitter.com/gcrclassic/status/1553078988767207425,,,,text/html,200,AYQ57QI7X75KHHHYPIHWNTYW7P3NX35B,80490
"com,twitter)/gcrclassic/status/1553364888680112132",20220730202640,,https://web.archive.org/web/20220730202640/https://twitter.com/GCRClassic/status/1553364888680112132,https://web.archive.org/web/20220730202640/https://twitter.com/gcrclassic/status/1553364888680112132,https://twitter.com/GCRClassic/status/1553364888680112132,https://twitter.com/gcrclassic/status/1553364888680112132,,,,text/html,200,GC4JJ3FWBZZCY4BKNAJ4HNKPMAT4VBAA,97176
"com,twitter)/gcrclassic/status/1553372897439252486",20220730133348,,https://web.archive.org/web/20220730133348/https://twitter.com/GCRClassic/status/1553372897439252486,https://web.archive.org/web/20220730133348/https://twitter.com/gcrclassic/status/1553372897439252486,https://twitter.com/GCRClassic/status/1553372897439252486,https://twitter.com/gcrclassic/status/1553372897439252486,,,,text/html,200,SOYCMR22SJIYJMHWHMAUVHZEELA4UXLM,32051
"com,twitter)/gcrclassic/status/1553376824012455937",20220831015155,,https://web.archive.org/web/20220831015155/https://twitter.com/GCRClassic/status/1553376824012455937,https://web.archive.org/web/20220831015155/https://twitter.com/gcrclassic/status/1553376824012455937,https://twitter.com/GCRClassic/status/1553376824012455937,https://twitter.com/gcrclassic/status/1553376824012455937,,,,text/html,200,L4VEZL6Q32ADHFVUSVLHHG2PRXMR2U47,17289
"com,twitter)/gcrclassic/status/1553376824012455937?s=19%0a&t=u7oinhmrok_besxn5ojxaa",20220831030919,,"https://web.archive.org/web/20220831030919/https://twitter.com/GCRClassic/status/1553376824012455937?t=u7OinHmRoK_bESxN5oJXaA&s=19
",https://web.archive.org/web/20220831030919/https://twitter.com/gcrclassic/status/1553376824012455937,https://twitter.com/GCRClassic/status/1553376824012455937?t=u7OinHmRoK_bESxN5oJXaA&s=19%0A,https://twitter.com/gcrclassic/status/1553376824012455937,,,,text/html,200,PQUGWOCFXDD5XVXBD5F4MVCXKMBPLOAR,17377
"com,twitter)/gcrclassic/status/1553376824012455937?t=u7oinhmrok_besxn5ojxaa",20220831015154,,https://web.archive.org/web/20220831015154/https://twitter.com/GCRClassic/status/1553376824012455937?t=u7OinHmRoK_bESxN5oJXaA,https://web.archive.org/web/20220831015154/https://twitter.com/gcrclassic/status/1553376824012455937,https://twitter.com/GCRClassic/status/1553376824012455937?t=u7OinHmRoK_bESxN5oJXaA,https://twitter.com/gcrclassic/status/1553376824012455937,,,,text/html,200,N3PBNYCCYM47WVPIJYMRMXXE3BF64FVA,17320
"com,twitter)/gcrclassic/status/1553376824012455937?s=19&t=u7oinhmrok_besxn5ojxaa",20220831015138,,https://web.archive.org/web/20220831015138/https://twitter.com/GCRClassic/status/1553376824012455937?t=u7OinHmRoK_bESxN5oJXaA&s=19,https://web.archive.org/web/20220831015138/https://twitter.com/gcrclassic/status/1553376824012455937,https://twitter.com/GCRClassic/status/1553376824012455937?t=u7OinHmRoK_bESxN5oJXaA&s=19,https://twitter.com/gcrclassic/status/1553376824012455937,,,,text/html,200,JMDFCCMEMSCRBPHZURBMIZ5SEKRK75OZ,17374
"com,twitter)/gcrclassic/status/1553378815329669121",20220730135611,,https://web.archive.org/web/20220730135611/https://twitter.com/GCRClassic/status/1553378815329669121,https://web.archive.org/web/20220730135611/https://twitter.com/gcrclassic/status/1553378815329669121,https://twitter.com/GCRClassic/status/1553378815329669121,https://twitter.com/gcrclassic/status/1553378815329669121,,,,text/html,200,B2R6JXMLMNW4G6RCR5PVEGMBQA7RWG23,31926
"com,twitter)/gcrclassic/status/1553513811285577731",20220731075218,,https://web.archive.org/web/20220731075218/https://twitter.com/GCRClassic/status/1553513811285577731,https://web.archive.org/web/20220731075218/https://twitter.com/gcrclassic/status/1553513811285577731,https://twitter.com/GCRClassic/status/1553513811285577731,https://twitter.com/gcrclassic/status/1553513811285577731,,,,text/html,200,IHJHPO5M6E64ZTBG7US5AHZIDI35MEZF,101908
"com,twitter)/gcrclassic/status/1553381682094432257",20220730140939,,https://web.archive.org/web/20220730140939/https://twitter.com/GCRClassic/status/1553381682094432257,https://web.archive.org/web/20220730140939/https://twitter.com/gcrclassic/status/1553381682094432257,https://twitter.com/GCRClassic/status/1553381682094432257,https://twitter.com/gcrclassic/status/1553381682094432257,,,,text/html,200,LC3SFKYRINTVRINAH7NPHXNTXGKP6TL7,32084
"com,twitter)/gcrclassic/status/1553474187683155969",20220730210205,,https://web.archive.org/web/20220730210205/https://twitter.com/GCRClassic/status/1553474187683155969,https://web.archive.org/web/20220730210205/https://twitter.com/gcrclassic/status/1553474187683155969,https://twitter.com/GCRClassic/status/1553474187683155969,https://twitter.com/gcrclassic/status/1553474187683155969,,,,text/html,200,WCPJ7SXFYPVMYXBX2IWHFDCU7HE25B7S,47405
"com,twitter)/gcrclassic/status/1554068047895355392",20220801171328,,https://web.archive.org/web/20220801171328/https://twitter.com/GCRClassic/status/1554068047895355392,https://web.archive.org/web/20220801171328/https://twitter.com/gcrclassic/status/1554068047895355392,https://twitter.com/GCRClassic/status/1554068047895355392,https://twitter.com/gcrclassic/status/1554068047895355392,,,,text/html,200,CUGOCSD7KO3RFJPV5DFAZIFAAKMQS3BW,73590
"com,twitter)/gcrclassic/status/1554066858726330368",20220801154824,,https://web.archive.org/web/20220801154824/https://twitter.com/GCRClassic/status/1554066858726330368,https://web.archive.org/web/20220801154824/https://twitter.com/gcrclassic/status/1554066858726330368,https://twitter.com/GCRClassic/status/1554066858726330368,https://twitter.com/gcrclassic/status/1554066858726330368,,,,text/html,200,D5O5FEZW5OR6VQXBLEROJDZI5O5WSZN4,74227
"com,twitter)/gcrclassic/status/1555214235612987393",20220804163419,,https://web.archive.org/web/20220804163419/https://twitter.com/GCRClassic/status/1555214235612987393,https://web.archive.org/web/20220804163419/https://twitter.com/gcrclassic/status/1555214235612987393,https://twitter.com/GCRClassic/status/1555214235612987393,https://twitter.com/gcrclassic/status/1555214235612987393,,,,text/html,200,BF3SFCZNROC4EC2JFMWHWPRKEWGT4B7T,84308
"com,twitter)/gcrclassic/status/1556645763735867392",20220831015256,,https://web.archive.org/web/20220831015256/https://twitter.com/GCRClassic/status/1556645763735867392,https://web.archive.org/web/20220831015256/https://twitter.com/gcrclassic/status/1556645763735867392,https://twitter.com/GCRClassic/status/1556645763735867392,https://twitter.com/gcrclassic/status/1556645763735867392,,,,text/html,200,TU32LLWL5NRCQRW75576SKW732FV2U45,17410
"com,twitter)/gcrclassic/status/1554479502046232577",20220802145047,,https://web.archive.org/web/20220802145047/https://twitter.com/GCRClassic/status/1554479502046232577,https://web.archive.org/web/20220802145047/https://twitter.com/gcrclassic/status/1554479502046232577,https://twitter.com/GCRClassic/status/1554479502046232577,https://twitter.com/gcrclassic/status/1554479502046232577,,,,text/html,200,J6JR42D7NLGOCBENY4JQZAZ7TAELZB36,51632
"com,twitter)/gcrclassic/status/1554836124358430724",20220803142725,,https://web.archive.org/web/20220803142725/https://twitter.com/GCRClassic/status/1554836124358430724,https://web.archive.org/web/20220803142725/https://twitter.com/gcrclassic/status/1554836124358430724,https://twitter.com/GCRClassic/status/1554836124358430724,https://twitter.com/gcrclassic/status/1554836124358430724,,,,text/html,200,WWL3FB67XTVRLK6BLWEPRXZAIYSUMROL,4086
"com,twitter)/gcrclassic/status/1556645763735867392",20221222055401,,https://web.archive.org/web/20221222055401/https://twitter.com/gcrclassic/status/1556645763735867392,https://web.archive.org/web/20221222055401/https://twitter.com/gcrclassic/status/1556645763735867392,https://twitter.com/gcrclassic/status/1556645763735867392,https://twitter.com/gcrclassic/status/1556645763735867392,,,,text/html,200,5D6QN6VZWI5XTN44CLKJI3APMP22TTUK,20035
"com,twitter)/gcrclassic/status/1556645763735867392?s=20&t=whxwbv2_0ai5mro7c-lliw",20220831015246,,https://web.archive.org/web/20220831015246/https://twitter.com/GCRClassic/status/1556645763735867392?s=20&t=WhxWbV2_0Ai5mRo7C-LlIw,https://web.archive.org/web/20220831015246/https://twitter.com/gcrclassic/status/1556645763735867392,https://twitter.com/GCRClassic/status/1556645763735867392?s=20&t=WhxWbV2_0Ai5mRo7C-LlIw,https://twitter.com/gcrclassic/status/1556645763735867392,,,,text/html,200,MM7VVOVB35BGDJYETIXZHNAONER4YJJL,17370
"com,twitter)/gcrclassic/status/1556645763735867392?s=21&t=zzeorlnp6aqqxyfdidirna",20221222055316,,https://web.archive.org/web/20221222055316/https://twitter.com/gcrclassic/status/1556645763735867392?s=21&t=ZZEOrLnP6AqQXyFdIDIRNA,https://web.archive.org/web/20221222055316/https://twitter.com/gcrclassic/status/1556645763735867392,https://twitter.com/gcrclassic/status/1556645763735867392?s=21&t=ZZEOrLnP6AqQXyFdIDIRNA,https://twitter.com/gcrclassic/status/1556645763735867392,,,,text/html,200,5PZ5F22GT762WXX6US3NORMJXODPPTLR,20112
"com,twitter)/gcrclassic/status/1556645763735867392?s=20&t=whxwbv2_0ai5mro7c-lliw%0a%0a%e2%81%89%ef%b8%8f",20220831035240,,"https://web.archive.org/web/20220831035240/https://twitter.com/GCRClassic/status/1556645763735867392?s=20&t=WhxWbV2_0Ai5mRo7C-LlIw

⁉️",https://web.archive.org/web/20220831035240/https://twitter.com/gcrclassic/status/1556645763735867392,https://twitter.com/GCRClassic/status/1556645763735867392?s=20&t=WhxWbV2_0Ai5mRo7C-LlIw%0A%0A%E2%81%89%EF%B8%8F,https://twitter.com/gcrclassic/status/1556645763735867392,,,,text/html,200,2K2HXUD5DWK33ZSAEV6BE7CZIYXJAQ7W,17340
"com,twitter)/gcrclassic/status/1556645763735867392?t=zzeorlnp6aqqxyfdidirna",20221222055435,,https://web.archive.org/web/20221222055435/https://twitter.com/gcrclassic/status/1556645763735867392?t=ZZEOrLnP6AqQXyFdIDIRNA,https://web.archive.org/web/20221222055435/https://twitter.com/gcrclassic/status/1556645763735867392,https://twitter.com/gcrclassic/status/1556645763735867392?t=ZZEOrLnP6AqQXyFdIDIRNA,https://twitter.com/gcrclassic/status/1556645763735867392,,,,text/html,200,PFJDBXNJQKANHCFKCJOPLNJUGBZWYRNY,20093
"com,twitter)/gcrclassic/status/1556645763735867392?t=whxwbv2_0ai5mro7c-lliw%0a%0a%e2%81%89%ef%b8%8f",20220831035307,,"https://web.archive.org/web/20220831035307/https://twitter.com/GCRClassic/status/1556645763735867392?t=WhxWbV2_0Ai5mRo7C-LlIw

⁉️",https://web.archive.org/web/20220831035307/https://twitter.com/gcrclassic/status/1556645763735867392,https://twitter.com/GCRClassic/status/1556645763735867392?t=WhxWbV2_0Ai5mRo7C-LlIw%0A%0A%E2%81%89%EF%B8%8F,https://twitter.com/gcrclassic/status/1556645763735867392,,,,text/html,200,EJHGKH7MACADCPNKHPQVTC52QW3MCUE5,17405
"com,twitter)/gcrclassic/status/1556645763735867392?t=whxwbv2_0ai5mro7c-lliw",20220831015256,,https://web.archive.org/web/20220831015256/https://twitter.com/GCRClassic/status/1556645763735867392?t=WhxWbV2_0Ai5mRo7C-LlIw,https://web.archive.org/web/20220831015256/https://twitter.com/gcrclassic/status/1556645763735867392,https://twitter.com/GCRClassic/status/1556645763735867392?t=WhxWbV2_0Ai5mRo7C-LlIw,https://twitter.com/gcrclassic/status/1556645763735867392,,,,text/html,200,RO36DNUK67CGX2CMYTNZQ37SKX2VMR2E,17309
"com,twitter)/gcrclassic/status/1556645763735867392?t=zzeorlnp6aqqxyfdidirna%0a",20221222055414,,"https://web.archive.org/web/20221222055414/https://twitter.com/gcrclassic/status/1556645763735867392?t=ZZEOrLnP6AqQXyFdIDIRNA
",https://web.archive.org/web/20221222055414/https://twitter.com/gcrclassic/status/1556645763735867392,https://twitter.com/gcrclassic/status/1556645763735867392?t=ZZEOrLnP6AqQXyFdIDIRNA%0A,https://twitter.com/gcrclassic/status/1556645763735867392,,,,text/html,200,QAFF5LULCUPDJEQR32OL7A3BYDAYZJ2V,20066
"com,twitter)/gcrclassic/status/1556737946384056320",20220809044033,,https://web.archive.org/web/20220809044033/https://twitter.com/GCRClassic/status/1556737946384056320,https://web.archive.org/web/20220809044033/https://twitter.com/gcrclassic/status/1556737946384056320,https://twitter.com/GCRClassic/status/1556737946384056320,https://twitter.com/gcrclassic/status/1556737946384056320,,,,text/html,200,NI4HGCVDGUBOGJ4UH5SMVR4O3LMZEENZ,81204
"com,twitter)/gcrclassic/status/1556737946384056320",20221210064631,,https://web.archive.org/web/20221210064631/https://twitter.com/gcrclassic/status/1556737946384056320,https://web.archive.org/web/20221210064631/https://twitter.com/gcrclassic/status/1556737946384056320,https://twitter.com/gcrclassic/status/1556737946384056320,https://twitter.com/gcrclassic/status/1556737946384056320,,,,text/html,200,6R6TCQVM5Q73GF26XNLDCF3MCBH2ZAAP,19645
"com,twitter)/gcrclassic/status/1558871795322830851",20220815063353,,https://web.archive.org/web/20220815063353/https://twitter.com/GCRClassic/status/1558871795322830851,https://web.archive.org/web/20220815063353/https://twitter.com/gcrclassic/status/1558871795322830851,https://twitter.com/GCRClassic/status/1558871795322830851,https://twitter.com/gcrclassic/status/1558871795322830851,,,,text/html,200,PF7NUYLOSJMLNTXLKB6PMZ57LBN77WZU,6519
"com,twitter)/gcrclassic/status/1560590151419584512",20220819120104,,https://web.archive.org/web/20220819120104/https://twitter.com/GCRClassic/status/1560590151419584512,https://web.archive.org/web/20220819120104/https://twitter.com/gcrclassic/status/1560590151419584512,https://twitter.com/GCRClassic/status/1560590151419584512,https://twitter.com/gcrclassic/status/1560590151419584512,,,,text/html,200,R2NUIJPOEM7AZBPQV63FIAAXNUPZV4FB,84585
"com,twitter)/gcrclassic/status/1560590954427457538",20220819113437,,https://web.archive.org/web/20220819113437/https://twitter.com/GCRClassic/status/1560590954427457538,https://web.archive.org/web/20220819113437/https://twitter.com/gcrclassic/status/1560590954427457538,https://twitter.com/GCRClassic/status/1560590954427457538,https://twitter.com/gcrclassic/status/1560590954427457538,,,,text/html,200,J4YIJCXVEXIJRP6YM26KO45UEUJF6WL4,2528
"com,twitter)/gcrclassic/status/1561763980028379137",20220822230952,,https://web.archive.org/web/20220822230952/https://twitter.com/GCRClassic/status/1561763980028379137,https://web.archive.org/web/20220822230952/https://twitter.com/gcrclassic/status/1561763980028379137,https://twitter.com/GCRClassic/status/1561763980028379137,https://twitter.com/gcrclassic/status/1561763980028379137,,,,text/html,200,WUNGKTCEHGQI6G6GVIXS7IV25CW5PHR6,4142
"com,twitter)/gcrclassic/status/1557778016947867649",20220811224127,,https://web.archive.org/web/20220811224127/https://twitter.com/GCRClassic/status/1557778016947867649,https://web.archive.org/web/20220811224127/https://twitter.com/gcrclassic/status/1557778016947867649,https://twitter.com/GCRClassic/status/1557778016947867649,https://twitter.com/gcrclassic/status/1557778016947867649,,,,text/html,200,YZFROIAD7PJOQHG5ZBKYLDEX42OB3GJV,79492
"com,twitter)/gcrclassic/status/1561729909319417857",20220822150110,,https://web.archive.org/web/20220822150110/https://twitter.com/GCRClassic/status/1561729909319417857,https://web.archive.org/web/20220822150110/https://twitter.com/gcrclassic/status/1561729909319417857,https://twitter.com/GCRClassic/status/1561729909319417857,https://twitter.com/gcrclassic/status/1561729909319417857,,,,text/html,200,XZ4H32SKELMUFHKCDQEQYFWUPWIFU5P4,73522
"com,twitter)/gcrclassic/status/1564621260868419584",20220830161746,,https://web.archive.org/web/20220830161746/https://twitter.com/GCRClassic/status/1564621260868419584,https://web.archive.org/web/20220830161746/https://twitter.com/gcrclassic/status/1564621260868419584,https://twitter.com/GCRClassic/status/1564621260868419584,https://twitter.com/gcrclassic/status/1564621260868419584,,,,text/html,200,GH62ROVDSP2XH3OT65R7IGUBWLHPU4MD,70504
"com,twitter)/gcrclassic/status/1562858763333251072",20220825192749,,https://web.archive.org/web/20220825192749/https://twitter.com/GCRClassic/status/1562858763333251072,https://web.archive.org/web/20220825192749/https://twitter.com/gcrclassic/status/1562858763333251072,https://twitter.com/GCRClassic/status/1562858763333251072,https://twitter.com/gcrclassic/status/1562858763333251072,,,,text/html,200,HEFOA7TKLA366EOZJP3T3JXOKB3LA3O2,50484
"com,twitter)/gcrclassic/status/1567883503848628225",20220908143425,,https://web.archive.org/web/20220908143425/https://twitter.com/GCRClassic/status/1567883503848628225,https://web.archive.org/web/20220908143425/https://twitter.com/gcrclassic/status/1567883503848628225,https://twitter.com/GCRClassic/status/1567883503848628225,https://twitter.com/gcrclassic/status/1567883503848628225,,,,text/html,200,J5BB5ML4NAXO5ZME2MUBAAG6A6DOHZQQ,44171
"com,twitter)/gcrclassic/status/1567883503848628225?ref_src=twsrc^tfw",20220921013814,,https://web.archive.org/web/20220921013814/https://twitter.com/GCRClassic/status/1567883503848628225?ref_src=twsrc^tfw,https://web.archive.org/web/20220921013814/https://twitter.com/gcrclassic/status/1567883503848628225,https://twitter.com/GCRClassic/status/1567883503848628225?ref_src=twsrc%5Etfw,https://twitter.com/gcrclassic/status/1567883503848628225,,,,unk,429,3I42H3S6NNFQ2MSVX7XZKYAYSCX5QBYJ,1506
"com,twitter)/gcrclassic/status/1567953212270854146",20220908190945,,https://web.archive.org/web/20220908190945/https://twitter.com/GCRClassic/status/1567953212270854146,https://web.archive.org/web/20220908190945/https://twitter.com/gcrclassic/status/1567953212270854146,https://twitter.com/GCRClassic/status/1567953212270854146,https://twitter.com/gcrclassic/status/1567953212270854146,,,,text/html,200,X5TYQ2IALZXJ3OS5X6LL62LEZ4HD7CVS,63903
"com,twitter)/gcrclassic/status/1567953212270854146",20220922042501,,https://web.archive.org/web/20220922042501/https://twitter.com/gcrclassic/status/1567953212270854146,https://web.archive.org/web/20220922042501/https://twitter.com/gcrclassic/status/1567953212270854146,https://twitter.com/gcrclassic/status/1567953212270854146,https://twitter.com/gcrclassic/status/1567953212270854146,,,,text/html,200,HKDSRFCJIB3LP7BOZMAQUEOQFXAIBEOR,17543
"com,twitter)/gcrclassic/status/1567953212270854146?s=46&t=9dxktpx2dqokfosvrugf0w%0a%0agcr%ec%9d%80",20220928094734,,"https://web.archive.org/web/20220928094734/https://twitter.com/gcrclassic/status/1567953212270854146?s=46&t=9DXKTPX2dqOkFosVRUgf0w

GCR은",https://web.archive.org/web/20220928094734/https://twitter.com/gcrclassic/status/1567953212270854146,https://twitter.com/gcrclassic/status/1567953212270854146?s=46&t=9DXKTPX2dqOkFosVRUgf0w%0A%0AGCR%EC%9D%80,https://twitter.com/gcrclassic/status/1567953212270854146,,,,text/html,200,EYGF4TG3NCZOMHOKHH4KS63SB7NULSSR,17235
"com,twitter)/gcrclassic/status/1567953212270854146?s=46&t=9dxktpx2dqokfosvrugf0w",20220922041810,,https://web.archive.org/web/20220922041810/https://twitter.com/gcrclassic/status/1567953212270854146?s=46&t=9DXKTPX2dqOkFosVRUgf0w,https://web.archive.org/web/20220922041810/https://twitter.com/gcrclassic/status/1567953212270854146,https://twitter.com/gcrclassic/status/1567953212270854146?s=46&t=9DXKTPX2dqOkFosVRUgf0w,https://twitter.com/gcrclassic/status/1567953212270854146,,,,text/html,200,YYATLKXEQENE6D75LCM2INPFGO7RRA2T,17551
"com,twitter)/gcrclassic/status/1567953212270854146?t=9dxktpx2dqokfosvrugf0w",20220922042147,,https://web.archive.org/web/20220922042147/https://twitter.com/gcrclassic/status/1567953212270854146?t=9DXKTPX2dqOkFosVRUgf0w,https://web.archive.org/web/20220922042147/https://twitter.com/gcrclassic/status/1567953212270854146,https://twitter.com/gcrclassic/status/1567953212270854146?t=9DXKTPX2dqOkFosVRUgf0w,https://twitter.com/gcrclassic/status/1567953212270854146,,,,text/html,200,LRQGUSXGU27KYU7IL7J5VLBBEXFYQWSO,17610
"com,twitter)/gcrclassic/status/1567953212270854146?t=9dxktpx2dqokfosvrugf0w%0a%0agcr%ec%9d%80",20220928094805,,"https://web.archive.org/web/20220928094805/https://twitter.com/gcrclassic/status/1567953212270854146?t=9DXKTPX2dqOkFosVRUgf0w

GCR은",https://web.archive.org/web/20220928094805/https://twitter.com/gcrclassic/status/1567953212270854146,https://twitter.com/gcrclassic/status/1567953212270854146?t=9DXKTPX2dqOkFosVRUgf0w%0A%0AGCR%EC%9D%80,https://twitter.com/gcrclassic/status/1567953212270854146,,,,text/html,200,IEHANRAPMRE2TU3UYMRWARWE7IFGQXKV,17299
"com,twitter)/gcrclassic/status/1568285126399770629",20220911000444,,https://web.archive.org/web/20220911000444/https://twitter.com/gcrclassic/status/1568285126399770629,https://web.archive.org/web/20220911000444/https://twitter.com/gcrclassic/status/1568285126399770629,https://twitter.com/gcrclassic/status/1568285126399770629,https://twitter.com/gcrclassic/status/1568285126399770629,,,,text/html,200,NH2LXZRTIUBOYKT3SZNRL63T4FDSXEKF,17626
"com,twitter)/gcrclassic/status/1568285126399770629",20220911171749,,https://web.archive.org/web/20220911171749/https://twitter.com/GCRClassic/status/1568285126399770629,https://web.archive.org/web/20220911171749/https://twitter.com/gcrclassic/status/1568285126399770629,https://twitter.com/GCRClassic/status/1568285126399770629,https://twitter.com/gcrclassic/status/1568285126399770629,,,,text/html,200,HIMUPZ3MKW5SDEZHKMJA4F37TF6FD2AS,17541
"com,twitter)/gcrclassic/status/1568285126399770629/photo/1",20220922043812,,https://web.archive.org/web/20220922043812/https://twitter.com/GCRClassic/status/1568285126399770629/photo/1,https://web.archive.org/web/20220922043812/https://twitter.com/gcrclassic/status/1568285126399770629,https://twitter.com/GCRClassic/status/1568285126399770629/photo/1,https://twitter.com/gcrclassic/status/1568285126399770629,,,,text/html,302,GCXPQGFWSZUF2BKWFIBWYYXGXAZZF5U5,1691
"com,twitter)/gcrclassic/status/1568285126399770629?s=46&t=-nxfnnxfcnwnofd-peh7bg",20220911000352,,https://web.archive.org/web/20220911000352/https://twitter.com/gcrclassic/status/1568285126399770629?s=46&t=-nXFNnxfCNWnoFd-pEh7bg,https://web.archive.org/web/20220911000352/https://twitter.com/gcrclassic/status/1568285126399770629,https://twitter.com/gcrclassic/status/1568285126399770629?s=46&t=-nXFNnxfCNWnoFd-pEh7bg,https://twitter.com/gcrclassic/status/1568285126399770629,,,,text/html,200,JAR5RNGHQC2ZQJ7PIGKJ4ZEX5CPNBPUV,17671
"com,twitter)/gcrclassic/status/1568285126399770629?s=20&t=lop08uw1zuubucagdr9rgw",20220922062522,,https://web.archive.org/web/20220922062522/https://twitter.com/GCRClassic/status/1568285126399770629?s=20&t=LOp08UW1zUuBUcAgDR9rgw,https://web.archive.org/web/20220922062522/https://twitter.com/gcrclassic/status/1568285126399770629,https://twitter.com/GCRClassic/status/1568285126399770629?s=20&t=LOp08UW1zUuBUcAgDR9rgw,https://twitter.com/gcrclassic/status/1568285126399770629,,,,text/html,200,XO5QSD7SEEGJUQEN7WASFNGVO5KJN62D,17554
"com,twitter)/gcrclassic/status/1568285126399770629?s=21&t=anth-iej2tw29irwsovf4g",20221011213437,,https://web.archive.org/web/20221011213437/https://twitter.com/gcrclassic/status/1568285126399770629?s=21&t=AnTH-ieJ2TW29iRwSOVf4g,https://web.archive.org/web/20221011213437/https://twitter.com/gcrclassic/status/1568285126399770629,https://twitter.com/gcrclassic/status/1568285126399770629?s=21&t=AnTH-ieJ2TW29iRwSOVf4g,https://twitter.com/gcrclassic/status/1568285126399770629,,,,text/html,200,ZKN5IHZIJA4XYHJ3EYO7525DOPO7YEML,18211
"com,twitter)/gcrclassic/status/1568285126399770629?s=20&t=299nfsvuctzj3qvagagsqg",20220913165036,,https://web.archive.org/web/20220913165036/https://twitter.com/GCRClassic/status/1568285126399770629?s=20&t=299nfSVuctzJ3QvAGAgsqg,https://web.archive.org/web/20220913165036/https://twitter.com/gcrclassic/status/1568285126399770629,https://twitter.com/GCRClassic/status/1568285126399770629?s=20&t=299nfSVuctzJ3QvAGAgsqg,https://twitter.com/gcrclassic/status/1568285126399770629,,,,text/html,200,H2PORLEHTLYDQJSY72PHBDZUN3I56UCE,17583
"com,twitter)/gcrclassic/status/1568285126399770629?s=46&t=3atm0u3s90in_7wrxmhxrw",20220928092207,,https://web.archive.org/web/20220928092207/https://twitter.com/gcrclassic/status/1568285126399770629?s=46&t=3atm0u3s90IN_7WrXMhxrw,https://web.archive.org/web/20220928092207/https://twitter.com/gcrclassic/status/1568285126399770629,https://twitter.com/gcrclassic/status/1568285126399770629?s=46&t=3atm0u3s90IN_7WrXMhxrw,https://twitter.com/gcrclassic/status/1568285126399770629,,,,text/html,200,4EB2K2DHSLHCXDNQ3WWFUBFOVOJFXLON,17378
"com,twitter)/gcrclassic/status/1568285126399770629?s=46&t=3atm0u3s90in_7wrxmhxrw%0a%0agcr",20220928160221,,"https://web.archive.org/web/20220928160221/https://twitter.com/gcrclassic/status/1568285126399770629?s=46&t=3atm0u3s90IN_7WrXMhxrw

GCR",https://web.archive.org/web/20220928160221/https://twitter.com/gcrclassic/status/1568285126399770629,https://twitter.com/gcrclassic/status/1568285126399770629?s=46&t=3atm0u3s90IN_7WrXMhxrw%0A%0AGCR,https://twitter.com/gcrclassic/status/1568285126399770629,,,,text/html,200,AQD3J4CAGB5TJZRVB5BEPEBYZ6SEWB7W,17294
"com,twitter)/gcrclassic/status/1568285126399770629?s=46&t=bchla4pqyczt0tnejrsdfg%0a",20221203072459,,"https://web.archive.org/web/20221203072459/https://twitter.com/gcrclassic/status/1568285126399770629?s=46&t=BCHLA4PqyCZT0TNejRsdfg
",https://web.archive.org/web/20221203072459/https://twitter.com/gcrclassic/status/1568285126399770629,https://twitter.com/gcrclassic/status/1568285126399770629?s=46&t=BCHLA4PqyCZT0TNejRsdfg%0A,https://twitter.com/gcrclassic/status/1568285126399770629,,,,text/html,200,553IJOI2EHOH25XEE5ROOYHJXWOCYRNK,19621
"com,twitter)/gcrclassic/status/1568285126399770629?s=46&t=bchla4pqyczt0tnejrsdfg",20221202162348,,https://web.archive.org/web/20221202162348/https://twitter.com/gcrclassic/status/1568285126399770629?s=46&t=BCHLA4PqyCZT0TNejRsdfg,https://web.archive.org/web/20221202162348/https://twitter.com/gcrclassic/status/1568285126399770629,https://twitter.com/gcrclassic/status/1568285126399770629?s=46&t=BCHLA4PqyCZT0TNejRsdfg,https://twitter.com/gcrclassic/status/1568285126399770629,,,,text/html,200,FYEDICCKIMLIQ35W7VJ2MYPFIRPPTBT3,19636
"com,twitter)/gcrclassic/status/1568285126399770629?t=-nxfnnxfcnwnofd-peh7bg",20220911000446,,https://web.archive.org/web/20220911000446/https://twitter.com/gcrclassic/status/1568285126399770629?t=-nXFNnxfCNWnoFd-pEh7bg,https://web.archive.org/web/20220911000446/https://twitter.com/gcrclassic/status/1568285126399770629,https://twitter.com/gcrclassic/status/1568285126399770629?t=-nXFNnxfCNWnoFd-pEh7bg,https://twitter.com/gcrclassic/status/1568285126399770629,,,,text/html,200,OFQJVNJGNZLL5JQL7QQZ7MJ2JFD2ZGTB,17595
"com,twitter)/gcrclassic/status/1568285126399770629?t=3atm0u3s90in_7wrxmhxrw",20220928092234,,https://web.archive.org/web/20220928092234/https://twitter.com/gcrclassic/status/1568285126399770629?t=3atm0u3s90IN_7WrXMhxrw,https://web.archive.org/web/20220928092234/https://twitter.com/gcrclassic/status/1568285126399770629,https://twitter.com/gcrclassic/status/1568285126399770629?t=3atm0u3s90IN_7WrXMhxrw,https://twitter.com/gcrclassic/status/1568285126399770629,,,,text/html,200,26AUK57QWCU6DIUJQAHNIC2243FXVP5G,17205
"com,twitter)/gcrclassic/status/1568285126399770629?t=299nfsvuctzj3qvagagsqg",20220913165233,,https://web.archive.org/web/20220913165233/https://twitter.com/GCRClassic/status/1568285126399770629?t=299nfSVuctzJ3QvAGAgsqg,https://web.archive.org/web/20220913165233/https://twitter.com/gcrclassic/status/1568285126399770629,https://twitter.com/GCRClassic/status/1568285126399770629?t=299nfSVuctzJ3QvAGAgsqg,https://twitter.com/gcrclassic/status/1568285126399770629,,,,text/html,200,XBHCFGXS52EYG6UH4YJJ34T3FWC27DWU,17579
"com,twitter)/gcrclassic/status/1568285126399770629?t=3atm0u3s90in_7wrxmhxrw%0a%0agcr",20220928160246,,"https://web.archive.org/web/20220928160246/https://twitter.com/gcrclassic/status/1568285126399770629?t=3atm0u3s90IN_7WrXMhxrw

GCR",https://web.archive.org/web/20220928160246/https://twitter.com/gcrclassic/status/1568285126399770629,https://twitter.com/gcrclassic/status/1568285126399770629?t=3atm0u3s90IN_7WrXMhxrw%0A%0AGCR,https://twitter.com/gcrclassic/status/1568285126399770629,,,,text/html,200,7PCTFR25BI6RJKDQFOOIU3GYIZDIBYPQ,17324
"com,twitter)/gcrclassic/status/1568285126399770629?t=anth-iej2tw29irwsovf4g",20221011213449,,https://web.archive.org/web/20221011213449/https://twitter.com/gcrclassic/status/1568285126399770629?t=AnTH-ieJ2TW29iRwSOVf4g,https://web.archive.org/web/20221011213449/https://twitter.com/gcrclassic/status/1568285126399770629,https://twitter.com/gcrclassic/status/1568285126399770629?t=AnTH-ieJ2TW29iRwSOVf4g,https://twitter.com/gcrclassic/status/1568285126399770629,,,,text/html,200,KM2XHVWC75IJAY2QNXHSJGORLTVMSRNS,18279
"com,twitter)/gcrclassic/status/1568285126399770629?t=bchla4pqyczt0tnejrsdfg",20221203131552,,https://web.archive.org/web/20221203131552/https://twitter.com/gcrclassic/status/1568285126399770629?t=BCHLA4PqyCZT0TNejRsdfg,https://web.archive.org/web/20221203131552/https://twitter.com/gcrclassic/status/1568285126399770629,https://twitter.com/gcrclassic/status/1568285126399770629?t=BCHLA4PqyCZT0TNejRsdfg,https://twitter.com/gcrclassic/status/1568285126399770629,,,,text/html,200,PTBE5JC4QHVMBWWEZV2O4ROTEXPJRTBK,19598
"com,twitter)/gcrclassic/status/1523811739808288768",20220509234654,,https://web.archive.org/web/20220509234654/https://twitter.com/GCRClassic/status/1523811739808288768,https://web.archive.org/web/20220509234654/https://twitter.com/gcrclassic/status/1523811739808288768,https://twitter.com/GCRClassic/status/1523811739808288768,https://twitter.com/gcrclassic/status/1523811739808288768,,,,text/html,200,NPF7EAW4TDLFOWEL2A25LBAMCONFF2SR,2550
"com,twitter)/gcrclassic/status/1523811739808288768",20220722135002,,https://web.archive.org/web/20220722135002/https://twitter.com/GCRClassic/status/1523811739808288768,https://web.archive.org/web/20220722135002/https://twitter.com/gcrclassic/status/1523811739808288768,https://twitter.com/GCRClassic/status/1523811739808288768,https://twitter.com/gcrclassic/status/1523811739808288768,,,,text/html,200,WNDYLFOSRRDW2SK5FSWEIZUKEAJNFSLB,80427
"com,twitter)/gcrclassic/status/1568285126399770629?t=bchla4pqyczt0tnejrsdfg%0a",20221203074022,,"https://web.archive.org/web/20221203074022/https://twitter.com/gcrclassic/status/1568285126399770629?t=BCHLA4PqyCZT0TNejRsdfg
",https://web.archive.org/web/20221203074022/https://twitter.com/gcrclassic/status/1568285126399770629,https://twitter.com/gcrclassic/status/1568285126399770629?t=BCHLA4PqyCZT0TNejRsdfg%0A,https://twitter.com/gcrclassic/status/1568285126399770629,,,,text/html,200,K2DV4EGWLCLJL4UARPITRVYOURXRD7LN,19698
"com,twitter)/gcrclassic/status/1568285126399770629?t=lop08uw1zuubucagdr9rgw",20220922062610,,https://web.archive.org/web/20220922062610/https://twitter.com/GCRClassic/status/1568285126399770629?t=LOp08UW1zUuBUcAgDR9rgw,https://web.archive.org/web/20220922062610/https://twitter.com/gcrclassic/status/1568285126399770629,https://twitter.com/GCRClassic/status/1568285126399770629?t=LOp08UW1zUuBUcAgDR9rgw,https://twitter.com/gcrclassic/status/1568285126399770629,,,,text/html,200,GT266BCWLHUGIWVGE57UXZU7FCGAWOHQ,17554
"com,twitter)/gcrclassic/status/1568723822433517568",20220911143223,,https://web.archive.org/web/20220911143223/https://twitter.com/gcrclassic/status/1568723822433517568,https://web.archive.org/web/20220911143223/https://twitter.com/gcrclassic/status/1568723822433517568,https://twitter.com/gcrclassic/status/1568723822433517568,https://twitter.com/gcrclassic/status/1568723822433517568,,,,text/html,200,MUUYIJL7K64KILCPEH6U7JKWPP2KH3TJ,17666
"com,twitter)/gcrclassic/status/1568723822433517568?s=35%0a&t=lxpkwqz-vjvt3phywzatfa",20221010125917,,"https://web.archive.org/web/20221010125917/https://twitter.com/GCRClassic/status/1568723822433517568?t=LxpkWQz-VJVt3phYwZatFA&s=35
",https://web.archive.org/web/20221010125917/https://twitter.com/gcrclassic/status/1568723822433517568,https://twitter.com/GCRClassic/status/1568723822433517568?t=LxpkWQz-VJVt3phYwZatFA&s=35%0A,https://twitter.com/gcrclassic/status/1568723822433517568,,,,text/html,200,MAZJ3LULQP4LWIOD7U5Z3VTTDW2JPZ3A,18174
"com,twitter)/gcrclassic/status/1568723822433517568?s=46&t=s4-upe0utt6l8jb1ttpfba",20220911143206,,https://web.archive.org/web/20220911143206/https://twitter.com/gcrclassic/status/1568723822433517568?s=46&t=S4-upe0UtT6l8JB1ttPFbA,https://web.archive.org/web/20220911143206/https://twitter.com/gcrclassic/status/1568723822433517568,https://twitter.com/gcrclassic/status/1568723822433517568?s=46&t=S4-upe0UtT6l8JB1ttPFbA,https://twitter.com/gcrclassic/status/1568723822433517568,,,,text/html,200,MWOC6EEXL3H7GUFSRRIZRMTOMTVXWAXJ,17508
"com,twitter)/gcrclassic/status/1568723822433517568?s=35&t=lxpkwqz-vjvt3phywzatfa",20221010112222,,https://web.archive.org/web/20221010112222/https://twitter.com/GCRClassic/status/1568723822433517568?t=LxpkWQz-VJVt3phYwZatFA&s=35,https://web.archive.org/web/20221010112222/https://twitter.com/gcrclassic/status/1568723822433517568,https://twitter.com/GCRClassic/status/1568723822433517568?t=LxpkWQz-VJVt3phYwZatFA&s=35,https://twitter.com/gcrclassic/status/1568723822433517568,,,,text/html,200,YULH6ZQSHSQJOE6BCBGCY7VR3MCX54ND,18187
"com,twitter)/gcrclassic/status/1568723822433517568",20221010114246,,https://web.archive.org/web/20221010114246/https://twitter.com/GCRClassic/status/1568723822433517568,https://web.archive.org/web/20221010114246/https://twitter.com/gcrclassic/status/1568723822433517568,https://twitter.com/GCRClassic/status/1568723822433517568,https://twitter.com/gcrclassic/status/1568723822433517568,,,,text/html,200,URNYHZYMISZCX5PFKMCX7NEW2JQ63FXT,18168
"com,twitter)/gcrclassic/status/1568723822433517568?t=lxpkwqz-vjvt3phywzatfa",20221010112515,,https://web.archive.org/web/20221010112515/https://twitter.com/GCRClassic/status/1568723822433517568?t=LxpkWQz-VJVt3phYwZatFA,https://web.archive.org/web/20221010112515/https://twitter.com/gcrclassic/status/1568723822433517568,https://twitter.com/GCRClassic/status/1568723822433517568?t=LxpkWQz-VJVt3phYwZatFA,https://twitter.com/gcrclassic/status/1568723822433517568,,,,text/html,200,73HTV7MD764BCPBTMGZYRRZ5EPULO2TY,18172
"com,twitter)/gcrclassic/status/1568984357553016832",20220912025102,,https://web.archive.org/web/20220912025102/https://twitter.com/gcrclassic/status/1568984357553016832,https://web.archive.org/web/20220912025102/https://twitter.com/gcrclassic/status/1568984357553016832,https://twitter.com/gcrclassic/status/1568984357553016832,https://twitter.com/gcrclassic/status/1568984357553016832,,,,text/html,200,D4H6LVYHGJI4AQBQLWEHBYU2XRVQB5EA,17638
"com,twitter)/gcrclassic/status/1568723822433517568?t=s4-upe0utt6l8jb1ttpfba",20220911143240,,https://web.archive.org/web/20220911143240/https://twitter.com/gcrclassic/status/1568723822433517568?t=S4-upe0UtT6l8JB1ttPFbA,https://web.archive.org/web/20220911143240/https://twitter.com/gcrclassic/status/1568723822433517568,https://twitter.com/gcrclassic/status/1568723822433517568?t=S4-upe0UtT6l8JB1ttPFbA,https://twitter.com/gcrclassic/status/1568723822433517568,,,,text/html,200,NKCMHUXYV4VJS7TZ7JRORH22C27KGH4X,17677
"com,twitter)/gcrclassic/status/1569346321122820097",20220912152454,,https://web.archive.org/web/20220912152454/https://twitter.com/GCRClassic/status/1569346321122820097,https://web.archive.org/web/20220912152454/https://twitter.com/gcrclassic/status/1569346321122820097,https://twitter.com/GCRClassic/status/1569346321122820097,https://twitter.com/gcrclassic/status/1569346321122820097,,,,application/json,-,3T5ST2H35ZNG5NTYJLO5LEW6JXC6X27E,1261
"com,twitter)/gcrclassic/status/1568984357553016832?s=46&t=xxy47dseov-fndxhxvqiia",20220912024527,,https://web.archive.org/web/20220912024527/https://twitter.com/gcrclassic/status/1568984357553016832?s=46&t=XXy47DSEOv-FnDXHXVQIIA,https://web.archive.org/web/20220912024527/https://twitter.com/gcrclassic/status/1568984357553016832,https://twitter.com/gcrclassic/status/1568984357553016832?s=46&t=XXy47DSEOv-FnDXHXVQIIA,https://twitter.com/gcrclassic/status/1568984357553016832,,,,text/html,200,SDTFNAV4OWHCWB2QGZ6GCCZCAJVKFALW,17568
"com,twitter)/gcrclassic/status/1570021237992337408/photo/1",20220929042756,,https://web.archive.org/web/20220929042756/https://twitter.com/GCRClassic/status/1570021237992337408/photo/1,https://web.archive.org/web/20220929042756/https://twitter.com/gcrclassic/status/1570021237992337408,https://twitter.com/GCRClassic/status/1570021237992337408/photo/1,https://twitter.com/gcrclassic/status/1570021237992337408,,,,text/html,200,I5P5CBCCTT57EYP6CTPIDKSJEJA5ECE5,17257
"com,twitter)/gcrclassic/status/1570021237992337408",20220914121707,,https://web.archive.org/web/20220914121707/https://twitter.com/GCRClassic/status/1570021237992337408,https://web.archive.org/web/20220914121707/https://twitter.com/gcrclassic/status/1570021237992337408,https://twitter.com/GCRClassic/status/1570021237992337408,https://twitter.com/gcrclassic/status/1570021237992337408,,,,text/html,200,XUCPN4U5RQAC4GN4Q7TS7TVIZ3QUOQV4,24325
"com,twitter)/gcrclassic/status/1570021237992337408",20220915011802,,https://web.archive.org/web/20220915011802/https://twitter.com/gcrclassic/status/1570021237992337408,https://web.archive.org/web/20220915011802/https://twitter.com/gcrclassic/status/1570021237992337408,https://twitter.com/gcrclassic/status/1570021237992337408,https://twitter.com/gcrclassic/status/1570021237992337408,,,,text/html,200,W6F7BQSRUD7WEWRJVLJIDWKYTSYKB3HP,17570
"com,twitter)/gcrclassic/status/1568984357553016832?t=xxy47dseov-fndxhxvqiia",20220912024737,,https://web.archive.org/web/20220912024737/https://twitter.com/gcrclassic/status/1568984357553016832?t=XXy47DSEOv-FnDXHXVQIIA,https://web.archive.org/web/20220912024737/https://twitter.com/gcrclassic/status/1568984357553016832,https://twitter.com/gcrclassic/status/1568984357553016832?t=XXy47DSEOv-FnDXHXVQIIA,https://twitter.com/gcrclassic/status/1568984357553016832,,,,text/html,200,FJEZZWJO74E522TMQC3RSW65IMM3FWNG,17640
"com,twitter)/gcrclassic/status/1570021237992337408?s=21&t=abcxqiauvo8h329m9lnd7a",20220915011621,,https://web.archive.org/web/20220915011621/https://twitter.com/gcrclassic/status/1570021237992337408?s=21&t=aBcXQiAUVo8H329m9lNd7A,https://web.archive.org/web/20220915011621/https://twitter.com/gcrclassic/status/1570021237992337408,https://twitter.com/gcrclassic/status/1570021237992337408?s=21&t=aBcXQiAUVo8H329m9lNd7A,https://twitter.com/gcrclassic/status/1570021237992337408,,,,text/html,200,PMEGNP7LU6X2XMIOO6GKPCYVDG4I34LZ,17723
"com,twitter)/gcrclassic/status/1570021237992337408?t=abcxqiauvo8h329m9lnd7a",20220915011748,,https://web.archive.org/web/20220915011748/https://twitter.com/gcrclassic/status/1570021237992337408?t=aBcXQiAUVo8H329m9lNd7A,https://web.archive.org/web/20220915011748/https://twitter.com/gcrclassic/status/1570021237992337408,https://twitter.com/gcrclassic/status/1570021237992337408?t=aBcXQiAUVo8H329m9lNd7A,https://twitter.com/gcrclassic/status/1570021237992337408,,,,text/html,200,RK7FIEWZ6MQVXHUU2RCUVZT3XJ6DI7VJ,17610
"com,twitter)/gcrclassic/status/1572365536062750721",20221219201932,,https://web.archive.org/web/20221219201932/https://twitter.com/GCRClassic/status/1572365536062750721,https://web.archive.org/web/20221219201932/https://twitter.com/gcrclassic/status/1572365536062750721,https://twitter.com/GCRClassic/status/1572365536062750721,https://twitter.com/gcrclassic/status/1572365536062750721,,,,text/html,200,WG5E7C3NZCAKRDW646XGYGELG5ONEX67,20114
"com,twitter)/gcrclassic/status/1572365536062750721?s=09%0a&t=corarhyzot1_b-xpxeruhg",20221219201913,,"https://web.archive.org/web/20221219201913/https://twitter.com/GCRClassic/status/1572365536062750721?t=CORArhyZoT1_B-xPxerUHg&s=09
",https://web.archive.org/web/20221219201913/https://twitter.com/gcrclassic/status/1572365536062750721,https://twitter.com/GCRClassic/status/1572365536062750721?t=CORArhyZoT1_B-xPxerUHg&s=09%0A,https://twitter.com/gcrclassic/status/1572365536062750721,,,,text/html,200,235JS2L5ARMFPRP2OTKODOIAOR3CCQY7,20120
"com,twitter)/gcrclassic/status/1572365536062750721?t=corarhyzot1_b-xpxeruhg",20221219201934,,https://web.archive.org/web/20221219201934/https://twitter.com/GCRClassic/status/1572365536062750721?t=CORArhyZoT1_B-xPxerUHg,https://web.archive.org/web/20221219201934/https://twitter.com/gcrclassic/status/1572365536062750721,https://twitter.com/GCRClassic/status/1572365536062750721?t=CORArhyZoT1_B-xPxerUHg,https://twitter.com/gcrclassic/status/1572365536062750721,,,,text/html,200,ES5Y5JDAI2VGDPOVJS2FTYIGBHDN3SWD,20111
"com,twitter)/gcrclassic/status/1574354979288223745",20220928085415,,https://web.archive.org/web/20220928085415/https://twitter.com/gcrclassic/status/1574354979288223745,https://web.archive.org/web/20220928085415/https://twitter.com/gcrclassic/status/1574354979288223745,https://twitter.com/gcrclassic/status/1574354979288223745,https://twitter.com/gcrclassic/status/1574354979288223745,,,,text/html,200,P7ITY77SITCOS747CLS37FDHZLH5P3NW,17269
"com,twitter)/gcrclassic/status/1574354979288223745",20221003054354,,https://web.archive.org/web/20221003054354/https://twitter.com/GCRClassic/status/1574354979288223745,https://web.archive.org/web/20221003054354/https://twitter.com/gcrclassic/status/1574354979288223745,https://twitter.com/GCRClassic/status/1574354979288223745,https://twitter.com/gcrclassic/status/1574354979288223745,,,,text/html,200,RRVWDVYVNGMEQBFDPF4KKCWAR64VGXX6,17411
"com,twitter)/gcrclassic/status/1574354979288223745?s=46&t=rvjpi6uqy-3_ru1wmt3jvw",20220928085345,,https://web.archive.org/web/20220928085345/https://twitter.com/gcrclassic/status/1574354979288223745?s=46&t=rVjpi6UQy-3_ru1wmT3Jvw,https://web.archive.org/web/20220928085345/https://twitter.com/gcrclassic/status/1574354979288223745,https://twitter.com/gcrclassic/status/1574354979288223745?s=46&t=rVjpi6UQy-3_ru1wmT3Jvw,https://twitter.com/gcrclassic/status/1574354979288223745,,,,text/html,200,TN4MRF6GLNTCEDDEC3ED6DP53KDPU5LJ,17290
"com,twitter)/gcrclassic/status/1574354979288223745?s=19&t=gtgwc6hdehnqnjhq23pcuq",20221003054348,,https://web.archive.org/web/20221003054348/https://twitter.com/GCRClassic/status/1574354979288223745?t=gTgWC6HdeHnqnJHQ23pcuQ&s=19,https://web.archive.org/web/20221003054348/https://twitter.com/gcrclassic/status/1574354979288223745,https://twitter.com/GCRClassic/status/1574354979288223745?t=gTgWC6HdeHnqnJHQ23pcuQ&s=19,https://twitter.com/gcrclassic/status/1574354979288223745,,,,text/html,200,VVDTYA43Q5IP6WFKLRZ43UP5MEIKTADI,17390
"com,twitter)/gcrclassic/status/1574354979288223745?s=46&t=rvjpi6uqy-3_ru1wmt3jvw%0a%0alunc",20220928103306,,"https://web.archive.org/web/20220928103306/https://twitter.com/gcrclassic/status/1574354979288223745?s=46&t=rVjpi6UQy-3_ru1wmT3Jvw

LUNC",https://web.archive.org/web/20220928103306/https://twitter.com/gcrclassic/status/1574354979288223745,https://twitter.com/gcrclassic/status/1574354979288223745?s=46&t=rVjpi6UQy-3_ru1wmT3Jvw%0A%0ALUNC,https://twitter.com/gcrclassic/status/1574354979288223745,,,,text/html,200,VQQWISXGCX4MAH6KUEO33GBTETXDJAHH,17313
"com,twitter)/gcrclassic/status/1574354979288223745?s=46&t=tva33wu3hpukcqvbvexxnq",20221222111548,,https://web.archive.org/web/20221222111548/https://twitter.com/gcrclassic/status/1574354979288223745?s=46&t=TVa33WU3HPUKCQvBVEXxnQ,https://web.archive.org/web/20221222111548/https://twitter.com/gcrclassic/status/1574354979288223745,https://twitter.com/gcrclassic/status/1574354979288223745?s=46&t=TVa33WU3HPUKCQvBVEXxnQ,https://twitter.com/gcrclassic/status/1574354979288223745,,,,text/html,200,7L6PAWRUS7SFT35PEAWN7Y4K7AF3RVCS,20060
"com,twitter)/gcrclassic/status/1574354979288223745?t=gtgwc6hdehnqnjhq23pcuq",20221003054424,,https://web.archive.org/web/20221003054424/https://twitter.com/GCRClassic/status/1574354979288223745?t=gTgWC6HdeHnqnJHQ23pcuQ,https://web.archive.org/web/20221003054424/https://twitter.com/gcrclassic/status/1574354979288223745,https://twitter.com/GCRClassic/status/1574354979288223745?t=gTgWC6HdeHnqnJHQ23pcuQ,https://twitter.com/gcrclassic/status/1574354979288223745,,,,text/html,200,6NXCLJF566VW2YQ63ZTKSV6CW3V5BLZY,17378
"com,twitter)/gcrclassic/status/1574354979288223745?s=46&t=tva33wu3hpukcqvbvexxnq%0a",20221222120600,,"https://web.archive.org/web/20221222120600/https://twitter.com/gcrclassic/status/1574354979288223745?s=46&t=TVa33WU3HPUKCQvBVEXxnQ
",https://web.archive.org/web/20221222120600/https://twitter.com/gcrclassic/status/1574354979288223745,https://twitter.com/gcrclassic/status/1574354979288223745?s=46&t=TVa33WU3HPUKCQvBVEXxnQ%0A,https://twitter.com/gcrclassic/status/1574354979288223745,,,,text/html,200,PASQOHPYG7BYHNMR25P4C3H2EMZYSDJ6,20053
"com,twitter)/gcrclassic/status/1574354979288223745?t=rvjpi6uqy-3_ru1wmt3jvw",20220928085428,,https://web.archive.org/web/20220928085428/https://twitter.com/gcrclassic/status/1574354979288223745?t=rVjpi6UQy-3_ru1wmT3Jvw,https://web.archive.org/web/20220928085428/https://twitter.com/gcrclassic/status/1574354979288223745,https://twitter.com/gcrclassic/status/1574354979288223745?t=rVjpi6UQy-3_ru1wmT3Jvw,https://twitter.com/gcrclassic/status/1574354979288223745,,,,text/html,200,2DFUZRSANQL3PCBVETVRPO4IEEACKWQ2,17216
"com,twitter)/gcrclassic/status/1574354979288223745?t=rvjpi6uqy-3_ru1wmt3jvw%0a%0alunc",20220928103335,,"https://web.archive.org/web/20220928103335/https://twitter.com/gcrclassic/status/1574354979288223745?t=rVjpi6UQy-3_ru1wmT3Jvw

LUNC",https://web.archive.org/web/20220928103335/https://twitter.com/gcrclassic/status/1574354979288223745,https://twitter.com/gcrclassic/status/1574354979288223745?t=rVjpi6UQy-3_ru1wmT3Jvw%0A%0ALUNC,https://twitter.com/gcrclassic/status/1574354979288223745,,,,text/html,200,S4EALDITNFBEHYGLTO7VQUMBXMMLSE6X,17307
"com,twitter)/gcrclassic/status/1574354979288223745?t=tva33wu3hpukcqvbvexxnq",20221222111646,,https://web.archive.org/web/20221222111646/https://twitter.com/gcrclassic/status/1574354979288223745?t=TVa33WU3HPUKCQvBVEXxnQ,https://web.archive.org/web/20221222111646/https://twitter.com/gcrclassic/status/1574354979288223745,https://twitter.com/gcrclassic/status/1574354979288223745?t=TVa33WU3HPUKCQvBVEXxnQ,https://twitter.com/gcrclassic/status/1574354979288223745,,,,text/html,200,D7DOXZOLYVO6REG62HYNXV3MALQZGAYV,20064
"com,twitter)/gcrclassic/status/1574355838763925504",20221006080831,,https://web.archive.org/web/20221006080831/https://twitter.com/GCRClassic/status/1574355838763925504,https://web.archive.org/web/20221006080831/https://twitter.com/gcrclassic/status/1574355838763925504,https://twitter.com/GCRClassic/status/1574355838763925504,https://twitter.com/gcrclassic/status/1574355838763925504,,,,text/html,200,7NRN3Q2QXZ2G3BJIDJSHNLHPBHZOMKSX,18180
"com,twitter)/gcrclassic/status/1574354979288223745?t=tva33wu3hpukcqvbvexxnq%0a",20221222120644,,"https://web.archive.org/web/20221222120644/https://twitter.com/gcrclassic/status/1574354979288223745?t=TVa33WU3HPUKCQvBVEXxnQ
",https://web.archive.org/web/20221222120644/https://twitter.com/gcrclassic/status/1574354979288223745,https://twitter.com/gcrclassic/status/1574354979288223745?t=TVa33WU3HPUKCQvBVEXxnQ%0A,https://twitter.com/gcrclassic/status/1574354979288223745,,,,text/html,200,VYNM4JM3S6LHYD2D63UJEBVZRVQ52WMK,20058
"com,twitter)/gcrclassic/status/1574355838763925504?ref_src=twsrc^tfw",20221003213735,,https://web.archive.org/web/20221003213735/https://twitter.com/GCRClassic/status/1574355838763925504?ref_src=twsrc^tfw,https://web.archive.org/web/20221003213735/https://twitter.com/gcrclassic/status/1574355838763925504,https://twitter.com/GCRClassic/status/1574355838763925504?ref_src=twsrc%5Etfw,https://twitter.com/gcrclassic/status/1574355838763925504,,,,text/html,200,A647JH4TR4VSYAVND5WKZYDA4GNTVWDH,23623
"com,twitter)/gcrclassic/status/1574355838763925504?ref_src=twsrc^tfw",20221003213813,,https://web.archive.org/web/20221003213813/https://twitter.com/GCRClassic/status/1574355838763925504?ref_src=twsrc^tfw,https://web.archive.org/web/20221003213813/https://twitter.com/gcrclassic/status/1574355838763925504,https://twitter.com/GCRClassic/status/1574355838763925504?ref_src=twsrc%5Etfw,https://twitter.com/gcrclassic/status/1574355838763925504,,,,text/html,200,CZLWMWJIVF3QZ3SY7GPS7RAVBVYSN2C7,23589
"com,twitter)/gcrclassic/status/1579837794675216384",20221026055325,,https://web.archive.org/web/20221026055325/https://twitter.com/GCRClassic/status/1579837794675216384,https://web.archive.org/web/20221026055325/https://twitter.com/gcrclassic/status/1579837794675216384,https://twitter.com/GCRClassic/status/1579837794675216384,https://twitter.com/gcrclassic/status/1579837794675216384,,,,text/html,200,MIZYGMRJBECOZZYRSWCYYHZADOI4MB7M,21864
"com,twitter)/gcrclassic/status/1579837794675216384",20221219125140,,https://web.archive.org/web/20221219125140/https://twitter.com/GCRClassic/status/1579837794675216384,https://web.archive.org/web/20221219125140/https://twitter.com/gcrclassic/status/1579837794675216384,https://twitter.com/GCRClassic/status/1579837794675216384,https://twitter.com/gcrclassic/status/1579837794675216384,,,,text/html,200,2XWOIGR5BVQ4BIDZDFKQOSTL5LPDPSQ6,20207
"com,twitter)/gcrclassic/status/1579837794675216384?lang=hi",20221117050424,,https://web.archive.org/web/20221117050424/https://twitter.com/gcrclassic/status/1579837794675216384?lang=hi,https://web.archive.org/web/20221117050424/https://twitter.com/gcrclassic/status/1579837794675216384,https://twitter.com/gcrclassic/status/1579837794675216384?lang=hi,https://twitter.com/gcrclassic/status/1579837794675216384,,,,text/html,200,BQIGGII2QESG3DBFJND2IPRH6SYMVFTV,21735
"com,twitter)/gcrclassic/status/1579837794675216384?lang=ms",20221115173118,,https://web.archive.org/web/20221115173118/https://twitter.com/gcrclassic/status/1579837794675216384?lang=ms,https://web.archive.org/web/20221115173118/https://twitter.com/gcrclassic/status/1579837794675216384,https://twitter.com/gcrclassic/status/1579837794675216384?lang=ms,https://twitter.com/gcrclassic/status/1579837794675216384,,,,text/html,429,FFKGGRQKSUJFMQTRXVPB2CASK2S5PTK3,9640
"com,twitter)/gcrclassic/status/1579837794675216384?lang=tl",20221108103906,,https://web.archive.org/web/20221108103906/https://twitter.com/gcrclassic/status/1579837794675216384?lang=tl,https://web.archive.org/web/20221108103906/https://twitter.com/gcrclassic/status/1579837794675216384,https://twitter.com/gcrclassic/status/1579837794675216384?lang=tl,https://twitter.com/gcrclassic/status/1579837794675216384,,,,text/html,200,SFLYUMVDLZ4AIJZOYP26IB2NVAMDYYMY,22219
"com,twitter)/gcrclassic/status/1579837794675216384?lang=it",20221108064422,,https://web.archive.org/web/20221108064422/https://twitter.com/gcrclassic/status/1579837794675216384?lang=it,https://web.archive.org/web/20221108064422/https://twitter.com/gcrclassic/status/1579837794675216384,https://twitter.com/gcrclassic/status/1579837794675216384?lang=it,https://twitter.com/gcrclassic/status/1579837794675216384,,,,text/html,200,UCBSO6NL7IE4UEQWL7BVNQMHZD2I3VNO,22316
"com,twitter)/gcrclassic/status/1579837794675216384?t=ffbzvdswyspz9fmitbt4wq",20221219124725,,https://web.archive.org/web/20221219124725/https://twitter.com/GCRClassic/status/1579837794675216384?t=fFBzvdsWYspz9fMItBT4WQ,https://web.archive.org/web/20221219124725/https://twitter.com/gcrclassic/status/1579837794675216384,https://twitter.com/GCRClassic/status/1579837794675216384?t=fFBzvdsWYspz9fMItBT4WQ,https://twitter.com/gcrclassic/status/1579837794675216384,,,,text/html,200,CGYCM26FP7IN2QRRJSQECGJ7DMALI26M,20060
"com,twitter)/gcrclassic/status/1579837794675216384?s=19&t=ffbzvdswyspz9fmitbt4wq",20221219124650,,https://web.archive.org/web/20221219124650/https://twitter.com/GCRClassic/status/1579837794675216384?t=fFBzvdsWYspz9fMItBT4WQ&s=19,https://web.archive.org/web/20221219124650/https://twitter.com/gcrclassic/status/1579837794675216384,https://twitter.com/GCRClassic/status/1579837794675216384?t=fFBzvdsWYspz9fMItBT4WQ&s=19,https://twitter.com/gcrclassic/status/1579837794675216384,,,,text/html,200,IWSVHUQQPJQLN5NHQINN732EESR6BOEK,20094
"com,twitter)/gcrclassic/status/1579837794675216384?s=19%0a&t=ffbzvdswyspz9fmitbt4wq",20221222014935,,"https://web.archive.org/web/20221222014935/https://twitter.com/GCRClassic/status/1579837794675216384?t=fFBzvdsWYspz9fMItBT4WQ&s=19
",https://web.archive.org/web/20221222014935/https://twitter.com/gcrclassic/status/1579837794675216384,https://twitter.com/GCRClassic/status/1579837794675216384?t=fFBzvdsWYspz9fMItBT4WQ&s=19%0A,https://twitter.com/gcrclassic/status/1579837794675216384,,,,text/html,200,IYNXY5ZQS4CNSR6YRTI4I5K3BOYVWIO7,20143
"com,twitter)/gcrclassic/status/1586035862999289856",20221029125525,,https://web.archive.org/web/20221029125525/https://twitter.com/GCRClassic/status/1586035862999289856,https://web.archive.org/web/20221029125525/https://twitter.com/gcrclassic/status/1586035862999289856,https://twitter.com/GCRClassic/status/1586035862999289856,https://twitter.com/gcrclassic/status/1586035862999289856,,,,text/html,200,HTHT5YV3HVSBWOYD6RFEDA26S4HG6DER,18630
"com,twitter)/gcrclassic/status/1586035862999289856",20221029125535,,https://web.archive.org/web/20221029125535/http://twitter.com/GCRClassic/status/1586035862999289856,https://web.archive.org/web/20221029125535/https://twitter.com/gcrclassic/status/1586035862999289856,http://twitter.com/GCRClassic/status/1586035862999289856,https://twitter.com/gcrclassic/status/1586035862999289856,,,,text/html,200,EKSIQ4OYLSVBSUGRWCEAWASMU3V7RXZR,18518
"com,twitter)/gcrclassic/status/1586035862999289856",20221109153047,,https://web.archive.org/web/20221109153047/https://twitter.com/gcrclassic/status/1586035862999289856,https://web.archive.org/web/20221109153047/https://twitter.com/gcrclassic/status/1586035862999289856,https://twitter.com/gcrclassic/status/1586035862999289856,https://twitter.com/gcrclassic/status/1586035862999289856,,,,text/html,200,YJ64LHS3BV7NT6VH5SGEMMNQQQ2NGJA4,18702
"com,twitter)/gcrclassic/status/1586035862999289856?s=46&t=wjdhz4y9uhtqy8lui7njfq",20221109153028,,https://web.archive.org/web/20221109153028/https://twitter.com/gcrclassic/status/1586035862999289856?s=46&t=wJdhz4Y9uhtQY8lui7NJfQ,https://web.archive.org/web/20221109153028/https://twitter.com/gcrclassic/status/1586035862999289856,https://twitter.com/gcrclassic/status/1586035862999289856?s=46&t=wJdhz4Y9uhtQY8lui7NJfQ,https://twitter.com/gcrclassic/status/1586035862999289856,,,,text/html,200,SRZ5ILQYQNDWEL53HA5G4Q4DVXWHA4MY,18750
"com,twitter)/gcrclassic/status/1586035862999289856?s=46&t=wjdhz4y9uhtqy8lui7njfq%0a",20221109153132,,"https://web.archive.org/web/20221109153132/https://twitter.com/gcrclassic/status/1586035862999289856?s=46&t=wJdhz4Y9uhtQY8lui7NJfQ
",https://web.archive.org/web/20221109153132/https://twitter.com/gcrclassic/status/1586035862999289856,https://twitter.com/gcrclassic/status/1586035862999289856?s=46&t=wJdhz4Y9uhtQY8lui7NJfQ%0A,https://twitter.com/gcrclassic/status/1586035862999289856,,,,text/html,200,COHJT5NJHZTDHWPICBQKDML3NUUWZREX,18649
"com,twitter)/gcrclassic/status/1586035862999289856?t=wjdhz4y9uhtqy8lui7njfq%0a",20221109153239,,"https://web.archive.org/web/20221109153239/https://twitter.com/gcrclassic/status/1586035862999289856?t=wJdhz4Y9uhtQY8lui7NJfQ
",https://web.archive.org/web/20221109153239/https://twitter.com/gcrclassic/status/1586035862999289856,https://twitter.com/gcrclassic/status/1586035862999289856?t=wJdhz4Y9uhtQY8lui7NJfQ%0A,https://twitter.com/gcrclassic/status/1586035862999289856,,,,text/html,200,XW6DEPEVLK6KYJLNJOTPI6OMMCHVXIJS,18695
"com,twitter)/gcrclassic/status/1586035862999289856?t=wjdhz4y9uhtqy8lui7njfq",20221109153053,,https://web.archive.org/web/20221109153053/https://twitter.com/gcrclassic/status/1586035862999289856?t=wJdhz4Y9uhtQY8lui7NJfQ,https://web.archive.org/web/20221109153053/https://twitter.com/gcrclassic/status/1586035862999289856,https://twitter.com/gcrclassic/status/1586035862999289856?t=wJdhz4Y9uhtQY8lui7NJfQ,https://twitter.com/gcrclassic/status/1586035862999289856,,,,text/html,200,ERAPTQHFO5H6TKOQTADCCXRZMOZVFKF6,18696
"com,twitter)/gcrclassic/status/1587407222879002625",20221201092910,,https://web.archive.org/web/20221201092910/https://twitter.com/gcrclassic/status/1587407222879002625,https://web.archive.org/web/20221201092910/https://twitter.com/gcrclassic/status/1587407222879002625,https://twitter.com/gcrclassic/status/1587407222879002625,https://twitter.com/gcrclassic/status/1587407222879002625,,,,text/html,200,OCU7SBJTI4XK7KSUGO6RVE474JKCXRQT,18902
"com,twitter)/gcrclassic/status/1587407222879002625%0a",20221124231730,,"https://web.archive.org/web/20221124231730/https://twitter.com/GCRClassic/status/1587407222879002625
",https://web.archive.org/web/20221124231730/https://twitter.com/gcrclassic/status/1587407222879002625,https://twitter.com/GCRClassic/status/1587407222879002625%0A,https://twitter.com/gcrclassic/status/1587407222879002625,,,,text/html,200,GTY7VXL5MN4A6Y6PONCY5WWYXJRAKC2P,18953
"com,twitter)/gcrclassic/status/1587407222879002625",20221123194856,,https://web.archive.org/web/20221123194856/https://twitter.com/GCRClassic/status/1587407222879002625,https://web.archive.org/web/20221123194856/https://twitter.com/gcrclassic/status/1587407222879002625,https://twitter.com/GCRClassic/status/1587407222879002625,https://twitter.com/gcrclassic/status/1587407222879002625,,,,text/html,200,Y63LPI62RRN2PPBVDCGEGOMZDRPNRRQ5,18594
"com,twitter)/gcrclassic/status/1587407222879002625?s=46&t=rmv43cpl9qrgyicomimxva",20221201080035,,https://web.archive.org/web/20221201080035/https://twitter.com/gcrclassic/status/1587407222879002625?s=46&t=RMV43cpL9qRgyIcomiMXvA,https://web.archive.org/web/20221201080035/https://twitter.com/gcrclassic/status/1587407222879002625,https://twitter.com/gcrclassic/status/1587407222879002625?s=46&t=RMV43cpL9qRgyIcomiMXvA,https://twitter.com/gcrclassic/status/1587407222879002625,,,,text/html,200,QG4YVZQKY737N423C3DKITJK7LTNIGTU,18899
"com,twitter)/gcrclassic/status/1587407222879002625?t=rmv43cpl9qrgyicomimxva",20221201093627,,https://web.archive.org/web/20221201093627/https://twitter.com/gcrclassic/status/1587407222879002625?t=RMV43cpL9qRgyIcomiMXvA,https://web.archive.org/web/20221201093627/https://twitter.com/gcrclassic/status/1587407222879002625,https://twitter.com/gcrclassic/status/1587407222879002625?t=RMV43cpL9qRgyIcomiMXvA,https://twitter.com/gcrclassic/status/1587407222879002625,,,,text/html,200,GSTRUX6DGZ7U56EGED7BYZ2GIZHYPL4Z,18917
"com,twitter)/gcrclassic/status/1588316188475502592?lang=cs",20221216152112,,https://web.archive.org/web/20221216152112/https://twitter.com/gcrclassic/status/1588316188475502592?lang=cs,https://web.archive.org/web/20221216152112/https://twitter.com/gcrclassic/status/1588316188475502592,https://twitter.com/gcrclassic/status/1588316188475502592?lang=cs,https://twitter.com/gcrclassic/status/1588316188475502592,,,,text/html,200,RG5F47BEASEM6AXHPEGUF6XME7XF5VTM,23897
"com,twitter)/gcrclassic/status/1588316188475502592?lang=da",20221218051001,,https://web.archive.org/web/20221218051001/https://twitter.com/gcrclassic/status/1588316188475502592?lang=da,https://web.archive.org/web/20221218051001/https://twitter.com/gcrclassic/status/1588316188475502592,https://twitter.com/gcrclassic/status/1588316188475502592?lang=da,https://twitter.com/gcrclassic/status/1588316188475502592,,,,text/html,200,HV274NCM6B6Y3EU44YHQMOF6R63SBXQN,23069
"com,twitter)/gcrclassic/status/1588316188475502592?lang=en",20221217212654,,https://web.archive.org/web/20221217212654/https://twitter.com/gcrclassic/status/1588316188475502592?lang=en,https://web.archive.org/web/20221217212654/https://twitter.com/gcrclassic/status/1588316188475502592,https://twitter.com/gcrclassic/status/1588316188475502592?lang=en,https://twitter.com/gcrclassic/status/1588316188475502592,,,,unk,429,3I42H3S6NNFQ2MSVX7XZKYAYSCX5QBYJ,1492
"com,twitter)/gcrclassic/status/1588316188475502592?lang=fa",20221218101557,,https://web.archive.org/web/20221218101557/https://twitter.com/gcrclassic/status/1588316188475502592?lang=fa,https://web.archive.org/web/20221218101557/https://twitter.com/gcrclassic/status/1588316188475502592,https://twitter.com/gcrclassic/status/1588316188475502592?lang=fa,https://twitter.com/gcrclassic/status/1588316188475502592,,,,text/html,200,A5TLNHVMRCWQQVUNZQ5PEKQABP7YU7NE,24690
"com,twitter)/gcrclassic/status/1588316188475502592",20221104192051,,https://web.archive.org/web/20221104192051/http://twitter.com/GCRClassic/status/1588316188475502592,https://web.archive.org/web/20221104192051/https://twitter.com/gcrclassic/status/1588316188475502592,http://twitter.com/GCRClassic/status/1588316188475502592,https://twitter.com/gcrclassic/status/1588316188475502592,,,,text/html,200,CXIKPB5LUMP56M23UBWH2ECT27NA45MS,18570
"com,twitter)/gcrclassic/status/1588316188475502592?lang=fi",20221216152115,,https://web.archive.org/web/20221216152115/https://twitter.com/gcrclassic/status/1588316188475502592?lang=fi,https://web.archive.org/web/20221216152115/https://twitter.com/gcrclassic/status/1588316188475502592,https://twitter.com/gcrclassic/status/1588316188475502592?lang=fi,https://twitter.com/gcrclassic/status/1588316188475502592,,,,text/html,200,KXIQU642KYIRF5CTQICJ6GKHOPMU4FIF,24342
"com,twitter)/gcrclassic/status/1588316188475502592?lang=gl",20221217212140,,https://web.archive.org/web/20221217212140/https://twitter.com/gcrclassic/status/1588316188475502592?lang=gl,https://web.archive.org/web/20221217212140/https://twitter.com/gcrclassic/status/1588316188475502592,https://twitter.com/gcrclassic/status/1588316188475502592?lang=gl,https://twitter.com/gcrclassic/status/1588316188475502592,,,,text/html,200,RSWEXGMH55TKPFHQJR4DFCFH45IMWUQA,23609
"com,twitter)/gcrclassic/status/1588316188475502592?lang=en-gb",20221217212137,,https://web.archive.org/web/20221217212137/https://twitter.com/gcrclassic/status/1588316188475502592?lang=en-GB,https://web.archive.org/web/20221217212137/https://twitter.com/gcrclassic/status/1588316188475502592,https://twitter.com/gcrclassic/status/1588316188475502592?lang=en-GB,https://twitter.com/gcrclassic/status/1588316188475502592,,,,text/html,200,YU3GDQNQCO2X463JOMHUMFXJRW5BYAUC,24067
"com,twitter)/gcrclassic/status/1588316188475502592?lang=fil",20221218051003,,https://web.archive.org/web/20221218051003/https://twitter.com/gcrclassic/status/1588316188475502592?lang=fil,https://web.archive.org/web/20221218051003/https://twitter.com/gcrclassic/status/1588316188475502592,https://twitter.com/gcrclassic/status/1588316188475502592?lang=fil,https://twitter.com/gcrclassic/status/1588316188475502592,,,,text/html,200,DUWHABKIF6TVZXG4FA5AIJKUDS4YR4TR,24265
"com,twitter)/gcrclassic/status/1588316188475502592?lang=fr",20221216114828,,https://web.archive.org/web/20221216114828/https://twitter.com/gcrclassic/status/1588316188475502592?lang=fr,https://web.archive.org/web/20221216114828/https://twitter.com/gcrclassic/status/1588316188475502592,https://twitter.com/gcrclassic/status/1588316188475502592?lang=fr,https://twitter.com/gcrclassic/status/1588316188475502592,,,,text/html,200,63CJSPHDBKKDR27HQ7PTI5VZVXUBZJIJ,23251
"com,twitter)/gcrclassic/status/1588316188475502592?lang=hr",20221218051006,,https://web.archive.org/web/20221218051006/https://twitter.com/gcrclassic/status/1588316188475502592?lang=hr,https://web.archive.org/web/20221218051006/https://twitter.com/gcrclassic/status/1588316188475502592,https://twitter.com/gcrclassic/status/1588316188475502592?lang=hr,https://twitter.com/gcrclassic/status/1588316188475502592,,,,text/html,200,7YS2JRFV2Z45K264WGWLXRVWUF2U4MXR,24358
"com,twitter)/gcrclassic/status/1588316188475502592?lang=hu",20221216114831,,https://web.archive.org/web/20221216114831/https://twitter.com/gcrclassic/status/1588316188475502592?lang=hu,https://web.archive.org/web/20221216114831/https://twitter.com/gcrclassic/status/1588316188475502592,https://twitter.com/gcrclassic/status/1588316188475502592?lang=hu,https://twitter.com/gcrclassic/status/1588316188475502592,,,,text/html,200,NSPV5PW7HKBZRXYL7KE436SELI2N3JQH,23321
"com,twitter)/gcrclassic/status/1588316188475502592?lang=sk",20221217094231,,https://web.archive.org/web/20221217094231/https://twitter.com/gcrclassic/status/1588316188475502592?lang=sk,https://web.archive.org/web/20221217094231/https://twitter.com/gcrclassic/status/1588316188475502592,https://twitter.com/gcrclassic/status/1588316188475502592?lang=sk,https://twitter.com/gcrclassic/status/1588316188475502592,,,,text/html,200,MP5VWU3NCAI6WUZV4S6O2YDKGF4PBCWQ,23879
"com,twitter)/gcrclassic/status/1588316188475502592?lang=nl",20221218102215,,https://web.archive.org/web/20221218102215/https://twitter.com/gcrclassic/status/1588316188475502592?lang=nl,https://web.archive.org/web/20221218102215/https://twitter.com/gcrclassic/status/1588316188475502592,https://twitter.com/gcrclassic/status/1588316188475502592?lang=nl,https://twitter.com/gcrclassic/status/1588316188475502592,,,,unk,429,3I42H3S6NNFQ2MSVX7XZKYAYSCX5QBYJ,1491
"com,twitter)/gcrclassic/status/1588316188475502592?lang=ig",20221218102214,,https://web.archive.org/web/20221218102214/https://twitter.com/gcrclassic/status/1588316188475502592?lang=ig,https://web.archive.org/web/20221218102214/https://twitter.com/gcrclassic/status/1588316188475502592,https://twitter.com/gcrclassic/status/1588316188475502592?lang=ig,https://twitter.com/gcrclassic/status/1588316188475502592,,,,unk,429,3I42H3S6NNFQ2MSVX7XZKYAYSCX5QBYJ,1494
"com,twitter)/gcrclassic/status/1588316188475502592?lang=vi",20221217090531,,https://web.archive.org/web/20221217090531/https://twitter.com/gcrclassic/status/1588316188475502592?lang=vi,https://web.archive.org/web/20221217090531/https://twitter.com/gcrclassic/status/1588316188475502592,https://twitter.com/gcrclassic/status/1588316188475502592?lang=vi,https://twitter.com/gcrclassic/status/1588316188475502592,,,,unk,429,3I42H3S6NNFQ2MSVX7XZKYAYSCX5QBYJ,1489
"com,twitter)/gcrclassic/status/1588316188475502592?lang=ta",20221218171736,,https://web.archive.org/web/20221218171736/https://twitter.com/gcrclassic/status/1588316188475502592?lang=ta,https://web.archive.org/web/20221218171736/https://twitter.com/gcrclassic/status/1588316188475502592,https://twitter.com/gcrclassic/status/1588316188475502592?lang=ta,https://twitter.com/gcrclassic/status/1588316188475502592,,,,text/html,200,4UIXXH6QVGR4EK2D7SZQE245QMSAL3Y7,24808
"com,twitter)/gcrclassic/status/1588316188475502592?ref_src=twsrc^tfw",20221104192055,,https://web.archive.org/web/20221104192055/http://twitter.com/GCRClassic/status/1588316188475502592?ref_src=twsrc^tfw,https://web.archive.org/web/20221104192055/https://twitter.com/gcrclassic/status/1588316188475502592,http://twitter.com/GCRClassic/status/1588316188475502592?ref_src=twsrc%5Etfw,https://twitter.com/gcrclassic/status/1588316188475502592,,,,text/html,200,557WQMKW2UKBIWLFTPA2BTUD7OJJDFGF,18670
"com,twitter)/gcrclassic/status/1588316188475502592?lang=tl",20221218051008,,https://web.archive.org/web/20221218051008/https://twitter.com/gcrclassic/status/1588316188475502592?lang=tl,https://web.archive.org/web/20221218051008/https://twitter.com/gcrclassic/status/1588316188475502592,https://twitter.com/gcrclassic/status/1588316188475502592?lang=tl,https://twitter.com/gcrclassic/status/1588316188475502592,,,,text/html,200,MTG2YLCZ3VYQB2JPXROL756FC2OU6T4X,23216
"com,twitter)/gcrclassic/status/1588316188475502592?ref_src=twsrc^tfw",20221208121431,,https://web.archive.org/web/20221208121431/https://twitter.com/GCRClassic/status/1588316188475502592?ref_src=twsrc^tfw,https://web.archive.org/web/20221208121431/https://twitter.com/gcrclassic/status/1588316188475502592,https://twitter.com/GCRClassic/status/1588316188475502592?ref_src=twsrc%5Etfw,https://twitter.com/gcrclassic/status/1588316188475502592,,,,text/html,200,PJKTELVII6DUPMBG6SWY3CT37TTVPC3U,23372
"com,twitter)/gcrclassic/status/1588624727572353024",20221106114933,,https://web.archive.org/web/20221106114933/http://twitter.com/GCRClassic/status/1588624727572353024,https://web.archive.org/web/20221106114933/https://twitter.com/gcrclassic/status/1588624727572353024,http://twitter.com/GCRClassic/status/1588624727572353024,https://twitter.com/gcrclassic/status/1588624727572353024,,,,text/html,200,RH6YCW67OEFPFKN736ALA4356JF54SSS,18599
"com,twitter)/gcrclassic/status/1588624727572353024",20221106114935,,https://web.archive.org/web/20221106114935/https://twitter.com/GCRClassic/status/1588624727572353024,https://web.archive.org/web/20221106114935/https://twitter.com/gcrclassic/status/1588624727572353024,https://twitter.com/GCRClassic/status/1588624727572353024,https://twitter.com/gcrclassic/status/1588624727572353024,,,,text/html,200,JII3YPZIZQOOZ6AGELBPIYIG5OQ3E5N5,18622
"com,twitter)/gcrclassic/status/1589004319260831744",20221106032415,,https://web.archive.org/web/20221106032415/https://twitter.com/gcrclassic/status/1589004319260831744,https://web.archive.org/web/20221106032415/https://twitter.com/gcrclassic/status/1589004319260831744,https://twitter.com/gcrclassic/status/1589004319260831744,https://twitter.com/gcrclassic/status/1589004319260831744,,,,text/html,200,UIYK2KRAFADYMOHSTD3ICKYBEGIP4IHY,18681
"com,twitter)/gcrclassic/status/1589004319260831744?s=46&t=e3ozr8eyiegd5iuzwg7u2w",20221106032401,,https://web.archive.org/web/20221106032401/https://twitter.com/gcrclassic/status/1589004319260831744?s=46&t=E3ozr8EYieGD5Iuzwg7U2w,https://web.archive.org/web/20221106032401/https://twitter.com/gcrclassic/status/1589004319260831744,https://twitter.com/gcrclassic/status/1589004319260831744?s=46&t=E3ozr8EYieGD5Iuzwg7U2w,https://twitter.com/gcrclassic/status/1589004319260831744,,,,text/html,200,WYDG7UWEAZ3UYEGBMRNEJHTMRFXDV32B,18631
"com,twitter)/gcrclassic/status/158862472757235302469",20221106114952,,https://web.archive.org/web/20221106114952/https://twitter.com/GCRClassic/status/158862472757235302469,https://web.archive.org/web/20221106114952/https://twitter.com/gcrclassic/status/158862472757235302469,https://twitter.com/GCRClassic/status/158862472757235302469,https://twitter.com/gcrclassic/status/158862472757235302469,,,,text/html,200,DSEFYAROZL43METBAYMAMI65YKXXJ4RP,18637
"com,twitter)/gcrclassic/status/1589004319260831744?s=46&t=e3ozr8eyiegd5iuzwg7u2w""",20221106032403,,"https://web.archive.org/web/20221106032403/https://twitter.com/gcrclassic/status/1589004319260831744?s=46&t=E3ozr8EYieGD5Iuzwg7U2w""",https://web.archive.org/web/20221106032403/https://twitter.com/gcrclassic/status/1589004319260831744,https://twitter.com/gcrclassic/status/1589004319260831744?s=46&t=E3ozr8EYieGD5Iuzwg7U2w%22,https://twitter.com/gcrclassic/status/1589004319260831744,,,,text/html,200,GY2GUVDHO5DZ3SC5G3MQT724RPKVVPMX,18632
"com,twitter)/gcrclassic/status/1589004319260831744?s=46&t=e3ozr8eyiegd5iuzwg7u2w"",",20221106032406,,"https://web.archive.org/web/20221106032406/https://twitter.com/gcrclassic/status/1589004319260831744?s=46&t=E3ozr8EYieGD5Iuzwg7U2w"",",https://web.archive.org/web/20221106032406/https://twitter.com/gcrclassic/status/1589004319260831744,"https://twitter.com/gcrclassic/status/1589004319260831744?s=46&t=E3ozr8EYieGD5Iuzwg7U2w%22,",https://twitter.com/gcrclassic/status/1589004319260831744,,,,text/html,200,NBCZIV5MWMKO3FTMGCQAAX3IWYP6O3IU,18723
"com,twitter)/gcrclassic/status/158862472757235302469",20221106114946,,https://web.archive.org/web/20221106114946/http://twitter.com/GCRClassic/status/158862472757235302469,https://web.archive.org/web/20221106114946/https://twitter.com/gcrclassic/status/158862472757235302469,http://twitter.com/GCRClassic/status/158862472757235302469,https://twitter.com/gcrclassic/status/158862472757235302469,,,,text/html,200,VVKDKPWU6WPVTJ3TCDMRZNV5D5WXVKUM,18607
"com,twitter)/gcrclassic/status/1589004319260831744?t=e3ozr8eyiegd5iuzwg7u2w""",20221106032431,,"https://web.archive.org/web/20221106032431/https://twitter.com/gcrclassic/status/1589004319260831744?t=E3ozr8EYieGD5Iuzwg7U2w""",https://web.archive.org/web/20221106032431/https://twitter.com/gcrclassic/status/1589004319260831744,https://twitter.com/gcrclassic/status/1589004319260831744?t=E3ozr8EYieGD5Iuzwg7U2w%22,https://twitter.com/gcrclassic/status/1589004319260831744,,,,text/html,200,22LHMMWWLP2B5UWU7SA5GJLD447M2HVS,18708
"com,twitter)/gcrclassic/status/1589004319260831744?t=e3ozr8eyiegd5iuzwg7u2w",20221106032447,,https://web.archive.org/web/20221106032447/https://twitter.com/gcrclassic/status/1589004319260831744?t=E3ozr8EYieGD5Iuzwg7U2w,https://web.archive.org/web/20221106032447/https://twitter.com/gcrclassic/status/1589004319260831744,https://twitter.com/gcrclassic/status/1589004319260831744?t=E3ozr8EYieGD5Iuzwg7U2w,https://twitter.com/gcrclassic/status/1589004319260831744,,,,text/html,200,TF2QDAPDEUPSYBNBUZKZ5OJZ7MZCBCCB,18685
"com,twitter)/gcrclassic/status/1589856639326486528",20221228153557,,https://web.archive.org/web/20221228153557/https://twitter.com/GCRClassic/status/1589856639326486528,https://web.archive.org/web/20221228153557/https://twitter.com/gcrclassic/status/1589856639326486528,https://twitter.com/GCRClassic/status/1589856639326486528,https://twitter.com/gcrclassic/status/1589856639326486528,,,,text/html,200,ZB3QGYXYTQBYHFUXUHOBIHTXXLRN657V,20108
"com,twitter)/gcrclassic/status/1589856639326486528?s=20&t=_dobgia-u1odcteftfofoq%0a",20221228153543,,"https://web.archive.org/web/20221228153543/https://twitter.com/GCRClassic/status/1589856639326486528?s=20&t=_DObGIa-U1ODcteFTFOfOQ
",https://web.archive.org/web/20221228153543/https://twitter.com/gcrclassic/status/1589856639326486528,https://twitter.com/GCRClassic/status/1589856639326486528?s=20&t=_DObGIa-U1ODcteFTFOfOQ%0A,https://twitter.com/gcrclassic/status/1589856639326486528,,,,text/html,200,5AGTAEZ2CC6MX6FMOBAMHKAFAPU3M5XL,20109
"com,twitter)/gcrclassic/status/1589856639326486528?s=46&t=_6z1grz4yfvri_ernlxueg",20221124124915,,https://web.archive.org/web/20221124124915/https://twitter.com/gcrclassic/status/1589856639326486528?s=46&t=_6z1gRz4yFvri_ErNlXUEg,https://web.archive.org/web/20221124124915/https://twitter.com/gcrclassic/status/1589856639326486528,https://twitter.com/gcrclassic/status/1589856639326486528?s=46&t=_6z1gRz4yFvri_ErNlXUEg,https://twitter.com/gcrclassic/status/1589856639326486528,,,,text/html,200,TZFX3WRMRB4KC3YZYPHOISW7ED6WPMLL,18914
"com,twitter)/gcrclassic/status/1589856639326486528?t=_6z1grz4yfvri_ernlxueg",20221124125016,,https://web.archive.org/web/20221124125016/https://twitter.com/gcrclassic/status/1589856639326486528?t=_6z1gRz4yFvri_ErNlXUEg,https://web.archive.org/web/20221124125016/https://twitter.com/gcrclassic/status/1589856639326486528,https://twitter.com/gcrclassic/status/1589856639326486528?t=_6z1gRz4yFvri_ErNlXUEg,https://twitter.com/gcrclassic/status/1589856639326486528,,,,text/html,200,JIG4TN6MCDPLPN2MF3ENKEOCSXCPTNVB,18958
"com,twitter)/gcrclassic/status/1591098380473638912",20221209062833,,https://web.archive.org/web/20221209062833/https://twitter.com/GCRClassic/status/1591098380473638912,https://web.archive.org/web/20221209062833/https://twitter.com/gcrclassic/status/1591098380473638912,https://twitter.com/GCRClassic/status/1591098380473638912,https://twitter.com/gcrclassic/status/1591098380473638912,,,,text/html,200,E5UXRWZB2BOYQDMC4O2ZRBXSBRKE5OLF,22326
"com,twitter)/gcrclassic/status/1589856639326486528",20221124125059,,https://web.archive.org/web/20221124125059/https://twitter.com/gcrclassic/status/1589856639326486528,https://web.archive.org/web/20221124125059/https://twitter.com/gcrclassic/status/1589856639326486528,https://twitter.com/gcrclassic/status/1589856639326486528,https://twitter.com/gcrclassic/status/1589856639326486528,,,,text/html,200,ACN62W2IPJ2QW6HCHGJMFTW7RGF6H34E,18872
"com,twitter)/gcrclassic/status/1589856639326486528?s=20&t=_dobgia-u1odcteftfofoq",20221228153554,,https://web.archive.org/web/20221228153554/https://twitter.com/GCRClassic/status/1589856639326486528?s=20&t=_DObGIa-U1ODcteFTFOfOQ,https://web.archive.org/web/20221228153554/https://twitter.com/gcrclassic/status/1589856639326486528,https://twitter.com/GCRClassic/status/1589856639326486528?s=20&t=_DObGIa-U1ODcteFTFOfOQ,https://twitter.com/gcrclassic/status/1589856639326486528,,,,text/html,200,S6CMW336OJ725SSMD6H53ZJLUYYSR3Z7,20119
"com,twitter)/gcrclassic/status/1589856639326486528?t=_dobgia-u1odcteftfofoq",20221228153608,,https://web.archive.org/web/20221228153608/https://twitter.com/GCRClassic/status/1589856639326486528?t=_DObGIa-U1ODcteFTFOfOQ,https://web.archive.org/web/20221228153608/https://twitter.com/gcrclassic/status/1589856639326486528,https://twitter.com/GCRClassic/status/1589856639326486528?t=_DObGIa-U1ODcteFTFOfOQ,https://twitter.com/gcrclassic/status/1589856639326486528,,,,text/html,200,XS2X5WRT5B3B4WZU2H5OOO47F5BSMDNI,20145
"com,twitter)/gcrclassic/status/1593833916632276992?s=19&t=voxmncfkhc9lvpuigvt6ew",20221222132119,,https://web.archive.org/web/20221222132119/https://twitter.com/GCRClassic/status/1593833916632276992?t=voxmncFkhc9LVPUigVt6ew&s=19,https://web.archive.org/web/20221222132119/https://twitter.com/gcrclassic/status/1593833916632276992,https://twitter.com/GCRClassic/status/1593833916632276992?t=voxmncFkhc9LVPUigVt6ew&s=19,https://twitter.com/gcrclassic/status/1593833916632276992,,,,text/html,200,V6CXKBDMNISSVBXF6SPHBR23WHULPH4C,20153
"com,twitter)/gcrclassic/status/1593833916632276992",20221124220745,,https://web.archive.org/web/20221124220745/https://twitter.com/gcrclassic/status/1593833916632276992,https://web.archive.org/web/20221124220745/https://twitter.com/gcrclassic/status/1593833916632276992,https://twitter.com/gcrclassic/status/1593833916632276992,https://twitter.com/gcrclassic/status/1593833916632276992,,,,text/html,200,TOXWRNO5SPKAQG6WWFAOMTNJ34ZQ4HTI,18987
"com,twitter)/gcrclassic/status/1593833916632276992",20221121130500,,https://web.archive.org/web/20221121130500/https://twitter.com/GCRClassic/status/1593833916632276992,https://web.archive.org/web/20221121130500/https://twitter.com/gcrclassic/status/1593833916632276992,https://twitter.com/GCRClassic/status/1593833916632276992,https://twitter.com/gcrclassic/status/1593833916632276992,,,,text/html,200,POMFSL2ZVM2OKWCO2BLFLA6SVNQY6FGC,18702
"com,twitter)/gcrclassic/status/1593833916632276992?t=voxmncfkhc9lvpuigvt6ew",20221222132200,,https://web.archive.org/web/20221222132200/https://twitter.com/GCRClassic/status/1593833916632276992?t=voxmncFkhc9LVPUigVt6ew,https://web.archive.org/web/20221222132200/https://twitter.com/gcrclassic/status/1593833916632276992,https://twitter.com/GCRClassic/status/1593833916632276992?t=voxmncFkhc9LVPUigVt6ew,https://twitter.com/gcrclassic/status/1593833916632276992,,,,text/html,200,XW5SCP6BTGDAHMENE24KFQN2N3AZWKJ5,20102
"com,twitter)/gcrclassic/status/1591912559564709888/photo/1",20221202224427,,https://web.archive.org/web/20221202224427/https://twitter.com/GCRClassic/status/1591912559564709888/photo/1,https://web.archive.org/web/20221202224427/https://twitter.com/gcrclassic/status/1591912559564709888,https://twitter.com/GCRClassic/status/1591912559564709888/photo/1,https://twitter.com/gcrclassic/status/1591912559564709888,,,,text/html,200,CHLIZPFZKCJ6TCCSNBAOSZHUORU34SD5,19637
"com,twitter)/gcrclassic/status/1592901717129334788",20221118014550,,https://web.archive.org/web/20221118014550/https://twitter.com/GCRClassic/status/1592901717129334788,https://web.archive.org/web/20221118014550/https://twitter.com/gcrclassic/status/1592901717129334788,https://twitter.com/GCRClassic/status/1592901717129334788,https://twitter.com/gcrclassic/status/1592901717129334788,,,,text/html,200,M22YCM44LX74AMU6PUZQDUSKYF3KHUY4,18687
"com,twitter)/gcrclassic/status/1594703582330507264",20221124215754,,https://web.archive.org/web/20221124215754/https://twitter.com/GCRClassic/status/1594703582330507264,https://web.archive.org/web/20221124215754/https://twitter.com/gcrclassic/status/1594703582330507264,https://twitter.com/GCRClassic/status/1594703582330507264,https://twitter.com/gcrclassic/status/1594703582330507264,,,,text/html,200,EMP4JALWOIJYDBIY77EJDZAYT453JPQU,18869
"com,twitter)/gcrclassic/status/1593839821226913792",20221205094823,,https://web.archive.org/web/20221205094823/https://twitter.com/GCRClassic/status/1593839821226913792,https://web.archive.org/web/20221205094823/https://twitter.com/gcrclassic/status/1593839821226913792,https://twitter.com/GCRClassic/status/1593839821226913792,https://twitter.com/gcrclassic/status/1593839821226913792,,,,text/html,200,JPIZN5DFMYDUFQNOJISF7HWZQK6LKOK6,19603
"com,twitter)/gcrclassic/status/1594703582330507264?t=bx9w2lisj0oxjoieyb2sbg",20221210081948,,https://web.archive.org/web/20221210081948/https://twitter.com/GCRClassic/status/1594703582330507264?t=Bx9w2LiSj0oXJoIEyB2SBg,https://web.archive.org/web/20221210081948/https://twitter.com/gcrclassic/status/1594703582330507264,https://twitter.com/GCRClassic/status/1594703582330507264?t=Bx9w2LiSj0oXJoIEyB2SBg,https://twitter.com/gcrclassic/status/1594703582330507264,,,,text/html,200,XKT4NCRU3RX5E6MWSNSSF5GDM44TGIZM,19612
"com,twitter)/gcrclassic/status/1594703582330507264?s=20&t=bx9w2lisj0oxjoieyb2sbg",20221210074334,,https://web.archive.org/web/20221210074334/https://twitter.com/GCRClassic/status/1594703582330507264?s=20&t=Bx9w2LiSj0oXJoIEyB2SBg,https://web.archive.org/web/20221210074334/https://twitter.com/gcrclassic/status/1594703582330507264,https://twitter.com/GCRClassic/status/1594703582330507264?s=20&t=Bx9w2LiSj0oXJoIEyB2SBg,https://twitter.com/gcrclassic/status/1594703582330507264,,,,text/html,200,TENOZZKQZU42HES7N2GJOMIRKZGIPXVR,19639
"com,twitter)/gcrclassic/status/1602298454688124930",20221222121414,,https://web.archive.org/web/20221222121414/https://twitter.com/gcrclassic/status/1602298454688124930,https://web.archive.org/web/20221222121414/https://twitter.com/gcrclassic/status/1602298454688124930,https://twitter.com/gcrclassic/status/1602298454688124930,https://twitter.com/gcrclassic/status/1602298454688124930,,,,text/html,200,L7Y4UA6BM42SFP5LPNPDP6Z63KON2PTO,20020
"com,twitter)/gcrclassic/status/1602298454688124930?s=46&t=epknxyhsiiqpj5fmf8t7gw",20221222160722,,https://web.archive.org/web/20221222160722/https://twitter.com/gcrclassic/status/1602298454688124930?s=46&t=EpKNxyHSiiqPJ5fmF8T7gw,https://web.archive.org/web/20221222160722/https://twitter.com/gcrclassic/status/1602298454688124930,https://twitter.com/gcrclassic/status/1602298454688124930?s=46&t=EpKNxyHSiiqPJ5fmF8T7gw,https://twitter.com/gcrclassic/status/1602298454688124930,,,,text/html,200,ANUMHJPS6G7B6IBGVWT76TJLAUKMF6IW,20066
"com,twitter)/gcrclassic/status/1602298454688124930?s=46&t=epknxyhsiiqpj5fmf8t7gw%0a%0agcr",20221222121306,,"https://web.archive.org/web/20221222121306/https://twitter.com/gcrclassic/status/1602298454688124930?s=46&t=EpKNxyHSiiqPJ5fmF8T7gw

GCR",https://web.archive.org/web/20221222121306/https://twitter.com/gcrclassic/status/1602298454688124930,https://twitter.com/gcrclassic/status/1602298454688124930?s=46&t=EpKNxyHSiiqPJ5fmF8T7gw%0A%0AGCR,https://twitter.com/gcrclassic/status/1602298454688124930,,,,text/html,200,4LR6G3OCV2PGMCDEB2YMMI56QWTIIBYT,20124
"com,twitter)/gcrclassic/status/1602298454688124930?t=epknxyhsiiqpj5fmf8t7gw",20221222160830,,https://web.archive.org/web/20221222160830/https://twitter.com/gcrclassic/status/1602298454688124930?t=EpKNxyHSiiqPJ5fmF8T7gw,https://web.archive.org/web/20221222160830/https://twitter.com/gcrclassic/status/1602298454688124930,https://twitter.com/gcrclassic/status/1602298454688124930?t=EpKNxyHSiiqPJ5fmF8T7gw,https://twitter.com/gcrclassic/status/1602298454688124930,,,,text/html,200,GW5EHOGDRF6KF5MRPLVDMQX6OLBN6JA4,20058
"com,twitter)/gcrclassic/status/1602298454688124930?t=epknxyhsiiqpj5fmf8t7gw%0a%0agcr",20221222121326,,"https://web.archive.org/web/20221222121326/https://twitter.com/gcrclassic/status/1602298454688124930?t=EpKNxyHSiiqPJ5fmF8T7gw

GCR",https://web.archive.org/web/20221222121326/https://twitter.com/gcrclassic/status/1602298454688124930,https://twitter.com/gcrclassic/status/1602298454688124930?t=EpKNxyHSiiqPJ5fmF8T7gw%0A%0AGCR,https://twitter.com/gcrclassic/status/1602298454688124930,,,,text/html,200,3Y6NAFHEUECHJXCKZ7FYEVZMRWC2HUJ7,20030
"com,twitter)/gcrclassic/status/1606307392442048526",20221223170019,,https://web.archive.org/web/20221223170019/https://twitter.com/GCRClassic/status/1606307392442048526,https://web.archive.org/web/20221223170019/https://twitter.com/gcrclassic/status/1606307392442048526,https://twitter.com/GCRClassic/status/1606307392442048526,https://twitter.com/gcrclassic/status/1606307392442048526,,,,text/html,200,KIRTIYOWEPPK3U3K5NY5KS6GRGLRDVHO,24332
"com,twitter)/gcrclassic/status/1589004319260831744?t=e3ozr8eyiegd5iuzwg7u2w"",",20221106032450,,"https://web.archive.org/web/20221106032450/https://twitter.com/gcrclassic/status/1589004319260831744?t=E3ozr8EYieGD5Iuzwg7U2w"",",https://web.archive.org/web/20221106032450/https://twitter.com/gcrclassic/status/1589004319260831744,"https://twitter.com/gcrclassic/status/1589004319260831744?t=E3ozr8EYieGD5Iuzwg7U2w%22,",https://twitter.com/gcrclassic/status/1589004319260831744,,,,text/html,200,EYD5NPAOCRLW4Q6LCT7BFXWUTTNSP56T,18623
"com,twitter)/gcrclassic/status/1589856639326486528?t=_dobgia-u1odcteftfofoq%0a",20221228153609,,"https://web.archive.org/web/20221228153609/https://twitter.com/GCRClassic/status/1589856639326486528?t=_DObGIa-U1ODcteFTFOfOQ
",https://web.archive.org/web/20221228153609/https://twitter.com/gcrclassic/status/1589856639326486528,https://twitter.com/GCRClassic/status/1589856639326486528?t=_DObGIa-U1ODcteFTFOfOQ%0A,https://twitter.com/gcrclassic/status/1589856639326486528,,,,text/html,200,6JIMVDZ5BFEP3CWMZUQEX5VFBG4NGQH6,20078
"com,twitter)/gcrclassic/status/1593833916632276992?t=znfj4kwy7ehgz9m4a8ojzq",20221207111611,,https://web.archive.org/web/20221207111611/https://twitter.com/GCRClassic/status/1593833916632276992?t=ZNFJ4KwY7EHgz9m4a8OjzQ,https://web.archive.org/web/20221207111611/https://twitter.com/gcrclassic/status/1593833916632276992,https://twitter.com/GCRClassic/status/1593833916632276992?t=ZNFJ4KwY7EHgz9m4a8OjzQ,https://twitter.com/gcrclassic/status/1593833916632276992,,,,text/html,200,BAM672GPEDORSDXVCBHLT65DFDZHOGFY,19648
"com,twitter)/gcrclassic/status/1594703582330507264""",20221201135650,,"https://web.archive.org/web/20221201135650/https://twitter.com/GCRClassic/status/1594703582330507264""",https://web.archive.org/web/20221201135650/https://twitter.com/gcrclassic/status/1594703582330507264,https://twitter.com/GCRClassic/status/1594703582330507264%22,https://twitter.com/gcrclassic/status/1594703582330507264,,,,text/html,200,3TIN7UCHCOPYMSV7GX6A5BBIEOM5XQMI,18935
"com,twitter)/gcrclassic/status/1594703582330507264"",",20221201195443,,"https://web.archive.org/web/20221201195443/https://twitter.com/GCRClassic/status/1594703582330507264"",",https://web.archive.org/web/20221201195443/https://twitter.com/gcrclassic/status/1594703582330507264,"https://twitter.com/GCRClassic/status/1594703582330507264%22,",https://twitter.com/gcrclassic/status/1594703582330507264,,,,text/html,200,TR2INIEGXUKGLX6TIE5OQTJ7GJYB5ZDG,18872
"com,twitter)/gcrclassic/status/1600535917374103552",20221230121129,,https://web.archive.org/web/20221230121129/https://twitter.com/GCRClassic/status/1600535917374103552,https://web.archive.org/web/20221230121129/https://twitter.com/gcrclassic/status/1600535917374103552,https://twitter.com/GCRClassic/status/1600535917374103552,https://twitter.com/gcrclassic/status/1600535917374103552,,,,text/html,200,5TXVUDC5CY6HJ4DVFOSU62OOJ5GU6MKQ,20114
"com,twitter)/gcrclassic/status/1593839821226913792",20221129204750,,https://web.archive.org/web/20221129204750/https://twitter.com/GCRClassic/status/1593839821226913792,https://web.archive.org/web/20221129204750/https://twitter.com/gcrclassic/status/1593839821226913792,https://twitter.com/GCRClassic/status/1593839821226913792,https://twitter.com/gcrclassic/status/1593839821226913792,,,,text/html,200,XQJEZ3C74XKCE5D2QESJFGDGYSXNVVXC,25252
"com,twitter)/gcrclassic/status/1593833916632276992?s=20&t=znfj4kwy7ehgz9m4a8ojzq",20221207033012,,https://web.archive.org/web/20221207033012/https://twitter.com/GCRClassic/status/1593833916632276992?s=20&t=ZNFJ4KwY7EHgz9m4a8OjzQ,https://web.archive.org/web/20221207033012/https://twitter.com/gcrclassic/status/1593833916632276992,https://twitter.com/GCRClassic/status/1593833916632276992?s=20&t=ZNFJ4KwY7EHgz9m4a8OjzQ,https://twitter.com/gcrclassic/status/1593833916632276992,,,,text/html,200,QUVCK2YSKHA4XZ6BB5QNONV4SU3N27ZL,19623
